Asistencia_Escolar,s01a_03,s01a_02,area,depto,s01a_07_1,s01a_09,yhogpc,niv_ed,s06a_06,s06a_07,s06a_12,Grupo_Edad,Ingreso_log,Rural,Tiene_Electricidad,Agua_Red,Riesgo_Desercion
1,19.0,2.0,1.0,1.0,6.0,2.0,900.3966674804688,4.0,5.0,2.0,1.0,17-19 años,6.803945413201199,0,1,1,0
1,15.0,2.0,1.0,1.0,6.0,2.0,900.3966674804688,3.0,5.0,2.0,1.0,15-16 años,6.803945413201199,0,1,1,0
0,18.0,2.0,1.0,1.0,27.0,1.0,1416.929931640625,4.0,5.0,2.0,1.0,17-19 años,7.256953292359637,0,1,1,1
1,17.0,2.0,1.0,1.0,6.0,2.0,602.9500122070312,3.0,5.0,2.0,1.0,17-19 años,6.403491433263277,0,1,1,0
1,15.0,2.0,1.0,1.0,6.0,2.0,602.9500122070312,3.0,5.0,2.0,1.0,15-16 años,6.403491433263277,0,1,1,0
1,11.0,2.0,1.0,1.0,6.0,2.0,602.9500122070312,1.0,5.0,2.0,1.0,6-11 años,6.403491433263277,0,1,1,0
1,12.0,2.0,1.0,1.0,6.0,2.0,122.91666412353516,1.0,8.0,2.0,1.0,12-14 años,4.8196092761492375,0,1,1,0
1,11.0,1.0,1.0,1.0,6.0,2.0,122.91666412353516,1.0,8.0,2.0,1.0,6-11 años,4.8196092761492375,0,1,1,0
1,18.0,1.0,1.0,1.0,6.0,2.0,1531.6666259765625,4.0,8.0,1.0,1.0,17-19 años,7.334764390106449,0,1,1,0
1,13.0,1.0,1.0,1.0,6.0,2.0,1531.6666259765625,2.0,8.0,1.0,1.0,12-14 años,7.334764390106449,0,1,1,0
1,6.0,1.0,1.0,1.0,6.0,2.0,1764.0067138671875,0.0,5.0,1.0,1.0,6-11 años,7.47590977325092,0,1,1,0
1,12.0,1.0,1.0,1.0,6.0,1.0,1208.1805419921875,2.0,8.0,1.0,1.0,12-14 años,7.09769817113854,0,1,1,0
1,19.0,1.0,1.0,1.0,6.0,2.0,2692.800048828125,4.0,4.0,1.0,1.0,17-19 años,7.898708133290828,0,1,1,0
1,17.0,2.0,1.0,1.0,6.0,2.0,2692.800048828125,3.0,4.0,1.0,1.0,17-19 años,7.898708133290828,0,1,1,0
1,15.0,2.0,1.0,1.0,6.0,2.0,994.8250122070312,3.0,5.0,1.0,1.0,15-16 años,6.903571551594015,0,1,1,0
1,13.0,2.0,1.0,1.0,6.0,2.0,994.8250122070312,3.0,5.0,1.0,1.0,12-14 años,6.903571551594015,0,1,1,0
1,10.0,1.0,1.0,1.0,6.0,2.0,519.0523681640625,1.0,5.0,1.0,1.0,6-11 años,6.253929514512574,0,1,1,0
1,6.0,1.0,1.0,1.0,6.0,2.0,519.0523681640625,0.0,5.0,1.0,1.0,6-11 años,6.253929514512574,0,1,1,0
1,19.0,2.0,1.0,1.0,6.0,2.0,519.0523681640625,4.0,5.0,1.0,1.0,17-19 años,6.253929514512574,0,1,1,0
1,15.0,2.0,1.0,1.0,6.0,2.0,1019.8400268554688,3.0,5.0,1.0,1.0,15-16 años,6.928381123083019,0,1,1,0
1,12.0,2.0,1.0,1.0,6.0,2.0,1827.6112060546875,2.0,8.0,1.0,1.0,12-14 años,7.511312053926953,0,1,1,0
1,17.0,2.0,1.0,1.0,6.0,2.0,2141.25390625,3.0,8.0,1.0,1.0,17-19 años,7.669613780980872,0,1,1,0
1,12.0,1.0,1.0,1.0,6.0,1.0,487.3055419921875,1.0,5.0,1.0,1.0,12-14 años,6.1909413205673856,0,1,1,0
1,6.0,1.0,1.0,1.0,6.0,2.0,563.933349609375,0.0,5.0,1.0,1.0,6-11 años,6.336707758894847,0,1,1,0
1,7.0,1.0,1.0,1.0,6.0,2.0,1405.666748046875,1.0,5.0,1.0,1.0,6-11 años,7.248978176215175,0,1,1,0
1,14.0,1.0,1.0,1.0,6.0,2.0,748.3333129882812,3.0,8.0,1.0,1.0,12-14 años,6.619183895194602,0,1,1,0
1,12.0,1.0,1.0,1.0,6.0,2.0,748.3333129882812,2.0,8.0,1.0,1.0,12-14 años,6.619183895194602,0,1,1,0
1,14.0,2.0,1.0,1.0,6.0,2.0,924.4500122070312,3.0,8.0,2.0,1.0,12-14 años,6.830280118893099,0,1,1,0
1,12.0,2.0,1.0,1.0,6.0,2.0,924.4500122070312,3.0,8.0,2.0,1.0,12-14 años,6.830280118893099,0,1,1,0
1,19.0,2.0,1.0,1.0,6.0,2.0,1365.625,3.0,8.0,2.0,1.0,17-19 años,7.220099475754649,0,1,1,0
1,7.0,1.0,1.0,1.0,6.0,2.0,804.2200317382812,1.0,5.0,1.0,1.0,6-11 años,6.691115571422257,0,1,1,0
1,13.0,2.0,1.0,1.0,6.0,2.0,804.2200317382812,2.0,5.0,1.0,1.0,12-14 años,6.691115571422257,0,1,1,0
1,11.0,1.0,1.0,1.0,6.0,2.0,804.2200317382812,1.0,5.0,1.0,1.0,6-11 años,6.691115571422257,0,1,1,0
1,19.0,1.0,1.0,1.0,6.0,2.0,1860.3919677734375,3.0,5.0,1.0,1.0,17-19 años,7.529079856588887,0,1,1,0
1,13.0,1.0,1.0,1.0,6.0,2.0,1477.8333740234375,3.0,5.0,1.0,1.0,12-14 años,7.299008795122286,0,1,1,0
1,9.0,1.0,1.0,1.0,6.0,2.0,1477.8333740234375,1.0,5.0,1.0,1.0,6-11 años,7.299008795122286,0,1,1,0
1,11.0,2.0,1.0,1.0,6.0,2.0,970.2913208007812,1.0,5.0,1.0,1.0,6-11 años,6.878626444715918,0,1,1,0
1,7.0,1.0,1.0,1.0,6.0,2.0,970.2913208007812,1.0,5.0,1.0,1.0,6-11 años,6.878626444715918,0,1,1,0
1,16.0,1.0,1.0,1.0,6.0,2.0,2382.0,3.0,7.0,1.0,1.0,15-16 años,7.776115477098742,0,1,1,0
1,12.0,2.0,1.0,1.0,6.0,2.0,1012.5,3.0,7.0,1.0,1.0,12-14 años,6.921164965892054,0,1,1,0
1,8.0,1.0,1.0,1.0,6.0,2.0,748.2083129882812,1.0,5.0,1.0,1.0,6-11 años,6.619017066328292,0,1,1,0
1,6.0,1.0,1.0,1.0,6.0,2.0,748.2083129882812,0.0,5.0,1.0,1.0,6-11 años,6.619017066328292,0,1,1,0
0,19.0,2.0,1.0,1.0,6.0,2.0,1472.199951171875,4.0,5.0,1.0,1.0,17-19 años,7.295192151426649,0,1,1,1
1,10.0,2.0,1.0,1.0,6.0,2.0,1472.199951171875,1.0,5.0,1.0,1.0,6-11 años,7.295192151426649,0,1,1,0
1,14.0,1.0,1.0,1.0,6.0,2.0,692.7999877929688,1.0,1.0,1.0,1.0,12-14 años,6.542183716941197,0,1,1,0
1,6.0,1.0,1.0,1.0,6.0,2.0,692.7999877929688,0.0,1.0,1.0,1.0,6-11 años,6.542183716941197,0,1,1,0
1,17.0,1.0,1.0,1.0,6.0,1.0,509.79998779296875,3.0,8.0,1.0,1.0,17-19 años,6.235978100260516,0,1,1,0
1,14.0,2.0,1.0,1.0,6.0,2.0,509.79998779296875,3.0,8.0,1.0,1.0,12-14 años,6.235978100260516,0,1,1,0
1,9.0,1.0,1.0,1.0,6.0,2.0,509.79998779296875,1.0,8.0,1.0,1.0,6-11 años,6.235978100260516,0,1,1,0
1,18.0,2.0,1.0,1.0,27.0,2.0,777.913330078125,4.0,5.0,1.0,1.0,17-19 años,6.657899781758308,0,1,1,0
1,19.0,2.0,1.0,1.0,6.0,2.0,626.9312744140625,4.0,5.0,1.0,1.0,17-19 años,6.442430724833284,0,1,1,0
1,14.0,1.0,1.0,1.0,6.0,2.0,626.9312744140625,1.0,5.0,1.0,1.0,12-14 años,6.442430724833284,0,1,1,0
1,12.0,2.0,1.0,1.0,6.0,2.0,626.9312744140625,2.0,5.0,1.0,1.0,12-14 años,6.442430724833284,0,1,1,0
1,10.0,1.0,1.0,1.0,6.0,2.0,626.9312744140625,1.0,5.0,1.0,1.0,6-11 años,6.442430724833284,0,1,1,0
1,8.0,2.0,1.0,1.0,6.0,2.0,626.9312744140625,1.0,5.0,1.0,1.0,6-11 años,6.442430724833284,0,1,1,0
1,19.0,1.0,1.0,1.0,27.0,2.0,958.6666870117188,3.0,5.0,1.0,1.0,17-19 años,6.8665860231441895,0,1,1,0
1,15.0,2.0,1.0,1.0,27.0,2.0,958.6666870117188,3.0,5.0,1.0,1.0,15-16 años,6.8665860231441895,0,1,1,0
1,6.0,1.0,1.0,1.0,6.0,2.0,958.6666870117188,0.0,5.0,1.0,1.0,6-11 años,6.8665860231441895,0,1,1,0
1,14.0,2.0,1.0,1.0,6.0,2.0,879.3333129882812,3.0,7.0,1.0,1.0,12-14 años,6.780300600518399,0,1,1,0
1,12.0,1.0,1.0,1.0,6.0,2.0,879.3333129882812,2.0,7.0,1.0,1.0,12-14 años,6.780300600518399,0,1,1,0
1,12.0,1.0,1.0,1.0,6.0,2.0,1641.0499267578125,2.0,7.0,1.0,1.0,12-14 años,7.4037006956145595,0,1,1,0
1,10.0,2.0,1.0,1.0,6.0,2.0,439.58331298828125,1.0,5.0,1.0,1.0,6-11 años,6.088099560269915,0,1,1,0
1,10.0,2.0,1.0,1.0,6.0,2.0,1740.0,1.0,5.0,1.0,1.0,6-11 años,7.462214939768189,0,1,1,0
1,19.0,2.0,1.0,1.0,6.0,2.0,2008.3333740234375,3.0,8.0,1.0,1.0,17-19 años,7.605558291328825,0,1,1,0
1,10.0,1.0,1.0,1.0,6.0,2.0,2425.858642578125,1.0,5.0,1.0,1.0,6-11 años,7.79435296034604,0,1,1,0
1,15.0,2.0,1.0,1.0,6.0,2.0,2425.858642578125,3.0,5.0,1.0,1.0,15-16 años,7.79435296034604,0,1,1,0
1,16.0,2.0,1.0,1.0,6.0,2.0,1427.5,3.0,5.0,1.0,1.0,15-16 años,7.2643802216708275,0,1,1,0
1,18.0,1.0,1.0,1.0,6.0,2.0,808.2733154296875,4.0,5.0,1.0,1.0,17-19 años,6.696136703549414,0,1,1,0
1,6.0,1.0,1.0,1.0,6.0,2.0,1108.562255859375,0.0,5.0,1.0,1.0,6-11 años,7.011720852433759,0,1,1,0
1,15.0,1.0,1.0,1.0,6.0,2.0,819.0,3.0,5.0,2.0,1.0,15-16 años,6.709304340258299,0,1,1,0
1,10.0,1.0,1.0,1.0,6.0,2.0,819.0,1.0,5.0,2.0,1.0,6-11 años,6.709304340258299,0,1,1,0
1,8.0,2.0,1.0,1.0,6.0,2.0,819.0,1.0,5.0,2.0,1.0,6-11 años,6.709304340258299,0,1,1,0
1,7.0,2.0,1.0,1.0,27.0,2.0,478.9444580078125,0.0,5.0,2.0,1.0,6-11 años,6.173670384723007,0,1,1,0
1,13.0,1.0,1.0,1.0,6.0,2.0,452.46429443359375,1.0,5.0,2.0,1.0,12-14 años,6.116916533122801,0,1,1,0
1,9.0,2.0,1.0,1.0,6.0,2.0,452.46429443359375,1.0,5.0,2.0,1.0,6-11 años,6.116916533122801,0,1,1,0
1,8.0,2.0,1.0,1.0,6.0,2.0,452.46429443359375,1.0,5.0,2.0,1.0,6-11 años,6.116916533122801,0,1,1,0
1,8.0,2.0,1.0,1.0,27.0,2.0,729.9888305664062,1.0,5.0,2.0,1.0,6-11 años,6.594398179970124,0,1,1,0
1,17.0,1.0,1.0,1.0,6.0,2.0,1730.0,3.0,5.0,1.0,1.0,17-19 años,7.456454555176209,0,1,1,0
1,16.0,1.0,1.0,1.0,6.0,2.0,1730.0,3.0,5.0,1.0,1.0,15-16 años,7.456454555176209,0,1,1,0
1,19.0,2.0,1.0,1.0,6.0,2.0,3182.333251953125,4.0,5.0,1.0,1.0,17-19 años,8.065684119242203,0,1,1,0
1,16.0,1.0,1.0,1.0,6.0,2.0,3182.333251953125,3.0,5.0,1.0,1.0,15-16 años,8.065684119242203,0,1,1,0
1,14.0,1.0,1.0,1.0,6.0,2.0,3182.333251953125,3.0,5.0,1.0,1.0,12-14 años,8.065684119242203,0,1,1,0
1,14.0,1.0,1.0,1.0,6.0,2.0,1525.111328125,3.0,8.0,1.0,1.0,12-14 años,7.330478163393727,0,1,1,0
1,11.0,1.0,1.0,1.0,6.0,2.0,1525.111328125,1.0,8.0,1.0,1.0,6-11 años,7.330478163393727,0,1,1,0
1,10.0,1.0,1.0,1.0,6.0,2.0,2125.0,1.0,5.0,1.0,1.0,6-11 años,7.661997558901893,0,1,1,0
1,18.0,2.0,1.0,1.0,6.0,2.0,375.0,3.0,5.0,1.0,1.0,17-19 años,5.929589143389895,0,1,1,0
1,16.0,2.0,1.0,1.0,6.0,2.0,375.0,3.0,5.0,1.0,1.0,15-16 años,5.929589143389895,0,1,1,0
1,16.0,2.0,1.0,1.0,6.0,2.0,1309.5833740234375,3.0,8.0,1.0,1.0,15-16 años,7.178227640750047,0,1,1,0
1,10.0,1.0,1.0,1.0,6.0,2.0,1582.5,1.0,7.0,2.0,1.0,6-11 años,7.367392865978695,0,1,1,0
1,8.0,1.0,1.0,1.0,6.0,2.0,1582.5,1.0,7.0,2.0,1.0,6-11 años,7.367392865978695,0,1,1,0
1,16.0,2.0,1.0,1.0,6.0,2.0,1730.357177734375,3.0,5.0,1.0,1.0,15-16 años,7.456660875736052,0,1,1,0
1,15.0,2.0,1.0,1.0,6.0,2.0,1730.357177734375,3.0,5.0,1.0,1.0,15-16 años,7.456660875736052,0,1,1,0
0,19.0,1.0,1.0,1.0,6.0,2.0,1483.2166748046875,4.0,5.0,1.0,1.0,17-19 años,7.302642420350087,0,1,1,1
1,15.0,1.0,1.0,1.0,6.0,2.0,1483.2166748046875,3.0,5.0,1.0,1.0,15-16 años,7.302642420350087,0,1,1,0
1,15.0,1.0,1.0,1.0,6.0,2.0,3619.833251953125,3.0,6.0,1.0,1.0,15-16 años,8.194459458429991,0,1,1,0
1,11.0,1.0,1.0,1.0,6.0,2.0,3619.833251953125,1.0,6.0,1.0,1.0,6-11 años,8.194459458429991,0,1,1,0
1,16.0,1.0,1.0,1.0,6.0,2.0,1711.4693603515625,3.0,5.0,1.0,1.0,15-16 años,7.44569167821081,0,1,1,0
1,15.0,1.0,1.0,1.0,6.0,2.0,1711.4693603515625,3.0,5.0,1.0,1.0,15-16 años,7.44569167821081,0,1,1,0
1,13.0,1.0,1.0,1.0,6.0,2.0,1711.4693603515625,3.0,5.0,1.0,1.0,12-14 años,7.44569167821081,0,1,1,0
1,16.0,1.0,1.0,1.0,6.0,2.0,1167.7777099609375,3.0,5.0,1.0,1.0,15-16 años,7.063713789379328,0,1,1,0
1,14.0,1.0,1.0,1.0,6.0,2.0,2255.77490234375,3.0,8.0,1.0,1.0,12-14 años,7.721692038721903,0,1,1,0
1,11.0,2.0,1.0,1.0,6.0,2.0,1543.800048828125,1.0,5.0,1.0,1.0,6-11 años,7.342649762722361,0,1,1,0
1,11.0,1.0,1.0,1.0,6.0,1.0,779.7916870117188,1.0,5.0,1.0,1.0,6-11 años,6.660308388284673,0,1,1,0
1,19.0,1.0,1.0,1.0,6.0,2.0,879.888916015625,3.0,5.0,1.0,1.0,17-19 años,6.780931529468335,0,1,1,0
1,6.0,1.0,1.0,1.0,6.0,2.0,879.888916015625,1.0,5.0,1.0,1.0,6-11 años,6.780931529468335,0,1,1,0
1,18.0,2.0,1.0,1.0,27.0,2.0,938.1266479492188,3.0,6.0,1.0,1.0,17-19 años,6.844950345458682,0,1,1,0
1,11.0,2.0,1.0,1.0,6.0,2.0,938.1266479492188,1.0,6.0,1.0,1.0,6-11 años,6.844950345458682,0,1,1,0
1,12.0,1.0,1.0,1.0,6.0,2.0,954.7649536132812,2.0,8.0,1.0,1.0,12-14 años,6.862512018400536,0,1,1,0
1,8.0,2.0,1.0,1.0,6.0,2.0,954.7649536132812,1.0,8.0,1.0,1.0,6-11 años,6.862512018400536,0,1,1,0
1,6.0,2.0,1.0,1.0,6.0,2.0,1220.0,0.0,7.0,1.0,1.0,6-11 años,7.107425474110705,0,1,1,0
1,17.0,2.0,1.0,1.0,6.0,2.0,509.1428527832031,3.0,8.0,1.0,1.0,17-19 años,6.234690789993188,0,1,1,0
1,15.0,1.0,1.0,1.0,6.0,2.0,509.1428527832031,3.0,8.0,1.0,1.0,15-16 años,6.234690789993188,0,1,1,0
1,14.0,1.0,1.0,1.0,6.0,2.0,509.1428527832031,3.0,8.0,1.0,1.0,12-14 años,6.234690789993188,0,1,1,0
1,9.0,2.0,1.0,1.0,6.0,2.0,509.1428527832031,1.0,8.0,1.0,1.0,6-11 años,6.234690789993188,0,1,1,0
1,7.0,1.0,1.0,1.0,6.0,2.0,509.1428527832031,1.0,8.0,1.0,1.0,6-11 años,6.234690789993188,0,1,1,0
1,19.0,2.0,1.0,1.0,6.0,2.0,1095.8333740234375,4.0,8.0,1.0,1.0,17-19 años,7.000182556325864,0,1,1,0
1,16.0,2.0,1.0,1.0,6.0,2.0,1095.8333740234375,3.0,8.0,1.0,1.0,15-16 años,7.000182556325864,0,1,1,0
1,10.0,1.0,1.0,1.0,6.0,2.0,1095.8333740234375,1.0,8.0,1.0,1.0,6-11 años,7.000182556325864,0,1,1,0
1,16.0,1.0,1.0,1.0,6.0,2.0,1020.0,3.0,5.0,1.0,1.0,15-16 años,6.928537818164665,0,1,1,0
1,14.0,1.0,1.0,1.0,6.0,2.0,1020.0,2.0,5.0,1.0,1.0,12-14 años,6.928537818164665,0,1,1,0
1,7.0,1.0,1.0,1.0,6.0,2.0,762.0833129882812,0.0,5.0,1.0,1.0,6-11 años,6.637367216658093,0,1,1,0
1,6.0,1.0,1.0,1.0,6.0,2.0,762.0833129882812,0.0,5.0,1.0,1.0,6-11 años,6.637367216658093,0,1,1,0
1,8.0,2.0,1.0,1.0,6.0,2.0,877.7777709960938,1.0,8.0,1.0,1.0,6-11 años,6.7785320454660205,0,1,1,0
1,12.0,1.0,1.0,1.0,6.0,2.0,1897.7083740234375,3.0,6.0,2.0,1.0,12-14 años,7.548929130838041,0,1,1,0
0,19.0,2.0,1.0,1.0,6.0,2.0,1988.8416748046875,4.0,1.0,2.0,1.0,17-19 años,7.595810354153787,0,1,1,1
1,18.0,2.0,1.0,1.0,6.0,2.0,776.0,3.0,8.0,1.0,1.0,17-19 años,6.655440350367647,0,1,1,0
1,14.0,1.0,1.0,1.0,6.0,2.0,776.0,3.0,8.0,1.0,1.0,12-14 años,6.655440350367647,0,1,1,0
1,17.0,2.0,1.0,1.0,6.0,2.0,1196.0999755859375,3.0,5.0,1.0,1.0,17-19 años,7.087657223862985,0,1,1,0
1,9.0,1.0,1.0,1.0,6.0,2.0,1758.75,1.0,6.0,1.0,1.0,6-11 años,7.472927032488241,0,1,1,0
1,14.0,2.0,1.0,1.0,6.0,2.0,989.8800048828125,3.0,8.0,1.0,1.0,12-14 años,6.898593442117504,0,1,1,0
1,10.0,1.0,1.0,1.0,6.0,2.0,989.8800048828125,1.0,8.0,1.0,1.0,6-11 años,6.898593442117504,0,1,1,0
1,18.0,1.0,1.0,1.0,6.0,2.0,989.8800048828125,3.0,8.0,1.0,1.0,17-19 años,6.898593442117504,0,1,1,0
1,17.0,2.0,1.0,1.0,27.0,2.0,2454.0,3.0,8.0,1.0,1.0,17-19 años,7.805882040228621,0,1,1,0
1,14.0,2.0,1.0,1.0,6.0,2.0,1134.699951171875,3.0,8.0,2.0,1.0,12-14 años,7.035004436903741,0,1,1,0
1,10.0,2.0,1.0,1.0,6.0,2.0,1134.699951171875,1.0,8.0,2.0,1.0,6-11 años,7.035004436903741,0,1,1,0
1,17.0,1.0,1.0,1.0,6.0,2.0,1421.0556640625,3.0,8.0,1.0,1.0,17-19 años,7.259858754507381,0,1,1,0
1,15.0,1.0,1.0,1.0,6.0,2.0,1421.0556640625,3.0,8.0,1.0,1.0,15-16 años,7.259858754507381,0,1,1,0
0,19.0,1.0,1.0,1.0,6.0,2.0,1726.033447265625,3.0,5.0,1.0,1.0,17-19 años,7.454160445223539,0,1,1,1
1,11.0,2.0,1.0,1.0,6.0,2.0,1726.033447265625,1.0,5.0,1.0,1.0,6-11 años,7.454160445223539,0,1,1,0
1,9.0,2.0,1.0,1.0,6.0,2.0,1726.033447265625,1.0,5.0,1.0,1.0,6-11 años,7.454160445223539,0,1,1,0
1,15.0,1.0,1.0,1.0,6.0,2.0,878.875,3.0,5.0,1.0,1.0,15-16 años,6.7797798519282955,0,1,1,0
1,7.0,1.0,1.0,1.0,6.0,2.0,878.875,1.0,5.0,1.0,1.0,6-11 años,6.7797798519282955,0,1,1,0
1,16.0,1.0,1.0,1.0,6.0,2.0,216.5,3.0,5.0,1.0,1.0,15-16 años,5.382198850528739,0,1,1,0
1,10.0,1.0,1.0,1.0,6.0,2.0,216.5,1.0,5.0,1.0,1.0,6-11 años,5.382198850528739,0,1,1,0
1,8.0,2.0,1.0,1.0,6.0,2.0,726.25,1.0,5.0,1.0,1.0,6-11 años,6.589270297375311,0,1,1,0
1,19.0,2.0,1.0,1.0,6.0,2.0,675.9743041992188,3.0,5.0,1.0,1.0,17-19 años,6.517633316799364,0,1,1,0
1,15.0,1.0,1.0,1.0,6.0,2.0,675.9743041992188,3.0,5.0,1.0,1.0,15-16 años,6.517633316799364,0,1,1,0
1,13.0,1.0,1.0,1.0,6.0,2.0,675.9743041992188,3.0,5.0,1.0,1.0,12-14 años,6.517633316799364,0,1,1,0
1,13.0,1.0,1.0,1.0,6.0,2.0,1396.6666259765625,1.0,5.0,1.0,1.0,12-14 años,7.242559429389771,0,1,1,0
1,10.0,1.0,1.0,1.0,6.0,2.0,1396.6666259765625,1.0,5.0,1.0,1.0,6-11 años,7.242559429389771,0,1,1,0
1,19.0,1.0,1.0,1.0,6.0,2.0,1300.0,4.0,5.0,1.0,1.0,17-19 años,7.170888478512505,0,1,1,0
1,16.0,2.0,1.0,1.0,6.0,2.0,821.6000366210938,3.0,6.0,1.0,1.0,15-16 años,6.712470100315036,0,1,1,0
1,18.0,2.0,1.0,1.0,6.0,2.0,665.5556030273438,4.0,5.0,1.0,1.0,17-19 años,6.502123561536424,0,1,1,0
1,13.0,2.0,1.0,1.0,6.0,2.0,665.5556030273438,3.0,5.0,1.0,1.0,12-14 años,6.502123561536424,0,1,1,0
1,18.0,2.0,1.0,1.0,6.0,2.0,1756.425048828125,3.0,8.0,1.0,1.0,17-19 años,7.47160497630495,0,1,1,0
1,12.0,1.0,1.0,1.0,6.0,2.0,2200.0,2.0,6.0,1.0,1.0,12-14 años,7.696667081526462,0,1,1,0
1,19.0,2.0,1.0,1.0,6.0,2.0,2038.3333740234375,5.0,6.0,1.0,1.0,17-19 años,7.620378255995389,0,1,1,0
1,12.0,2.0,1.0,1.0,6.0,2.0,2038.3333740234375,2.0,6.0,1.0,1.0,12-14 años,7.620378255995389,0,1,1,0
1,8.0,2.0,1.0,1.0,6.0,2.0,1333.291748046875,1.0,8.0,1.0,1.0,6-11 años,7.196155904248156,0,1,1,0
1,15.0,2.0,1.0,1.0,6.0,2.0,1106.25,3.0,8.0,1.0,1.0,15-16 años,7.009634742803308,0,1,1,0
1,12.0,2.0,1.0,1.0,6.0,2.0,1106.25,1.0,8.0,1.0,1.0,12-14 años,7.009634742803308,0,1,1,0
1,16.0,1.0,1.0,1.0,6.0,2.0,2935.41650390625,3.0,8.0,1.0,1.0,15-16 años,7.984945240676577,0,1,1,0
1,14.0,1.0,1.0,1.0,6.0,2.0,2935.41650390625,3.0,8.0,1.0,1.0,12-14 años,7.984945240676577,0,1,1,0
1,16.0,2.0,1.0,1.0,6.0,2.0,4554.16650390625,3.0,8.0,1.0,1.0,15-16 años,8.424017363121749,0,1,1,0
1,12.0,2.0,1.0,1.0,6.0,2.0,3833.333251953125,3.0,8.0,1.0,1.0,12-14 años,8.251750840003817,0,1,1,0
1,6.0,1.0,1.0,1.0,6.0,2.0,1550.322265625,0.0,8.0,1.0,1.0,6-11 años,7.346862920848738,0,1,1,0
1,19.0,1.0,1.0,1.0,6.0,2.0,2442.708251953125,4.0,5.0,1.0,1.0,17-19 años,7.8012719399880055,0,1,1,0
1,7.0,2.0,1.0,1.0,6.0,2.0,2442.708251953125,1.0,5.0,1.0,1.0,6-11 años,7.8012719399880055,0,1,1,0
1,10.0,2.0,1.0,1.0,6.0,2.0,983.5416870117188,1.0,5.0,1.0,1.0,6-11 años,6.892176240516113,0,1,1,0
1,9.0,1.0,1.0,1.0,6.0,2.0,983.5416870117188,1.0,5.0,1.0,1.0,6-11 años,6.892176240516113,0,1,1,0
1,16.0,1.0,1.0,1.0,6.0,2.0,166.55555725097656,3.0,8.0,1.0,1.0,15-16 años,5.121314981350242,0,1,1,0
1,14.0,1.0,1.0,1.0,6.0,2.0,166.55555725097656,3.0,8.0,1.0,1.0,12-14 años,5.121314981350242,0,1,1,0
1,6.0,1.0,1.0,1.0,6.0,2.0,704.1666870117188,0.0,5.0,2.0,1.0,6-11 años,6.558434210343421,0,1,1,0
1,12.0,1.0,1.0,1.0,6.0,2.0,2450.66259765625,1.0,8.0,1.0,1.0,12-14 años,7.804521684674515,0,1,1,0
1,11.0,1.0,1.0,1.0,6.0,2.0,2811.383544921875,1.0,5.0,2.0,1.0,6-11 años,7.941787639405413,0,1,1,0
1,18.0,2.0,1.0,1.0,6.0,2.0,626.25,3.0,5.0,2.0,1.0,17-19 años,6.441345185246532,0,1,1,0
1,14.0,2.0,1.0,1.0,6.0,2.0,626.25,3.0,5.0,2.0,1.0,12-14 años,6.441345185246532,0,1,1,0
1,6.0,2.0,1.0,1.0,6.0,2.0,626.25,0.0,5.0,2.0,1.0,6-11 años,6.441345185246532,0,1,1,0
1,16.0,2.0,1.0,1.0,27.0,2.0,1396.25,3.0,8.0,1.0,1.0,15-16 años,7.242261298149807,0,1,1,0
1,9.0,1.0,1.0,1.0,6.0,2.0,1396.25,1.0,8.0,1.0,1.0,6-11 años,7.242261298149807,0,1,1,0
1,8.0,1.0,1.0,1.0,6.0,2.0,3823.333251953125,1.0,8.0,1.0,1.0,6-11 años,8.249139417851453,0,1,1,0
1,11.0,2.0,1.0,1.0,6.0,2.0,694.5,1.0,8.0,1.0,1.0,6-11 años,6.544631011363498,0,1,1,0
1,8.0,2.0,1.0,1.0,6.0,2.0,675.4166259765625,1.0,5.0,2.0,1.0,6-11 años,6.51680919681779,0,1,1,0
1,11.0,1.0,1.0,1.0,6.0,2.0,1843.0166015625,1.0,5.0,1.0,1.0,6-11 años,7.519701407092552,0,1,1,0
1,8.0,2.0,1.0,1.0,6.0,2.0,1843.0166015625,1.0,5.0,1.0,1.0,6-11 años,7.519701407092552,0,1,1,0
1,14.0,1.0,1.0,1.0,6.0,2.0,1132.5,3.0,5.0,9.0,1.0,12-14 años,7.033065469947584,0,1,0,0
1,11.0,1.0,1.0,1.0,6.0,2.0,2796.027587890625,1.0,8.0,10.0,1.0,6-11 años,7.936312556539311,0,1,0,0
1,18.0,2.0,1.0,1.0,6.0,2.0,1925.9473876953125,3.0,5.0,1.0,1.0,17-19 años,7.563692365340713,0,1,1,0
1,7.0,2.0,1.0,1.0,6.0,2.0,1925.9473876953125,1.0,5.0,1.0,1.0,6-11 años,7.563692365340713,0,1,1,0
0,19.0,2.0,1.0,1.0,27.0,2.0,1191.75,4.0,5.0,2.0,1.0,17-19 años,7.084016844396216,0,1,1,1
1,16.0,2.0,1.0,1.0,27.0,2.0,1191.75,3.0,5.0,2.0,1.0,15-16 años,7.084016844396216,0,1,1,0
1,14.0,1.0,1.0,1.0,27.0,2.0,1191.75,3.0,5.0,2.0,1.0,12-14 años,7.084016844396216,0,1,1,0
1,11.0,1.0,1.0,1.0,27.0,2.0,1191.75,1.0,5.0,2.0,1.0,6-11 años,7.084016844396216,0,1,1,0
1,16.0,2.0,1.0,1.0,6.0,2.0,445.0,3.0,5.0,1.0,1.0,15-16 años,6.100318952020064,0,1,1,0
1,12.0,2.0,1.0,1.0,6.0,2.0,445.0,1.0,5.0,1.0,1.0,12-14 años,6.100318952020064,0,1,1,0
1,11.0,2.0,1.0,1.0,6.0,2.0,1564.9466552734375,1.0,8.0,1.0,1.0,6-11 años,7.356245811649625,0,1,1,0
1,11.0,2.0,1.0,1.0,6.0,2.0,2591.416748046875,1.0,5.0,1.0,1.0,6-11 años,7.860345826973548,0,1,1,0
1,7.0,1.0,1.0,1.0,6.0,2.0,2591.416748046875,0.0,5.0,1.0,1.0,6-11 años,7.860345826973548,0,1,1,0
1,18.0,1.0,1.0,1.0,6.0,2.0,1509.666748046875,3.0,5.0,1.0,1.0,17-19 años,7.32030638735018,0,1,1,0
1,15.0,2.0,1.0,1.0,6.0,2.0,1509.666748046875,3.0,5.0,1.0,1.0,15-16 años,7.32030638735018,0,1,1,0
1,13.0,1.0,1.0,1.0,6.0,2.0,1565.0625,3.0,8.0,2.0,1.0,12-14 años,7.356319786354597,0,1,1,0
1,12.0,2.0,1.0,1.0,6.0,2.0,1565.0625,1.0,8.0,2.0,1.0,12-14 años,7.356319786354597,0,1,1,0
1,14.0,1.0,1.0,1.0,6.0,2.0,750.6777954101562,3.0,6.0,1.0,1.0,12-14 años,6.622307768582781,0,1,1,0
1,11.0,2.0,1.0,1.0,6.0,2.0,750.6777954101562,1.0,6.0,1.0,1.0,6-11 años,6.622307768582781,0,1,1,0
1,11.0,1.0,1.0,1.0,6.0,2.0,1295.0,1.0,6.0,1.0,1.0,6-11 años,7.16703787691222,0,1,1,0
1,9.0,2.0,1.0,1.0,6.0,2.0,696.6666870117188,1.0,5.0,1.0,1.0,6-11 años,6.547741462939455,0,1,1,0
1,16.0,1.0,1.0,1.0,6.0,2.0,2577.4326171875,3.0,8.0,1.0,1.0,15-16 años,7.8549369805870155,0,1,1,0
1,19.0,1.0,1.0,1.0,6.0,2.0,628.5199584960938,3.0,8.0,1.0,1.0,17-19 años,6.444957558297277,0,1,1,0
1,15.0,2.0,1.0,1.0,6.0,2.0,628.5199584960938,3.0,8.0,1.0,1.0,15-16 años,6.444957558297277,0,1,1,0
1,11.0,2.0,1.0,1.0,6.0,2.0,628.5199584960938,1.0,8.0,1.0,1.0,6-11 años,6.444957558297277,0,1,1,0
1,12.0,2.0,1.0,1.0,6.0,2.0,3187.361083984375,1.0,8.0,1.0,1.0,12-14 años,8.067262296979461,0,1,1,0
1,15.0,2.0,1.0,1.0,6.0,2.0,2501.288818359375,3.0,5.0,1.0,1.0,15-16 años,7.824961119360504,0,1,1,0
1,19.0,1.0,1.0,1.0,6.0,2.0,1361.477783203125,5.0,8.0,1.0,1.0,17-19 años,7.217060220498493,0,1,1,0
1,17.0,2.0,1.0,1.0,6.0,2.0,1361.477783203125,3.0,8.0,1.0,1.0,17-19 años,7.217060220498493,0,1,1,0
1,7.0,2.0,1.0,1.0,6.0,2.0,1361.477783203125,1.0,8.0,1.0,1.0,6-11 años,7.217060220498493,0,1,1,0
1,13.0,2.0,1.0,1.0,6.0,2.0,1315.416748046875,2.0,8.0,1.0,1.0,12-14 años,7.182668739600586,0,1,1,0
1,18.0,1.0,1.0,1.0,6.0,2.0,1637.5,4.0,8.0,1.0,1.0,17-19 años,7.401536468138869,0,1,1,0
1,14.0,2.0,1.0,1.0,6.0,1.0,1637.5,3.0,8.0,1.0,1.0,12-14 años,7.401536468138869,0,1,1,0
1,8.0,2.0,1.0,1.0,6.0,2.0,1624.56005859375,1.0,8.0,1.0,1.0,6-11 años,7.3936076868274805,0,1,1,0
1,13.0,1.0,1.0,1.0,6.0,2.0,949.4816284179688,3.0,8.0,1.0,1.0,12-14 años,6.8569688334070955,0,1,1,0
1,8.0,1.0,1.0,1.0,6.0,2.0,949.4816284179688,1.0,8.0,1.0,1.0,6-11 años,6.8569688334070955,0,1,1,0
1,8.0,2.0,1.0,1.0,6.0,2.0,2255.35986328125,1.0,5.0,1.0,1.0,6-11 años,7.721508113762768,0,1,1,0
1,11.0,2.0,1.0,1.0,6.0,2.0,643.6875,1.0,6.0,2.0,1.0,6-11 años,6.4687657032655705,0,1,1,0
1,14.0,2.0,1.0,1.0,6.0,2.0,867.5,3.0,6.0,2.0,1.0,12-14 años,6.766767585681159,0,1,1,0
1,8.0,2.0,1.0,1.0,6.0,2.0,1486.9000244140625,1.0,6.0,1.0,1.0,6-11 años,7.305121025242054,0,1,1,0
1,12.0,1.0,1.0,1.0,6.0,2.0,674.0,1.0,4.0,1.0,1.0,12-14 años,6.51471269087253,0,1,1,0
1,7.0,2.0,1.0,1.0,6.0,2.0,674.0,1.0,4.0,1.0,1.0,6-11 años,6.51471269087253,0,1,1,0
1,12.0,1.0,1.0,1.0,6.0,2.0,1430.3583984375,2.0,8.0,2.0,1.0,12-14 años,7.266379201334219,0,1,1,0
1,19.0,1.0,1.0,1.0,6.0,2.0,1363.949951171875,5.0,8.0,1.0,1.0,17-19 años,7.2188730411387025,0,1,1,0
1,11.0,1.0,1.0,1.0,6.0,2.0,1749.5616455078125,1.0,8.0,2.0,1.0,6-11 años,7.46769195571742,0,1,1,0
1,19.0,2.0,1.0,1.0,6.0,2.0,1166.6666259765625,5.0,6.0,1.0,1.0,17-19 años,7.062762699682014,0,1,1,0
1,11.0,1.0,1.0,1.0,6.0,2.0,3205.5,1.0,3.0,1.0,1.0,6-11 años,8.072935278588918,0,1,1,0
1,17.0,2.0,1.0,1.0,6.0,2.0,2060.0,3.0,6.0,1.0,1.0,17-19 años,7.630946580890459,0,1,1,0
1,19.0,2.0,1.0,1.0,6.0,2.0,1596.666748046875,5.0,6.0,1.0,1.0,17-19 años,7.376299561428434,0,1,1,0
1,16.0,2.0,1.0,1.0,6.0,2.0,1596.666748046875,3.0,6.0,1.0,1.0,15-16 años,7.376299561428434,0,1,1,0
1,18.0,1.0,1.0,1.0,6.0,2.0,1851.22216796875,3.0,6.0,1.0,1.0,17-19 años,7.524141369117603,0,1,1,0
1,18.0,2.0,1.0,1.0,6.0,2.0,5479.16650390625,4.0,6.0,1.0,1.0,17-19 años,8.608890763404977,0,1,1,0
1,10.0,2.0,1.0,1.0,6.0,2.0,1609.22216796875,1.0,6.0,1.0,1.0,6-11 años,7.38412744098559,0,1,1,0
1,12.0,1.0,1.0,1.0,6.0,2.0,1750.0,3.0,6.0,1.0,1.0,12-14 años,7.467942332285852,0,1,1,0
1,17.0,2.0,1.0,1.0,6.0,2.0,2230.0,3.0,8.0,1.0,1.0,17-19 años,7.7102051944325325,0,1,1,0
1,14.0,1.0,1.0,1.0,6.0,2.0,2230.0,3.0,8.0,1.0,1.0,12-14 años,7.7102051944325325,0,1,1,0
1,11.0,2.0,1.0,1.0,6.0,2.0,1878.125,1.0,5.0,1.0,1.0,6-11 años,7.538561521947998,0,1,1,0
1,9.0,2.0,1.0,1.0,6.0,2.0,342.625,1.0,5.0,1.0,1.0,6-11 años,5.83955094648541,0,1,1,0
1,12.0,1.0,1.0,1.0,6.0,1.0,3287.0625,1.0,5.0,1.0,1.0,12-14 años,8.098053764511226,0,1,1,0
1,8.0,2.0,1.0,1.0,6.0,1.0,3287.0625,1.0,5.0,1.0,1.0,6-11 años,8.098053764511226,0,1,1,0
1,19.0,2.0,1.0,1.0,6.0,2.0,922.2900390625,4.0,5.0,1.0,1.0,17-19 años,6.827943420311961,0,1,1,0
1,10.0,2.0,1.0,1.0,6.0,2.0,2017.5,1.0,5.0,1.0,1.0,6-11 años,7.610109940292996,0,1,1,0
1,17.0,2.0,1.0,1.0,6.0,2.0,2116.666748046875,3.0,8.0,1.0,1.0,17-19 años,7.65807017102761,0,1,1,0
1,16.0,2.0,1.0,1.0,6.0,2.0,2643.33349609375,3.0,8.0,1.0,1.0,15-16 años,7.880174326184534,0,1,1,0
1,14.0,2.0,1.0,1.0,6.0,2.0,2643.33349609375,3.0,8.0,1.0,1.0,12-14 años,7.880174326184534,0,1,1,0
1,6.0,1.0,1.0,1.0,6.0,2.0,2643.33349609375,0.0,8.0,1.0,1.0,6-11 años,7.880174326184534,0,1,1,0
1,9.0,1.0,1.0,1.0,6.0,2.0,1375.0,1.0,8.0,1.0,1.0,6-11 años,7.226936018493289,0,1,1,0
1,19.0,1.0,1.0,1.0,6.0,2.0,900.0,4.0,8.0,1.0,1.0,17-19 años,6.803505257608338,0,1,1,0
1,19.0,1.0,1.0,1.0,6.0,2.0,900.0,4.0,8.0,1.0,1.0,17-19 años,6.803505257608338,0,1,1,0
1,17.0,2.0,1.0,1.0,6.0,2.0,1800.0,3.0,8.0,1.0,1.0,17-19 años,7.496097345175956,0,1,1,0
1,17.0,1.0,1.0,1.0,6.0,2.0,2861.5,3.0,5.0,1.0,1.0,17-19 años,7.959450647862495,0,1,1,0
1,14.0,2.0,1.0,1.0,6.0,2.0,2861.5,3.0,5.0,1.0,1.0,12-14 años,7.959450647862495,0,1,1,0
1,9.0,1.0,1.0,1.0,6.0,2.0,2861.5,1.0,5.0,1.0,1.0,6-11 años,7.959450647862495,0,1,1,0
1,16.0,2.0,1.0,1.0,6.0,2.0,4504.33349609375,3.0,8.0,2.0,1.0,15-16 años,8.413017195292236,0,1,1,0
1,11.0,2.0,1.0,1.0,6.0,2.0,1811.3751220703125,1.0,6.0,1.0,1.0,6-11 años,7.502393486187138,0,1,1,0
1,14.0,2.0,1.0,1.0,6.0,2.0,4659.93359375,3.0,8.0,1.0,1.0,12-14 años,8.44697104906035,0,1,1,0
1,17.0,2.0,1.0,1.0,6.0,2.0,1493.333251953125,3.0,5.0,1.0,1.0,17-19 años,7.3094354010281215,0,1,1,0
1,11.0,2.0,1.0,1.0,6.0,2.0,1493.333251953125,1.0,5.0,1.0,1.0,6-11 años,7.3094354010281215,0,1,1,0
1,7.0,1.0,1.0,1.0,6.0,2.0,1493.333251953125,0.0,5.0,1.0,1.0,6-11 años,7.3094354010281215,0,1,1,0
1,14.0,2.0,1.0,1.0,6.0,2.0,333.0833435058594,3.0,5.0,1.0,1.0,12-14 años,5.811390493303574,0,1,1,0
1,17.0,2.0,1.0,1.0,6.0,2.0,3568.33349609375,3.0,8.0,1.0,1.0,17-19 años,8.1801341615718,0,1,1,0
1,10.0,1.0,1.0,1.0,6.0,2.0,3568.33349609375,1.0,8.0,1.0,1.0,6-11 años,8.1801341615718,0,1,1,0
1,19.0,2.0,1.0,1.0,6.0,2.0,2007.0833740234375,3.0,6.0,1.0,1.0,17-19 años,7.6049360008776565,0,1,1,0
1,10.0,1.0,1.0,1.0,6.0,2.0,1242.219970703125,1.0,8.0,1.0,1.0,6-11 años,7.1254600434347495,0,1,1,0
1,18.0,1.0,1.0,1.0,6.0,2.0,846.0416870117188,4.0,7.0,1.0,1.0,17-19 años,6.741749910692069,0,1,1,0
1,16.0,2.0,1.0,1.0,6.0,2.0,846.0416870117188,3.0,7.0,1.0,1.0,15-16 años,6.741749910692069,0,1,1,0
1,18.0,1.0,1.0,1.0,6.0,2.0,2835.83349609375,3.0,5.0,1.0,1.0,17-19 años,7.950443742953896,0,1,1,0
1,18.0,1.0,1.0,1.0,6.0,2.0,2105.0,3.0,8.0,1.0,1.0,17-19 años,7.652545692693921,0,1,1,0
1,13.0,1.0,1.0,1.0,6.0,2.0,5430.5556640625,3.0,8.0,1.0,1.0,12-14 años,8.59998086619881,0,1,1,0
1,8.0,1.0,1.0,1.0,6.0,2.0,540.0,1.0,5.0,2.0,1.0,6-11 años,6.293419278846481,0,1,1,0
1,15.0,1.0,1.0,1.0,6.0,2.0,2571.35009765625,3.0,5.0,1.0,1.0,15-16 años,7.852575194934092,0,1,1,0
1,18.0,1.0,1.0,1.0,6.0,2.0,1884.0,4.0,6.0,1.0,1.0,17-19 años,7.541683099882111,0,1,1,0
1,7.0,2.0,1.0,1.0,6.0,2.0,1884.0,1.0,6.0,1.0,1.0,6-11 años,7.541683099882111,0,1,1,0
1,10.0,1.0,1.0,1.0,6.0,2.0,1884.0,1.0,6.0,1.0,1.0,6-11 años,7.541683099882111,0,1,1,0
1,7.0,1.0,1.0,1.0,6.0,2.0,3838.574951171875,1.0,5.0,1.0,1.0,6-11 años,8.253116949656214,0,1,1,0
1,6.0,1.0,1.0,1.0,6.0,2.0,3838.574951171875,0.0,5.0,1.0,1.0,6-11 años,8.253116949656214,0,1,1,0
1,11.0,2.0,1.0,1.0,6.0,2.0,2293.89990234375,1.0,5.0,1.0,1.0,6-11 años,7.738444506006968,0,1,1,0
1,10.0,1.0,1.0,1.0,6.0,2.0,2293.89990234375,1.0,5.0,1.0,1.0,6-11 años,7.738444506006968,0,1,1,0
1,16.0,1.0,1.0,1.0,6.0,2.0,808.2666625976562,3.0,5.0,1.0,1.0,15-16 años,6.6961284827675716,0,1,1,0
1,13.0,1.0,1.0,1.0,6.0,2.0,808.2666625976562,3.0,5.0,1.0,1.0,12-14 años,6.6961284827675716,0,1,1,0
1,10.0,2.0,1.0,1.0,6.0,2.0,808.2666625976562,1.0,5.0,1.0,1.0,6-11 años,6.6961284827675716,0,1,1,0
1,12.0,2.0,1.0,1.0,6.0,2.0,937.4066772460938,1.0,5.0,1.0,1.0,12-14 años,6.8441834128788415,0,1,1,0
1,10.0,1.0,1.0,1.0,6.0,2.0,937.4066772460938,1.0,5.0,1.0,1.0,6-11 años,6.8441834128788415,0,1,1,0
1,6.0,1.0,1.0,1.0,6.0,2.0,937.4066772460938,0.0,5.0,1.0,1.0,6-11 años,6.8441834128788415,0,1,1,0
1,12.0,2.0,1.0,1.0,6.0,2.0,880.0,1.0,5.0,1.0,1.0,12-14 años,6.78105762593618,0,1,1,0
1,16.0,1.0,1.0,1.0,6.0,2.0,2373.333251953125,3.0,6.0,1.0,1.0,15-16 años,7.772471941035271,0,1,1,0
1,19.0,2.0,1.0,1.0,6.0,2.0,2187.5,5.0,6.0,1.0,1.0,17-19 años,7.69097165663095,0,1,1,0
1,16.0,1.0,1.0,1.0,6.0,2.0,2187.5,3.0,6.0,1.0,1.0,15-16 años,7.69097165663095,0,1,1,0
1,15.0,1.0,1.0,1.0,6.0,2.0,4163.888671875,3.0,3.0,1.0,1.0,15-16 años,8.334444824801928,0,1,1,0
1,17.0,2.0,1.0,1.0,6.0,2.0,3996.127685546875,3.0,7.0,1.0,1.0,17-19 años,8.29333130354681,0,1,1,0
1,8.0,1.0,1.0,1.0,6.0,2.0,3142.0,1.0,3.0,1.0,1.0,6-11 años,8.052933036797567,0,1,1,0
1,18.0,2.0,1.0,1.0,6.0,2.0,3865.277587890625,3.0,8.0,1.0,1.0,17-19 años,8.26004745954204,0,1,1,0
1,18.0,1.0,1.0,1.0,6.0,2.0,2372.46240234375,4.0,8.0,1.0,1.0,17-19 años,7.7721050972692165,0,1,1,0
1,18.0,1.0,1.0,1.0,6.0,2.0,2737.5,3.0,8.0,1.0,1.0,17-19 años,7.915165604223776,0,1,1,0
1,12.0,1.0,1.0,1.0,6.0,2.0,525.0,2.0,5.0,1.0,1.0,12-14 años,6.26530121273771,0,1,1,0
1,12.0,1.0,1.0,1.0,6.0,2.0,5275.0,2.0,6.0,1.0,1.0,12-14 años,8.570923513837204,0,1,1,0
1,12.0,1.0,1.0,1.0,6.0,2.0,2527.5,2.0,5.0,10.0,1.0,12-14 años,7.835381520520038,0,1,0,0
1,7.0,2.0,1.0,1.0,6.0,2.0,2527.5,0.0,5.0,10.0,1.0,6-11 años,7.835381520520038,0,1,0,0
1,11.0,1.0,1.0,1.0,6.0,2.0,1008.3333129882812,1.0,8.0,2.0,1.0,6-11 años,6.917045305732309,0,1,1,0
1,10.0,1.0,1.0,1.0,6.0,2.0,1975.0,1.0,8.0,1.0,1.0,6-11 años,7.588829878307813,0,1,1,0
1,8.0,1.0,1.0,1.0,6.0,2.0,1975.0,1.0,8.0,1.0,1.0,6-11 años,7.588829878307813,0,1,1,0
1,19.0,1.0,1.0,1.0,6.0,2.0,2111.27099609375,4.0,8.0,1.0,1.0,17-19 años,7.655518949139191,0,1,1,0
1,11.0,1.0,1.0,1.0,27.0,2.0,1332.5833740234375,1.0,8.0,2.0,1.0,6-11 años,7.195624864369846,0,1,1,0
1,11.0,1.0,1.0,1.0,6.0,2.0,967.9583129882812,1.0,8.0,1.0,1.0,6-11 años,6.876221590313423,0,1,1,0
1,9.0,2.0,1.0,1.0,6.0,2.0,2787.666748046875,1.0,5.0,1.0,1.0,6-11 años,7.933318892516513,0,1,1,0
1,18.0,2.0,1.0,1.0,27.0,2.0,1567.4000244140625,3.0,1.0,1.0,1.0,17-19 años,7.357811285984399,0,1,1,0
1,8.0,1.0,1.0,1.0,27.0,2.0,1567.4000244140625,1.0,1.0,1.0,1.0,6-11 años,7.357811285984399,0,1,1,0
0,17.0,2.0,1.0,1.0,6.0,1.0,725.927734375,3.0,1.0,2.0,1.0,17-19 años,6.588827070082446,0,1,1,1
1,15.0,2.0,1.0,1.0,6.0,1.0,725.927734375,3.0,1.0,2.0,1.0,15-16 años,6.588827070082446,0,1,1,0
1,13.0,2.0,1.0,1.0,6.0,1.0,725.927734375,2.0,1.0,2.0,1.0,12-14 años,6.588827070082446,0,1,1,0
1,11.0,1.0,1.0,1.0,27.0,1.0,725.927734375,1.0,1.0,2.0,1.0,6-11 años,6.588827070082446,0,1,1,0
1,18.0,1.0,1.0,1.0,6.0,2.0,688.0208740234375,3.0,5.0,2.0,1.0,17-19 años,6.535271566670034,0,1,1,0
1,16.0,2.0,1.0,1.0,27.0,2.0,688.0208740234375,3.0,5.0,2.0,1.0,15-16 años,6.535271566670034,0,1,1,0
1,13.0,1.0,1.0,1.0,6.0,2.0,688.0208740234375,3.0,5.0,2.0,1.0,12-14 años,6.535271566670034,0,1,1,0
1,10.0,2.0,1.0,1.0,27.0,2.0,688.0208740234375,1.0,5.0,2.0,1.0,6-11 años,6.535271566670034,0,1,1,0
1,8.0,2.0,1.0,1.0,6.0,2.0,688.0208740234375,1.0,5.0,2.0,1.0,6-11 años,6.535271566670034,0,1,1,0
1,12.0,2.0,1.0,1.0,6.0,2.0,2632.222412109375,1.0,1.0,2.0,1.0,12-14 años,7.875963626916066,0,1,1,0
1,10.0,1.0,1.0,1.0,6.0,2.0,1288.0,1.0,7.0,1.0,1.0,6-11 años,7.161622002939187,0,1,1,0
1,7.0,2.0,1.0,1.0,6.0,2.0,1288.0,1.0,7.0,1.0,1.0,6-11 años,7.161622002939187,0,1,1,0
1,17.0,2.0,1.0,1.0,6.0,2.0,550.625,3.0,5.0,1.0,1.0,17-19 años,6.312868467589711,0,1,1,0
1,16.0,1.0,1.0,1.0,6.0,2.0,550.625,3.0,5.0,1.0,1.0,15-16 años,6.312868467589711,0,1,1,0
1,9.0,1.0,1.0,1.0,6.0,2.0,146.6666717529297,1.0,6.0,2.0,1.0,6-11 años,4.994957515821245,0,1,1,0
1,7.0,1.0,1.0,1.0,6.0,2.0,146.6666717529297,0.0,6.0,2.0,1.0,6-11 años,4.994957515821245,0,1,1,0
1,16.0,2.0,1.0,1.0,6.0,2.0,146.6666717529297,3.0,6.0,2.0,1.0,15-16 años,4.994957515821245,0,1,1,0
1,15.0,1.0,1.0,1.0,6.0,2.0,505.83331298828125,3.0,8.0,2.0,1.0,15-16 años,6.228182178307805,0,1,1,0
1,6.0,1.0,1.0,1.0,6.0,2.0,505.83331298828125,0.0,8.0,2.0,1.0,6-11 años,6.228182178307805,0,1,1,0
1,13.0,2.0,1.0,1.0,6.0,2.0,505.83331298828125,3.0,8.0,2.0,1.0,12-14 años,6.228182178307805,0,1,1,0
1,15.0,1.0,1.0,1.0,6.0,2.0,1263.3333740234375,3.0,5.0,1.0,1.0,15-16 años,7.14230028520384,0,1,1,0
1,14.0,2.0,1.0,1.0,6.0,1.0,664.0645751953125,3.0,5.0,1.0,1.0,12-14 años,6.499884141498276,0,1,1,0
1,16.0,2.0,1.0,1.0,6.0,2.0,1679.166748046875,3.0,8.0,1.0,1.0,15-16 años,7.426648322261681,0,1,1,0
1,8.0,2.0,1.0,1.0,6.0,2.0,1679.166748046875,1.0,8.0,1.0,1.0,6-11 años,7.426648322261681,0,1,1,0
1,6.0,1.0,1.0,1.0,6.0,2.0,1679.166748046875,0.0,8.0,1.0,1.0,6-11 años,7.426648322261681,0,1,1,0
1,16.0,1.0,1.0,1.0,6.0,2.0,506.25,3.0,8.0,1.0,1.0,15-16 años,6.229003978705924,0,1,1,0
1,9.0,1.0,1.0,1.0,6.0,2.0,506.25,1.0,8.0,1.0,1.0,6-11 años,6.229003978705924,0,1,1,0
1,16.0,2.0,1.0,1.0,6.0,2.0,720.2083129882812,3.0,8.0,1.0,1.0,15-16 años,6.580928017868779,0,1,1,0
1,15.0,2.0,1.0,1.0,6.0,2.0,720.2083129882812,3.0,8.0,1.0,1.0,15-16 años,6.580928017868779,0,1,1,0
1,15.0,2.0,1.0,1.0,6.0,2.0,720.2083129882812,3.0,8.0,1.0,1.0,15-16 años,6.580928017868779,0,1,1,0
1,13.0,1.0,1.0,1.0,6.0,2.0,1238.2000732421875,3.0,5.0,1.0,1.0,12-14 años,7.122221348207069,0,1,1,0
1,9.0,2.0,1.0,1.0,6.0,2.0,2515.0,1.0,8.0,1.0,1.0,6-11 años,7.830425617820331,0,1,1,0
1,12.0,1.0,1.0,1.0,6.0,2.0,855.0,2.0,8.0,1.0,1.0,12-14 años,6.752270376141742,0,1,1,0
1,9.0,1.0,1.0,1.0,6.0,2.0,855.0,1.0,8.0,1.0,1.0,6-11 años,6.752270376141742,0,1,1,0
1,13.0,2.0,1.0,1.0,6.0,2.0,2579.853271484375,3.0,5.0,1.0,1.0,12-14 años,7.85587534861962,0,1,1,0
1,11.0,1.0,1.0,1.0,6.0,2.0,1569.1806640625,1.0,5.0,2.0,1.0,6-11 años,7.358945964373278,0,1,1,0
1,13.0,2.0,1.0,1.0,6.0,2.0,890.844970703125,3.0,5.0,2.0,1.0,12-14 años,6.793292317814925,0,1,1,0
1,11.0,2.0,1.0,1.0,6.0,2.0,890.844970703125,1.0,5.0,2.0,1.0,6-11 años,6.793292317814925,0,1,1,0
1,13.0,2.0,1.0,1.0,6.0,2.0,489.92498779296875,2.0,5.0,2.0,1.0,12-14 años,6.196291341770925,0,1,1,0
1,9.0,1.0,1.0,1.0,6.0,2.0,489.92498779296875,1.0,5.0,2.0,1.0,6-11 años,6.196291341770925,0,1,1,0
1,6.0,1.0,1.0,1.0,6.0,2.0,489.92498779296875,0.0,5.0,2.0,1.0,6-11 años,6.196291341770925,0,1,1,0
1,16.0,1.0,1.0,1.0,6.0,2.0,692.3428344726562,3.0,5.0,1.0,1.0,15-16 años,6.541524587499692,0,1,1,0
1,15.0,2.0,1.0,1.0,6.0,2.0,692.3428344726562,3.0,5.0,1.0,1.0,15-16 años,6.541524587499692,0,1,1,0
1,14.0,2.0,1.0,1.0,6.0,2.0,692.3428344726562,3.0,5.0,1.0,1.0,12-14 años,6.541524587499692,0,1,1,0
1,11.0,1.0,1.0,1.0,6.0,2.0,692.3428344726562,1.0,5.0,1.0,1.0,6-11 años,6.541524587499692,0,1,1,0
1,14.0,1.0,1.0,1.0,6.0,2.0,599.5499877929688,3.0,5.0,1.0,1.0,12-14 años,6.39784588167408,0,1,1,0
1,11.0,1.0,1.0,1.0,6.0,2.0,599.5499877929688,1.0,5.0,1.0,1.0,6-11 años,6.39784588167408,0,1,1,0
0,19.0,2.0,1.0,1.0,6.0,2.0,906.9833374023438,3.0,5.0,1.0,1.0,17-19 años,6.811226027554437,0,1,1,1
1,14.0,2.0,1.0,1.0,6.0,2.0,1416.25,3.0,5.0,1.0,1.0,12-14 años,7.256473653204413,0,1,1,0
1,6.0,2.0,1.0,1.0,6.0,2.0,1294.7554931640625,0.0,8.0,1.0,1.0,6-11 años,7.1668491964311265,0,1,1,0
1,15.0,1.0,1.0,1.0,6.0,2.0,245.55555725097656,3.0,8.0,1.0,1.0,15-16 años,5.5075873524728,0,1,1,0
1,16.0,1.0,1.0,1.0,6.0,2.0,918.2000122070312,3.0,5.0,1.0,1.0,15-16 años,6.823503739814606,0,1,1,0
1,15.0,1.0,1.0,1.0,6.0,2.0,828.9583740234375,3.0,5.0,2.0,1.0,15-16 años,6.72137554775401,0,1,1,0
1,10.0,2.0,1.0,1.0,6.0,2.0,828.9583740234375,1.0,5.0,2.0,1.0,6-11 años,6.72137554775401,0,1,1,0
1,6.0,1.0,1.0,1.0,6.0,2.0,828.9583740234375,0.0,5.0,2.0,1.0,6-11 años,6.72137554775401,0,1,1,0
0,14.0,2.0,1.0,1.0,6.0,2.0,846.0999755859375,2.0,6.0,1.0,1.0,12-14 años,6.741818722616749,0,1,1,1
1,10.0,1.0,1.0,1.0,6.0,2.0,846.0999755859375,1.0,6.0,1.0,1.0,6-11 años,6.741818722616749,0,1,1,0
1,12.0,1.0,1.0,1.0,6.0,2.0,2193.53759765625,2.0,5.0,2.0,1.0,12-14 años,7.693726641656965,0,1,1,0
1,7.0,2.0,1.0,1.0,6.0,2.0,2193.53759765625,1.0,5.0,2.0,1.0,6-11 años,7.693726641656965,0,1,1,0
1,18.0,1.0,1.0,1.0,6.0,2.0,3411.416748046875,4.0,8.0,1.0,1.0,17-19 años,8.135176043018884,0,1,1,0
1,14.0,1.0,1.0,1.0,6.0,1.0,545.5556030273438,3.0,5.0,2.0,1.0,12-14 años,6.3036360463154075,0,1,1,0
1,12.0,1.0,1.0,1.0,6.0,1.0,545.5556030273438,1.0,5.0,2.0,1.0,12-14 años,6.3036360463154075,0,1,1,0
1,17.0,1.0,1.0,1.0,6.0,2.0,1256.5777587890625,3.0,8.0,1.0,1.0,17-19 años,7.136942736077286,0,1,1,0
1,15.0,2.0,1.0,1.0,6.0,1.0,1582.699951171875,3.0,7.0,2.0,1.0,15-16 años,7.367519129666004,0,1,1,0
1,12.0,1.0,1.0,1.0,6.0,1.0,1582.699951171875,2.0,7.0,2.0,1.0,12-14 años,7.367519129666004,0,1,1,0
1,14.0,2.0,1.0,1.0,6.0,1.0,1582.699951171875,3.0,7.0,2.0,1.0,12-14 años,7.367519129666004,0,1,1,0
1,7.0,2.0,1.0,1.0,6.0,2.0,1582.699951171875,0.0,7.0,2.0,1.0,6-11 años,7.367519129666004,0,1,1,0
1,19.0,1.0,1.0,1.0,6.0,2.0,3156.06640625,4.0,6.0,1.0,1.0,17-19 años,8.057398522942405,0,1,1,0
1,17.0,1.0,1.0,1.0,6.0,2.0,528.5,3.0,5.0,1.0,1.0,17-19 años,6.271933165041461,0,1,1,0
1,9.0,2.0,1.0,1.0,6.0,2.0,528.5,1.0,5.0,1.0,1.0,6-11 años,6.271933165041461,0,1,1,0
1,15.0,1.0,1.0,1.0,6.0,2.0,1164.8221435546875,3.0,5.0,2.0,1.0,15-16 años,7.061181819730844,0,1,1,0
1,6.0,2.0,1.0,1.0,6.0,2.0,2684.083251953125,0.0,6.0,1.0,1.0,6-11 años,7.895467012776292,0,1,1,0
1,6.0,2.0,1.0,1.0,6.0,2.0,197.50001525878906,0.0,5.0,2.0,1.0,6-11 años,5.290789176997716,0,1,1,0
1,15.0,1.0,1.0,1.0,6.0,2.0,709.7916870117188,3.0,5.0,1.0,1.0,15-16 años,6.566379400955661,0,1,1,0
1,12.0,2.0,1.0,1.0,6.0,2.0,709.7916870117188,2.0,5.0,1.0,1.0,12-14 años,6.566379400955661,0,1,1,0
1,6.0,1.0,1.0,1.0,6.0,2.0,709.7916870117188,0.0,5.0,1.0,1.0,6-11 años,6.566379400955661,0,1,1,0
1,11.0,1.0,1.0,1.0,6.0,2.0,2291.708251953125,1.0,5.0,1.0,1.0,6-11 años,7.737489040551487,0,1,1,0
1,8.0,2.0,1.0,1.0,6.0,2.0,2291.708251953125,1.0,5.0,1.0,1.0,6-11 años,7.737489040551487,0,1,1,0
1,16.0,1.0,1.0,1.0,6.0,2.0,1242.166748046875,3.0,5.0,1.0,1.0,15-16 años,7.125417232189132,0,1,1,0
1,13.0,2.0,1.0,1.0,6.0,2.0,1242.166748046875,3.0,5.0,1.0,1.0,12-14 años,7.125417232189132,0,1,1,0
1,17.0,2.0,1.0,1.0,6.0,2.0,877.0499877929688,3.0,8.0,1.0,1.0,17-19 años,6.7777035257194305,0,1,1,0
1,15.0,2.0,1.0,1.0,6.0,2.0,877.0499877929688,3.0,8.0,1.0,1.0,15-16 años,6.7777035257194305,0,1,1,0
1,18.0,1.0,1.0,1.0,6.0,2.0,2201.5,3.0,8.0,1.0,1.0,17-19 años,7.697348357810335,0,1,1,0
1,13.0,1.0,1.0,1.0,6.0,2.0,2201.5,2.0,8.0,1.0,1.0,12-14 años,7.697348357810335,0,1,1,0
1,18.0,1.0,1.0,1.0,6.0,2.0,1561.5555419921875,3.0,5.0,1.0,1.0,17-19 años,7.354077927853782,0,1,1,0
1,8.0,2.0,1.0,1.0,6.0,2.0,443.0555725097656,1.0,5.0,1.0,1.0,6-11 años,6.095949717910234,0,1,1,0
1,14.0,1.0,1.0,1.0,6.0,2.0,3003.333251953125,3.0,8.0,1.0,1.0,12-14 años,8.00781094280069,0,1,1,0
1,12.0,2.0,1.0,1.0,6.0,2.0,611.0,2.0,5.0,1.0,1.0,12-14 años,6.416732282512326,0,1,1,0
1,16.0,2.0,1.0,1.0,6.0,2.0,341.66668701171875,3.0,7.0,1.0,1.0,15-16 años,5.836758216719719,0,1,1,0
1,15.0,2.0,1.0,1.0,6.0,2.0,341.66668701171875,3.0,7.0,1.0,1.0,15-16 años,5.836758216719719,0,1,1,0
1,18.0,1.0,1.0,1.0,6.0,2.0,2041.458251953125,4.0,8.0,1.0,1.0,17-19 años,7.621909386845032,0,1,1,0
1,7.0,1.0,1.0,1.0,6.0,2.0,2041.458251953125,1.0,8.0,1.0,1.0,6-11 años,7.621909386845032,0,1,1,0
1,14.0,1.0,1.0,1.0,6.0,2.0,200.0,3.0,5.0,1.0,1.0,12-14 años,5.303304908059076,0,1,1,0
1,6.0,1.0,2.0,1.0,6.0,2.0,568.047607421875,0.0,1.0,8.0,1.0,6-11 años,6.3439640992060555,1,1,0,0
1,9.0,2.0,2.0,1.0,6.0,2.0,944.5066528320312,1.0,8.0,8.0,1.0,6-11 años,6.851720924384737,1,1,0,0
1,7.0,1.0,2.0,1.0,6.0,2.0,944.5066528320312,1.0,8.0,8.0,1.0,6-11 años,6.851720924384737,1,1,0,0
0,15.0,2.0,2.0,1.0,6.0,2.0,227.08334350585938,2.0,1.0,8.0,1.0,15-16 años,5.429711103852719,1,1,0,1
0,13.0,1.0,2.0,1.0,6.0,2.0,227.08334350585938,2.0,1.0,8.0,1.0,12-14 años,5.429711103852719,1,1,0,1
0,13.0,1.0,2.0,1.0,6.0,2.0,848.0888671875,2.0,1.0,8.0,2.0,12-14 años,6.74416385361033,1,0,0,1
1,11.0,1.0,2.0,1.0,6.0,2.0,848.0888671875,1.0,1.0,8.0,2.0,6-11 años,6.74416385361033,1,0,0,0
1,6.0,2.0,2.0,1.0,6.0,2.0,465.41668701171875,0.0,1.0,10.0,2.0,6-11 años,6.145079412723266,1,0,0,0
1,12.0,1.0,2.0,1.0,6.0,2.0,739.25,1.0,1.0,7.0,1.0,12-14 años,6.6069879669817,1,1,0,0
1,7.0,2.0,2.0,1.0,6.0,2.0,270.0,1.0,1.0,7.0,1.0,6-11 años,5.602118820879701,1,1,0,0
1,12.0,2.0,2.0,1.0,6.0,2.0,410.5555419921875,1.0,1.0,7.0,1.0,12-14 años,6.019943985473502,1,1,0,0
0,19.0,2.0,2.0,1.0,6.0,2.0,511.4444580078125,1.0,7.0,7.0,1.0,17-19 años,6.239192330520708,1,1,0,1
1,6.0,1.0,2.0,1.0,6.0,2.0,842.0799560546875,0.0,5.0,7.0,1.0,6-11 años,6.7370618005441205,1,1,0,0
1,16.0,1.0,2.0,1.0,27.0,2.0,977.3106079101562,3.0,5.0,7.0,1.0,15-16 años,6.885827214612361,1,1,0,0
0,15.0,1.0,2.0,1.0,27.0,2.0,977.3106079101562,3.0,5.0,7.0,1.0,15-16 años,6.885827214612361,1,1,0,1
1,10.0,2.0,2.0,1.0,27.0,2.0,977.3106079101562,1.0,5.0,7.0,1.0,6-11 años,6.885827214612361,1,1,0,0
1,9.0,1.0,2.0,1.0,27.0,2.0,977.3106079101562,1.0,5.0,7.0,1.0,6-11 años,6.885827214612361,1,1,0,0
1,6.0,2.0,2.0,1.0,27.0,2.0,977.3106079101562,0.0,5.0,7.0,1.0,6-11 años,6.885827214612361,1,1,0,0
0,18.0,1.0,2.0,1.0,27.0,2.0,977.3106079101562,3.0,5.0,7.0,1.0,17-19 años,6.885827214612361,1,1,0,1
0,19.0,2.0,2.0,1.0,27.0,2.0,977.3106079101562,3.0,5.0,7.0,1.0,17-19 años,6.885827214612361,1,1,0,1
1,18.0,1.0,2.0,1.0,27.0,2.0,2920.283203125,3.0,1.0,7.0,1.0,17-19 años,7.979778251856082,1,1,0,0
1,16.0,1.0,2.0,1.0,6.0,1.0,348.9583435058594,3.0,5.0,7.0,1.0,15-16 años,5.857814128845502,1,1,0,0
1,14.0,1.0,2.0,1.0,6.0,1.0,348.9583435058594,3.0,5.0,7.0,1.0,12-14 años,5.857814128845502,1,1,0,0
1,17.0,2.0,2.0,1.0,6.0,1.0,860.0,3.0,5.0,7.0,1.0,17-19 años,6.7580945044277305,1,1,0,0
1,15.0,2.0,2.0,1.0,6.0,1.0,860.0,3.0,5.0,7.0,1.0,15-16 años,6.7580945044277305,1,1,0,0
1,13.0,2.0,2.0,1.0,27.0,1.0,860.0,3.0,5.0,7.0,1.0,12-14 años,6.7580945044277305,1,1,0,0
1,12.0,1.0,2.0,1.0,6.0,1.0,862.5,2.0,5.0,7.0,1.0,12-14 años,6.760993897586733,1,1,0,0
1,10.0,2.0,2.0,1.0,27.0,1.0,862.5,1.0,5.0,7.0,1.0,6-11 años,6.760993897586733,1,1,0,0
1,6.0,2.0,2.0,1.0,27.0,2.0,2308.33349609375,0.0,5.0,7.0,1.0,6-11 años,7.744714232053554,1,1,0,0
1,9.0,2.0,2.0,1.0,27.0,2.0,2308.33349609375,1.0,5.0,7.0,1.0,6-11 años,7.744714232053554,1,1,0,0
0,6.0,1.0,2.0,1.0,27.0,2.0,649.5,0.0,1.0,5.0,1.0,6-11 años,6.47774129795256,1,1,0,1
1,11.0,2.0,2.0,1.0,6.0,2.0,819.4000244140625,1.0,5.0,5.0,1.0,6-11 años,6.709792055956956,1,1,0,0
1,9.0,1.0,2.0,1.0,6.0,2.0,819.4000244140625,1.0,5.0,5.0,1.0,6-11 años,6.709792055956956,1,1,0,0
1,11.0,1.0,2.0,1.0,6.0,2.0,2814.583251953125,1.0,5.0,5.0,1.0,6-11 años,7.942924713411528,1,1,0,0
1,9.0,2.0,2.0,1.0,6.0,2.0,2814.583251953125,1.0,5.0,5.0,1.0,6-11 años,7.942924713411528,1,1,0,0
1,16.0,2.0,2.0,1.0,6.0,2.0,1081.5699462890625,3.0,5.0,5.0,1.0,15-16 años,6.98709307329868,1,1,0,0
1,9.0,1.0,2.0,1.0,6.0,2.0,1081.5699462890625,1.0,5.0,5.0,1.0,6-11 años,6.98709307329868,1,1,0,0
1,14.0,1.0,2.0,1.0,6.0,2.0,629.0416259765625,3.0,5.0,5.0,1.0,12-14 años,6.445785890181526,1,1,0,0
1,15.0,1.0,2.0,1.0,6.0,2.0,396.477783203125,3.0,5.0,5.0,1.0,15-16 años,5.985139041219516,1,1,0,0
1,13.0,1.0,2.0,1.0,6.0,2.0,396.477783203125,2.0,5.0,5.0,1.0,12-14 años,5.985139041219516,1,1,0,0
1,11.0,1.0,2.0,1.0,6.0,2.0,396.477783203125,1.0,5.0,5.0,1.0,6-11 años,5.985139041219516,1,1,0,0
1,11.0,1.0,2.0,1.0,6.0,2.0,396.477783203125,1.0,5.0,5.0,1.0,6-11 años,5.985139041219516,1,1,0,0
1,7.0,1.0,2.0,1.0,6.0,2.0,396.477783203125,1.0,5.0,5.0,1.0,6-11 años,5.985139041219516,1,1,0,0
1,18.0,2.0,2.0,1.0,27.0,2.0,690.9857177734375,3.0,1.0,5.0,1.0,17-19 años,6.5395653163489555,1,1,0,0
0,16.0,2.0,2.0,1.0,27.0,2.0,690.9857177734375,3.0,1.0,5.0,1.0,15-16 años,6.5395653163489555,1,1,0,1
1,14.0,1.0,2.0,1.0,6.0,2.0,690.9857177734375,3.0,1.0,5.0,1.0,12-14 años,6.5395653163489555,1,1,0,0
1,10.0,2.0,2.0,1.0,6.0,2.0,690.9857177734375,1.0,1.0,5.0,1.0,6-11 años,6.5395653163489555,1,1,0,0
1,8.0,1.0,2.0,1.0,6.0,2.0,690.9857177734375,1.0,1.0,5.0,1.0,6-11 años,6.5395653163489555,1,1,0,0
1,14.0,1.0,2.0,1.0,6.0,2.0,466.6666564941406,3.0,5.0,7.0,1.0,12-14 años,6.147755769682692,1,1,0,0
1,17.0,1.0,2.0,1.0,6.0,2.0,116.66666412353516,3.0,5.0,7.0,1.0,17-19 años,4.767855746652171,1,1,0,0
1,8.0,2.0,2.0,1.0,6.0,2.0,351.66668701171875,1.0,1.0,7.0,1.0,6-11 años,5.865523381439317,1,1,0,0
1,18.0,1.0,2.0,1.0,27.0,2.0,2418.27490234375,3.0,1.0,7.0,1.0,17-19 años,7.7912231471228734,1,1,0,0
1,7.0,2.0,2.0,1.0,6.0,2.0,4616.5556640625,1.0,5.0,7.0,1.0,6-11 años,8.437620767022391,1,1,0,0
1,17.0,2.0,2.0,1.0,6.0,2.0,375.3777770996094,3.0,5.0,7.0,1.0,17-19 años,5.930593365318972,1,1,0,0
1,18.0,2.0,2.0,1.0,27.0,1.0,1011.1111450195312,3.0,1.0,7.0,1.0,17-19 años,6.919793670911256,1,1,0,0
1,13.0,1.0,2.0,1.0,27.0,1.0,1011.1111450195312,3.0,1.0,7.0,1.0,12-14 años,6.919793670911256,1,1,0,0
1,13.0,1.0,2.0,1.0,6.0,2.0,711.9666748046875,2.0,1.0,7.0,1.0,12-14 años,6.56943467991761,1,1,0,0
1,17.0,1.0,2.0,1.0,27.0,2.0,2568.958251953125,3.0,1.0,7.0,1.0,17-19 años,7.851644933381108,1,1,0,0
1,8.0,2.0,2.0,1.0,6.0,2.0,554.1666870117188,1.0,5.0,7.0,1.0,6-11 años,6.3192684056123705,1,1,0,0
1,16.0,1.0,2.0,1.0,6.0,1.0,510.2778015136719,3.0,5.0,7.0,1.0,15-16 años,6.236913085367346,1,1,0,0
1,6.0,2.0,2.0,1.0,6.0,2.0,2568.872314453125,0.0,8.0,1.0,1.0,6-11 años,7.85161149356285,1,1,1,0
1,17.0,2.0,2.0,1.0,27.0,2.0,563.0952758789062,3.0,1.0,7.0,1.0,17-19 años,6.335223166094494,1,1,0,0
1,13.0,1.0,2.0,1.0,27.0,2.0,563.0952758789062,2.0,1.0,7.0,1.0,12-14 años,6.335223166094494,1,1,0,0
1,11.0,2.0,2.0,1.0,27.0,2.0,563.0952758789062,1.0,1.0,7.0,1.0,6-11 años,6.335223166094494,1,1,0,0
1,10.0,1.0,2.0,1.0,27.0,2.0,563.0952758789062,1.0,1.0,7.0,1.0,6-11 años,6.335223166094494,1,1,0,0
1,10.0,1.0,2.0,1.0,27.0,2.0,479.6499938964844,1.0,5.0,10.0,1.0,6-11 años,6.175139341813363,1,1,0,0
1,9.0,2.0,2.0,1.0,27.0,2.0,479.6499938964844,1.0,5.0,10.0,1.0,6-11 años,6.175139341813363,1,1,0,0
1,7.0,1.0,2.0,1.0,27.0,2.0,479.6499938964844,0.0,5.0,10.0,1.0,6-11 años,6.175139341813363,1,1,0,0
1,16.0,2.0,2.0,1.0,27.0,2.0,479.6499938964844,3.0,5.0,10.0,1.0,15-16 años,6.175139341813363,1,1,0,0
1,14.0,2.0,2.0,1.0,27.0,2.0,479.6499938964844,3.0,5.0,10.0,1.0,12-14 años,6.175139341813363,1,1,0,0
1,17.0,1.0,2.0,1.0,27.0,2.0,1179.4000244140625,3.0,5.0,1.0,1.0,17-19 años,7.073608663751656,1,1,1,0
1,14.0,1.0,2.0,1.0,27.0,2.0,1179.4000244140625,3.0,5.0,1.0,1.0,12-14 años,7.073608663751656,1,1,1,0
1,13.0,1.0,2.0,1.0,27.0,2.0,1179.4000244140625,2.0,5.0,1.0,1.0,12-14 años,7.073608663751656,1,1,1,0
1,14.0,1.0,2.0,1.0,6.0,2.0,1021.433349609375,2.0,5.0,1.0,1.0,12-14 años,6.929940702036291,1,1,1,0
0,18.0,1.0,2.0,1.0,27.0,1.0,3578.916748046875,3.0,7.0,2.0,1.0,17-19 años,8.18309482438884,1,1,1,1
1,9.0,2.0,2.0,1.0,6.0,1.0,2348.5,1.0,5.0,1.0,1.0,6-11 años,7.761957818542871,1,1,1,0
1,16.0,2.0,2.0,1.0,6.0,2.0,424.316650390625,3.0,5.0,5.0,1.0,15-16 años,6.052833951247841,1,1,0,0
1,13.0,1.0,2.0,1.0,6.0,2.0,1221.6666259765625,1.0,5.0,5.0,1.0,12-14 años,7.108789511428443,1,1,0,0
1,7.0,1.0,2.0,1.0,6.0,2.0,841.8999633789062,0.0,5.0,5.0,1.0,6-11 años,6.736848283556889,1,1,0,0
1,14.0,1.0,2.0,1.0,6.0,2.0,841.8999633789062,3.0,5.0,5.0,1.0,12-14 años,6.736848283556889,1,1,0,0
1,18.0,2.0,2.0,1.0,6.0,2.0,1584.1500244140625,4.0,8.0,5.0,1.0,17-19 años,7.368434334459272,1,1,0,0
1,14.0,1.0,2.0,1.0,6.0,2.0,1584.1500244140625,3.0,8.0,5.0,1.0,12-14 años,7.368434334459272,1,1,0,0
1,12.0,1.0,2.0,1.0,27.0,2.0,1523.875,1.0,5.0,5.0,1.0,12-14 años,7.329667718468902,1,1,0,0
1,9.0,1.0,2.0,1.0,6.0,2.0,589.8666381835938,1.0,8.0,5.0,1.0,6-11 años,6.381590337430603,1,1,0,0
1,19.0,2.0,2.0,1.0,6.0,2.0,1138.2999267578125,4.0,5.0,5.0,1.0,17-19 años,7.038169253417061,1,1,0,0
1,7.0,2.0,2.0,1.0,6.0,2.0,1138.2999267578125,1.0,5.0,5.0,1.0,6-11 años,7.038169253417061,1,1,0,0
0,19.0,1.0,2.0,1.0,6.0,2.0,591.97998046875,4.0,5.0,2.0,1.0,17-19 años,6.385160638678696,1,1,1,1
1,17.0,1.0,2.0,1.0,6.0,2.0,591.97998046875,3.0,5.0,2.0,1.0,17-19 años,6.385160638678696,1,1,1,0
1,7.0,1.0,2.0,1.0,6.0,2.0,613.5555419921875,1.0,5.0,2.0,1.0,6-11 años,6.4208993105882515,1,1,1,0
1,6.0,1.0,2.0,1.0,6.0,2.0,613.5555419921875,0.0,5.0,2.0,1.0,6-11 años,6.4208993105882515,1,1,1,0
1,15.0,1.0,2.0,1.0,6.0,2.0,1548.75,3.0,5.0,2.0,1.0,15-16 años,7.345848906582029,1,1,1,0
0,15.0,2.0,2.0,1.0,6.0,2.0,1633.1112060546875,2.0,5.0,2.0,1.0,15-16 años,7.398854330665146,1,1,1,1
0,16.0,1.0,2.0,1.0,6.0,2.0,468.4333190917969,3.0,5.0,2.0,1.0,15-16 años,6.151526263198176,1,1,1,1
1,8.0,1.0,2.0,1.0,6.0,2.0,874.1666870117188,1.0,5.0,2.0,1.0,6-11 años,6.774414367656864,1,1,1,0
1,8.0,2.0,2.0,1.0,6.0,2.0,586.2916870117188,1.0,5.0,2.0,1.0,6-11 años,6.375521607842427,1,1,1,0
1,14.0,2.0,2.0,1.0,6.0,2.0,257.5,2.0,1.0,10.0,2.0,12-14 años,5.554895693948484,1,0,0,0
1,9.0,1.0,2.0,1.0,6.0,2.0,257.5,1.0,1.0,10.0,2.0,6-11 años,5.554895693948484,1,0,0,0
1,7.0,1.0,2.0,1.0,6.0,2.0,257.5,1.0,1.0,10.0,2.0,6-11 años,5.554895693948484,1,0,0,0
0,19.0,2.0,2.0,1.0,6.0,2.0,370.41668701171875,4.0,5.0,7.0,1.0,17-19 años,5.9173245779354495,1,1,0,1
1,17.0,1.0,2.0,1.0,6.0,2.0,370.41668701171875,3.0,5.0,7.0,1.0,17-19 años,5.9173245779354495,1,1,0,0
1,15.0,2.0,2.0,1.0,6.0,2.0,370.41668701171875,3.0,5.0,7.0,1.0,15-16 años,5.9173245779354495,1,1,0,0
1,7.0,1.0,2.0,1.0,6.0,2.0,370.41668701171875,1.0,5.0,7.0,1.0,6-11 años,5.9173245779354495,1,1,0,0
1,6.0,1.0,2.0,1.0,6.0,2.0,370.41668701171875,0.0,5.0,7.0,1.0,6-11 años,5.9173245779354495,1,1,0,0
1,10.0,1.0,2.0,1.0,6.0,2.0,1232.5,1.0,8.0,7.0,1.0,6-11 años,7.117610935969411,1,1,0,0
1,12.0,2.0,2.0,1.0,6.0,1.0,1997.279296875,2.0,5.0,7.0,1.0,12-14 años,7.600041737664761,1,1,0,0
1,15.0,2.0,2.0,1.0,6.0,1.0,488.9666748046875,3.0,5.0,7.0,1.0,15-16 años,6.194337378189168,1,1,0,0
1,8.0,2.0,2.0,1.0,6.0,1.0,488.9666748046875,1.0,5.0,7.0,1.0,6-11 años,6.194337378189168,1,1,0,0
1,16.0,2.0,2.0,1.0,27.0,2.0,245.0,3.0,5.0,7.0,1.0,15-16 años,5.5053315359323625,1,1,0,0
1,14.0,2.0,2.0,1.0,27.0,2.0,245.0,3.0,5.0,7.0,1.0,12-14 años,5.5053315359323625,1,1,0,0
1,12.0,1.0,2.0,1.0,27.0,2.0,245.0,2.0,5.0,7.0,1.0,12-14 años,5.5053315359323625,1,1,0,0
0,16.0,2.0,2.0,1.0,27.0,1.0,533.0,2.0,5.0,7.0,1.0,15-16 años,6.280395838960195,1,1,0,1
1,11.0,1.0,2.0,1.0,27.0,1.0,533.0,1.0,5.0,7.0,1.0,6-11 años,6.280395838960195,1,1,0,0
1,10.0,2.0,2.0,1.0,6.0,1.0,533.0,1.0,5.0,7.0,1.0,6-11 años,6.280395838960195,1,1,0,0
1,15.0,1.0,2.0,1.0,27.0,2.0,210.4166717529297,3.0,5.0,7.0,1.0,15-16 años,5.353830933869285,1,1,0,0
1,13.0,1.0,2.0,1.0,27.0,2.0,210.4166717529297,3.0,5.0,7.0,1.0,12-14 años,5.353830933869285,1,1,0,0
1,12.0,1.0,2.0,1.0,6.0,2.0,628.5375366210938,2.0,5.0,7.0,1.0,12-14 años,6.444985480969704,1,1,0,0
1,7.0,1.0,2.0,1.0,6.0,2.0,130.81668090820312,0.0,1.0,7.0,1.0,6-11 años,4.881412176337794,1,1,0,0
1,13.0,2.0,2.0,1.0,6.0,2.0,341.6666564941406,3.0,1.0,7.0,1.0,12-14 años,5.83675812766064,1,1,0,0
1,14.0,2.0,2.0,1.0,6.0,2.0,599.0888671875,3.0,1.0,7.0,1.0,12-14 años,6.397077756227817,1,1,0,0
1,19.0,1.0,2.0,1.0,6.0,2.0,1178.0357666015625,4.0,8.0,5.0,1.0,17-19 años,7.072452236465326,1,1,0,0
1,16.0,1.0,2.0,1.0,6.0,2.0,1178.0357666015625,3.0,8.0,5.0,1.0,15-16 años,7.072452236465326,1,1,0,0
1,12.0,2.0,2.0,1.0,6.0,2.0,1178.0357666015625,1.0,8.0,5.0,1.0,12-14 años,7.072452236465326,1,1,0,0
1,8.0,1.0,2.0,1.0,6.0,2.0,1178.0357666015625,1.0,8.0,5.0,1.0,6-11 años,7.072452236465326,1,1,0,0
1,14.0,1.0,2.0,1.0,6.0,2.0,1923.75,1.0,5.0,7.0,1.0,12-14 años,7.562551368158159,1,1,0,0
1,6.0,1.0,2.0,1.0,6.0,2.0,1173.1500244140625,0.0,5.0,5.0,1.0,6-11 años,7.068299781332791,1,1,0,0
1,12.0,1.0,2.0,1.0,6.0,2.0,1173.1500244140625,3.0,5.0,5.0,1.0,12-14 años,7.068299781332791,1,1,0,0
1,19.0,1.0,2.0,1.0,6.0,2.0,1158.2291259765625,4.0,5.0,7.0,1.0,17-19 años,7.055510516619534,1,1,0,0
1,13.0,1.0,2.0,1.0,6.0,2.0,1158.2291259765625,3.0,5.0,7.0,1.0,12-14 años,7.055510516619534,1,1,0,0
1,18.0,2.0,2.0,1.0,6.0,2.0,1082.5,3.0,8.0,5.0,1.0,17-19 años,6.987951820976414,1,1,0,0
1,11.0,2.0,2.0,1.0,6.0,2.0,1082.5,1.0,8.0,5.0,1.0,6-11 años,6.987951820976414,1,1,0,0
1,13.0,2.0,2.0,1.0,6.0,2.0,1402.919921875,3.0,5.0,5.0,1.0,12-14 años,7.247023547257592,1,1,0,0
1,11.0,1.0,2.0,1.0,6.0,2.0,1402.919921875,1.0,5.0,5.0,1.0,6-11 años,7.247023547257592,1,1,0,0
1,10.0,1.0,2.0,1.0,6.0,2.0,361.1111145019531,1.0,5.0,6.0,1.0,6-11 años,5.891951110865435,1,1,0,0
1,16.0,2.0,2.0,1.0,6.0,2.0,869.1666259765625,3.0,5.0,5.0,1.0,15-16 años,6.76868471742122,1,1,0,0
1,12.0,2.0,2.0,1.0,6.0,2.0,869.1666259765625,1.0,5.0,5.0,1.0,12-14 años,6.76868471742122,1,1,0,0
1,18.0,1.0,2.0,1.0,6.0,2.0,4464.74560546875,3.0,8.0,7.0,1.0,17-19 años,8.404191468276279,1,1,0,0
1,13.0,2.0,2.0,1.0,6.0,2.0,4464.74560546875,2.0,8.0,7.0,1.0,12-14 años,8.404191468276279,1,1,0,0
1,6.0,2.0,2.0,1.0,6.0,2.0,197.58334350585938,0.0,1.0,7.0,1.0,6-11 años,5.291208878536218,1,1,0,0
1,15.0,1.0,2.0,1.0,6.0,2.0,624.375,3.0,8.0,7.0,1.0,15-16 años,6.438351469808369,1,1,0,0
1,12.0,2.0,2.0,1.0,6.0,2.0,624.375,1.0,8.0,7.0,1.0,12-14 años,6.438351469808369,1,1,0,0
1,17.0,1.0,2.0,1.0,6.0,2.0,723.1111450195312,3.0,5.0,7.0,1.0,17-19 años,6.584944895823808,1,1,0,0
1,14.0,2.0,2.0,1.0,6.0,2.0,1113.4599609375,3.0,5.0,7.0,1.0,12-14 años,7.016125226597363,1,1,0,0
1,9.0,1.0,2.0,1.0,6.0,2.0,1113.4599609375,1.0,5.0,7.0,1.0,6-11 años,7.016125226597363,1,1,0,0
1,17.0,2.0,2.0,1.0,6.0,2.0,1113.4599609375,3.0,5.0,7.0,1.0,17-19 años,7.016125226597363,1,1,0,0
1,15.0,2.0,2.0,1.0,6.0,2.0,446.111083984375,3.0,5.0,5.0,2.0,15-16 años,6.102807073772224,1,0,0,0
1,7.0,2.0,2.0,1.0,6.0,2.0,847.2194213867188,1.0,5.0,5.0,1.0,6-11 años,6.743139353956754,1,1,0,0
1,6.0,2.0,2.0,1.0,6.0,2.0,847.2194213867188,0.0,5.0,5.0,1.0,6-11 años,6.743139353956754,1,1,0,0
1,8.0,2.0,2.0,1.0,6.0,2.0,772.1799926757812,1.0,5.0,5.0,1.0,6-11 años,6.650511870998069,1,1,0,0
1,6.0,1.0,2.0,1.0,6.0,2.0,864.0499877929688,0.0,5.0,5.0,2.0,6-11 años,6.762787294618172,1,0,0,0
0,18.0,1.0,2.0,1.0,6.0,2.0,4805.4443359375,4.0,5.0,5.0,1.0,17-19 años,8.477712866441724,1,1,0,1
0,19.0,1.0,2.0,1.0,27.0,2.0,727.4759521484375,3.0,5.0,5.0,1.0,17-19 años,6.5909546149990454,1,1,0,1
0,17.0,2.0,2.0,1.0,27.0,2.0,727.4759521484375,3.0,5.0,5.0,1.0,17-19 años,6.5909546149990454,1,1,0,1
1,9.0,2.0,2.0,1.0,27.0,2.0,727.4759521484375,1.0,5.0,5.0,1.0,6-11 años,6.5909546149990454,1,1,0,0
0,18.0,1.0,2.0,1.0,6.0,1.0,2303.10009765625,2.0,5.0,5.0,1.0,17-19 años,7.742445466035371,1,1,0,1
0,17.0,2.0,2.0,1.0,6.0,1.0,2303.10009765625,3.0,5.0,5.0,1.0,17-19 años,7.742445466035371,1,1,0,1
1,12.0,1.0,2.0,1.0,6.0,2.0,760.574951171875,1.0,5.0,2.0,1.0,12-14 años,6.635388593193465,1,1,1,0
1,17.0,1.0,2.0,1.0,6.0,2.0,280.8333435058594,3.0,5.0,2.0,1.0,17-19 años,5.641315915764644,1,1,1,0
1,14.0,2.0,2.0,1.0,6.0,2.0,280.8333435058594,3.0,5.0,2.0,1.0,12-14 años,5.641315915764644,1,1,1,0
1,6.0,2.0,2.0,1.0,6.0,2.0,1062.5,0.0,5.0,1.0,1.0,6-11 años,6.969320634640292,1,1,1,0
1,18.0,1.0,2.0,1.0,6.0,2.0,705.5556030273438,3.0,8.0,1.0,1.0,17-19 años,6.560401901118809,1,1,1,0
1,15.0,2.0,2.0,1.0,6.0,2.0,705.5556030273438,3.0,8.0,1.0,1.0,15-16 años,6.560401901118809,1,1,1,0
1,13.0,1.0,2.0,1.0,6.0,2.0,705.5556030273438,2.0,8.0,1.0,1.0,12-14 años,6.560401901118809,1,1,1,0
1,19.0,2.0,2.0,1.0,6.0,2.0,1514.6500244140625,3.0,8.0,1.0,1.0,17-19 años,7.323599684943152,1,1,1,0
1,13.0,1.0,2.0,1.0,6.0,2.0,1514.6500244140625,3.0,8.0,1.0,1.0,12-14 años,7.323599684943152,1,1,1,0
1,9.0,2.0,2.0,1.0,6.0,2.0,1514.6500244140625,1.0,8.0,1.0,1.0,6-11 años,7.323599684943152,1,1,1,0
1,18.0,1.0,2.0,1.0,6.0,2.0,1782.0,3.0,8.0,1.0,1.0,17-19 años,7.48605261786314,1,1,1,0
1,15.0,2.0,2.0,1.0,6.0,2.0,1782.0,3.0,8.0,1.0,1.0,15-16 años,7.48605261786314,1,1,1,0
1,16.0,2.0,2.0,1.0,6.0,2.0,3217.1650390625,3.0,5.0,1.0,1.0,15-16 años,8.076566612459267,1,1,1,0
1,19.0,2.0,2.0,1.0,6.0,2.0,1319.0167236328125,5.0,5.0,1.0,1.0,17-19 años,7.185399684918957,1,1,1,0
1,17.0,2.0,2.0,1.0,6.0,2.0,1319.0167236328125,3.0,5.0,1.0,1.0,17-19 años,7.185399684918957,1,1,1,0
1,12.0,1.0,2.0,1.0,6.0,2.0,1319.0167236328125,1.0,5.0,1.0,1.0,12-14 años,7.185399684918957,1,1,1,0
1,8.0,1.0,2.0,1.0,6.0,2.0,933.3199462890625,1.0,5.0,2.0,1.0,6-11 años,6.839818934483647,1,1,1,0
1,17.0,1.0,2.0,1.0,6.0,2.0,933.3199462890625,3.0,5.0,2.0,1.0,17-19 años,6.839818934483647,1,1,1,0
0,17.0,1.0,2.0,1.0,995.0,2.0,339.58331298828125,0.0,5.0,2.0,1.0,17-19 años,5.830659774040375,1,1,1,1
1,14.0,1.0,2.0,1.0,6.0,2.0,1550.7291259765625,3.0,5.0,1.0,1.0,12-14 años,7.347125153279046,1,1,1,0
1,10.0,1.0,2.0,1.0,6.0,2.0,1550.7291259765625,1.0,5.0,1.0,1.0,6-11 años,7.347125153279046,1,1,1,0
1,18.0,1.0,2.0,1.0,6.0,2.0,1079.4610595703125,3.0,7.0,1.0,1.0,17-19 años,6.985143136028943,1,1,1,0
1,17.0,2.0,2.0,1.0,6.0,2.0,1079.4610595703125,3.0,7.0,1.0,1.0,17-19 años,6.985143136028943,1,1,1,0
1,15.0,2.0,2.0,1.0,6.0,2.0,1079.4610595703125,3.0,7.0,1.0,1.0,15-16 años,6.985143136028943,1,1,1,0
1,10.0,2.0,2.0,1.0,6.0,2.0,1079.4610595703125,1.0,7.0,1.0,1.0,6-11 años,6.985143136028943,1,1,1,0
1,16.0,2.0,2.0,1.0,6.0,2.0,829.0554809570312,3.0,5.0,1.0,1.0,15-16 años,6.721492543083191,1,1,1,0
1,8.0,2.0,2.0,1.0,6.0,2.0,829.0554809570312,1.0,5.0,1.0,1.0,6-11 años,6.721492543083191,1,1,1,0
1,16.0,1.0,2.0,1.0,6.0,2.0,1418.8890380859375,3.0,5.0,7.0,1.0,15-16 años,7.258334005349044,1,1,0,0
1,15.0,2.0,2.0,1.0,6.0,1.0,248.26390075683594,3.0,5.0,7.0,1.0,15-16 años,5.518512177625199,1,1,0,0
1,7.0,1.0,2.0,1.0,6.0,1.0,248.26390075683594,0.0,5.0,7.0,1.0,6-11 años,5.518512177625199,1,1,0,0
1,6.0,1.0,2.0,1.0,6.0,2.0,248.26390075683594,0.0,5.0,7.0,1.0,6-11 años,5.518512177625199,1,1,0,0
1,16.0,2.0,2.0,1.0,6.0,2.0,355.2778015136719,3.0,5.0,4.0,1.0,15-16 años,5.875710767874573,1,1,0,0
1,13.0,2.0,2.0,1.0,6.0,2.0,66.0,2.0,5.0,8.0,1.0,12-14 años,4.204692619390966,1,1,0,0
1,8.0,2.0,2.0,1.0,6.0,2.0,66.0,1.0,5.0,8.0,1.0,6-11 años,4.204692619390966,1,1,0,0
1,10.0,1.0,2.0,1.0,6.0,2.0,231.1111297607422,1.0,5.0,8.0,1.0,6-11 años,5.447216264568203,1,1,0,0
1,9.0,1.0,2.0,1.0,6.0,2.0,389.75,1.0,5.0,8.0,1.0,6-11 años,5.968067969301586,1,1,0,0
1,8.0,1.0,2.0,1.0,6.0,2.0,389.75,1.0,5.0,8.0,1.0,6-11 años,5.968067969301586,1,1,0,0
0,16.0,1.0,2.0,1.0,27.0,1.0,195.8333282470703,2.0,5.0,8.0,1.0,15-16 años,5.282357321128852,1,1,0,1
1,12.0,2.0,2.0,1.0,27.0,1.0,195.8333282470703,1.0,5.0,8.0,1.0,12-14 años,5.282357321128852,1,1,0,0
1,9.0,1.0,2.0,1.0,6.0,2.0,228.125,1.0,1.0,7.0,1.0,6-11 años,5.434267706159869,1,1,0,0
0,14.0,1.0,2.0,1.0,6.0,2.0,157.3611297607422,3.0,1.0,7.0,1.0,12-14 años,5.064878056341948,1,1,0,1
0,13.0,1.0,2.0,1.0,6.0,2.0,157.3611297607422,3.0,1.0,7.0,1.0,12-14 años,5.064878056341948,1,1,0,1
0,14.0,2.0,2.0,1.0,6.0,2.0,157.3611297607422,3.0,1.0,7.0,1.0,12-14 años,5.064878056341948,1,1,0,1
1,8.0,1.0,2.0,1.0,6.0,2.0,157.3611297607422,1.0,1.0,7.0,1.0,6-11 años,5.064878056341948,1,1,0,0
1,11.0,1.0,2.0,1.0,6.0,2.0,157.3611297607422,1.0,1.0,7.0,1.0,6-11 años,5.064878056341948,1,1,0,0
1,16.0,1.0,2.0,1.0,6.0,2.0,67.22222137451172,3.0,5.0,7.0,2.0,15-16 años,4.222770338385199,1,0,0,0
1,18.0,1.0,2.0,1.0,27.0,2.0,562.5,3.0,5.0,7.0,1.0,17-19 años,6.334167333479831,1,1,0,0
1,13.0,2.0,2.0,1.0,27.0,2.0,562.5,3.0,5.0,7.0,1.0,12-14 años,6.334167333479831,1,1,0,0
1,13.0,2.0,2.0,1.0,6.0,2.0,615.2777709960938,3.0,1.0,7.0,1.0,12-14 años,6.42369778883823,1,1,0,0
1,14.0,2.0,2.0,1.0,6.0,2.0,712.0,3.0,5.0,8.0,1.0,12-14 años,6.569481420414296,1,1,0,0
1,11.0,1.0,2.0,1.0,6.0,2.0,712.0,1.0,5.0,8.0,1.0,6-11 años,6.569481420414296,1,1,0,0
1,16.0,1.0,2.0,1.0,27.0,2.0,495.4166564941406,3.0,5.0,7.0,1.0,15-16 años,6.207415607348776,1,1,0,0
1,13.0,1.0,2.0,1.0,27.0,2.0,427.7777404785156,2.0,5.0,7.0,1.0,12-14 años,6.060938697211668,1,1,0,0
1,7.0,1.0,2.0,1.0,27.0,2.0,7.424444675445557,1.0,5.0,7.0,1.0,6-11 años,2.1311375601723066,1,1,0,0
1,17.0,2.0,2.0,1.0,27.0,2.0,310.61907958984375,3.0,5.0,7.0,1.0,17-19 años,5.741781543154925,1,1,0,0
1,16.0,2.0,2.0,1.0,27.0,2.0,310.61907958984375,3.0,5.0,7.0,1.0,15-16 años,5.741781543154925,1,1,0,0
1,14.0,1.0,2.0,1.0,27.0,2.0,310.61907958984375,3.0,5.0,7.0,1.0,12-14 años,5.741781543154925,1,1,0,0
0,13.0,1.0,2.0,1.0,27.0,2.0,310.61907958984375,1.0,5.0,7.0,1.0,12-14 años,5.741781543154925,1,1,0,1
1,17.0,1.0,2.0,1.0,27.0,2.0,758.4142456054688,3.0,5.0,8.0,1.0,17-19 años,6.632547406649234,1,1,0,0
1,12.0,1.0,2.0,1.0,27.0,2.0,758.4142456054688,1.0,5.0,8.0,1.0,12-14 años,6.632547406649234,1,1,0,0
1,10.0,1.0,2.0,1.0,27.0,2.0,758.4142456054688,1.0,5.0,8.0,1.0,6-11 años,6.632547406649234,1,1,0,0
1,6.0,2.0,2.0,1.0,27.0,2.0,758.4142456054688,0.0,5.0,8.0,1.0,6-11 años,6.632547406649234,1,1,0,0
1,12.0,1.0,2.0,1.0,6.0,2.0,963.3958740234375,2.0,5.0,8.0,1.0,12-14 años,6.871501868014411,1,1,0,0
1,12.0,1.0,2.0,1.0,6.0,2.0,963.3958740234375,1.0,5.0,8.0,1.0,12-14 años,6.871501868014411,1,1,0,0
1,17.0,2.0,2.0,1.0,6.0,2.0,231.8333282470703,3.0,1.0,8.0,1.0,17-19 años,5.450322868183825,1,1,0,0
1,15.0,2.0,2.0,1.0,6.0,2.0,231.8333282470703,3.0,1.0,8.0,1.0,15-16 años,5.450322868183825,1,1,0,0
1,13.0,2.0,2.0,1.0,6.0,2.0,231.8333282470703,2.0,1.0,8.0,1.0,12-14 años,5.450322868183825,1,1,0,0
1,11.0,1.0,2.0,1.0,6.0,2.0,231.8333282470703,1.0,1.0,8.0,1.0,6-11 años,5.450322868183825,1,1,0,0
1,16.0,1.0,2.0,1.0,6.0,2.0,425.0,3.0,1.0,8.0,1.0,15-16 años,6.054439346269371,1,1,0,0
1,13.0,2.0,2.0,1.0,6.0,2.0,425.0,3.0,1.0,8.0,1.0,12-14 años,6.054439346269371,1,1,0,0
1,8.0,1.0,2.0,1.0,6.0,2.0,425.0,1.0,1.0,8.0,1.0,6-11 años,6.054439346269371,1,1,0,0
1,17.0,2.0,2.0,1.0,6.0,1.0,1215.611083984375,3.0,8.0,8.0,1.0,17-19 años,7.103824472468459,1,1,0,0
1,16.0,1.0,2.0,1.0,6.0,1.0,1215.611083984375,3.0,8.0,8.0,1.0,15-16 años,7.103824472468459,1,1,0,0
1,17.0,2.0,2.0,1.0,6.0,2.0,414.36248779296875,4.0,8.0,8.0,1.0,17-19 años,6.0291516035438875,1,1,0,0
1,12.0,2.0,2.0,1.0,6.0,2.0,414.36248779296875,2.0,8.0,8.0,1.0,12-14 años,6.0291516035438875,1,1,0,0
1,12.0,1.0,2.0,1.0,6.0,1.0,332.7778015136719,1.0,5.0,8.0,1.0,12-14 años,5.810475506660668,1,1,0,0
0,14.0,2.0,2.0,1.0,27.0,1.0,385.41668701171875,2.0,5.0,8.0,1.0,12-14 años,5.956916287254014,1,1,0,1
1,10.0,2.0,2.0,1.0,27.0,2.0,163.3333282470703,1.0,5.0,8.0,2.0,6-11 años,5.101896854423689,1,0,0,0
1,10.0,2.0,2.0,1.0,27.0,2.0,275.0,1.0,1.0,8.0,1.0,6-11 años,5.62040086571715,1,1,0,0
1,8.0,2.0,2.0,1.0,27.0,2.0,275.0,1.0,1.0,8.0,1.0,6-11 años,5.62040086571715,1,1,0,0
1,14.0,1.0,2.0,1.0,27.0,2.0,255.55555725097656,3.0,5.0,8.0,1.0,12-14 años,5.547345238626673,1,1,0,0
1,12.0,1.0,2.0,1.0,27.0,2.0,255.55555725097656,2.0,5.0,8.0,1.0,12-14 años,5.547345238626673,1,1,0,0
0,19.0,1.0,2.0,1.0,6.0,2.0,222.9166717529297,2.0,1.0,7.0,1.0,17-19 años,5.411273981542473,1,1,0,1
1,10.0,1.0,2.0,1.0,6.0,2.0,222.9166717529297,1.0,1.0,7.0,1.0,6-11 años,5.411273981542473,1,1,0,0
1,9.0,1.0,2.0,1.0,6.0,2.0,2841.8056640625,1.0,1.0,7.0,1.0,6-11 años,7.952546753374598,1,1,0,0
1,8.0,2.0,2.0,1.0,6.0,2.0,344.1666564941406,1.0,1.0,7.0,1.0,6-11 años,5.844027362696183,1,1,0,0
1,14.0,1.0,2.0,1.0,6.0,2.0,645.0,3.0,1.0,6.0,1.0,12-14 años,6.470799503782602,1,1,0,0
1,10.0,1.0,2.0,1.0,6.0,2.0,645.0,1.0,1.0,6.0,1.0,6-11 años,6.470799503782602,1,1,0,0
1,14.0,1.0,2.0,1.0,6.0,2.0,1105.416748046875,3.0,1.0,2.0,1.0,12-14 años,7.0088819176608474,1,1,1,0
1,13.0,2.0,2.0,1.0,6.0,2.0,1105.416748046875,2.0,1.0,2.0,1.0,12-14 años,7.0088819176608474,1,1,1,0
1,14.0,1.0,2.0,1.0,6.0,2.0,338.933349609375,3.0,5.0,8.0,1.0,12-14 años,5.828749567833044,1,1,0,0
1,10.0,1.0,2.0,1.0,6.0,2.0,474.28570556640625,1.0,1.0,6.0,1.0,6-11 años,6.1639161086177605,1,1,0,0
1,8.0,2.0,2.0,1.0,6.0,2.0,474.28570556640625,1.0,1.0,6.0,1.0,6-11 años,6.1639161086177605,1,1,0,0
1,7.0,2.0,2.0,1.0,6.0,2.0,474.28570556640625,0.0,1.0,6.0,1.0,6-11 años,6.1639161086177605,1,1,0,0
1,17.0,2.0,2.0,1.0,6.0,2.0,474.28570556640625,3.0,1.0,6.0,1.0,17-19 años,6.1639161086177605,1,1,0,0
1,13.0,2.0,2.0,1.0,6.0,2.0,583.3333740234375,3.0,5.0,2.0,1.0,12-14 años,6.370471665888212,1,1,1,0
1,11.0,1.0,2.0,1.0,6.0,2.0,583.3333740234375,1.0,5.0,2.0,1.0,6-11 años,6.370471665888212,1,1,1,0
1,10.0,1.0,2.0,1.0,6.0,2.0,273.8888854980469,1.0,1.0,7.0,2.0,6-11 años,5.616366963280895,1,0,0,0
1,9.0,2.0,2.0,1.0,27.0,2.0,255.0,1.0,5.0,7.0,1.0,6-11 años,5.545177444479562,1,1,0,0
1,8.0,2.0,2.0,1.0,27.0,2.0,255.0,1.0,5.0,7.0,1.0,6-11 años,5.545177444479562,1,1,0,0
1,6.0,1.0,2.0,1.0,27.0,2.0,255.0,0.0,5.0,7.0,1.0,6-11 años,5.545177444479562,1,1,0,0
1,13.0,1.0,2.0,1.0,27.0,1.0,303.8095397949219,3.0,8.0,7.0,1.0,12-14 años,5.7196871218624725,1,1,0,0
1,10.0,2.0,2.0,1.0,27.0,1.0,303.8095397949219,1.0,8.0,7.0,1.0,6-11 años,5.7196871218624725,1,1,0,0
1,7.0,1.0,2.0,1.0,27.0,1.0,303.8095397949219,1.0,8.0,7.0,1.0,6-11 años,5.7196871218624725,1,1,0,0
0,17.0,2.0,2.0,1.0,27.0,1.0,303.8095397949219,2.0,8.0,7.0,1.0,17-19 años,5.7196871218624725,1,1,0,1
1,14.0,2.0,2.0,1.0,6.0,2.0,127.5,3.0,8.0,7.0,1.0,12-14 años,4.855928904335275,1,1,0,0
1,11.0,2.0,2.0,1.0,6.0,2.0,127.5,1.0,8.0,7.0,1.0,6-11 años,4.855928904335275,1,1,0,0
1,17.0,2.0,2.0,1.0,27.0,2.0,197.59524536132812,3.0,1.0,7.0,1.0,17-19 años,5.291268810545676,1,1,0,0
1,13.0,1.0,2.0,1.0,27.0,2.0,197.59524536132812,2.0,1.0,7.0,1.0,12-14 años,5.291268810545676,1,1,0,0
1,12.0,1.0,2.0,1.0,27.0,2.0,197.59524536132812,1.0,1.0,7.0,1.0,12-14 años,5.291268810545676,1,1,0,0
1,6.0,2.0,2.0,1.0,27.0,2.0,197.59524536132812,0.0,1.0,7.0,1.0,6-11 años,5.291268810545676,1,1,0,0
1,12.0,1.0,2.0,1.0,27.0,2.0,523.3333740234375,1.0,8.0,7.0,1.0,12-14 años,6.26212769199367,1,1,0,0
1,11.0,1.0,2.0,1.0,27.0,2.0,523.3333740234375,1.0,8.0,7.0,1.0,6-11 años,6.26212769199367,1,1,0,0
1,12.0,2.0,2.0,1.0,27.0,2.0,478.3333435058594,2.0,5.0,7.0,1.0,12-14 años,6.17239627083512,1,1,0,0
1,11.0,1.0,2.0,1.0,27.0,2.0,478.3333435058594,1.0,5.0,7.0,1.0,6-11 años,6.17239627083512,1,1,0,0
1,10.0,1.0,2.0,1.0,6.0,2.0,265.0,1.0,8.0,7.0,1.0,6-11 años,5.583496308781699,1,1,0,0
1,8.0,1.0,2.0,1.0,27.0,2.0,265.0,1.0,8.0,7.0,1.0,6-11 años,5.583496308781699,1,1,0,0
1,8.0,1.0,2.0,1.0,6.0,2.0,913.1943969726562,1.0,6.0,9.0,1.0,6-11 años,6.818043236993122,1,1,0,0
1,17.0,1.0,2.0,1.0,6.0,2.0,1836.949951171875,3.0,5.0,9.0,1.0,17-19 años,7.516406072496942,1,1,0,0
1,14.0,1.0,2.0,1.0,6.0,2.0,1836.949951171875,2.0,5.0,9.0,1.0,12-14 años,7.516406072496942,1,1,0,0
1,17.0,2.0,2.0,1.0,6.0,2.0,772.1000366210938,3.0,5.0,9.0,1.0,17-19 años,6.650408453695583,1,1,0,0
1,12.0,1.0,2.0,1.0,6.0,2.0,772.1000366210938,2.0,5.0,9.0,1.0,12-14 años,6.650408453695583,1,1,0,0
1,7.0,1.0,2.0,1.0,6.0,2.0,772.1000366210938,0.0,5.0,9.0,1.0,6-11 años,6.650408453695583,1,1,0,0
1,6.0,1.0,2.0,1.0,6.0,2.0,772.1000366210938,0.0,5.0,9.0,1.0,6-11 años,6.650408453695583,1,1,0,0
1,16.0,1.0,2.0,1.0,6.0,2.0,1462.2333984375,3.0,5.0,9.0,1.0,15-16 años,7.288403922429537,1,1,0,0
1,16.0,1.0,2.0,1.0,6.0,2.0,3130.083251953125,3.0,8.0,9.0,1.0,15-16 años,8.049134310545929,1,1,0,0
1,14.0,1.0,2.0,1.0,6.0,2.0,3130.083251953125,3.0,8.0,9.0,1.0,12-14 años,8.049134310545929,1,1,0,0
1,10.0,1.0,2.0,1.0,6.0,2.0,1290.0,1.0,5.0,9.0,1.0,6-11 años,7.1631723908466425,1,1,0,0
1,11.0,1.0,2.0,1.0,6.0,2.0,984.2499389648438,1.0,5.0,9.0,1.0,6-11 años,6.892895354126209,1,1,0,0
1,11.0,2.0,2.0,1.0,6.0,2.0,761.1111450195312,1.0,1.0,8.0,1.0,6-11 años,6.6360924046558525,1,1,0,0
1,8.0,2.0,2.0,1.0,27.0,2.0,761.1111450195312,1.0,1.0,8.0,1.0,6-11 años,6.6360924046558525,1,1,0,0
1,11.0,1.0,2.0,1.0,27.0,2.0,1058.3333740234375,2.0,5.0,7.0,1.0,6-11 años,6.9653950968395995,1,1,0,0
1,9.0,1.0,2.0,1.0,27.0,2.0,1058.3333740234375,1.0,5.0,7.0,1.0,6-11 años,6.9653950968395995,1,1,0,0
1,10.0,2.0,2.0,1.0,27.0,2.0,150.97222900390625,1.0,1.0,7.0,1.0,6-11 años,5.023697800232212,1,1,0,0
1,9.0,1.0,2.0,1.0,6.0,2.0,150.97222900390625,1.0,1.0,7.0,1.0,6-11 años,5.023697800232212,1,1,0,0
1,6.0,2.0,2.0,1.0,6.0,2.0,150.97222900390625,0.0,1.0,7.0,1.0,6-11 años,5.023697800232212,1,1,0,0
1,8.0,1.0,2.0,1.0,6.0,2.0,657.8125,1.0,5.0,7.0,1.0,6-11 años,6.490438972015408,1,1,0,0
1,13.0,2.0,2.0,1.0,27.0,2.0,218.3333282470703,2.0,5.0,7.0,1.0,12-14 años,5.390592619467558,1,1,0,0
1,7.0,2.0,2.0,1.0,6.0,2.0,218.3333282470703,1.0,5.0,7.0,1.0,6-11 años,5.390592619467558,1,1,0,0
1,18.0,2.0,2.0,1.0,6.0,2.0,121.66667175292969,3.0,5.0,8.0,1.0,17-19 años,4.809470690964921,1,1,0,0
1,16.0,2.0,2.0,1.0,6.0,2.0,121.66667175292969,3.0,5.0,8.0,1.0,15-16 años,4.809470690964921,1,1,0,0
1,12.0,2.0,2.0,1.0,6.0,2.0,121.66667175292969,2.0,5.0,8.0,1.0,12-14 años,4.809470690964921,1,1,0,0
1,16.0,1.0,2.0,1.0,27.0,2.0,420.2777404785156,3.0,5.0,6.0,1.0,15-16 años,6.043292332266363,1,1,0,0
1,8.0,2.0,2.0,1.0,27.0,2.0,1623.75,1.0,5.0,7.0,1.0,6-11 años,7.393109236774459,1,1,0,0
1,7.0,2.0,2.0,1.0,27.0,2.0,1623.75,1.0,5.0,7.0,1.0,6-11 años,7.393109236774459,1,1,0,0
1,11.0,2.0,2.0,1.0,27.0,2.0,750.0,1.0,7.0,7.0,1.0,6-11 años,6.621405651764134,1,1,0,0
1,14.0,1.0,2.0,1.0,27.0,2.0,2930.5556640625,3.0,5.0,7.0,1.0,12-14 años,7.983288504476596,1,1,0,0
0,19.0,1.0,2.0,1.0,6.0,2.0,874.8888549804688,4.0,6.0,8.0,1.0,17-19 años,6.775239205010536,1,1,0,1
0,17.0,1.0,2.0,1.0,6.0,2.0,874.8888549804688,2.0,6.0,8.0,1.0,17-19 años,6.775239205010536,1,1,0,1
0,15.0,2.0,2.0,1.0,6.0,2.0,874.8888549804688,2.0,6.0,8.0,1.0,15-16 años,6.775239205010536,1,1,0,1
1,12.0,1.0,2.0,1.0,6.0,2.0,874.8888549804688,1.0,6.0,8.0,1.0,12-14 años,6.775239205010536,1,1,0,0
1,10.0,1.0,2.0,1.0,6.0,2.0,874.8888549804688,1.0,6.0,8.0,1.0,6-11 años,6.775239205010536,1,1,0,0
1,8.0,1.0,2.0,1.0,6.0,2.0,874.8888549804688,1.0,6.0,8.0,1.0,6-11 años,6.775239205010536,1,1,0,0
1,7.0,2.0,2.0,1.0,6.0,2.0,874.8888549804688,0.0,6.0,8.0,1.0,6-11 años,6.775239205010536,1,1,0,0
1,8.0,1.0,2.0,1.0,6.0,2.0,2185.9599609375,1.0,5.0,8.0,1.0,6-11 años,7.69026771275312,1,1,0,0
1,13.0,1.0,2.0,1.0,6.0,2.0,2185.9599609375,3.0,5.0,8.0,1.0,12-14 años,7.69026771275312,1,1,0,0
1,13.0,1.0,2.0,1.0,6.0,2.0,930.0,3.0,8.0,7.0,1.0,12-14 años,6.836259277277067,1,1,0,0
1,16.0,2.0,2.0,1.0,6.0,2.0,1000.0,3.0,5.0,8.0,1.0,15-16 años,6.90875477931522,1,1,0,0
1,13.0,2.0,2.0,1.0,6.0,2.0,1000.0,2.0,5.0,8.0,1.0,12-14 años,6.90875477931522,1,1,0,0
1,15.0,1.0,2.0,1.0,27.0,2.0,175.0,3.0,5.0,5.0,1.0,15-16 años,5.170483995038151,1,1,0,0
1,16.0,2.0,2.0,1.0,27.0,2.0,1031.666748046875,3.0,5.0,8.0,1.0,15-16 años,6.939899811114584,1,1,0,0
1,14.0,1.0,2.0,1.0,27.0,2.0,1031.666748046875,3.0,5.0,8.0,1.0,12-14 años,6.939899811114584,1,1,0,0
1,7.0,2.0,2.0,1.0,6.0,2.0,1481.9444580078125,1.0,5.0,7.0,1.0,6-11 años,7.301784888980612,1,1,0,0
1,13.0,1.0,2.0,1.0,27.0,2.0,681.25,1.0,5.0,7.0,1.0,12-14 años,6.525396159588448,1,1,0,0
1,18.0,1.0,2.0,1.0,6.0,2.0,1671.824951171875,3.0,5.0,7.0,1.0,17-19 años,7.422269063816118,1,1,0,0
1,11.0,1.0,2.0,1.0,6.0,2.0,3417.0,1.0,5.0,8.0,1.0,6-11 años,8.136810863675537,1,1,0,0
1,13.0,2.0,2.0,1.0,6.0,2.0,1513.3333740234375,3.0,5.0,8.0,1.0,12-14 años,7.322730603961272,1,1,0,0
1,11.0,2.0,2.0,1.0,6.0,2.0,1513.3333740234375,1.0,5.0,8.0,1.0,6-11 años,7.322730603961272,1,1,0,0
1,15.0,2.0,2.0,1.0,6.0,2.0,275.3999938964844,3.0,5.0,7.0,1.0,15-16 años,5.621849069811331,1,1,0,0
1,10.0,2.0,2.0,1.0,6.0,2.0,461.04168701171875,1.0,8.0,7.0,1.0,6-11 años,6.135655118638208,1,1,0,0
1,12.0,2.0,2.0,1.0,6.0,2.0,543.5000610351562,2.0,1.0,7.0,1.0,12-14 años,6.29986805446696,1,1,0,0
1,10.0,1.0,2.0,1.0,6.0,2.0,543.5000610351562,1.0,1.0,7.0,1.0,6-11 años,6.29986805446696,1,1,0,0
1,7.0,1.0,2.0,1.0,6.0,2.0,543.5000610351562,1.0,1.0,7.0,1.0,6-11 años,6.29986805446696,1,1,0,0
1,13.0,1.0,2.0,1.0,6.0,2.0,1265.0555419921875,2.0,1.0,7.0,1.0,12-14 años,7.143661473773515,1,1,0,0
1,10.0,1.0,2.0,1.0,6.0,2.0,1300.0,1.0,8.0,5.0,1.0,6-11 años,7.170888478512505,1,1,0,0
1,9.0,2.0,2.0,1.0,6.0,2.0,1300.0,1.0,8.0,5.0,1.0,6-11 años,7.170888478512505,1,1,0,0
1,16.0,2.0,2.0,1.0,6.0,2.0,832.2532958984375,3.0,5.0,5.0,1.0,15-16 años,6.725337672653699,1,1,0,0
1,14.0,2.0,2.0,1.0,6.0,2.0,832.2532958984375,3.0,5.0,5.0,1.0,12-14 años,6.725337672653699,1,1,0,0
1,13.0,1.0,2.0,1.0,6.0,2.0,832.2532958984375,2.0,5.0,5.0,1.0,12-14 años,6.725337672653699,1,1,0,0
1,14.0,1.0,2.0,1.0,27.0,2.0,2090.89990234375,3.0,5.0,5.0,1.0,12-14 años,7.6458279762120345,1,1,0,0
1,17.0,1.0,2.0,1.0,6.0,2.0,981.7667236328125,3.0,5.0,5.0,1.0,17-19 años,6.890371781336332,1,1,0,0
1,7.0,1.0,2.0,1.0,6.0,2.0,864.7222290039062,1.0,5.0,5.0,1.0,6-11 años,6.763564105383006,1,1,0,0
1,15.0,1.0,2.0,1.0,6.0,2.0,1590.0499267578125,3.0,5.0,5.0,1.0,15-16 años,7.372149408585718,1,1,0,0
1,7.0,1.0,2.0,1.0,6.0,2.0,1080.8665771484375,0.0,5.0,5.0,1.0,6-11 años,6.9864431404798895,1,1,0,0
1,10.0,2.0,2.0,1.0,6.0,2.0,3220.416748046875,1.0,5.0,5.0,1.0,6-11 años,8.077576525639424,1,1,0,0
1,10.0,2.0,1.0,2.0,6.0,2.0,650.0,1.0,5.0,1.0,1.0,6-11 años,6.478509642208569,0,1,1,0
1,18.0,2.0,1.0,2.0,6.0,2.0,4159.43994140625,3.0,4.0,1.0,1.0,17-19 años,8.33337610280936,0,1,1,0
1,18.0,2.0,1.0,2.0,6.0,2.0,861.9583129882812,4.0,5.0,1.0,1.0,17-19 años,6.760366385152267,0,1,1,0
1,17.0,1.0,1.0,2.0,6.0,2.0,861.9583129882812,3.0,5.0,1.0,1.0,17-19 años,6.760366385152267,0,1,1,0
0,19.0,2.0,1.0,2.0,6.0,2.0,5198.61083984375,4.0,3.0,1.0,1.0,17-19 años,8.556339063277392,0,1,1,1
1,15.0,1.0,1.0,2.0,6.0,2.0,333.3333435058594,3.0,5.0,1.0,1.0,15-16 años,5.812138529720125,0,1,1,0
1,16.0,1.0,1.0,2.0,6.0,2.0,2697.58349609375,3.0,8.0,1.0,1.0,15-16 años,7.900482283248997,0,1,1,0
1,7.0,2.0,1.0,2.0,6.0,2.0,2697.58349609375,0.0,8.0,1.0,1.0,6-11 años,7.900482283248997,0,1,1,0
1,17.0,2.0,1.0,2.0,6.0,2.0,1025.0,3.0,5.0,1.0,1.0,17-19 años,6.933423025730715,0,1,1,0
1,12.0,1.0,1.0,2.0,6.0,2.0,1025.0,1.0,5.0,1.0,1.0,12-14 años,6.933423025730715,0,1,1,0
1,11.0,2.0,1.0,2.0,6.0,2.0,1168.103271484375,1.0,5.0,1.0,1.0,6-11 años,7.063992299301883,0,1,1,0
1,8.0,2.0,1.0,2.0,6.0,2.0,1168.103271484375,1.0,5.0,1.0,1.0,6-11 años,7.063992299301883,0,1,1,0
1,17.0,1.0,1.0,2.0,6.0,1.0,2101.666748046875,3.0,5.0,2.0,1.0,17-19 años,7.650961698118151,0,1,1,0
1,14.0,2.0,1.0,2.0,6.0,1.0,2101.666748046875,3.0,5.0,2.0,1.0,12-14 años,7.650961698118151,0,1,1,0
1,9.0,2.0,1.0,2.0,6.0,1.0,2101.666748046875,1.0,5.0,2.0,1.0,6-11 años,7.650961698118151,0,1,1,0
1,14.0,1.0,1.0,2.0,6.0,2.0,1554.4666748046875,2.0,8.0,1.0,1.0,12-14 años,7.349530892003202,0,1,1,0
1,19.0,2.0,1.0,2.0,6.0,2.0,1658.0833740234375,5.0,3.0,1.0,1.0,17-19 años,7.4140205445174505,0,1,1,0
1,7.0,2.0,1.0,2.0,6.0,2.0,1658.0833740234375,1.0,3.0,1.0,1.0,6-11 años,7.4140205445174505,0,1,1,0
1,17.0,1.0,1.0,2.0,6.0,1.0,3681.593017578125,3.0,5.0,1.0,1.0,17-19 años,8.211372407373679,0,1,1,0
1,11.0,2.0,1.0,2.0,6.0,1.0,3681.593017578125,1.0,5.0,1.0,1.0,6-11 años,8.211372407373679,0,1,1,0
1,8.0,1.0,1.0,2.0,6.0,2.0,656.6666259765625,1.0,5.0,1.0,1.0,6-11 años,6.488698155484097,0,1,1,0
1,9.0,1.0,1.0,2.0,6.0,2.0,523.7833251953125,1.0,3.0,1.0,1.0,6-11 años,6.262985463488106,0,1,1,0
1,6.0,1.0,1.0,2.0,6.0,2.0,523.7833251953125,0.0,3.0,1.0,1.0,6-11 años,6.262985463488106,0,1,1,0
1,10.0,2.0,1.0,2.0,6.0,2.0,810.4166259765625,1.0,5.0,1.0,1.0,6-11 años,6.698781641043764,0,1,1,0
0,18.0,1.0,1.0,2.0,6.0,2.0,2088.68017578125,4.0,3.0,1.0,1.0,17-19 años,7.644766307307207,0,1,1,1
1,15.0,2.0,1.0,2.0,6.0,2.0,1641.1109619140625,3.0,5.0,1.0,1.0,15-16 años,7.403737865021496,0,1,1,0
1,13.0,1.0,1.0,2.0,6.0,2.0,568.2166748046875,3.0,5.0,2.0,1.0,12-14 años,6.344261160945927,0,1,1,0
1,7.0,1.0,1.0,2.0,6.0,2.0,1476.8333740234375,1.0,5.0,2.0,1.0,6-11 años,7.298332357685574,0,1,1,0
1,16.0,1.0,1.0,2.0,6.0,1.0,1467.625,3.0,4.0,2.0,1.0,15-16 años,7.292081867887736,0,1,1,0
1,13.0,2.0,1.0,2.0,6.0,2.0,1299.0,2.0,5.0,1.0,1.0,12-14 años,7.170119543449628,0,1,1,0
0,18.0,1.0,1.0,2.0,6.0,2.0,3186.880126953125,4.0,4.0,7.0,1.0,17-19 años,8.067111437871015,0,1,0,1
1,9.0,2.0,1.0,2.0,6.0,2.0,1236.25,1.0,5.0,1.0,1.0,6-11 años,7.120646453831996,0,1,1,0
1,6.0,1.0,1.0,2.0,6.0,2.0,1236.25,0.0,5.0,1.0,1.0,6-11 años,7.120646453831996,0,1,1,0
1,18.0,2.0,1.0,2.0,6.0,2.0,1143.1199951171875,3.0,3.0,7.0,1.0,17-19 años,7.042391057275786,0,1,0,0
1,9.0,2.0,1.0,2.0,6.0,2.0,1143.1199951171875,1.0,3.0,7.0,1.0,6-11 años,7.042391057275786,0,1,0,0
1,8.0,2.0,1.0,2.0,6.0,2.0,1225.0799560546875,1.0,5.0,1.0,1.0,6-11 años,7.111577331379968,0,1,1,0
1,16.0,1.0,1.0,2.0,6.0,2.0,792.7532958984375,3.0,5.0,1.0,1.0,15-16 años,6.676772702511273,0,1,1,0
1,13.0,2.0,1.0,2.0,6.0,2.0,792.7532958984375,3.0,5.0,1.0,1.0,12-14 años,6.676772702511273,0,1,1,0
1,11.0,2.0,1.0,2.0,6.0,2.0,792.7532958984375,1.0,5.0,1.0,1.0,6-11 años,6.676772702511273,0,1,1,0
0,19.0,2.0,1.0,2.0,6.0,2.0,2316.055419921875,4.0,5.0,2.0,1.0,17-19 años,7.748052442973203,0,1,1,1
1,15.0,1.0,1.0,2.0,6.0,2.0,2316.055419921875,3.0,5.0,2.0,1.0,15-16 años,7.748052442973203,0,1,1,0
1,14.0,1.0,1.0,2.0,6.0,2.0,1208.3333740234375,3.0,3.0,1.0,1.0,12-14 años,7.097824556213641,0,1,1,0
1,10.0,1.0,1.0,2.0,6.0,1.0,1237.5,1.0,5.0,1.0,1.0,6-11 años,7.121656248929415,0,1,1,0
1,19.0,1.0,1.0,2.0,6.0,1.0,1025.0,4.0,5.0,1.0,1.0,17-19 años,6.933423025730715,0,1,1,0
1,16.0,1.0,1.0,2.0,6.0,2.0,1025.0,3.0,5.0,1.0,1.0,15-16 años,6.933423025730715,0,1,1,0
1,7.0,2.0,1.0,2.0,6.0,2.0,1025.0,1.0,5.0,1.0,1.0,6-11 años,6.933423025730715,0,1,1,0
1,6.0,2.0,1.0,2.0,6.0,2.0,1025.0,0.0,5.0,1.0,1.0,6-11 años,6.933423025730715,0,1,1,0
1,16.0,2.0,1.0,2.0,6.0,2.0,1292.86669921875,3.0,5.0,1.0,1.0,15-16 años,7.165390455240383,0,1,1,0
1,12.0,1.0,1.0,2.0,6.0,2.0,1292.86669921875,3.0,5.0,1.0,1.0,12-14 años,7.165390455240383,0,1,1,0
1,15.0,1.0,1.0,2.0,6.0,1.0,500.0,3.0,3.0,1.0,1.0,15-16 años,6.2166061010848646,0,1,1,0
1,13.0,2.0,1.0,2.0,6.0,1.0,500.0,3.0,3.0,1.0,1.0,12-14 años,6.2166061010848646,0,1,1,0
1,7.0,2.0,1.0,2.0,6.0,1.0,500.0,0.0,3.0,1.0,1.0,6-11 años,6.2166061010848646,0,1,1,0
1,10.0,1.0,1.0,2.0,6.0,2.0,1240.0,1.0,3.0,1.0,1.0,6-11 años,7.123672785204607,0,1,1,0
1,7.0,2.0,1.0,2.0,6.0,2.0,1240.0,1.0,3.0,1.0,1.0,6-11 años,7.123672785204607,0,1,1,0
1,16.0,2.0,1.0,2.0,6.0,2.0,2648.95849609375,1.0,8.0,1.0,1.0,15-16 años,7.8822992570062045,0,1,1,0
1,10.0,1.0,1.0,2.0,6.0,2.0,2648.95849609375,1.0,8.0,1.0,1.0,6-11 años,7.8822992570062045,0,1,1,0
1,11.0,1.0,1.0,2.0,6.0,2.0,730.0,1.0,5.0,1.0,1.0,6-11 años,6.594413459749778,0,1,1,0
1,6.0,1.0,1.0,2.0,6.0,2.0,730.0,0.0,5.0,1.0,1.0,6-11 años,6.594413459749778,0,1,1,0
1,17.0,1.0,1.0,2.0,6.0,2.0,1733.699951171875,3.0,5.0,1.0,1.0,17-19 años,7.458589738619485,0,1,1,0
1,16.0,1.0,1.0,2.0,6.0,2.0,1733.699951171875,3.0,5.0,1.0,1.0,15-16 años,7.458589738619485,0,1,1,0
1,12.0,1.0,1.0,2.0,6.0,2.0,1733.699951171875,2.0,5.0,1.0,1.0,12-14 años,7.458589738619485,0,1,1,0
1,14.0,1.0,1.0,2.0,6.0,2.0,1235.5,3.0,5.0,1.0,1.0,12-14 años,7.120040086961471,0,1,1,0
1,11.0,2.0,1.0,2.0,6.0,2.0,1235.5,1.0,5.0,1.0,1.0,6-11 años,7.120040086961471,0,1,1,0
0,19.0,2.0,1.0,2.0,6.0,2.0,1897.6221923828125,4.0,5.0,1.0,1.0,17-19 años,7.548883740193675,0,1,1,1
0,19.0,1.0,1.0,2.0,6.0,2.0,2260.260009765625,4.0,3.0,1.0,1.0,17-19 años,7.723677463351172,0,1,1,1
1,13.0,1.0,1.0,2.0,6.0,2.0,941.252197265625,3.0,3.0,1.0,1.0,12-14 años,6.848272964079389,0,1,1,0
1,12.0,2.0,1.0,2.0,6.0,2.0,941.252197265625,2.0,3.0,1.0,1.0,12-14 años,6.848272964079389,0,1,1,0
1,11.0,2.0,1.0,2.0,6.0,2.0,941.252197265625,1.0,3.0,1.0,1.0,6-11 años,6.848272964079389,0,1,1,0
1,9.0,2.0,1.0,2.0,6.0,2.0,941.252197265625,1.0,3.0,1.0,1.0,6-11 años,6.848272964079389,0,1,1,0
1,18.0,2.0,1.0,2.0,6.0,2.0,1485.159912109375,3.0,3.0,8.0,1.0,17-19 años,7.303950831943737,0,1,0,0
1,19.0,2.0,1.0,2.0,6.0,2.0,1539.2723388671875,4.0,3.0,8.0,1.0,17-19 años,7.339714523192972,0,1,0,0
1,16.0,2.0,1.0,2.0,6.0,2.0,1539.2723388671875,3.0,3.0,8.0,1.0,15-16 años,7.339714523192972,0,1,0,0
1,17.0,2.0,1.0,2.0,6.0,2.0,994.25,3.0,5.0,8.0,1.0,17-19 años,6.902993961880426,0,1,0,0
1,12.0,1.0,1.0,2.0,6.0,2.0,994.25,2.0,5.0,8.0,1.0,12-14 años,6.902993961880426,0,1,0,0
1,15.0,1.0,1.0,2.0,6.0,2.0,698.6875,3.0,5.0,1.0,1.0,15-16 años,6.550633806793074,0,1,1,0
1,13.0,2.0,1.0,2.0,6.0,2.0,825.0,3.0,5.0,1.0,1.0,12-14 años,6.716594773520978,0,1,1,0
1,11.0,2.0,1.0,2.0,6.0,2.0,825.0,1.0,5.0,1.0,1.0,6-11 años,6.716594773520978,0,1,1,0
1,18.0,1.0,1.0,2.0,6.0,2.0,1400.0,4.0,3.0,1.0,1.0,17-19 años,7.244941546337007,0,1,1,0
1,10.0,1.0,1.0,2.0,6.0,2.0,192.0,1.0,5.0,1.0,1.0,6-11 años,5.262690188904886,0,1,1,0
1,7.0,2.0,1.0,2.0,6.0,2.0,192.0,1.0,5.0,1.0,1.0,6-11 años,5.262690188904886,0,1,1,0
1,18.0,1.0,1.0,2.0,6.0,2.0,1125.5833740234375,3.0,2.0,2.0,1.0,17-19 años,7.026944768694553,0,1,1,0
1,18.0,2.0,1.0,2.0,6.0,2.0,1125.5833740234375,3.0,2.0,2.0,1.0,17-19 años,7.026944768694553,0,1,1,0
1,16.0,1.0,1.0,2.0,6.0,2.0,1125.5833740234375,3.0,2.0,2.0,1.0,15-16 años,7.026944768694553,0,1,1,0
1,19.0,1.0,1.0,2.0,6.0,2.0,944.5133666992188,3.0,5.0,2.0,1.0,17-19 años,6.851728025173855,0,1,1,0
1,16.0,2.0,1.0,2.0,6.0,1.0,944.5133666992188,3.0,5.0,2.0,1.0,15-16 años,6.851728025173855,0,1,1,0
1,13.0,1.0,1.0,2.0,6.0,2.0,944.5133666992188,2.0,5.0,2.0,1.0,12-14 años,6.851728025173855,0,1,1,0
1,18.0,1.0,1.0,2.0,6.0,1.0,263.0,3.0,5.0,1.0,1.0,17-19 años,5.575949103146316,0,1,1,0
1,12.0,2.0,1.0,2.0,6.0,1.0,263.0,2.0,5.0,1.0,1.0,12-14 años,5.575949103146316,0,1,1,0
1,12.0,2.0,1.0,2.0,6.0,2.0,729.9600219726562,1.0,3.0,1.0,1.0,12-14 años,6.594358768750363,0,1,1,0
1,10.0,2.0,1.0,2.0,6.0,2.0,729.9600219726562,1.0,3.0,1.0,1.0,6-11 años,6.594358768750363,0,1,1,0
0,16.0,2.0,1.0,2.0,995.0,2.0,560.8333129882812,0.0,8.0,1.0,1.0,15-16 años,6.331205209794105,0,1,1,1
1,15.0,2.0,1.0,2.0,6.0,2.0,560.8333129882812,3.0,8.0,1.0,1.0,15-16 años,6.331205209794105,0,1,1,0
1,13.0,2.0,1.0,2.0,6.0,2.0,560.8333129882812,2.0,8.0,1.0,1.0,12-14 años,6.331205209794105,0,1,1,0
1,10.0,1.0,1.0,2.0,6.0,2.0,560.8333129882812,1.0,8.0,1.0,1.0,6-11 años,6.331205209794105,0,1,1,0
1,7.0,2.0,1.0,2.0,6.0,2.0,560.8333129882812,0.0,8.0,1.0,1.0,6-11 años,6.331205209794105,0,1,1,0
1,13.0,1.0,1.0,2.0,6.0,2.0,2153.199951171875,3.0,5.0,1.0,1.0,12-14 años,7.675174681250192,0,1,1,0
1,12.0,2.0,1.0,2.0,6.0,2.0,2153.199951171875,1.0,5.0,1.0,1.0,12-14 años,7.675174681250192,0,1,1,0
1,17.0,2.0,1.0,2.0,6.0,1.0,832.5,3.0,8.0,1.0,1.0,17-19 años,6.725633702190849,0,1,1,0
1,16.0,2.0,1.0,2.0,6.0,2.0,1254.800048828125,3.0,5.0,1.0,1.0,15-16 años,7.135528137562096,0,1,1,0
1,12.0,1.0,1.0,2.0,6.0,2.0,1254.800048828125,1.0,5.0,1.0,1.0,12-14 años,7.135528137562096,0,1,1,0
1,16.0,1.0,1.0,2.0,6.0,2.0,1007.7999877929688,3.0,5.0,1.0,1.0,15-16 años,6.916516772550163,0,1,1,0
1,14.0,2.0,1.0,2.0,6.0,2.0,912.0,3.0,3.0,1.0,1.0,12-14 años,6.816735880594968,0,1,1,0
1,8.0,1.0,1.0,2.0,6.0,2.0,912.0,1.0,3.0,1.0,1.0,6-11 años,6.816735880594968,0,1,1,0
1,7.0,2.0,1.0,2.0,6.0,2.0,912.0,1.0,3.0,1.0,1.0,6-11 años,6.816735880594968,0,1,1,0
1,16.0,2.0,1.0,2.0,6.0,2.0,1377.033447265625,3.0,1.0,1.0,1.0,15-16 años,7.228412723605324,0,1,1,0
1,12.0,2.0,1.0,2.0,6.0,2.0,1377.033447265625,2.0,1.0,1.0,1.0,12-14 años,7.228412723605324,0,1,1,0
1,16.0,1.0,1.0,2.0,6.0,2.0,338.5375061035156,3.0,5.0,1.0,1.0,15-16 años,5.8275844154286,0,1,1,0
1,6.0,2.0,1.0,2.0,6.0,2.0,338.5375061035156,0.0,5.0,1.0,1.0,6-11 años,5.8275844154286,0,1,1,0
1,11.0,1.0,1.0,2.0,6.0,2.0,338.5375061035156,1.0,5.0,1.0,1.0,6-11 años,5.8275844154286,0,1,1,0
1,6.0,1.0,1.0,2.0,6.0,2.0,338.5375061035156,0.0,5.0,1.0,1.0,6-11 años,5.8275844154286,0,1,1,0
1,10.0,2.0,1.0,2.0,6.0,2.0,649.5,1.0,5.0,1.0,1.0,6-11 años,6.47774129795256,0,1,1,0
1,8.0,1.0,1.0,2.0,6.0,2.0,649.5,1.0,5.0,1.0,1.0,6-11 años,6.47774129795256,0,1,1,0
1,7.0,2.0,1.0,2.0,6.0,2.0,649.5,1.0,5.0,1.0,1.0,6-11 años,6.47774129795256,0,1,1,0
1,16.0,1.0,1.0,2.0,6.0,1.0,2027.199951171875,3.0,5.0,1.0,1.0,15-16 años,7.614903955103285,0,1,1,0
1,13.0,1.0,1.0,2.0,6.0,2.0,1159.375,2.0,5.0,1.0,1.0,12-14 años,7.056498507720097,0,1,1,0
0,6.0,2.0,1.0,2.0,995.0,2.0,1159.375,0.0,5.0,1.0,1.0,6-11 años,7.056498507720097,0,1,1,1
1,9.0,1.0,1.0,2.0,6.0,2.0,2043.75,1.0,5.0,1.0,1.0,6-11 años,7.623030811615084,0,1,1,0
1,19.0,2.0,1.0,2.0,6.0,2.0,2947.889892578125,4.0,5.0,1.0,1.0,17-19 años,7.989184070911757,0,1,1,0
1,18.0,2.0,1.0,2.0,6.0,2.0,1390.13330078125,4.0,3.0,1.0,1.0,17-19 años,7.237874018231488,0,1,1,0
1,7.0,1.0,1.0,2.0,6.0,2.0,2111.733154296875,1.0,3.0,1.0,1.0,6-11 años,7.655737722039059,0,1,1,0
1,17.0,1.0,1.0,2.0,6.0,1.0,920.7305297851562,3.0,3.0,1.0,1.0,17-19 años,6.826252913793959,0,1,1,0
1,15.0,1.0,1.0,2.0,6.0,1.0,920.7305297851562,3.0,3.0,1.0,1.0,15-16 años,6.826252913793959,0,1,1,0
1,12.0,2.0,1.0,2.0,6.0,1.0,920.7305297851562,3.0,3.0,1.0,1.0,12-14 años,6.826252913793959,0,1,1,0
1,19.0,2.0,1.0,2.0,6.0,2.0,3391.583251953125,4.0,3.0,1.0,1.0,17-19 años,8.129346931408845,0,1,1,0
1,14.0,2.0,1.0,2.0,6.0,2.0,2436.9833984375,3.0,5.0,1.0,1.0,12-14 años,7.798926500517417,0,1,1,0
0,19.0,1.0,1.0,2.0,6.0,2.0,2268.055419921875,4.0,3.0,1.0,1.0,17-19 años,7.727118909303894,0,1,1,1
1,19.0,1.0,1.0,2.0,6.0,1.0,4026.193359375,4.0,5.0,1.0,1.0,17-19 años,8.300824975436257,0,1,1,0
1,16.0,2.0,1.0,2.0,6.0,2.0,4026.193359375,3.0,5.0,1.0,1.0,15-16 años,8.300824975436257,0,1,1,0
1,9.0,2.0,1.0,2.0,6.0,2.0,649.5,1.0,5.0,1.0,1.0,6-11 años,6.47774129795256,0,1,1,0
1,15.0,1.0,1.0,2.0,6.0,2.0,540.0,3.0,5.0,1.0,1.0,15-16 años,6.293419278846481,0,1,1,0
1,18.0,2.0,1.0,2.0,6.0,2.0,864.0086059570312,3.0,5.0,1.0,1.0,17-19 años,6.762739455965661,0,1,1,0
1,15.0,1.0,1.0,2.0,6.0,2.0,864.0086059570312,3.0,5.0,1.0,1.0,15-16 años,6.762739455965661,0,1,1,0
1,12.0,1.0,1.0,2.0,6.0,2.0,864.0086059570312,3.0,5.0,1.0,1.0,12-14 años,6.762739455965661,0,1,1,0
1,18.0,1.0,1.0,2.0,6.0,2.0,864.0086059570312,3.0,5.0,1.0,1.0,17-19 años,6.762739455965661,0,1,1,0
1,17.0,1.0,1.0,2.0,6.0,2.0,1169.666748046875,3.0,3.0,1.0,1.0,17-19 años,7.0653287356030186,0,1,1,0
1,9.0,1.0,1.0,2.0,6.0,2.0,1169.666748046875,1.0,3.0,1.0,1.0,6-11 años,7.0653287356030186,0,1,1,0
1,18.0,1.0,1.0,2.0,6.0,1.0,3490.6923828125,3.0,2.0,1.0,1.0,17-19 años,8.158141821101074,0,1,1,0
1,12.0,1.0,1.0,2.0,6.0,2.0,329.0799865722656,1.0,3.0,1.0,1.0,12-14 años,5.799335008642698,0,1,1,0
1,10.0,2.0,1.0,2.0,6.0,2.0,329.0799865722656,1.0,3.0,1.0,1.0,6-11 años,5.799335008642698,0,1,1,0
1,7.0,2.0,1.0,2.0,6.0,2.0,329.0799865722656,1.0,3.0,1.0,1.0,6-11 años,5.799335008642698,0,1,1,0
0,16.0,1.0,1.0,2.0,6.0,2.0,1935.510009765625,1.0,3.0,1.0,1.0,15-16 años,7.568642667939963,0,1,1,1
1,7.0,2.0,1.0,2.0,6.0,2.0,1202.2222900390625,0.0,3.0,1.0,1.0,6-11 años,7.092758478654848,0,1,1,0
1,17.0,2.0,1.0,2.0,6.0,2.0,695.0,3.0,5.0,1.0,1.0,17-19 años,6.54534966033442,0,1,1,0
1,16.0,1.0,1.0,2.0,6.0,2.0,695.0,3.0,5.0,1.0,1.0,15-16 años,6.54534966033442,0,1,1,0
1,7.0,1.0,1.0,2.0,6.0,2.0,695.0,0.0,5.0,1.0,1.0,6-11 años,6.54534966033442,0,1,1,0
1,10.0,2.0,1.0,2.0,6.0,2.0,1209.925048828125,1.0,5.0,2.0,1.0,6-11 años,7.0991398496708396,0,1,1,0
1,8.0,1.0,1.0,2.0,6.0,2.0,1209.925048828125,1.0,5.0,2.0,1.0,6-11 años,7.0991398496708396,0,1,1,0
1,8.0,1.0,1.0,2.0,6.0,2.0,1316.5,1.0,5.0,1.0,1.0,6-11 años,7.1834912804155175,0,1,1,0
1,16.0,1.0,1.0,2.0,6.0,2.0,1206.6666259765625,3.0,5.0,1.0,1.0,15-16 años,7.096445368533809,0,1,1,0
1,12.0,1.0,1.0,2.0,6.0,2.0,1206.6666259765625,2.0,5.0,1.0,1.0,12-14 años,7.096445368533809,0,1,1,0
1,15.0,1.0,1.0,2.0,6.0,2.0,1994.583251953125,3.0,6.0,1.0,1.0,15-16 años,7.598691643464757,0,1,1,0
1,12.0,1.0,1.0,2.0,6.0,2.0,1994.583251953125,1.0,6.0,1.0,1.0,12-14 años,7.598691643464757,0,1,1,0
1,18.0,1.0,1.0,2.0,6.0,2.0,819.3999633789062,3.0,5.0,1.0,1.0,17-19 años,6.709791981560128,0,1,1,0
1,14.0,1.0,1.0,2.0,6.0,2.0,819.3999633789062,3.0,5.0,1.0,1.0,12-14 años,6.709791981560128,0,1,1,0
1,11.0,2.0,1.0,2.0,6.0,2.0,819.3999633789062,1.0,5.0,1.0,1.0,6-11 años,6.709791981560128,0,1,1,0
1,7.0,1.0,1.0,2.0,6.0,2.0,819.3999633789062,1.0,5.0,1.0,1.0,6-11 años,6.709791981560128,0,1,1,0
1,8.0,2.0,1.0,2.0,6.0,2.0,438.0,1.0,3.0,1.0,1.0,6-11 años,6.0844994130751715,0,1,1,0
1,6.0,2.0,1.0,2.0,6.0,2.0,438.0,0.0,3.0,1.0,1.0,6-11 años,6.0844994130751715,0,1,1,0
1,10.0,1.0,1.0,2.0,6.0,1.0,1319.0,1.0,4.0,1.0,1.0,6-11 años,7.1853870155804165,0,1,1,0
1,7.0,1.0,1.0,2.0,6.0,2.0,1001.4666137695312,0.0,5.0,1.0,1.0,6-11 años,6.910218855653132,0,1,1,0
1,9.0,2.0,1.0,2.0,6.0,1.0,2006.0,1.0,5.0,1.0,1.0,6-11 años,7.604396348796338,0,1,1,0
1,18.0,1.0,1.0,2.0,6.0,2.0,1065.0,4.0,5.0,1.0,1.0,17-19 años,6.97166860472579,0,1,1,0
1,15.0,1.0,1.0,2.0,6.0,2.0,1065.0,3.0,5.0,1.0,1.0,15-16 años,6.97166860472579,0,1,1,0
1,19.0,2.0,1.0,2.0,6.0,2.0,2500.0,5.0,5.0,1.0,1.0,17-19 años,7.824445930877619,0,1,1,0
1,16.0,2.0,1.0,2.0,6.0,2.0,929.1666870117188,3.0,5.0,1.0,1.0,15-16 años,6.835363803432859,0,1,1,0
1,6.0,2.0,1.0,2.0,6.0,2.0,929.1666870117188,1.0,5.0,1.0,1.0,6-11 años,6.835363803432859,0,1,1,0
0,19.0,1.0,1.0,2.0,6.0,2.0,2380.550048828125,4.0,5.0,1.0,1.0,17-19 años,7.775506835694296,0,1,1,1
1,10.0,2.0,1.0,2.0,6.0,2.0,2819.800048828125,1.0,5.0,1.0,1.0,6-11 años,7.944775828953633,0,1,1,0
1,18.0,1.0,1.0,2.0,6.0,2.0,2411.483154296875,3.0,5.0,1.0,1.0,17-19 años,7.788411850513891,0,1,1,0
1,18.0,2.0,1.0,2.0,6.0,2.0,208.3333282470703,4.0,8.0,1.0,1.0,17-19 años,5.343927853502654,0,1,1,0
1,16.0,2.0,1.0,2.0,6.0,2.0,208.3333282470703,3.0,8.0,1.0,1.0,15-16 años,5.343927853502654,0,1,1,0
1,10.0,1.0,1.0,2.0,6.0,2.0,208.3333282470703,1.0,8.0,1.0,1.0,6-11 años,5.343927853502654,0,1,1,0
0,18.0,1.0,1.0,2.0,6.0,2.0,1200.0,4.0,5.0,1.0,1.0,17-19 años,7.0909098220799835,0,1,1,1
0,19.0,1.0,1.0,2.0,6.0,2.0,1206.666748046875,4.0,8.0,1.0,1.0,17-19 años,7.096445469613282,0,1,1,1
1,16.0,2.0,1.0,2.0,6.0,2.0,1206.666748046875,3.0,8.0,1.0,1.0,15-16 años,7.096445469613282,0,1,1,0
1,10.0,2.0,1.0,2.0,6.0,2.0,1206.666748046875,1.0,8.0,1.0,1.0,6-11 años,7.096445469613282,0,1,1,0
1,19.0,1.0,1.0,2.0,6.0,2.0,1134.7999267578125,4.0,5.0,1.0,1.0,17-19 años,7.035092462958221,0,1,1,0
1,9.0,1.0,1.0,2.0,6.0,2.0,1421.556640625,1.0,5.0,1.0,1.0,6-11 años,7.260210982870349,0,1,1,0
1,10.0,1.0,1.0,2.0,6.0,2.0,2088.75,1.0,5.0,1.0,1.0,6-11 años,7.6447997205792655,0,1,1,0
1,12.0,1.0,1.0,2.0,6.0,2.0,1635.4166259765625,1.0,2.0,1.0,1.0,12-14 años,7.400264146096861,0,1,1,0
1,9.0,2.0,1.0,2.0,6.0,2.0,1635.4166259765625,1.0,2.0,1.0,1.0,6-11 años,7.400264146096861,0,1,1,0
1,13.0,1.0,1.0,2.0,6.0,2.0,1610.0,3.0,5.0,1.0,1.0,12-14 años,7.384610383176974,0,1,1,0
1,11.0,1.0,1.0,2.0,6.0,2.0,1610.0,1.0,5.0,1.0,1.0,6-11 años,7.384610383176974,0,1,1,0
1,9.0,2.0,1.0,2.0,6.0,2.0,1610.0,1.0,5.0,1.0,1.0,6-11 años,7.384610383176974,0,1,1,0
1,19.0,2.0,1.0,2.0,6.0,2.0,1610.0,4.0,5.0,1.0,1.0,17-19 años,7.384610383176974,0,1,1,0
1,14.0,1.0,1.0,2.0,6.0,2.0,1406.13330078125,2.0,5.0,1.0,1.0,12-14 años,7.249309793764791,0,1,1,0
1,12.0,2.0,1.0,2.0,6.0,2.0,1406.13330078125,2.0,5.0,1.0,1.0,12-14 años,7.249309793764791,0,1,1,0
1,16.0,2.0,1.0,2.0,6.0,2.0,1012.5,3.0,5.0,1.0,1.0,15-16 años,6.921164965892054,0,1,1,0
1,15.0,2.0,1.0,2.0,6.0,2.0,857.5,3.0,3.0,1.0,1.0,15-16 años,6.7551866803375304,0,1,1,0
1,13.0,1.0,1.0,2.0,6.0,2.0,857.5,3.0,3.0,1.0,1.0,12-14 años,6.7551866803375304,0,1,1,0
1,11.0,1.0,1.0,2.0,6.0,2.0,857.5,1.0,3.0,1.0,1.0,6-11 años,6.7551866803375304,0,1,1,0
1,10.0,2.0,1.0,2.0,6.0,2.0,809.7222290039062,1.0,5.0,1.0,1.0,6-11 años,6.697925491136572,0,1,1,0
1,15.0,2.0,1.0,2.0,6.0,2.0,798.2142944335938,3.0,3.0,1.0,1.0,15-16 años,6.683629113102312,0,1,1,0
1,12.0,1.0,1.0,2.0,6.0,2.0,798.2142944335938,2.0,3.0,1.0,1.0,12-14 años,6.683629113102312,0,1,1,0
1,10.0,1.0,1.0,2.0,6.0,2.0,798.2142944335938,1.0,3.0,1.0,1.0,6-11 años,6.683629113102312,0,1,1,0
1,18.0,2.0,1.0,2.0,6.0,2.0,1893.3333740234375,4.0,5.0,1.0,1.0,17-19 años,7.546622274108919,0,1,1,0
1,14.0,1.0,1.0,2.0,6.0,2.0,1966.0,3.0,5.0,1.0,1.0,12-14 años,7.584264818389059,0,1,1,0
1,12.0,1.0,1.0,2.0,6.0,2.0,1966.0,1.0,5.0,1.0,1.0,12-14 años,7.584264818389059,0,1,1,0
1,19.0,2.0,1.0,2.0,6.0,1.0,920.8333129882812,5.0,3.0,1.0,1.0,17-19 años,6.826364418696416,0,1,1,0
1,11.0,2.0,1.0,2.0,6.0,2.0,1034.0679931640625,1.0,5.0,1.0,1.0,6-11 años,6.942222397420043,0,1,1,0
1,9.0,2.0,1.0,2.0,6.0,2.0,1034.0679931640625,1.0,5.0,1.0,1.0,6-11 años,6.942222397420043,0,1,1,0
1,13.0,2.0,1.0,2.0,6.0,2.0,5586.83349609375,3.0,3.0,1.0,1.0,12-14 años,8.62834692324247,0,1,1,0
1,6.0,2.0,1.0,2.0,6.0,2.0,6000.0,0.0,3.0,1.0,1.0,6-11 años,8.699681400989514,0,1,1,0
1,13.0,2.0,1.0,2.0,6.0,2.0,1868.574951171875,3.0,3.0,1.0,1.0,12-14 años,7.533466385173766,0,1,1,0
1,11.0,1.0,1.0,2.0,6.0,2.0,740.0,1.0,3.0,1.0,1.0,6-11 años,6.608000625296087,0,1,1,0
1,6.0,2.0,1.0,2.0,6.0,2.0,740.0,0.0,3.0,1.0,1.0,6-11 años,6.608000625296087,0,1,1,0
1,15.0,2.0,1.0,2.0,6.0,2.0,736.898193359375,3.0,3.0,1.0,1.0,15-16 años,6.6038058657070415,0,1,1,0
1,12.0,1.0,1.0,2.0,6.0,2.0,736.898193359375,3.0,3.0,1.0,1.0,12-14 años,6.6038058657070415,0,1,1,0
1,8.0,2.0,1.0,2.0,6.0,2.0,736.898193359375,1.0,3.0,1.0,1.0,6-11 años,6.6038058657070415,0,1,1,0
1,18.0,1.0,1.0,2.0,6.0,2.0,736.898193359375,4.0,3.0,1.0,1.0,17-19 años,6.6038058657070415,0,1,1,0
1,15.0,2.0,1.0,2.0,6.0,2.0,970.6610717773438,3.0,5.0,1.0,1.0,15-16 años,6.879007052066297,0,1,1,0
1,13.0,1.0,1.0,2.0,6.0,2.0,970.6610717773438,3.0,5.0,1.0,1.0,12-14 años,6.879007052066297,0,1,1,0
1,9.0,2.0,1.0,2.0,6.0,2.0,970.6610717773438,1.0,5.0,1.0,1.0,6-11 años,6.879007052066297,0,1,1,0
1,12.0,2.0,1.0,2.0,6.0,1.0,1613.8887939453125,2.0,3.0,1.0,1.0,12-14 años,7.387021375047723,0,1,1,0
1,11.0,1.0,1.0,2.0,6.0,2.0,1613.8887939453125,1.0,3.0,1.0,1.0,6-11 años,7.387021375047723,0,1,1,0
1,14.0,1.0,1.0,2.0,6.0,2.0,1225.5,3.0,5.0,1.0,1.0,12-14 años,7.111919863698544,0,1,1,0
1,12.0,1.0,1.0,2.0,6.0,2.0,1225.5,2.0,5.0,1.0,1.0,12-14 años,7.111919863698544,0,1,1,0
1,14.0,2.0,1.0,2.0,6.0,2.0,764.5833129882812,3.0,5.0,1.0,1.0,12-14 años,6.64063804390889,0,1,1,0
1,12.0,2.0,1.0,2.0,6.0,2.0,764.5833129882812,1.0,5.0,1.0,1.0,12-14 años,6.64063804390889,0,1,1,0
1,12.0,2.0,1.0,2.0,6.0,2.0,411.9444580078125,1.0,5.0,1.0,1.0,12-14 años,6.023313099674631,0,1,1,0
1,18.0,1.0,1.0,2.0,6.0,2.0,336.41668701171875,4.0,5.0,1.0,1.0,17-19 años,5.821318626540683,0,1,1,0
1,9.0,1.0,1.0,2.0,6.0,2.0,336.41668701171875,1.0,5.0,1.0,1.0,6-11 años,5.821318626540683,0,1,1,0
1,15.0,2.0,1.0,2.0,6.0,2.0,336.41668701171875,3.0,5.0,1.0,1.0,15-16 años,5.821318626540683,0,1,1,0
1,12.0,1.0,1.0,2.0,6.0,2.0,3319.666748046875,2.0,5.0,1.0,1.0,12-14 años,8.10792086947231,0,1,1,0
1,19.0,1.0,1.0,2.0,6.0,2.0,1080.8717041015625,4.0,5.0,1.0,1.0,17-19 años,6.986447879457029,0,1,1,0
1,15.0,1.0,1.0,2.0,6.0,2.0,1080.8717041015625,3.0,5.0,1.0,1.0,15-16 años,6.986447879457029,0,1,1,0
1,9.0,1.0,1.0,2.0,6.0,2.0,1080.8717041015625,1.0,5.0,1.0,1.0,6-11 años,6.986447879457029,0,1,1,0
1,17.0,1.0,1.0,2.0,6.0,2.0,3675.0,3.0,6.0,1.0,1.0,17-19 años,8.209580483475577,0,1,1,0
1,9.0,2.0,1.0,2.0,6.0,2.0,1133.3333740234375,1.0,6.0,1.0,1.0,6-11 años,7.033800421704178,0,1,1,0
1,17.0,1.0,1.0,2.0,6.0,1.0,1166.6666259765625,3.0,5.0,1.0,1.0,17-19 años,7.062762699682014,0,1,1,0
1,11.0,1.0,1.0,2.0,6.0,1.0,1166.6666259765625,1.0,5.0,1.0,1.0,6-11 años,7.062762699682014,0,1,1,0
1,8.0,2.0,1.0,2.0,6.0,1.0,1166.6666259765625,1.0,5.0,1.0,1.0,6-11 años,7.062762699682014,0,1,1,0
1,14.0,1.0,1.0,2.0,6.0,2.0,1668.9776611328125,3.0,5.0,6.0,1.0,12-14 años,7.420565528754156,0,1,0,0
1,11.0,1.0,1.0,2.0,6.0,2.0,1668.9776611328125,1.0,5.0,6.0,1.0,6-11 años,7.420565528754156,0,1,0,0
1,13.0,2.0,1.0,2.0,6.0,2.0,1666.25,2.0,4.0,1.0,1.0,12-14 años,7.418930841512416,0,1,1,0
1,6.0,1.0,1.0,2.0,6.0,2.0,1666.25,0.0,4.0,1.0,1.0,6-11 años,7.418930841512416,0,1,1,0
1,18.0,2.0,1.0,2.0,6.0,2.0,783.2999877929688,4.0,3.0,2.0,1.0,17-19 años,6.664791584654384,0,1,1,0
1,8.0,2.0,1.0,2.0,6.0,2.0,783.2999877929688,1.0,3.0,2.0,1.0,6-11 años,6.664791584654384,0,1,1,0
1,14.0,2.0,1.0,2.0,6.0,2.0,1534.675048828125,3.0,5.0,2.0,1.0,12-14 años,7.336725334573808,0,1,1,0
1,8.0,1.0,1.0,2.0,6.0,2.0,1534.675048828125,1.0,5.0,2.0,1.0,6-11 años,7.336725334573808,0,1,1,0
1,10.0,2.0,1.0,2.0,6.0,2.0,2455.333251953125,1.0,4.0,1.0,1.0,6-11 años,7.8064249689681215,0,1,1,0
1,17.0,1.0,1.0,2.0,6.0,2.0,3317.08349609375,3.0,3.0,1.0,1.0,17-19 años,8.107142635018985,0,1,1,0
1,18.0,2.0,1.0,2.0,6.0,2.0,1018.0,4.0,4.0,1.0,1.0,17-19 años,6.926577033222725,0,1,1,0
1,8.0,1.0,1.0,2.0,6.0,2.0,1018.0,1.0,4.0,1.0,1.0,6-11 años,6.926577033222725,0,1,1,0
1,17.0,2.0,1.0,2.0,6.0,2.0,1869.0416259765625,3.0,5.0,1.0,1.0,17-19 años,7.533715969481399,0,1,1,0
1,12.0,2.0,1.0,2.0,6.0,2.0,600.0,3.0,5.0,1.0,1.0,12-14 años,6.398594934535208,0,1,1,0
1,12.0,1.0,1.0,2.0,6.0,2.0,802.0,1.0,5.0,1.0,1.0,12-14 años,6.688354713946762,0,1,1,0
1,11.0,2.0,1.0,2.0,6.0,2.0,802.0,1.0,5.0,1.0,1.0,6-11 años,6.688354713946762,0,1,1,0
1,18.0,2.0,1.0,2.0,6.0,2.0,480.0,3.0,5.0,1.0,1.0,17-19 años,6.175867270105761,0,1,1,0
1,16.0,2.0,1.0,2.0,6.0,2.0,1492.1112060546875,3.0,3.0,1.0,1.0,15-16 años,7.3086172797316244,0,1,1,0
1,10.0,2.0,1.0,2.0,6.0,2.0,1236.166748046875,1.0,3.0,1.0,1.0,6-11 años,7.120579163668992,0,1,1,0
1,6.0,2.0,1.0,2.0,6.0,2.0,1236.166748046875,1.0,3.0,1.0,1.0,6-11 años,7.120579163668992,0,1,1,0
1,10.0,1.0,1.0,2.0,6.0,1.0,1386.625,1.0,3.0,1.0,1.0,6-11 años,7.235348931652811,0,1,1,0
1,19.0,2.0,1.0,2.0,6.0,2.0,1712.0916748046875,3.0,3.0,1.0,1.0,17-19 años,7.446055013999362,0,1,1,0
1,18.0,1.0,1.0,2.0,6.0,2.0,1712.0916748046875,3.0,3.0,1.0,1.0,17-19 años,7.446055013999362,0,1,1,0
0,19.0,1.0,1.0,2.0,6.0,2.0,1140.8125,4.0,5.0,1.0,1.0,17-19 años,7.040372191096789,0,1,1,1
1,15.0,2.0,1.0,2.0,6.0,2.0,1140.8125,3.0,5.0,1.0,1.0,15-16 años,7.040372191096789,0,1,1,0
0,13.0,2.0,1.0,2.0,6.0,2.0,1140.8125,1.0,5.0,1.0,1.0,12-14 años,7.040372191096789,0,1,1,1
1,12.0,2.0,1.0,2.0,6.0,2.0,1140.8125,3.0,5.0,1.0,1.0,12-14 años,7.040372191096789,0,1,1,0
0,19.0,1.0,1.0,2.0,6.0,2.0,7909.44384765625,4.0,4.0,1.0,1.0,17-19 años,8.975939171406969,0,1,1,1
1,15.0,2.0,1.0,2.0,6.0,2.0,3044.444580078125,3.0,4.0,1.0,1.0,15-16 años,8.02140217279628,0,1,1,0
1,16.0,1.0,1.0,2.0,6.0,2.0,1819.375,3.0,5.0,1.0,1.0,15-16 años,7.506797802802744,0,1,1,0
1,17.0,2.0,1.0,2.0,6.0,2.0,1067.3519287109375,3.0,5.0,1.0,1.0,17-19 años,6.973872486504855,0,1,1,0
1,15.0,2.0,1.0,2.0,6.0,2.0,1067.3519287109375,3.0,5.0,1.0,1.0,15-16 años,6.973872486504855,0,1,1,0
1,12.0,2.0,1.0,2.0,6.0,2.0,1067.3519287109375,1.0,5.0,1.0,1.0,12-14 años,6.973872486504855,0,1,1,0
1,8.0,2.0,1.0,2.0,6.0,2.0,2850.6943359375,1.0,3.0,1.0,1.0,6-11 años,7.955668600453017,0,1,1,0
1,10.0,1.0,1.0,2.0,6.0,2.0,623.2749633789062,1.0,5.0,1.0,1.0,6-11 años,6.4365909177538505,0,1,1,0
1,18.0,2.0,1.0,2.0,6.0,2.0,1548.3333740234375,3.0,5.0,1.0,1.0,17-19 años,7.345580036126613,0,1,1,0
1,13.0,1.0,1.0,2.0,6.0,2.0,1548.3333740234375,2.0,5.0,1.0,1.0,12-14 años,7.345580036126613,0,1,1,0
0,19.0,1.0,1.0,2.0,6.0,2.0,2980.04248046875,4.0,4.0,1.0,1.0,17-19 años,8.000028343985374,0,1,1,1
1,9.0,2.0,1.0,2.0,6.0,1.0,4250.0,1.0,8.0,1.0,1.0,6-11 años,8.35490952835879,0,1,1,0
1,16.0,1.0,1.0,2.0,6.0,2.0,17100.0,3.0,3.0,1.0,1.0,15-16 años,9.746892220313054,0,1,1,0
1,10.0,1.0,1.0,2.0,6.0,2.0,4285.0,1.0,3.0,1.0,1.0,6-11 años,8.363109176033522,0,1,1,0
1,15.0,2.0,1.0,2.0,6.0,2.0,2186.111083984375,3.0,8.0,1.0,1.0,15-16 años,7.690336812246651,0,1,1,0
1,19.0,1.0,1.0,2.0,6.0,2.0,1450.27783203125,3.0,5.0,1.0,1.0,17-19 años,7.280199710799782,0,1,1,0
1,15.0,2.0,1.0,2.0,6.0,2.0,1450.27783203125,3.0,5.0,1.0,1.0,15-16 años,7.280199710799782,0,1,1,0
1,13.0,2.0,1.0,2.0,6.0,2.0,1450.27783203125,2.0,5.0,1.0,1.0,12-14 años,7.280199710799782,0,1,1,0
1,19.0,1.0,1.0,2.0,6.0,2.0,1901.1331787109375,4.0,8.0,1.0,1.0,17-19 años,7.550731261006779,0,1,1,0
1,15.0,1.0,1.0,2.0,6.0,2.0,2280.208251953125,3.0,8.0,1.0,1.0,15-16 años,7.732460516649646,0,1,1,0
1,11.0,2.0,1.0,2.0,6.0,2.0,1339.4444580078125,1.0,4.0,1.0,1.0,6-11 años,7.200756523030078,0,1,1,0
1,9.0,1.0,1.0,2.0,6.0,2.0,1339.4444580078125,1.0,4.0,1.0,1.0,6-11 años,7.200756523030078,0,1,1,0
1,10.0,2.0,1.0,2.0,6.0,2.0,4250.83349609375,1.0,5.0,1.0,1.0,6-11 años,8.355105579733147,0,1,1,0
1,14.0,2.0,1.0,2.0,6.0,2.0,3621.66650390625,3.0,3.0,8.0,1.0,12-14 años,8.194965636949783,0,1,0,0
1,12.0,1.0,1.0,2.0,6.0,2.0,3621.66650390625,1.0,3.0,8.0,1.0,12-14 años,8.194965636949783,0,1,0,0
1,15.0,1.0,1.0,2.0,6.0,2.0,1974.5308837890625,3.0,5.0,1.0,1.0,15-16 años,7.588592443132972,0,1,1,0
1,13.0,2.0,1.0,2.0,6.0,2.0,1974.5308837890625,2.0,5.0,1.0,1.0,12-14 años,7.588592443132972,0,1,1,0
1,6.0,1.0,1.0,2.0,6.0,2.0,1965.699951171875,0.0,5.0,1.0,1.0,6-11 años,7.584112265407168,0,1,1,0
1,13.0,2.0,1.0,2.0,6.0,2.0,3572.91650390625,2.0,8.0,1.0,1.0,12-14 años,8.181417333360928,0,1,1,0
1,19.0,1.0,1.0,2.0,6.0,2.0,450.0,4.0,3.0,1.0,1.0,17-19 años,6.111467339502679,0,1,1,0
1,16.0,1.0,1.0,2.0,6.0,2.0,450.0,3.0,3.0,1.0,1.0,15-16 años,6.111467339502679,0,1,1,0
1,15.0,2.0,1.0,2.0,6.0,2.0,450.0,3.0,3.0,1.0,1.0,15-16 años,6.111467339502679,0,1,1,0
1,15.0,1.0,1.0,2.0,6.0,2.0,868.0833129882812,3.0,5.0,1.0,1.0,15-16 años,6.767438992923429,0,1,1,0
1,12.0,2.0,1.0,2.0,6.0,2.0,868.0833129882812,2.0,5.0,1.0,1.0,12-14 años,6.767438992923429,0,1,1,0
1,13.0,2.0,1.0,2.0,6.0,2.0,740.0,2.0,5.0,1.0,1.0,12-14 años,6.608000625296087,0,1,1,0
1,8.0,1.0,1.0,2.0,6.0,2.0,740.0,1.0,5.0,1.0,1.0,6-11 años,6.608000625296087,0,1,1,0
1,13.0,1.0,1.0,2.0,6.0,1.0,1306.5,3.0,3.0,1.0,1.0,12-14 años,7.175872195939078,0,1,1,0
1,9.0,2.0,1.0,2.0,6.0,1.0,1306.5,1.0,3.0,1.0,1.0,6-11 años,7.175872195939078,0,1,1,0
1,13.0,2.0,1.0,2.0,6.0,1.0,3215.8056640625,2.0,5.0,1.0,1.0,12-14 años,8.076144116356975,0,1,1,0
1,19.0,1.0,1.0,2.0,6.0,2.0,1375.0,4.0,5.0,1.0,1.0,17-19 años,7.226936018493289,0,1,1,0
1,16.0,2.0,1.0,2.0,6.0,2.0,828.3333129882812,3.0,3.0,1.0,1.0,15-16 años,6.720622140659145,0,1,1,0
1,14.0,1.0,1.0,2.0,6.0,2.0,828.3333129882812,3.0,3.0,1.0,1.0,12-14 años,6.720622140659145,0,1,1,0
1,16.0,2.0,1.0,2.0,6.0,2.0,1252.0833740234375,3.0,5.0,1.0,1.0,15-16 años,7.133362492206305,0,1,1,0
1,15.0,1.0,1.0,2.0,6.0,2.0,688.25,3.0,3.0,1.0,1.0,15-16 años,6.535604049903906,0,1,1,0
1,14.0,1.0,1.0,2.0,6.0,2.0,688.25,3.0,3.0,1.0,1.0,12-14 años,6.535604049903906,0,1,1,0
1,8.0,1.0,1.0,2.0,6.0,2.0,688.25,1.0,3.0,1.0,1.0,6-11 años,6.535604049903906,0,1,1,0
1,16.0,2.0,1.0,2.0,6.0,2.0,1406.7333984375,3.0,4.0,1.0,1.0,15-16 años,7.249736171088809,0,1,1,0
1,18.0,1.0,1.0,2.0,6.0,2.0,1633.1944580078125,5.0,8.0,1.0,1.0,17-19 años,7.3989052756878575,0,1,1,0
1,13.0,2.0,1.0,2.0,6.0,2.0,1633.1944580078125,3.0,8.0,1.0,1.0,12-14 años,7.3989052756878575,0,1,1,0
1,10.0,1.0,1.0,2.0,6.0,2.0,1633.1944580078125,1.0,8.0,1.0,1.0,6-11 años,7.3989052756878575,0,1,1,0
1,7.0,2.0,1.0,2.0,6.0,2.0,1633.1944580078125,1.0,8.0,1.0,1.0,6-11 años,7.3989052756878575,0,1,1,0
1,17.0,1.0,1.0,2.0,6.0,2.0,1004.1666870117188,3.0,5.0,1.0,1.0,17-19 años,6.912908664463408,0,1,1,0
1,12.0,1.0,1.0,2.0,6.0,2.0,1489.5833740234375,1.0,5.0,1.0,1.0,12-14 años,7.306922848503353,0,1,1,0
1,9.0,2.0,1.0,2.0,6.0,2.0,1489.5833740234375,1.0,5.0,1.0,1.0,6-11 años,7.306922848503353,0,1,1,0
1,17.0,1.0,1.0,2.0,6.0,1.0,708.4299926757812,3.0,3.0,1.0,1.0,17-19 años,6.564461820379795,0,1,1,0
1,14.0,1.0,1.0,2.0,6.0,2.0,708.4299926757812,3.0,3.0,1.0,1.0,12-14 años,6.564461820379795,0,1,1,0
1,6.0,2.0,1.0,2.0,6.0,2.0,708.4299926757812,0.0,3.0,1.0,1.0,6-11 años,6.564461820379795,0,1,1,0
1,10.0,2.0,1.0,2.0,6.0,2.0,2766.666748046875,1.0,3.0,1.0,1.0,6-11 años,7.925759914997826,0,1,1,0
1,18.0,1.0,1.0,2.0,6.0,1.0,611.9119873046875,3.0,5.0,2.0,1.0,17-19 años,6.418221348637327,0,1,1,0
1,16.0,1.0,1.0,2.0,6.0,1.0,611.9119873046875,3.0,5.0,2.0,1.0,15-16 años,6.418221348637327,0,1,1,0
1,14.0,1.0,1.0,2.0,6.0,1.0,611.9119873046875,3.0,5.0,2.0,1.0,12-14 años,6.418221348637327,0,1,1,0
1,17.0,2.0,1.0,2.0,6.0,2.0,1367.9166259765625,3.0,3.0,1.0,1.0,17-19 años,7.221774922028889,0,1,1,0
1,11.0,1.0,1.0,2.0,6.0,2.0,1367.9166259765625,1.0,3.0,1.0,1.0,6-11 años,7.221774922028889,0,1,1,0
1,9.0,1.0,1.0,2.0,6.0,2.0,1367.9166259765625,1.0,3.0,1.0,1.0,6-11 años,7.221774922028889,0,1,1,0
1,7.0,1.0,1.0,2.0,6.0,2.0,1367.9166259765625,1.0,3.0,1.0,1.0,6-11 años,7.221774922028889,0,1,1,0
1,17.0,2.0,1.0,2.0,6.0,2.0,1917.60546875,3.0,3.0,1.0,1.0,17-19 años,7.559353882765483,0,1,1,0
1,12.0,1.0,1.0,2.0,6.0,2.0,1917.60546875,2.0,3.0,1.0,1.0,12-14 años,7.559353882765483,0,1,1,0
1,9.0,2.0,1.0,2.0,6.0,2.0,1917.60546875,1.0,3.0,1.0,1.0,6-11 años,7.559353882765483,0,1,1,0
1,15.0,1.0,1.0,2.0,6.0,2.0,1695.38232421875,3.0,5.0,1.0,1.0,15-16 años,7.4362532179627685,0,1,1,0
1,9.0,2.0,1.0,2.0,6.0,2.0,1695.38232421875,1.0,5.0,1.0,1.0,6-11 años,7.4362532179627685,0,1,1,0
1,9.0,1.0,1.0,2.0,6.0,2.0,1695.38232421875,1.0,5.0,1.0,1.0,6-11 años,7.4362532179627685,0,1,1,0
1,8.0,1.0,1.0,2.0,6.0,2.0,1695.38232421875,1.0,5.0,1.0,1.0,6-11 años,7.4362532179627685,0,1,1,0
1,10.0,2.0,1.0,2.0,6.0,2.0,1695.38232421875,1.0,5.0,1.0,1.0,6-11 años,7.4362532179627685,0,1,1,0
1,16.0,1.0,1.0,2.0,6.0,2.0,1313.333251953125,3.0,6.0,1.0,1.0,15-16 años,7.181084783292035,0,1,1,0
1,16.0,1.0,1.0,2.0,6.0,2.0,1313.333251953125,3.0,6.0,1.0,1.0,15-16 años,7.181084783292035,0,1,1,0
1,11.0,2.0,1.0,2.0,6.0,2.0,1313.333251953125,1.0,6.0,1.0,1.0,6-11 años,7.181084783292035,0,1,1,0
1,18.0,2.0,1.0,2.0,6.0,2.0,750.0,3.0,8.0,1.0,1.0,17-19 años,6.621405651764134,0,1,1,0
1,14.0,1.0,1.0,2.0,6.0,2.0,635.5555419921875,3.0,3.0,1.0,1.0,12-14 años,6.45607167576492,0,1,1,0
1,13.0,1.0,1.0,2.0,6.0,2.0,1113.888916015625,2.0,5.0,1.0,1.0,12-14 años,7.016510052039314,0,1,1,0
1,16.0,1.0,1.0,2.0,6.0,2.0,1501.2667236328125,3.0,5.0,1.0,1.0,15-16 años,7.314730395542029,0,1,1,0
1,14.0,2.0,1.0,2.0,6.0,2.0,1501.2667236328125,3.0,5.0,1.0,1.0,12-14 años,7.314730395542029,0,1,1,0
1,16.0,2.0,1.0,2.0,6.0,1.0,397.33331298828125,3.0,5.0,1.0,1.0,15-16 años,5.987289124622055,0,1,1,0
1,17.0,1.0,1.0,2.0,6.0,1.0,1904.1666259765625,3.0,5.0,1.0,1.0,17-19 años,7.552324751439957,0,1,1,0
1,14.0,2.0,1.0,2.0,54.0,2.0,472.2221984863281,3.0,3.0,1.0,1.0,12-14 años,6.159565042428963,0,1,1,0
1,13.0,2.0,1.0,2.0,6.0,2.0,1635.0,2.0,5.0,1.0,1.0,12-14 años,7.400009517162692,0,1,1,0
1,11.0,1.0,1.0,2.0,6.0,2.0,734.177734375,1.0,5.0,1.0,1.0,6-11 años,6.600112285456378,0,1,1,0
1,11.0,1.0,1.0,2.0,6.0,2.0,694.1666870117188,1.0,3.0,1.0,1.0,6-11 años,6.5441516542353275,0,1,1,0
1,7.0,2.0,1.0,2.0,6.0,2.0,694.1666870117188,1.0,3.0,1.0,1.0,6-11 años,6.5441516542353275,0,1,1,0
1,15.0,1.0,1.0,2.0,6.0,2.0,2368.5,3.0,8.0,1.0,1.0,15-16 años,7.770434241407643,0,1,1,0
1,10.0,2.0,1.0,2.0,6.0,2.0,2368.5,1.0,8.0,1.0,1.0,6-11 años,7.770434241407643,0,1,1,0
1,18.0,1.0,1.0,2.0,6.0,1.0,3193.133056640625,3.0,5.0,1.0,1.0,17-19 años,8.0690709862168,0,1,1,0
1,8.0,2.0,1.0,2.0,6.0,1.0,1052.199951171875,1.0,3.0,1.0,1.0,6-11 años,6.9595883812604695,0,1,1,0
1,14.0,2.0,1.0,2.0,6.0,2.0,275.0,3.0,5.0,1.0,1.0,12-14 años,5.62040086571715,0,1,1,0
1,12.0,2.0,1.0,2.0,6.0,2.0,275.0,2.0,5.0,1.0,1.0,12-14 años,5.62040086571715,0,1,1,0
1,17.0,2.0,1.0,2.0,6.0,2.0,949.5093994140625,3.0,4.0,1.0,1.0,17-19 años,6.856998050794962,0,1,1,0
1,13.0,1.0,1.0,2.0,6.0,2.0,949.5093994140625,3.0,4.0,1.0,1.0,12-14 años,6.856998050794962,0,1,1,0
1,12.0,2.0,1.0,2.0,6.0,2.0,949.5093994140625,1.0,4.0,1.0,1.0,12-14 años,6.856998050794962,0,1,1,0
1,19.0,1.0,1.0,2.0,6.0,2.0,2606.25,5.0,3.0,1.0,1.0,17-19 años,7.8660513050013225,0,1,1,0
1,18.0,2.0,1.0,2.0,6.0,2.0,1075.0,4.0,3.0,1.0,1.0,17-19 años,6.98100574072173,0,1,1,0
1,13.0,2.0,1.0,2.0,6.0,2.0,1250.0,3.0,5.0,1.0,1.0,12-14 años,7.1316985104669115,0,1,1,0
1,8.0,1.0,1.0,2.0,6.0,2.0,1048.5416259765625,1.0,5.0,1.0,1.0,6-11 años,6.956108801148335,0,1,1,0
1,17.0,1.0,1.0,2.0,6.0,2.0,1770.0833740234375,3.0,3.0,1.0,1.0,17-19 años,7.479346714045388,0,1,1,0
1,16.0,1.0,1.0,2.0,6.0,2.0,1770.0833740234375,3.0,3.0,1.0,1.0,15-16 años,7.479346714045388,0,1,1,0
1,10.0,1.0,1.0,2.0,6.0,2.0,1820.5833740234375,1.0,5.0,1.0,1.0,6-11 años,7.507461387579768,0,1,1,0
1,9.0,2.0,1.0,2.0,6.0,2.0,1421.875,1.0,3.0,1.0,1.0,6-11 años,7.260434751645381,0,1,1,0
1,6.0,1.0,1.0,2.0,6.0,2.0,1421.875,0.0,3.0,1.0,1.0,6-11 años,7.260434751645381,0,1,1,0
1,19.0,2.0,1.0,2.0,6.0,2.0,2101.566650390625,4.0,5.0,1.0,1.0,17-19 años,7.65091409188716,0,1,1,0
1,13.0,2.0,1.0,2.0,6.0,2.0,2101.566650390625,3.0,5.0,1.0,1.0,12-14 años,7.65091409188716,0,1,1,0
1,13.0,2.0,1.0,2.0,4.0,2.0,2101.566650390625,2.0,5.0,1.0,1.0,12-14 años,7.65091409188716,0,1,1,0
1,15.0,2.0,1.0,2.0,6.0,2.0,989.9375,3.0,3.0,1.0,1.0,15-16 años,6.898651464732667,0,1,1,0
1,6.0,1.0,1.0,2.0,6.0,2.0,989.9375,0.0,3.0,1.0,1.0,6-11 años,6.898651464732667,0,1,1,0
1,7.0,1.0,1.0,2.0,6.0,2.0,1986.1112060546875,1.0,4.0,1.0,1.0,6-11 años,7.594437207797353,0,1,1,0
1,17.0,2.0,1.0,2.0,6.0,1.0,1709.39453125,3.0,8.0,1.0,1.0,17-19 años,7.444479342914173,0,1,1,0
1,16.0,2.0,1.0,2.0,6.0,1.0,3038.800048828125,3.0,3.0,1.0,1.0,15-16 años,8.019547018825302,0,1,1,0
1,15.0,2.0,1.0,2.0,6.0,1.0,3038.800048828125,3.0,3.0,1.0,1.0,15-16 años,8.019547018825302,0,1,1,0
1,8.0,1.0,1.0,2.0,6.0,2.0,398.875,1.0,3.0,1.0,1.0,6-11 años,5.991151998269682,0,1,1,0
1,6.0,2.0,1.0,2.0,6.0,2.0,3122.916748046875,0.0,3.0,1.0,1.0,6-11 años,8.046842861451752,0,1,1,0
1,7.0,2.0,1.0,2.0,6.0,2.0,1817.5,1.0,3.0,1.0,1.0,6-11 años,7.5057672644270435,0,1,1,0
1,14.0,2.0,1.0,2.0,6.0,2.0,1817.5,3.0,3.0,1.0,1.0,12-14 años,7.5057672644270435,0,1,1,0
1,18.0,1.0,1.0,2.0,6.0,2.0,1599.7916259765625,3.0,3.0,1.0,1.0,17-19 años,7.378253552106767,0,1,1,0
1,7.0,2.0,1.0,2.0,6.0,2.0,1599.7916259765625,1.0,3.0,1.0,1.0,6-11 años,7.378253552106767,0,1,1,0
1,17.0,2.0,1.0,2.0,6.0,2.0,945.3333740234375,3.0,9.0,1.0,1.0,17-19 años,6.852594910802505,0,1,1,0
1,14.0,1.0,1.0,2.0,6.0,2.0,1625.0,3.0,3.0,1.0,1.0,12-14 años,7.3938782901077555,0,1,1,0
1,14.0,1.0,1.0,2.0,6.0,2.0,5750.0,3.0,3.0,1.0,1.0,12-14 años,8.657129031713755,0,1,1,0
1,14.0,2.0,1.0,2.0,6.0,2.0,4021.23974609375,3.0,3.0,1.0,1.0,12-14 años,8.299594177231793,0,1,1,0
1,8.0,1.0,1.0,2.0,6.0,2.0,4021.23974609375,1.0,3.0,1.0,1.0,6-11 años,8.299594177231793,0,1,1,0
1,17.0,2.0,1.0,2.0,6.0,2.0,2643.333251953125,3.0,3.0,1.0,1.0,17-19 años,7.880174233858571,0,1,1,0
1,12.0,2.0,1.0,2.0,6.0,2.0,787.5,1.0,3.0,1.0,1.0,12-14 años,6.670132406403093,0,1,1,0
1,8.0,1.0,1.0,2.0,6.0,2.0,787.5,0.0,3.0,1.0,1.0,6-11 años,6.670132406403093,0,1,1,0
1,11.0,1.0,1.0,2.0,6.0,2.0,872.67919921875,1.0,5.0,1.0,1.0,6-11 años,6.772713259327784,0,1,1,0
1,8.0,1.0,1.0,2.0,6.0,2.0,625.0,1.0,3.0,1.0,1.0,6-11 años,6.439350371100098,0,1,1,0
1,15.0,2.0,1.0,2.0,6.0,2.0,1035.4166259765625,3.0,1.0,1.0,1.0,15-16 años,6.943524490605368,0,1,1,0
1,15.0,1.0,1.0,2.0,6.0,2.0,776.6666870117188,3.0,5.0,1.0,1.0,15-16 años,6.656298009514981,0,1,1,0
1,15.0,1.0,1.0,2.0,6.0,2.0,2543.666748046875,3.0,5.0,1.0,1.0,15-16 años,7.84175497661776,0,1,1,0
1,15.0,2.0,1.0,2.0,6.0,2.0,1549.0,3.0,5.0,1.0,1.0,15-16 años,7.346010209913293,0,1,1,0
1,12.0,2.0,1.0,2.0,6.0,2.0,1549.0,1.0,5.0,1.0,1.0,12-14 años,7.346010209913293,0,1,1,0
1,10.0,1.0,1.0,2.0,6.0,2.0,2033.3333740234375,1.0,3.0,1.0,1.0,6-11 años,7.617923463878075,0,1,1,0
1,17.0,2.0,1.0,2.0,6.0,2.0,1614.5999755859375,3.0,5.0,1.0,1.0,17-19 años,7.387461668577806,0,1,1,0
1,8.0,2.0,1.0,2.0,6.0,2.0,1833.3333740234375,1.0,2.0,1.0,1.0,6-11 años,7.5144364105741515,0,1,1,0
1,18.0,2.0,1.0,2.0,6.0,1.0,433.0,3.0,3.0,1.0,1.0,17-19 años,6.073044534100405,0,1,1,0
1,13.0,1.0,1.0,2.0,6.0,2.0,433.0,3.0,3.0,1.0,1.0,12-14 años,6.073044534100405,0,1,1,0
1,8.0,2.0,1.0,2.0,6.0,2.0,433.0,1.0,3.0,1.0,1.0,6-11 años,6.073044534100405,0,1,1,0
1,17.0,1.0,1.0,2.0,6.0,2.0,584.5499877929688,3.0,3.0,1.0,1.0,17-19 años,6.372551555641026,0,1,1,0
1,18.0,2.0,1.0,2.0,6.0,2.0,2571.066650390625,4.0,3.0,1.0,1.0,17-19 años,7.8524649988594755,0,1,1,0
1,14.0,2.0,1.0,2.0,6.0,2.0,2571.066650390625,3.0,3.0,1.0,1.0,12-14 años,7.8524649988594755,0,1,1,0
1,9.0,2.0,1.0,2.0,6.0,2.0,750.0,1.0,5.0,1.0,1.0,6-11 años,6.621405651764134,0,1,1,0
1,17.0,1.0,1.0,2.0,6.0,2.0,5804.94140625,3.0,3.0,1.0,1.0,17-19 años,8.66663705260289,0,1,1,0
1,18.0,2.0,1.0,2.0,6.0,2.0,9491.0,4.0,3.0,1.0,1.0,17-19 años,9.158204617555654,0,1,1,0
1,16.0,2.0,1.0,2.0,6.0,2.0,881.25,3.0,3.0,1.0,1.0,15-16 años,6.78247546255538,0,1,1,0
1,18.0,1.0,1.0,2.0,6.0,2.0,2256.5,4.0,4.0,1.0,1.0,17-19 años,7.7220132852911405,0,1,1,0
1,6.0,1.0,1.0,2.0,6.0,2.0,1823.6666259765625,0.0,3.0,1.0,1.0,6-11 años,7.509152578632494,0,1,1,0
1,19.0,1.0,1.0,2.0,6.0,2.0,1250.0,5.0,3.0,1.0,1.0,17-19 años,7.1316985104669115,0,1,1,0
1,15.0,2.0,1.0,2.0,6.0,2.0,1250.0,3.0,3.0,1.0,1.0,15-16 años,7.1316985104669115,0,1,1,0
1,17.0,2.0,1.0,2.0,6.0,1.0,1138.4041748046875,3.0,2.0,1.0,1.0,17-19 años,7.038260751077399,0,1,1,0
1,10.0,2.0,1.0,2.0,6.0,1.0,1138.4041748046875,1.0,2.0,1.0,1.0,6-11 años,7.038260751077399,0,1,1,0
1,17.0,2.0,1.0,2.0,6.0,2.0,2089.583251953125,3.0,3.0,1.0,1.0,17-19 años,7.645198373946803,0,1,1,0
1,8.0,1.0,1.0,2.0,6.0,2.0,1026.6666259765625,1.0,3.0,1.0,1.0,6-11 años,6.935046099623388,0,1,1,0
1,16.0,1.0,1.0,2.0,6.0,2.0,2516.666748046875,3.0,5.0,1.0,1.0,15-16 años,7.831087857969001,0,1,1,0
1,18.0,2.0,1.0,2.0,6.0,2.0,3864.0,4.0,3.0,1.0,1.0,17-19 años,8.259716961021523,0,1,1,0
1,14.0,2.0,1.0,2.0,6.0,2.0,2211.699951171875,2.0,3.0,1.0,1.0,12-14 años,7.701968746209671,0,1,1,0
1,12.0,2.0,1.0,2.0,6.0,2.0,4059.721923828125,2.0,3.0,1.0,1.0,12-14 años,8.309116050539556,0,1,1,0
1,14.0,1.0,1.0,2.0,6.0,2.0,886.0,3.0,3.0,1.0,1.0,12-14 años,6.787844982309579,0,1,1,0
1,11.0,2.0,1.0,2.0,6.0,2.0,886.0,1.0,3.0,1.0,1.0,6-11 años,6.787844982309579,0,1,1,0
1,6.0,1.0,1.0,2.0,6.0,2.0,886.0,0.0,3.0,1.0,1.0,6-11 años,6.787844982309579,0,1,1,0
1,14.0,1.0,1.0,2.0,6.0,2.0,4607.27783203125,3.0,5.0,1.0,1.0,12-14 años,8.435609493967712,0,1,1,0
1,17.0,2.0,1.0,2.0,6.0,2.0,373.8095397949219,3.0,3.0,7.0,1.0,17-19 años,5.9264180030684175,0,1,0,0
1,14.0,2.0,1.0,2.0,6.0,2.0,373.8095397949219,3.0,3.0,7.0,1.0,12-14 años,5.9264180030684175,0,1,0,0
1,13.0,2.0,1.0,2.0,6.0,2.0,373.8095397949219,2.0,3.0,7.0,1.0,12-14 años,5.9264180030684175,0,1,0,0
1,11.0,2.0,1.0,2.0,6.0,2.0,373.8095397949219,1.0,3.0,7.0,1.0,6-11 años,5.9264180030684175,0,1,0,0
1,8.0,2.0,1.0,2.0,6.0,2.0,373.8095397949219,1.0,3.0,7.0,1.0,6-11 años,5.9264180030684175,0,1,0,0
1,15.0,1.0,1.0,2.0,6.0,2.0,557.2916259765625,3.0,5.0,7.0,1.0,15-16 años,6.324881453057422,0,1,0,0
1,14.0,1.0,1.0,2.0,6.0,2.0,1891.4666748046875,3.0,5.0,1.0,1.0,12-14 años,7.545636376070532,0,1,1,0
1,10.0,2.0,1.0,2.0,6.0,2.0,1891.4666748046875,1.0,5.0,1.0,1.0,6-11 años,7.545636376070532,0,1,1,0
1,14.0,1.0,1.0,2.0,6.0,2.0,822.8809204101562,3.0,5.0,1.0,1.0,12-14 años,6.714026005400964,0,1,1,0
1,9.0,1.0,1.0,2.0,6.0,2.0,822.8809204101562,1.0,5.0,1.0,1.0,6-11 años,6.714026005400964,0,1,1,0
1,7.0,1.0,1.0,2.0,6.0,2.0,822.8809204101562,0.0,5.0,1.0,1.0,6-11 años,6.714026005400964,0,1,1,0
1,18.0,1.0,1.0,2.0,6.0,2.0,981.6666870117188,4.0,3.0,1.0,1.0,17-19 años,6.8902699853450375,0,1,1,0
1,14.0,2.0,1.0,2.0,6.0,2.0,981.6666870117188,3.0,3.0,1.0,1.0,12-14 años,6.8902699853450375,0,1,1,0
1,10.0,2.0,1.0,2.0,6.0,2.0,1540.5,1.0,5.0,1.0,1.0,6-11 años,7.340511247326205,0,1,1,0
1,8.0,2.0,1.0,2.0,6.0,2.0,1540.5,1.0,5.0,1.0,1.0,6-11 años,7.340511247326205,0,1,1,0
1,10.0,1.0,1.0,2.0,6.0,2.0,730.8333129882812,1.0,5.0,1.0,1.0,6-11 años,6.595552773533545,0,1,1,0
1,8.0,2.0,1.0,2.0,6.0,2.0,730.8333129882812,1.0,5.0,1.0,1.0,6-11 años,6.595552773533545,0,1,1,0
1,18.0,2.0,1.0,2.0,6.0,2.0,2564.79443359375,4.0,3.0,1.0,1.0,17-19 años,7.850023430350633,0,1,1,0
1,17.0,2.0,1.0,2.0,6.0,2.0,3483.333251953125,3.0,3.0,1.0,1.0,17-19 años,8.156031985508562,0,1,1,0
1,14.0,2.0,1.0,2.0,6.0,2.0,3483.333251953125,3.0,3.0,1.0,1.0,12-14 años,8.156031985508562,0,1,1,0
1,17.0,2.0,1.0,2.0,6.0,2.0,397.1944580078125,3.0,5.0,2.0,1.0,17-19 años,5.986940473923533,0,1,1,0
1,14.0,2.0,1.0,2.0,6.0,2.0,397.1944580078125,3.0,5.0,2.0,1.0,12-14 años,5.986940473923533,0,1,1,0
1,17.0,1.0,1.0,2.0,6.0,2.0,2206.583251953125,3.0,3.0,1.0,1.0,17-19 años,7.6996536449960375,0,1,1,0
1,13.0,2.0,1.0,2.0,6.0,2.0,2206.583251953125,3.0,3.0,1.0,1.0,12-14 años,7.6996536449960375,0,1,1,0
1,19.0,2.0,1.0,2.0,6.0,2.0,2589.583251953125,4.0,3.0,1.0,1.0,17-19 años,7.85963832314556,0,1,1,0
1,10.0,2.0,1.0,2.0,6.0,2.0,1029.166748046875,1.0,5.0,1.0,1.0,6-11 años,6.937475959428343,0,1,1,0
1,18.0,2.0,1.0,2.0,6.0,2.0,610.0,3.0,5.0,1.0,1.0,17-19 años,6.415096959171596,0,1,1,0
1,15.0,1.0,1.0,2.0,6.0,2.0,610.0,3.0,5.0,1.0,1.0,15-16 años,6.415096959171596,0,1,1,0
1,19.0,2.0,1.0,2.0,6.0,2.0,1911.5316162109375,4.0,5.0,1.0,1.0,17-19 años,7.556183096916174,0,1,1,0
1,14.0,1.0,1.0,2.0,6.0,2.0,1034.449951171875,3.0,5.0,1.0,1.0,12-14 años,6.942591346661164,0,1,1,0
1,12.0,2.0,1.0,2.0,6.0,2.0,1034.449951171875,2.0,5.0,1.0,1.0,12-14 años,6.942591346661164,0,1,1,0
1,18.0,1.0,1.0,2.0,6.0,2.0,1208.3333740234375,3.0,3.0,1.0,1.0,17-19 años,7.097824556213641,0,1,1,0
1,14.0,2.0,1.0,2.0,6.0,2.0,1485.5555419921875,3.0,2.0,1.0,1.0,12-14 años,7.304217006013376,0,1,1,0
1,15.0,1.0,1.0,2.0,6.0,2.0,1258.3333740234375,3.0,3.0,1.0,1.0,15-16 años,7.138337791704174,0,1,1,0
1,6.0,2.0,1.0,2.0,6.0,2.0,1258.3333740234375,0.0,3.0,1.0,1.0,6-11 años,7.138337791704174,0,1,1,0
1,18.0,1.0,1.0,2.0,6.0,2.0,875.0,3.0,3.0,1.0,1.0,17-19 años,6.775366090936392,0,1,1,0
1,14.0,2.0,1.0,2.0,6.0,2.0,875.0,3.0,3.0,1.0,1.0,12-14 años,6.775366090936392,0,1,1,0
1,18.0,1.0,1.0,2.0,6.0,2.0,1672.916748046875,3.0,4.0,1.0,1.0,17-19 años,7.422921517463189,0,1,1,0
1,16.0,2.0,1.0,2.0,6.0,2.0,1672.916748046875,3.0,4.0,1.0,1.0,15-16 años,7.422921517463189,0,1,1,0
1,18.0,1.0,1.0,2.0,54.0,2.0,3750.0,3.0,3.0,1.0,1.0,17-19 años,8.229777750081887,0,1,1,0
1,17.0,2.0,1.0,2.0,6.0,2.0,3750.0,3.0,3.0,1.0,1.0,17-19 años,8.229777750081887,0,1,1,0
1,19.0,2.0,1.0,2.0,6.0,2.0,2002.5,4.0,3.0,1.0,1.0,17-19 años,7.602650930076199,0,1,1,0
1,15.0,1.0,1.0,2.0,6.0,2.0,2002.5,3.0,3.0,1.0,1.0,15-16 años,7.602650930076199,0,1,1,0
1,15.0,2.0,1.0,2.0,6.0,2.0,1118.75,3.0,3.0,1.0,1.0,15-16 años,7.0208607250874095,0,1,1,0
1,6.0,2.0,1.0,2.0,6.0,2.0,3502.0,0.0,3.0,1.0,1.0,6-11 años,8.161375023197486,0,1,1,0
1,13.0,1.0,1.0,2.0,6.0,2.0,390.0,3.0,5.0,1.0,1.0,12-14 años,5.968707559985366,0,1,1,0
1,15.0,1.0,1.0,2.0,6.0,2.0,1046.6666259765625,3.0,3.0,1.0,1.0,15-16 años,6.954320709290669,0,1,1,0
1,6.0,1.0,1.0,2.0,6.0,2.0,1046.6666259765625,0.0,3.0,1.0,1.0,6-11 años,6.954320709290669,0,1,1,0
0,19.0,2.0,1.0,2.0,6.0,2.0,859.0,4.0,5.0,1.0,1.0,17-19 años,6.756932389247553,0,1,1,1
1,14.0,2.0,1.0,2.0,6.0,2.0,859.0,3.0,5.0,1.0,1.0,12-14 años,6.756932389247553,0,1,1,0
1,12.0,2.0,1.0,2.0,6.0,2.0,859.0,2.0,5.0,1.0,1.0,12-14 años,6.756932389247553,0,1,1,0
1,12.0,1.0,1.0,2.0,6.0,2.0,614.9500122070312,3.0,5.0,1.0,1.0,12-14 años,6.423165811226201,0,1,1,0
1,6.0,2.0,1.0,2.0,6.0,2.0,614.9500122070312,0.0,5.0,1.0,1.0,6-11 años,6.423165811226201,0,1,1,0
1,14.0,1.0,1.0,2.0,6.0,2.0,1768.5750732421875,3.0,5.0,1.0,1.0,12-14 años,7.478494725131489,0,1,1,0
1,9.0,1.0,1.0,2.0,6.0,2.0,555.0,1.0,5.0,1.0,1.0,6-11 años,6.320768294250582,0,1,1,0
1,17.0,1.0,1.0,2.0,6.0,2.0,1820.683349609375,3.0,3.0,1.0,1.0,17-19 años,7.507516269966125,0,1,1,0
1,17.0,2.0,1.0,2.0,6.0,2.0,1215.4166259765625,3.0,5.0,1.0,1.0,17-19 años,7.103664623891783,0,1,1,0
1,9.0,2.0,1.0,2.0,6.0,2.0,2191.25,1.0,5.0,1.0,1.0,6-11 años,7.692683692659465,0,1,1,0
1,18.0,2.0,1.0,2.0,6.0,1.0,751.1400146484375,4.0,5.0,1.0,1.0,17-19 años,6.622922496310761,0,1,1,0
1,16.0,1.0,1.0,2.0,6.0,1.0,751.1400146484375,3.0,5.0,1.0,1.0,15-16 años,6.622922496310761,0,1,1,0
1,7.0,1.0,1.0,2.0,6.0,2.0,751.1400146484375,0.0,5.0,1.0,1.0,6-11 años,6.622922496310761,0,1,1,0
1,17.0,1.0,1.0,2.0,6.0,2.0,1073.4832763671875,3.0,5.0,1.0,1.0,17-19 años,6.979595151854591,0,1,1,0
1,16.0,2.0,1.0,2.0,6.0,2.0,446.8571472167969,3.0,5.0,1.0,1.0,15-16 años,6.1044743137461825,0,1,1,0
1,16.0,2.0,1.0,2.0,6.0,2.0,446.8571472167969,3.0,5.0,1.0,1.0,15-16 años,6.1044743137461825,0,1,1,0
1,17.0,2.0,1.0,2.0,6.0,2.0,1655.4166259765625,3.0,5.0,1.0,1.0,17-19 años,7.41241188903746,0,1,1,0
1,10.0,2.0,1.0,2.0,6.0,2.0,1027.291748046875,1.0,5.0,1.0,1.0,6-11 años,6.935654207353072,0,1,1,0
1,8.0,1.0,1.0,2.0,6.0,2.0,1027.291748046875,1.0,5.0,1.0,1.0,6-11 años,6.935654207353072,0,1,1,0
1,18.0,1.0,1.0,2.0,6.0,2.0,1314.5,3.0,3.0,1.0,1.0,17-19 años,7.181972100480348,0,1,1,0
1,14.0,1.0,1.0,2.0,6.0,2.0,1314.5,3.0,3.0,1.0,1.0,12-14 años,7.181972100480348,0,1,1,0
1,8.0,1.0,1.0,2.0,6.0,2.0,1314.5,1.0,3.0,1.0,1.0,6-11 años,7.181972100480348,0,1,1,0
0,19.0,2.0,1.0,2.0,6.0,2.0,737.3333740234375,4.0,5.0,1.0,1.0,17-19 años,6.604395448921875,0,1,1,1
1,11.0,2.0,1.0,2.0,6.0,2.0,737.3333740234375,1.0,5.0,1.0,1.0,6-11 años,6.604395448921875,0,1,1,0
1,15.0,1.0,1.0,2.0,6.0,2.0,804.9500122070312,3.0,2.0,1.0,1.0,15-16 años,6.6920217209890795,0,1,1,0
1,14.0,1.0,1.0,2.0,6.0,1.0,1132.7332763671875,3.0,5.0,1.0,1.0,12-14 años,7.033271250597014,0,1,1,0
1,19.0,1.0,1.0,2.0,6.0,1.0,685.75,4.0,5.0,1.0,1.0,17-19 años,6.531970324975383,0,1,1,0
1,17.0,2.0,1.0,2.0,6.0,1.0,685.75,3.0,5.0,1.0,1.0,17-19 años,6.531970324975383,0,1,1,0
1,10.0,2.0,1.0,2.0,6.0,1.0,685.75,1.0,5.0,1.0,1.0,6-11 años,6.531970324975383,0,1,1,0
1,10.0,2.0,1.0,2.0,6.0,1.0,685.75,1.0,5.0,1.0,1.0,6-11 años,6.531970324975383,0,1,1,0
1,15.0,2.0,1.0,2.0,6.0,1.0,1031.5999755859375,3.0,5.0,1.0,1.0,15-16 años,6.939835148802257,0,1,1,0
1,11.0,2.0,1.0,2.0,6.0,1.0,1031.5999755859375,1.0,5.0,1.0,1.0,6-11 años,6.939835148802257,0,1,1,0
1,10.0,1.0,1.0,2.0,6.0,1.0,1031.5999755859375,1.0,5.0,1.0,1.0,6-11 años,6.939835148802257,0,1,1,0
1,18.0,2.0,1.0,2.0,6.0,1.0,566.6666870117188,3.0,8.0,1.0,1.0,17-19 años,6.341534427834365,0,1,1,0
0,19.0,2.0,1.0,2.0,6.0,2.0,216.5738067626953,3.0,5.0,1.0,1.0,17-19 años,5.382538134403135,0,1,1,1
1,9.0,1.0,1.0,2.0,6.0,2.0,216.5738067626953,1.0,5.0,1.0,1.0,6-11 años,5.382538134403135,0,1,1,0
1,8.0,1.0,1.0,2.0,6.0,2.0,3850.0,1.0,3.0,1.0,1.0,6-11 años,8.25608813381491,0,1,1,0
1,15.0,1.0,1.0,2.0,6.0,2.0,600.0,3.0,5.0,1.0,1.0,15-16 años,6.398594934535208,0,1,1,0
1,12.0,1.0,1.0,2.0,6.0,2.0,600.0,1.0,5.0,1.0,1.0,12-14 años,6.398594934535208,0,1,1,0
1,16.0,1.0,1.0,2.0,6.0,2.0,1160.0,3.0,3.0,1.0,1.0,15-16 años,7.057036981697891,0,1,1,0
1,10.0,2.0,1.0,2.0,6.0,2.0,1160.0,1.0,3.0,1.0,1.0,6-11 años,7.057036981697891,0,1,1,0
1,18.0,2.0,1.0,2.0,6.0,2.0,852.5416870117188,4.0,5.0,1.0,1.0,17-19 años,6.749394383469064,0,1,1,0
1,15.0,1.0,1.0,2.0,6.0,2.0,2639.091796875,3.0,8.0,1.0,1.0,15-16 años,7.878568967079406,0,1,1,0
1,6.0,1.0,1.0,2.0,6.0,1.0,632.5,0.0,4.0,1.0,1.0,6-11 años,6.451259999761194,0,1,1,0
1,18.0,1.0,1.0,2.0,6.0,2.0,1282.3519287109375,4.0,5.0,1.0,1.0,17-19 años,7.1572306284133695,0,1,1,0
1,9.0,1.0,1.0,2.0,6.0,2.0,1282.3519287109375,1.0,5.0,1.0,1.0,6-11 años,7.1572306284133695,0,1,1,0
1,8.0,1.0,1.0,2.0,6.0,2.0,1282.3519287109375,1.0,5.0,1.0,1.0,6-11 años,7.1572306284133695,0,1,1,0
1,6.0,1.0,1.0,2.0,6.0,2.0,1691.25,0.0,2.0,1.0,1.0,6-11 años,7.433814283388717,0,1,1,0
1,17.0,2.0,1.0,2.0,6.0,2.0,2300.41650390625,3.0,5.0,1.0,1.0,17-19 años,7.741280083609952,0,1,1,0
1,14.0,1.0,1.0,2.0,6.0,2.0,2300.41650390625,3.0,5.0,1.0,1.0,12-14 años,7.741280083609952,0,1,1,0
1,18.0,1.0,1.0,2.0,6.0,2.0,1742.0,3.0,3.0,1.0,1.0,17-19 años,7.463363045520021,0,1,1,0
1,13.0,1.0,1.0,2.0,6.0,2.0,1742.0,2.0,3.0,1.0,1.0,12-14 años,7.463363045520021,0,1,1,0
1,18.0,2.0,1.0,2.0,6.0,1.0,2591.388916015625,3.0,3.0,1.0,1.0,17-19 años,7.860335090975691,0,1,1,0
1,16.0,1.0,1.0,2.0,6.0,2.0,1951.0,3.0,3.0,1.0,1.0,15-16 años,7.5766097669730375,0,1,1,0
1,6.0,1.0,1.0,2.0,6.0,2.0,1951.0,0.0,3.0,1.0,1.0,6-11 años,7.5766097669730375,0,1,1,0
1,18.0,1.0,1.0,2.0,6.0,1.0,2648.0,3.0,5.0,1.0,1.0,17-19 años,7.88193748927207,0,1,1,0
1,7.0,1.0,1.0,2.0,6.0,2.0,715.625,1.0,3.0,1.0,1.0,6-11 años,6.574552691228547,0,1,1,0
1,10.0,2.0,1.0,2.0,6.0,2.0,1309.0,1.0,3.0,1.0,1.0,6-11 años,7.177782416195197,0,1,1,0
1,7.0,2.0,1.0,2.0,6.0,2.0,3105.5556640625,1.0,3.0,1.0,1.0,6-11 años,8.041269887921194,0,1,1,0
1,12.0,1.0,1.0,2.0,6.0,2.0,783.9000244140625,2.0,5.0,1.0,1.0,12-14 años,6.665556352237447,0,1,1,0
1,9.0,1.0,1.0,2.0,6.0,2.0,783.9000244140625,1.0,5.0,1.0,1.0,6-11 años,6.665556352237447,0,1,1,0
1,6.0,1.0,1.0,2.0,6.0,2.0,783.9000244140625,0.0,5.0,1.0,1.0,6-11 años,6.665556352237447,0,1,1,0
1,10.0,1.0,1.0,2.0,6.0,2.0,1350.5999755859375,1.0,5.0,1.0,1.0,6-11 años,7.209044336777052,0,1,1,0
1,6.0,1.0,1.0,2.0,6.0,2.0,1350.5999755859375,0.0,5.0,1.0,1.0,6-11 años,7.209044336777052,0,1,1,0
1,17.0,1.0,1.0,2.0,6.0,2.0,989.8533325195312,3.0,5.0,1.0,1.0,17-19 años,6.898566523901234,0,1,1,0
1,14.0,1.0,1.0,2.0,6.0,2.0,989.8533325195312,3.0,5.0,1.0,1.0,12-14 años,6.898566523901234,0,1,1,0
1,18.0,1.0,1.0,2.0,6.0,2.0,1233.3333740234375,4.0,5.0,1.0,1.0,17-19 años,7.11828632521075,0,1,1,0
1,15.0,2.0,1.0,2.0,6.0,2.0,1233.3333740234375,3.0,5.0,1.0,1.0,15-16 años,7.11828632521075,0,1,1,0
1,19.0,2.0,1.0,2.0,6.0,2.0,670.0,4.0,5.0,1.0,1.0,17-19 años,6.508769136971682,0,1,1,0
1,13.0,2.0,1.0,2.0,6.0,2.0,670.0,2.0,5.0,1.0,1.0,12-14 años,6.508769136971682,0,1,1,0
1,12.0,1.0,1.0,2.0,6.0,2.0,2713.61669921875,1.0,3.0,1.0,1.0,12-14 años,7.906406043476399,0,1,1,0
1,15.0,2.0,1.0,2.0,6.0,2.0,1308.8333740234375,3.0,5.0,1.0,1.0,15-16 años,7.17765521270322,0,1,1,0
1,6.0,2.0,1.0,2.0,6.0,2.0,969.4166870117188,0.0,3.0,1.0,1.0,6-11 años,6.877725553495716,0,1,1,0
1,17.0,2.0,1.0,2.0,6.0,2.0,704.8611450195312,3.0,5.0,1.0,1.0,17-19 años,6.55941853970691,0,1,1,0
1,14.0,2.0,1.0,2.0,6.0,2.0,704.8611450195312,3.0,5.0,1.0,1.0,12-14 años,6.55941853970691,0,1,1,0
1,17.0,1.0,1.0,2.0,6.0,2.0,704.8611450195312,3.0,5.0,1.0,1.0,17-19 años,6.55941853970691,0,1,1,0
1,13.0,2.0,1.0,2.0,6.0,2.0,2740.683349609375,2.0,3.0,1.0,1.0,12-14 años,7.916327371910856,0,1,1,0
1,13.0,1.0,1.0,2.0,6.0,1.0,1388.066650390625,2.0,2.0,1.0,1.0,12-14 años,7.236387326045622,0,1,1,0
1,12.0,1.0,1.0,2.0,6.0,2.0,1465.625,3.0,5.0,1.0,1.0,12-14 años,7.290719121743788,0,1,1,0
1,7.0,1.0,1.0,2.0,6.0,2.0,2123.75,1.0,3.0,1.0,1.0,6-11 años,7.661409427378736,0,1,1,0
1,11.0,2.0,1.0,2.0,6.0,2.0,1375.0,1.0,2.0,1.0,1.0,6-11 años,7.226936018493289,0,1,1,0
1,7.0,1.0,1.0,2.0,6.0,2.0,1375.0,0.0,2.0,1.0,1.0,6-11 años,7.226936018493289,0,1,1,0
1,15.0,2.0,1.0,2.0,6.0,2.0,3706.666748046875,3.0,3.0,1.0,1.0,15-16 años,8.21815804887309,0,1,1,0
1,13.0,2.0,1.0,2.0,6.0,2.0,3706.666748046875,3.0,3.0,1.0,1.0,12-14 años,8.21815804887309,0,1,1,0
1,10.0,1.0,1.0,2.0,6.0,2.0,3706.666748046875,1.0,3.0,1.0,1.0,6-11 años,8.21815804887309,0,1,1,0
1,18.0,2.0,1.0,2.0,6.0,2.0,12722.7080078125,3.0,3.0,1.0,1.0,17-19 años,9.451222304461467,0,1,1,0
1,12.0,2.0,1.0,2.0,6.0,2.0,12722.7080078125,2.0,3.0,1.0,1.0,12-14 años,9.451222304461467,0,1,1,0
1,17.0,2.0,1.0,2.0,6.0,2.0,1005.5556030273438,3.0,2.0,1.0,1.0,17-19 años,6.914289487495679,0,1,1,0
1,9.0,1.0,1.0,2.0,6.0,2.0,1005.5556030273438,1.0,2.0,1.0,1.0,6-11 años,6.914289487495679,0,1,1,0
1,16.0,2.0,1.0,2.0,6.0,2.0,8175.0,3.0,3.0,1.0,1.0,15-16 años,9.008958312443486,0,1,1,0
1,14.0,2.0,1.0,2.0,6.0,2.0,8175.0,3.0,3.0,1.0,1.0,12-14 años,9.008958312443486,0,1,1,0
1,13.0,1.0,1.0,2.0,6.0,2.0,2166.666748046875,3.0,3.0,1.0,1.0,12-14 años,7.6814066367438105,0,1,1,0
1,9.0,2.0,1.0,2.0,6.0,2.0,1500.0,1.0,3.0,1.0,1.0,6-11 años,7.313886831633462,0,1,1,0
1,6.0,2.0,1.0,2.0,6.0,2.0,1500.0,0.0,3.0,1.0,1.0,6-11 años,7.313886831633462,0,1,1,0
1,12.0,1.0,1.0,2.0,6.0,2.0,840.4166870117188,3.0,5.0,1.0,1.0,12-14 años,6.735087003395842,0,1,1,0
1,7.0,1.0,1.0,2.0,6.0,2.0,840.4166870117188,1.0,5.0,1.0,1.0,6-11 años,6.735087003395842,0,1,1,0
1,12.0,1.0,1.0,2.0,6.0,2.0,2889.583251953125,2.0,4.0,1.0,1.0,12-14 años,7.969213578028928,0,1,1,0
1,14.0,2.0,1.0,2.0,6.0,2.0,2333.333251953125,3.0,2.0,1.0,1.0,12-14 años,7.755481584125116,0,1,1,0
1,8.0,2.0,1.0,2.0,6.0,2.0,1280.625,1.0,3.0,1.0,1.0,6-11 años,7.155884082990255,0,1,1,0
1,11.0,2.0,1.0,2.0,6.0,2.0,2541.666748046875,1.0,3.0,1.0,1.0,6-11 años,7.84096871005805,0,1,1,0
1,7.0,2.0,1.0,2.0,6.0,2.0,2541.666748046875,1.0,3.0,1.0,1.0,6-11 años,7.84096871005805,0,1,1,0
1,18.0,1.0,1.0,2.0,6.0,2.0,2020.0,4.0,3.0,1.0,1.0,17-19 años,7.611347717403621,0,1,1,0
1,6.0,2.0,1.0,2.0,6.0,2.0,2020.0,0.0,3.0,1.0,1.0,6-11 años,7.611347717403621,0,1,1,0
1,13.0,2.0,1.0,2.0,6.0,2.0,2000.0,3.0,8.0,1.0,1.0,12-14 años,7.601402334583733,0,1,1,0
1,13.0,1.0,1.0,2.0,6.0,2.0,4050.24169921875,3.0,5.0,1.0,1.0,12-14 años,8.30677870551043,0,1,1,0
1,19.0,2.0,1.0,2.0,6.0,2.0,989.875,3.0,5.0,1.0,1.0,17-19 años,6.89858839115732,0,1,1,0
1,16.0,2.0,1.0,2.0,6.0,2.0,989.875,3.0,5.0,1.0,1.0,15-16 años,6.89858839115732,0,1,1,0
1,12.0,1.0,1.0,2.0,6.0,2.0,989.875,1.0,5.0,1.0,1.0,12-14 años,6.89858839115732,0,1,1,0
1,13.0,2.0,1.0,2.0,6.0,2.0,4682.4580078125,3.0,5.0,1.0,1.0,12-14 años,8.451792006624684,0,1,1,0
1,19.0,2.0,1.0,2.0,6.0,1.0,6244.7919921875,5.0,5.0,1.0,1.0,17-19 años,8.73966323472484,0,1,1,0
1,12.0,1.0,1.0,2.0,6.0,1.0,6244.7919921875,1.0,5.0,1.0,1.0,12-14 años,8.73966323472484,0,1,1,0
1,16.0,2.0,1.0,2.0,6.0,2.0,813.6889038085938,3.0,3.0,1.0,1.0,15-16 años,6.702806327251576,0,1,1,0
1,9.0,2.0,1.0,2.0,6.0,2.0,813.6889038085938,1.0,3.0,1.0,1.0,6-11 años,6.702806327251576,0,1,1,0
1,17.0,1.0,1.0,2.0,6.0,2.0,759.1666870117188,3.0,4.0,1.0,1.0,17-19 años,6.633537734247581,0,1,1,0
1,17.0,2.0,1.0,2.0,6.0,2.0,2011.875,3.0,4.0,1.0,1.0,17-19 años,7.6073193273381605,0,1,1,0
1,15.0,2.0,1.0,2.0,6.0,2.0,2011.875,3.0,4.0,1.0,1.0,15-16 años,7.6073193273381605,0,1,1,0
1,13.0,2.0,1.0,2.0,6.0,2.0,2011.875,2.0,4.0,1.0,1.0,12-14 años,7.6073193273381605,0,1,1,0
1,15.0,1.0,1.0,2.0,6.0,2.0,2068.611083984375,3.0,3.0,1.0,1.0,15-16 años,7.6351159864742035,0,1,1,0
0,19.0,2.0,1.0,2.0,6.0,2.0,1910.0,4.0,3.0,1.0,1.0,17-19 años,7.555381944240273,0,1,1,1
1,10.0,1.0,1.0,2.0,6.0,2.0,3269.4443359375,1.0,3.0,1.0,1.0,6-11 años,8.092681137209796,0,1,1,0
1,15.0,2.0,1.0,2.0,6.0,2.0,3964.58349609375,3.0,3.0,1.0,1.0,15-16 años,8.28540828492994,0,1,1,0
1,17.0,2.0,1.0,2.0,6.0,2.0,4714.58349609375,3.0,3.0,1.0,1.0,17-19 años,8.458627940558966,0,1,1,0
1,14.0,1.0,1.0,2.0,6.0,2.0,2004.4444580078125,3.0,3.0,1.0,1.0,12-14 años,7.603620989991302,0,1,1,0
1,10.0,2.0,1.0,2.0,6.0,2.0,3219.7021484375,1.0,3.0,1.0,1.0,6-11 años,8.077354673288113,0,1,1,0
1,19.0,1.0,1.0,2.0,6.0,2.0,2000.0,4.0,3.0,1.0,1.0,17-19 años,7.601402334583733,0,1,1,0
1,13.0,1.0,1.0,2.0,6.0,2.0,3812.5,3.0,3.0,1.0,1.0,12-14 años,8.246302681604293,0,1,1,0
1,12.0,2.0,1.0,2.0,6.0,2.0,1085.2777099609375,1.0,4.0,1.0,1.0,12-14 años,6.990512185999631,0,1,1,0
1,9.0,2.0,1.0,2.0,6.0,2.0,2255.555419921875,1.0,3.0,1.0,1.0,6-11 años,7.721594779090378,0,1,1,0
1,16.0,2.0,1.0,2.0,6.0,2.0,883.3333740234375,3.0,6.0,1.0,1.0,15-16 años,6.784834111481809,0,1,1,0
1,14.0,2.0,1.0,2.0,6.0,2.0,883.3333740234375,3.0,6.0,1.0,1.0,12-14 años,6.784834111481809,0,1,1,0
1,7.0,2.0,1.0,2.0,6.0,2.0,823.8095092773438,1.0,8.0,1.0,1.0,6-11 años,6.715152461828025,0,1,1,0
1,14.0,1.0,1.0,2.0,6.0,2.0,823.8095092773438,3.0,8.0,1.0,1.0,12-14 años,6.715152461828025,0,1,1,0
1,16.0,1.0,1.0,2.0,6.0,1.0,2000.0,3.0,3.0,1.0,1.0,15-16 años,7.601402334583733,0,1,1,0
0,19.0,1.0,1.0,2.0,6.0,2.0,815.4951782226562,4.0,5.0,1.0,1.0,17-19 años,6.705021006970739,0,1,1,1
1,14.0,2.0,1.0,2.0,6.0,2.0,815.4951782226562,3.0,5.0,1.0,1.0,12-14 años,6.705021006970739,0,1,1,0
1,6.0,2.0,1.0,2.0,6.0,2.0,815.4951782226562,0.0,5.0,1.0,1.0,6-11 años,6.705021006970739,0,1,1,0
1,15.0,2.0,1.0,2.0,6.0,2.0,300.0,3.0,4.0,1.0,1.0,15-16 años,5.707110264748875,0,1,1,0
1,17.0,2.0,1.0,2.0,6.0,2.0,17241.666015625,3.0,2.0,1.0,1.0,17-19 años,9.755142173539506,0,1,1,0
1,19.0,1.0,1.0,2.0,6.0,2.0,2598.0,4.0,3.0,1.0,1.0,17-19 años,7.8628820346414905,0,1,1,0
1,14.0,2.0,1.0,2.0,6.0,2.0,1713.8890380859375,3.0,3.0,1.0,1.0,12-14 años,7.447103656682326,0,1,1,0
1,15.0,2.0,1.0,2.0,6.0,2.0,771.5277709960938,3.0,3.0,1.0,1.0,15-16 años,6.649667957635239,0,1,1,0
1,13.0,1.0,1.0,2.0,6.0,2.0,771.5277709960938,2.0,3.0,1.0,1.0,12-14 años,6.649667957635239,0,1,1,0
1,11.0,2.0,1.0,2.0,6.0,2.0,771.5277709960938,1.0,3.0,1.0,1.0,6-11 años,6.649667957635239,0,1,1,0
1,11.0,1.0,1.0,2.0,6.0,2.0,1086.6666259765625,1.0,5.0,1.0,1.0,6-11 años,6.9917899705147555,0,1,1,0
1,8.0,2.0,1.0,2.0,6.0,2.0,1899.591552734375,1.0,3.0,1.0,1.0,6-11 años,7.549920460241596,0,1,1,0
1,14.0,2.0,1.0,2.0,6.0,2.0,1899.591552734375,3.0,3.0,1.0,1.0,12-14 años,7.549920460241596,0,1,1,0
1,13.0,1.0,1.0,2.0,6.0,2.0,931.8599853515625,3.0,5.0,1.0,1.0,12-14 años,6.838255120294892,0,1,1,0
1,10.0,2.0,1.0,2.0,6.0,2.0,1727.7777099609375,1.0,3.0,1.0,1.0,6-11 años,7.455169911750542,0,1,1,0
1,10.0,1.0,1.0,2.0,6.0,2.0,1866.6666259765625,1.0,3.0,1.0,1.0,6-11 años,7.532445137110576,0,1,1,0
1,10.0,2.0,1.0,2.0,6.0,2.0,2811.111083984375,1.0,3.0,1.0,1.0,6-11 años,7.941690755700942,0,1,1,0
1,18.0,1.0,1.0,2.0,6.0,2.0,2516.211181640625,3.0,3.0,1.0,1.0,17-19 años,7.830906893737551,0,1,1,0
1,11.0,2.0,1.0,2.0,6.0,2.0,1564.35546875,1.0,2.0,1.0,1.0,6-11 años,7.355868213764115,0,1,1,0
1,12.0,1.0,1.0,2.0,6.0,2.0,1641.6666259765625,1.0,3.0,1.0,1.0,12-14 años,7.404076191774484,0,1,1,0
1,19.0,1.0,1.0,2.0,6.0,2.0,1128.5333251953125,5.0,3.0,1.0,1.0,17-19 años,7.0295598398511325,0,1,1,0
1,12.0,1.0,1.0,2.0,6.0,2.0,1750.0,2.0,5.0,1.0,1.0,12-14 años,7.467942332285852,0,1,1,0
1,9.0,2.0,1.0,2.0,6.0,2.0,1750.0,1.0,5.0,1.0,1.0,6-11 años,7.467942332285852,0,1,1,0
1,18.0,2.0,1.0,2.0,6.0,1.0,1374.7750244140625,4.0,5.0,1.0,1.0,17-19 años,7.226772505426673,0,1,1,0
1,7.0,2.0,1.0,2.0,6.0,2.0,703.125,0.0,4.0,1.0,1.0,6-11 años,6.556955897214878,0,1,1,0
1,8.0,1.0,1.0,2.0,6.0,2.0,1127.5,1.0,3.0,1.0,1.0,6-11 años,7.028644596257591,0,1,1,0
1,6.0,2.0,1.0,2.0,6.0,2.0,1127.5,0.0,3.0,1.0,1.0,6-11 años,7.028644596257591,0,1,1,0
1,18.0,1.0,1.0,2.0,6.0,2.0,2165.0,4.0,2.0,1.0,1.0,17-19 años,7.680637427560936,0,1,1,0
1,17.0,2.0,1.0,2.0,6.0,1.0,428.1555480957031,3.0,5.0,1.0,1.0,17-19 años,6.061819436184362,0,1,1,0
1,16.0,2.0,1.0,2.0,6.0,2.0,504.1666564941406,3.0,3.0,1.0,1.0,15-16 años,6.224888387692778,0,1,1,0
1,11.0,1.0,1.0,2.0,6.0,2.0,504.1666564941406,1.0,3.0,1.0,1.0,6-11 años,6.224888387692778,0,1,1,0
1,14.0,1.0,1.0,2.0,6.0,2.0,3360.666748046875,3.0,4.0,1.0,1.0,12-14 años,8.120192185928493,0,1,1,0
1,18.0,1.0,1.0,2.0,6.0,2.0,3029.166748046875,3.0,3.0,1.0,1.0,17-19 años,8.016372929347895,0,1,1,0
1,15.0,1.0,1.0,2.0,6.0,2.0,1995.833251953125,3.0,3.0,1.0,1.0,15-16 años,7.599317830657211,0,1,1,0
1,12.0,2.0,1.0,2.0,6.0,2.0,1995.833251953125,1.0,3.0,1.0,1.0,12-14 años,7.599317830657211,0,1,1,0
1,8.0,2.0,1.0,2.0,6.0,2.0,1995.833251953125,1.0,3.0,1.0,1.0,6-11 años,7.599317830657211,0,1,1,0
1,7.0,1.0,1.0,2.0,6.0,2.0,2035.1708984375,1.0,3.0,1.0,1.0,6-11 años,7.61882631247662,0,1,1,0
1,15.0,2.0,1.0,2.0,6.0,2.0,408.3333435058594,3.0,5.0,1.0,1.0,15-16 años,6.014529844890426,0,1,1,0
1,8.0,1.0,1.0,2.0,6.0,2.0,408.3333435058594,1.0,5.0,1.0,1.0,6-11 años,6.014529844890426,0,1,1,0
1,19.0,1.0,1.0,2.0,6.0,2.0,2733.333251953125,4.0,3.0,1.0,1.0,17-19 años,7.913642901572281,0,1,1,0
1,10.0,2.0,1.0,2.0,6.0,2.0,541.25,1.0,3.0,1.0,1.0,6-11 años,6.295727149706984,0,1,1,0
1,15.0,2.0,1.0,2.0,6.0,2.0,4922.69140625,3.0,3.0,1.0,1.0,15-16 años,8.501813813985823,0,1,1,0
1,11.0,1.0,1.0,2.0,6.0,2.0,4922.69140625,1.0,3.0,1.0,1.0,6-11 años,8.501813813985823,0,1,1,0
1,14.0,2.0,1.0,2.0,6.0,2.0,1713.9444580078125,3.0,3.0,1.0,1.0,12-14 años,7.447135973074327,0,1,1,0
1,12.0,1.0,1.0,2.0,6.0,2.0,1713.9444580078125,1.0,3.0,1.0,1.0,12-14 años,7.447135973074327,0,1,1,0
1,14.0,2.0,1.0,2.0,6.0,2.0,1000.0,3.0,3.0,1.0,1.0,12-14 años,6.90875477931522,0,1,1,0
1,7.0,2.0,1.0,2.0,6.0,2.0,1000.0,1.0,3.0,1.0,1.0,6-11 años,6.90875477931522,0,1,1,0
1,18.0,1.0,1.0,2.0,6.0,2.0,8538.333984375,4.0,4.0,1.0,1.0,17-19 años,9.052438295963308,0,1,1,0
1,15.0,1.0,1.0,2.0,6.0,2.0,878.63330078125,3.0,3.0,1.0,1.0,15-16 años,6.779505116969486,0,1,1,0
1,10.0,2.0,1.0,2.0,6.0,2.0,878.63330078125,1.0,3.0,1.0,1.0,6-11 años,6.779505116969486,0,1,1,0
0,17.0,1.0,1.0,2.0,6.0,2.0,1282.2916259765625,0.0,3.0,1.0,1.0,17-19 años,7.157183638846567,0,1,1,1
1,13.0,1.0,1.0,2.0,6.0,2.0,1282.2916259765625,3.0,3.0,1.0,1.0,12-14 años,7.157183638846567,0,1,1,0
1,19.0,2.0,1.0,2.0,6.0,2.0,1420.0,4.0,3.0,1.0,1.0,17-19 años,7.259116128097101,0,1,1,0
1,11.0,2.0,1.0,2.0,6.0,2.0,1420.0,1.0,3.0,1.0,1.0,6-11 años,7.259116128097101,0,1,1,0
1,16.0,2.0,1.0,2.0,6.0,2.0,2334.375,3.0,3.0,1.0,1.0,15-16 años,7.755927756780001,0,1,1,0
1,10.0,2.0,1.0,2.0,6.0,2.0,2334.375,1.0,3.0,1.0,1.0,6-11 años,7.755927756780001,0,1,1,0
1,10.0,1.0,1.0,2.0,6.0,2.0,2535.395751953125,1.0,3.0,1.0,1.0,6-11 años,7.838499356991295,0,1,1,0
1,15.0,2.0,1.0,2.0,6.0,2.0,2535.395751953125,3.0,3.0,1.0,1.0,15-16 años,7.838499356991295,0,1,1,0
1,13.0,1.0,1.0,2.0,6.0,2.0,4042.233154296875,3.0,3.0,1.0,1.0,12-14 años,8.304799936614376,0,1,1,0
1,15.0,2.0,1.0,2.0,6.0,1.0,1563.606689453125,3.0,3.0,1.0,1.0,15-16 años,7.355389754745564,0,1,1,0
1,12.0,1.0,1.0,2.0,6.0,2.0,687.0,1.0,5.0,1.0,1.0,12-14 años,6.5337888379333435,0,1,1,0
1,10.0,2.0,1.0,2.0,6.0,2.0,1716.6666259765625,1.0,5.0,1.0,1.0,6-11 años,7.44872203597094,0,1,1,0
0,19.0,2.0,1.0,2.0,6.0,2.0,2455.0,4.0,3.0,1.0,1.0,17-19 años,7.806289289267033,0,1,1,1
1,12.0,1.0,1.0,2.0,6.0,2.0,2455.0,1.0,3.0,1.0,1.0,12-14 años,7.806289289267033,0,1,1,0
1,14.0,1.0,1.0,2.0,6.0,2.0,2455.0,3.0,3.0,1.0,1.0,12-14 años,7.806289289267033,0,1,1,0
1,8.0,2.0,1.0,2.0,6.0,2.0,1302.0833740234375,1.0,3.0,1.0,1.0,6-11 años,7.1724885612815275,0,1,1,0
1,8.0,2.0,1.0,2.0,6.0,2.0,1237.083251953125,1.0,8.0,1.0,1.0,6-11 años,7.12131969811855,0,1,1,0
1,13.0,2.0,1.0,2.0,6.0,1.0,1944.1666259765625,3.0,3.0,1.0,1.0,12-14 años,7.573102921265729,0,1,1,0
1,10.0,1.0,1.0,2.0,6.0,1.0,1944.1666259765625,1.0,3.0,1.0,1.0,6-11 años,7.573102921265729,0,1,1,0
1,13.0,2.0,1.0,2.0,6.0,2.0,1721.875,3.0,3.0,1.0,1.0,12-14 años,7.451749686014603,0,1,1,0
1,9.0,2.0,1.0,2.0,6.0,2.0,2329.166748046875,1.0,2.0,1.0,1.0,6-11 años,7.753695109684399,0,1,1,0
1,10.0,2.0,1.0,2.0,6.0,2.0,2038.6112060546875,1.0,3.0,1.0,1.0,6-11 años,7.620514483407272,0,1,1,0
1,10.0,2.0,1.0,2.0,6.0,2.0,1729.1666259765625,1.0,3.0,1.0,1.0,6-11 años,7.455972998447164,0,1,1,0
1,7.0,2.0,1.0,2.0,6.0,2.0,1729.1666259765625,1.0,3.0,1.0,1.0,6-11 años,7.455972998447164,0,1,1,0
1,8.0,2.0,1.0,2.0,6.0,1.0,1228.3333740234375,1.0,3.0,1.0,1.0,6-11 años,7.1142273291077,0,1,1,0
1,15.0,1.0,1.0,2.0,6.0,2.0,1794.333251953125,3.0,3.0,1.0,1.0,15-16 años,7.492945939374688,0,1,1,0
1,11.0,1.0,1.0,2.0,6.0,2.0,1794.333251953125,1.0,3.0,1.0,1.0,6-11 años,7.492945939374688,0,1,1,0
1,13.0,1.0,1.0,2.0,6.0,2.0,1794.333251953125,3.0,3.0,1.0,1.0,12-14 años,7.492945939374688,0,1,1,0
1,10.0,1.0,1.0,2.0,6.0,1.0,1710.2777099609375,1.0,3.0,1.0,1.0,6-11 años,7.44499556929022,0,1,1,0
1,14.0,1.0,1.0,2.0,6.0,2.0,964.0,3.0,3.0,1.0,1.0,12-14 años,6.872128101338986,0,1,1,0
1,17.0,1.0,1.0,2.0,6.0,2.0,1136.111083984375,3.0,3.0,1.0,1.0,17-19 años,7.036246188172981,0,1,1,0
1,11.0,1.0,1.0,2.0,6.0,2.0,338.1944274902344,1.0,5.0,1.0,1.0,6-11 años,5.826573475393161,0,1,1,0
1,17.0,2.0,1.0,2.0,6.0,2.0,2000.0,3.0,3.0,1.0,1.0,17-19 años,7.601402334583733,0,1,1,0
1,14.0,2.0,1.0,2.0,6.0,2.0,2050.0,3.0,5.0,1.0,1.0,12-14 años,7.62608275807238,0,1,1,0
1,10.0,1.0,1.0,2.0,6.0,2.0,2050.0,1.0,5.0,1.0,1.0,6-11 años,7.62608275807238,0,1,1,0
1,17.0,2.0,1.0,2.0,6.0,2.0,1269.7777099609375,3.0,3.0,1.0,1.0,17-19 años,7.147384362078592,0,1,1,0
1,15.0,2.0,1.0,2.0,6.0,2.0,1269.7777099609375,3.0,3.0,1.0,1.0,15-16 años,7.147384362078592,0,1,1,0
1,10.0,1.0,1.0,2.0,6.0,2.0,1269.7777099609375,1.0,3.0,1.0,1.0,6-11 años,7.147384362078592,0,1,1,0
1,8.0,1.0,1.0,2.0,6.0,2.0,1269.7777099609375,1.0,3.0,1.0,1.0,6-11 años,7.147384362078592,0,1,1,0
1,15.0,1.0,1.0,2.0,6.0,2.0,1619.3890380859375,3.0,3.0,1.0,1.0,15-16 años,7.390421546362391,0,1,1,0
1,14.0,1.0,1.0,2.0,6.0,2.0,1619.3890380859375,3.0,3.0,1.0,1.0,12-14 años,7.390421546362391,0,1,1,0
1,11.0,1.0,1.0,2.0,6.0,2.0,1619.3890380859375,1.0,3.0,1.0,1.0,6-11 años,7.390421546362391,0,1,1,0
1,7.0,1.0,1.0,2.0,6.0,2.0,1619.3890380859375,1.0,3.0,1.0,1.0,6-11 años,7.390421546362391,0,1,1,0
1,17.0,2.0,1.0,2.0,6.0,2.0,1127.7833251953125,3.0,3.0,1.0,1.0,17-19 años,7.028895628277929,0,1,1,0
1,15.0,2.0,1.0,2.0,6.0,2.0,1127.7833251953125,3.0,3.0,1.0,1.0,15-16 años,7.028895628277929,0,1,1,0
1,13.0,1.0,1.0,2.0,6.0,2.0,1127.7833251953125,3.0,3.0,1.0,1.0,12-14 años,7.028895628277929,0,1,1,0
1,18.0,2.0,1.0,2.0,6.0,2.0,721.5,3.0,4.0,1.0,1.0,17-19 años,6.582717419986587,0,1,1,0
1,14.0,2.0,1.0,2.0,6.0,2.0,721.5,3.0,4.0,1.0,1.0,12-14 años,6.582717419986587,0,1,1,0
1,11.0,1.0,1.0,2.0,6.0,2.0,721.5,1.0,4.0,1.0,1.0,6-11 años,6.582717419986587,0,1,1,0
1,17.0,1.0,1.0,2.0,6.0,2.0,1522.833251953125,3.0,2.0,1.0,1.0,17-19 años,7.328984315531443,0,1,1,0
1,8.0,1.0,1.0,2.0,6.0,2.0,1522.833251953125,1.0,2.0,1.0,1.0,6-11 años,7.328984315531443,0,1,1,0
1,14.0,1.0,1.0,2.0,6.0,2.0,2265.83349609375,3.0,4.0,1.0,1.0,12-14 años,7.726139201005482,0,1,1,0
1,11.0,2.0,1.0,2.0,6.0,2.0,2265.83349609375,1.0,4.0,1.0,1.0,6-11 años,7.726139201005482,0,1,1,0
1,17.0,1.0,1.0,2.0,2.0,2.0,2723.333251953125,3.0,3.0,1.0,1.0,17-19 años,7.909978998976415,0,1,1,0
1,9.0,1.0,1.0,2.0,6.0,2.0,2723.333251953125,1.0,3.0,1.0,1.0,6-11 años,7.909978998976415,0,1,1,0
1,7.0,1.0,1.0,2.0,6.0,2.0,1588.8887939453125,1.0,8.0,1.0,1.0,6-11 años,7.371419351853399,0,1,1,0
1,13.0,1.0,1.0,2.0,6.0,2.0,2237.5,2.0,8.0,1.0,1.0,12-14 años,7.71356127768102,0,1,1,0
0,18.0,1.0,1.0,2.0,6.0,2.0,3635.0,4.0,3.0,1.0,1.0,17-19 años,8.19863945529737,0,1,1,1
1,7.0,1.0,1.0,2.0,6.0,2.0,1341.6666259765625,0.0,3.0,1.0,1.0,6-11 años,7.202412934864903,0,1,1,0
1,13.0,1.0,1.0,2.0,6.0,1.0,3134.333251953125,3.0,3.0,1.0,1.0,12-14 años,8.050490747881044,0,1,1,0
1,9.0,2.0,1.0,2.0,6.0,1.0,3134.333251953125,1.0,3.0,1.0,1.0,6-11 años,8.050490747881044,0,1,1,0
1,13.0,1.0,1.0,2.0,6.0,2.0,2950.0,3.0,4.0,1.0,1.0,12-14 años,7.989899374942939,0,1,1,0
1,17.0,1.0,1.0,2.0,6.0,2.0,2024.0,3.0,3.0,1.0,1.0,17-19 años,7.613324979540639,0,1,1,0
1,15.0,1.0,1.0,2.0,6.0,2.0,2038.541748046875,3.0,3.0,1.0,1.0,15-16 años,7.620480428294066,0,1,1,0
1,18.0,2.0,1.0,2.0,6.0,2.0,1841.6666259765625,4.0,6.0,1.0,1.0,17-19 años,7.518969054697212,0,1,1,0
1,13.0,1.0,1.0,2.0,6.0,2.0,1841.6666259765625,3.0,6.0,1.0,1.0,12-14 años,7.518969054697212,0,1,1,0
1,15.0,1.0,1.0,2.0,6.0,2.0,3525.93310546875,3.0,3.0,1.0,1.0,15-16 años,8.168183963645285,0,1,1,0
1,10.0,1.0,1.0,2.0,6.0,2.0,1466.6666259765625,1.0,5.0,1.0,1.0,6-11 años,7.291429089363294,0,1,1,0
1,17.0,1.0,1.0,2.0,6.0,2.0,2725.0,3.0,3.0,1.0,1.0,17-19 años,7.9105906122564775,0,1,1,0
1,15.0,1.0,1.0,2.0,6.0,2.0,2572.91650390625,3.0,3.0,1.0,1.0,15-16 años,7.85318394936508,0,1,1,0
1,7.0,2.0,1.0,2.0,6.0,2.0,2572.91650390625,1.0,3.0,1.0,1.0,6-11 años,7.85318394936508,0,1,1,0
1,7.0,2.0,1.0,2.0,6.0,2.0,6200.0,0.0,4.0,1.0,1.0,6-11 años,8.732465848349879,0,1,1,0
1,17.0,1.0,1.0,2.0,6.0,2.0,1554.1666259765625,3.0,3.0,1.0,1.0,17-19 años,7.349337973841501,0,1,1,0
1,16.0,1.0,1.0,2.0,6.0,2.0,661.111083984375,3.0,3.0,1.0,1.0,15-16 años,6.495433342440692,0,1,1,0
1,12.0,2.0,1.0,2.0,6.0,2.0,661.111083984375,1.0,3.0,1.0,1.0,12-14 años,6.495433342440692,0,1,1,0
1,16.0,2.0,1.0,2.0,6.0,2.0,2272.83349609375,3.0,5.0,1.0,1.0,15-16 años,7.729222450914564,0,1,1,0
1,13.0,1.0,1.0,2.0,6.0,2.0,2272.83349609375,2.0,5.0,1.0,1.0,12-14 años,7.729222450914564,0,1,1,0
1,19.0,1.0,1.0,2.0,6.0,2.0,2491.041748046875,5.0,3.0,1.0,1.0,17-19 años,7.820857632594816,0,1,1,0
1,19.0,1.0,1.0,2.0,6.0,2.0,2457.291748046875,4.0,3.0,1.0,1.0,17-19 años,7.807221976348104,0,1,1,0
1,11.0,1.0,1.0,2.0,6.0,2.0,2457.291748046875,1.0,3.0,1.0,1.0,6-11 años,7.807221976348104,0,1,1,0
1,17.0,1.0,1.0,2.0,6.0,2.0,2062.416748046875,3.0,3.0,1.0,1.0,17-19 años,7.632118503356644,0,1,1,0
1,16.0,1.0,1.0,2.0,6.0,2.0,2500.0,3.0,3.0,1.0,1.0,15-16 años,7.824445930877619,0,1,1,0
1,14.0,1.0,1.0,2.0,6.0,2.0,2799.16650390625,3.0,3.0,1.0,1.0,12-14 años,7.937434160076085,0,1,1,0
1,15.0,2.0,1.0,2.0,6.0,2.0,2131.944580078125,3.0,3.0,1.0,1.0,15-16 años,7.665258735985719,0,1,1,0
1,12.0,1.0,1.0,2.0,6.0,2.0,2131.944580078125,2.0,3.0,1.0,1.0,12-14 años,7.665258735985719,0,1,1,0
1,12.0,2.0,1.0,2.0,6.0,2.0,4758.33349609375,2.0,3.0,1.0,1.0,12-14 años,8.46786291559245,0,1,1,0
1,7.0,2.0,1.0,2.0,6.0,2.0,4758.33349609375,1.0,3.0,1.0,1.0,6-11 años,8.46786291559245,0,1,1,0
1,15.0,2.0,1.0,2.0,6.0,2.0,7312.5,3.0,3.0,1.0,1.0,15-16 años,8.897477234327143,0,1,1,0
1,12.0,2.0,1.0,2.0,6.0,2.0,7312.5,1.0,3.0,1.0,1.0,12-14 años,8.897477234327143,0,1,1,0
1,18.0,1.0,1.0,2.0,6.0,2.0,6837.5,3.0,3.0,1.0,1.0,17-19 años,8.830323688321606,0,1,1,0
1,14.0,2.0,1.0,2.0,6.0,2.0,6837.5,3.0,3.0,1.0,1.0,12-14 años,8.830323688321606,0,1,1,0
1,18.0,2.0,1.0,2.0,6.0,2.0,3983.33349609375,3.0,3.0,1.0,1.0,17-19 años,8.290125324059971,0,1,1,0
1,13.0,2.0,1.0,2.0,6.0,2.0,3983.33349609375,2.0,3.0,1.0,1.0,12-14 años,8.290125324059971,0,1,1,0
1,10.0,2.0,1.0,2.0,6.0,2.0,3983.33349609375,1.0,3.0,1.0,1.0,6-11 años,8.290125324059971,0,1,1,0
1,16.0,1.0,1.0,2.0,6.0,2.0,4350.0,3.0,3.0,1.0,1.0,15-16 años,8.37816098272068,0,1,1,0
1,14.0,2.0,1.0,2.0,6.0,2.0,4350.0,3.0,3.0,1.0,1.0,12-14 años,8.37816098272068,0,1,1,0
1,18.0,1.0,1.0,2.0,6.0,2.0,2833.333251953125,3.0,3.0,1.0,1.0,17-19 años,7.94956200400539,0,1,1,0
1,12.0,1.0,1.0,2.0,6.0,2.0,2833.333251953125,2.0,3.0,1.0,1.0,12-14 años,7.94956200400539,0,1,1,0
1,11.0,2.0,1.0,2.0,6.0,2.0,606.2000122070312,1.0,5.0,1.0,1.0,6-11 años,6.408858246185226,0,1,1,0
1,15.0,2.0,1.0,2.0,6.0,2.0,1243.9166259765625,3.0,5.0,1.0,1.0,15-16 años,7.126823839569314,0,1,1,0
1,16.0,1.0,1.0,2.0,6.0,2.0,2433.0,3.0,3.0,1.0,1.0,15-16 años,7.797291273547472,0,1,1,0
1,14.0,1.0,1.0,2.0,6.0,2.0,1780.0,3.0,5.0,1.0,1.0,12-14 años,7.484930283289661,0,1,1,0
1,11.0,1.0,1.0,2.0,6.0,2.0,1780.0,1.0,5.0,1.0,1.0,6-11 años,7.484930283289661,0,1,1,0
1,10.0,2.0,1.0,2.0,6.0,2.0,1353.3333740234375,1.0,5.0,1.0,1.0,6-11 años,7.211064637363996,0,1,1,0
1,18.0,1.0,1.0,2.0,6.0,2.0,2333.333251953125,3.0,3.0,1.0,1.0,17-19 años,7.755481584125116,0,1,1,0
1,7.0,2.0,1.0,2.0,6.0,2.0,1666.6666259765625,0.0,3.0,1.0,1.0,6-11 años,7.419180698420672,0,1,1,0
1,17.0,2.0,1.0,2.0,6.0,2.0,1780.0,3.0,5.0,1.0,1.0,17-19 años,7.484930283289661,0,1,1,0
1,13.0,2.0,1.0,2.0,6.0,2.0,1780.0,3.0,5.0,1.0,1.0,12-14 años,7.484930283289661,0,1,1,0
1,8.0,1.0,1.0,2.0,6.0,2.0,4500.0,1.0,3.0,1.0,1.0,6-11 años,8.412054873292933,0,1,1,0
1,15.0,2.0,1.0,2.0,6.0,2.0,1750.9666748046875,3.0,3.0,1.0,1.0,15-16 años,7.46849425008523,0,1,1,0
1,9.0,1.0,1.0,2.0,6.0,2.0,1750.9666748046875,1.0,3.0,1.0,1.0,6-11 años,7.46849425008523,0,1,1,0
1,18.0,1.0,1.0,2.0,6.0,2.0,2729.166748046875,4.0,3.0,1.0,1.0,17-19 años,7.912117966184356,0,1,1,0
1,12.0,2.0,1.0,2.0,6.0,2.0,2729.166748046875,2.0,3.0,1.0,1.0,12-14 años,7.912117966184356,0,1,1,0
1,10.0,2.0,1.0,2.0,6.0,2.0,2729.166748046875,1.0,3.0,1.0,1.0,6-11 años,7.912117966184356,0,1,1,0
1,7.0,1.0,1.0,2.0,6.0,2.0,2729.166748046875,1.0,3.0,1.0,1.0,6-11 años,7.912117966184356,0,1,1,0
1,19.0,1.0,1.0,2.0,6.0,2.0,1626.3887939453125,4.0,3.0,1.0,1.0,17-19 años,7.394732042375087,0,1,1,0
1,7.0,2.0,1.0,2.0,6.0,2.0,2573.33349609375,1.0,3.0,1.0,1.0,6-11 años,7.85334594312545,0,1,1,0
0,19.0,2.0,1.0,2.0,6.0,2.0,2175.0,4.0,3.0,1.0,1.0,17-19 años,7.685243607975833,0,1,1,1
1,16.0,2.0,1.0,2.0,6.0,2.0,2053.166748046875,3.0,2.0,1.0,1.0,15-16 años,7.627625569299975,0,1,1,0
1,11.0,1.0,1.0,2.0,6.0,2.0,2053.166748046875,1.0,2.0,1.0,1.0,6-11 años,7.627625569299975,0,1,1,0
1,14.0,2.0,1.0,2.0,6.0,2.0,2153.300048828125,3.0,3.0,1.0,1.0,12-14 años,7.675221146449807,0,1,1,0
1,13.0,1.0,1.0,2.0,6.0,2.0,1215.8333740234375,3.0,3.0,1.0,1.0,12-14 años,7.104007168267371,0,1,1,0
1,13.0,1.0,1.0,2.0,6.0,2.0,3588.5,2.0,3.0,1.0,1.0,12-14 años,8.185768196016538,0,1,1,0
1,12.0,2.0,1.0,2.0,6.0,1.0,1300.5625,1.0,3.0,1.0,1.0,12-14 años,7.1713207447952625,0,1,1,0
1,13.0,2.0,1.0,2.0,6.0,2.0,2592.744384765625,2.0,4.0,1.0,1.0,12-14 años,7.860857819067027,0,1,1,0
1,12.0,1.0,1.0,2.0,6.0,2.0,3330.555419921875,2.0,3.0,1.0,1.0,12-14 años,8.111194566990111,0,1,1,0
1,19.0,1.0,1.0,2.0,6.0,2.0,1317.333251953125,4.0,3.0,1.0,1.0,17-19 años,7.184123529804028,0,1,1,0
1,16.0,2.0,1.0,2.0,6.0,2.0,1317.333251953125,3.0,3.0,1.0,1.0,15-16 años,7.184123529804028,0,1,1,0
1,19.0,2.0,1.0,2.0,6.0,2.0,2298.75,4.0,3.0,1.0,1.0,17-19 años,7.740555700357267,0,1,1,0
1,19.0,2.0,1.0,2.0,6.0,2.0,2584.72216796875,4.0,3.0,1.0,1.0,17-19 años,7.857760116579662,0,1,1,0
1,18.0,2.0,1.0,2.0,6.0,2.0,2756.66650390625,4.0,3.0,1.0,1.0,17-19 años,7.922140131501009,0,1,1,0
1,15.0,1.0,1.0,2.0,6.0,2.0,2756.66650390625,3.0,3.0,1.0,1.0,15-16 años,7.922140131501009,0,1,1,0
1,10.0,1.0,1.0,2.0,6.0,2.0,3012.444580078125,1.0,3.0,1.0,1.0,6-11 años,8.010839082204173,0,1,1,0
1,12.0,2.0,1.0,2.0,6.0,2.0,577.0238037109375,2.0,3.0,1.0,1.0,12-14 años,6.359615050715281,0,1,1,0
1,9.0,2.0,1.0,2.0,6.0,2.0,577.0238037109375,1.0,3.0,1.0,1.0,6-11 años,6.359615050715281,0,1,1,0
1,6.0,2.0,1.0,2.0,6.0,2.0,577.0238037109375,0.0,3.0,1.0,1.0,6-11 años,6.359615050715281,0,1,1,0
1,18.0,2.0,1.0,2.0,6.0,2.0,1825.8333740234375,4.0,3.0,1.0,1.0,17-19 años,7.5103393502612406,0,1,1,0
1,10.0,2.0,1.0,2.0,6.0,2.0,1825.8333740234375,1.0,3.0,1.0,1.0,6-11 años,7.5103393502612406,0,1,1,0
1,11.0,1.0,1.0,2.0,6.0,2.0,1400.0,1.0,8.0,1.0,1.0,6-11 años,7.244941546337007,0,1,1,0
1,18.0,1.0,1.0,2.0,6.0,2.0,3706.666748046875,3.0,4.0,1.0,1.0,17-19 años,8.21815804887309,0,1,1,0
1,15.0,1.0,1.0,2.0,6.0,2.0,3706.666748046875,3.0,4.0,1.0,1.0,15-16 años,8.21815804887309,0,1,1,0
1,6.0,1.0,1.0,2.0,6.0,2.0,1710.6666259765625,0.0,5.0,1.0,1.0,6-11 años,7.445222809922336,0,1,1,0
1,6.0,1.0,1.0,2.0,6.0,1.0,767.0833129882812,0.0,5.0,1.0,1.0,6-11 años,6.6438982077175845,0,1,1,0
1,18.0,1.0,1.0,2.0,6.0,1.0,1868.5625,3.0,5.0,1.0,1.0,17-19 años,7.533459725257122,0,1,1,0
1,15.0,1.0,1.0,2.0,6.0,1.0,1868.5625,3.0,5.0,1.0,1.0,15-16 años,7.533459725257122,0,1,1,0
1,10.0,1.0,1.0,2.0,6.0,2.0,2250.0,1.0,5.0,2.0,1.0,6-11 años,7.719129840906732,0,1,1,0
1,14.0,1.0,1.0,2.0,6.0,1.0,637.5,3.0,5.0,1.0,1.0,12-14 años,6.459121675472594,0,1,1,0
1,7.0,2.0,1.0,2.0,6.0,1.0,637.5,1.0,5.0,1.0,1.0,6-11 años,6.459121675472594,0,1,1,0
1,18.0,1.0,1.0,2.0,6.0,1.0,1824.1666259765625,3.0,5.0,2.0,1.0,17-19 años,7.5094265637537925,0,1,1,0
1,8.0,2.0,1.0,2.0,6.0,1.0,1824.1666259765625,1.0,5.0,2.0,1.0,6-11 años,7.5094265637537925,0,1,1,0
0,19.0,1.0,1.0,2.0,6.0,2.0,1167.32958984375,4.0,5.0,1.0,1.0,17-19 años,7.0633303066674165,0,1,1,1
1,18.0,2.0,1.0,2.0,6.0,2.0,1167.32958984375,3.0,5.0,1.0,1.0,17-19 años,7.0633303066674165,0,1,1,0
1,15.0,1.0,1.0,2.0,6.0,2.0,1167.32958984375,3.0,5.0,1.0,1.0,15-16 años,7.0633303066674165,0,1,1,0
1,13.0,1.0,1.0,2.0,6.0,2.0,1167.32958984375,3.0,5.0,1.0,1.0,12-14 años,7.0633303066674165,0,1,1,0
1,10.0,2.0,1.0,2.0,6.0,2.0,1167.32958984375,1.0,5.0,1.0,1.0,6-11 años,7.0633303066674165,0,1,1,0
1,6.0,2.0,1.0,2.0,6.0,2.0,1167.32958984375,0.0,5.0,1.0,1.0,6-11 años,7.0633303066674165,0,1,1,0
1,19.0,1.0,1.0,2.0,6.0,2.0,1536.25,5.0,5.0,1.0,1.0,17-19 años,7.337750384833579,0,1,1,0
1,16.0,1.0,1.0,2.0,6.0,2.0,1536.25,3.0,5.0,1.0,1.0,15-16 años,7.337750384833579,0,1,1,0
0,18.0,2.0,1.0,2.0,6.0,1.0,2831.81982421875,4.0,3.0,1.0,1.0,17-19 años,7.949027898873585,0,1,1,1
0,13.0,2.0,1.0,2.0,6.0,2.0,1550.348876953125,1.0,5.0,1.0,1.0,12-14 años,7.346880074666789,0,1,1,1
1,9.0,2.0,1.0,2.0,6.0,2.0,430.0,1.0,5.0,1.0,1.0,6-11 años,6.066108090103747,0,1,1,0
0,12.0,2.0,1.0,2.0,6.0,1.0,1931.0250244140625,1.0,5.0,1.0,1.0,12-14 años,7.56632396728385,0,1,1,1
1,7.0,1.0,1.0,2.0,6.0,2.0,1931.0250244140625,1.0,5.0,1.0,1.0,6-11 años,7.56632396728385,0,1,1,0
1,17.0,1.0,1.0,2.0,6.0,2.0,853.3333129882812,3.0,5.0,9.0,1.0,17-19 años,6.75032141388201,0,1,0,0
1,12.0,2.0,1.0,2.0,6.0,2.0,853.3333129882812,1.0,5.0,9.0,1.0,12-14 años,6.75032141388201,0,1,0,0
1,17.0,1.0,1.0,2.0,6.0,2.0,241.0,3.0,5.0,9.0,1.0,17-19 años,5.488937726156687,0,1,0,0
1,16.0,2.0,1.0,2.0,6.0,2.0,241.0,3.0,5.0,9.0,1.0,15-16 años,5.488937726156687,0,1,0,0
1,10.0,1.0,1.0,2.0,6.0,2.0,241.0,1.0,5.0,9.0,1.0,6-11 años,5.488937726156687,0,1,0,0
1,18.0,2.0,1.0,2.0,6.0,2.0,2057.85400390625,4.0,5.0,4.0,1.0,17-19 años,7.629904798203109,0,1,0,0
1,15.0,1.0,1.0,2.0,6.0,2.0,2057.85400390625,3.0,5.0,4.0,1.0,15-16 años,7.629904798203109,0,1,0,0
1,14.0,1.0,1.0,2.0,6.0,2.0,2068.657470703125,3.0,5.0,9.0,2.0,12-14 años,7.635138399476955,0,0,0,0
1,9.0,1.0,1.0,2.0,6.0,2.0,2068.657470703125,1.0,5.0,9.0,2.0,6-11 años,7.635138399476955,0,0,0,0
1,15.0,2.0,1.0,2.0,6.0,1.0,489.3916931152344,3.0,5.0,5.0,1.0,15-16 años,6.195204445480236,0,1,0,0
1,10.0,1.0,1.0,2.0,6.0,1.0,489.3916931152344,1.0,5.0,5.0,1.0,6-11 años,6.195204445480236,0,1,0,0
1,6.0,2.0,1.0,2.0,6.0,1.0,489.3916931152344,0.0,5.0,5.0,1.0,6-11 años,6.195204445480236,0,1,0,0
1,10.0,2.0,1.0,2.0,6.0,1.0,740.8856811523438,1.0,5.0,5.0,1.0,6-11 años,6.609195162769767,0,1,0,0
1,8.0,2.0,1.0,2.0,6.0,1.0,740.8856811523438,1.0,5.0,5.0,1.0,6-11 años,6.609195162769767,0,1,0,0
1,7.0,2.0,1.0,2.0,6.0,1.0,740.8856811523438,0.0,5.0,5.0,1.0,6-11 años,6.609195162769767,0,1,0,0
1,18.0,1.0,1.0,2.0,6.0,1.0,931.8400268554688,3.0,5.0,5.0,1.0,17-19 años,6.838233725112425,0,1,0,0
1,16.0,1.0,1.0,2.0,6.0,1.0,931.8400268554688,3.0,5.0,5.0,1.0,15-16 años,6.838233725112425,0,1,0,0
1,10.0,1.0,1.0,2.0,6.0,1.0,931.8400268554688,1.0,5.0,5.0,1.0,6-11 años,6.838233725112425,0,1,0,0
1,17.0,1.0,1.0,2.0,6.0,2.0,5163.9248046875,3.0,5.0,5.0,1.0,17-19 años,8.549645822819977,0,1,0,0
1,13.0,1.0,1.0,2.0,6.0,2.0,5163.9248046875,3.0,5.0,5.0,1.0,12-14 años,8.549645822819977,0,1,0,0
1,16.0,2.0,1.0,2.0,6.0,2.0,1498.22216796875,3.0,5.0,1.0,1.0,15-16 años,7.312701697906822,0,1,1,0
1,14.0,1.0,1.0,2.0,6.0,2.0,643.75,3.0,5.0,1.0,1.0,12-14 años,6.468862644761455,0,1,1,0
1,12.0,2.0,1.0,2.0,6.0,2.0,643.75,1.0,5.0,1.0,1.0,12-14 años,6.468862644761455,0,1,1,0
1,10.0,2.0,1.0,2.0,6.0,2.0,643.75,1.0,5.0,1.0,1.0,6-11 años,6.468862644761455,0,1,1,0
1,8.0,1.0,1.0,2.0,6.0,2.0,643.75,1.0,5.0,1.0,1.0,6-11 años,6.468862644761455,0,1,1,0
1,6.0,1.0,1.0,2.0,6.0,2.0,643.75,0.0,5.0,1.0,1.0,6-11 años,6.468862644761455,0,1,1,0
1,16.0,1.0,1.0,2.0,6.0,2.0,1930.5999755859375,3.0,5.0,2.0,1.0,15-16 años,7.566103941360091,0,1,1,0
1,7.0,1.0,1.0,2.0,6.0,2.0,1930.5999755859375,1.0,5.0,2.0,1.0,6-11 años,7.566103941360091,0,1,1,0
1,15.0,1.0,1.0,2.0,6.0,2.0,1025.3333740234375,3.0,5.0,2.0,1.0,15-16 años,6.933747898902481,0,1,1,0
1,12.0,1.0,1.0,2.0,6.0,2.0,1025.3333740234375,2.0,5.0,2.0,1.0,12-14 años,6.933747898902481,0,1,1,0
1,8.0,1.0,1.0,2.0,6.0,2.0,1025.3333740234375,1.0,5.0,2.0,1.0,6-11 años,6.933747898902481,0,1,1,0
1,15.0,2.0,1.0,2.0,6.0,2.0,1331.0,3.0,5.0,2.0,1.0,15-16 años,7.194436851100335,0,1,1,0
1,9.0,2.0,1.0,2.0,6.0,2.0,1331.0,1.0,5.0,2.0,1.0,6-11 años,7.194436851100335,0,1,1,0
1,8.0,1.0,1.0,2.0,6.0,2.0,1331.0,1.0,5.0,2.0,1.0,6-11 años,7.194436851100335,0,1,1,0
1,13.0,2.0,1.0,2.0,6.0,2.0,1464.875,3.0,5.0,2.0,1.0,12-14 años,7.290207612781229,0,1,1,0
1,7.0,1.0,1.0,2.0,6.0,2.0,1464.875,1.0,5.0,2.0,1.0,6-11 años,7.290207612781229,0,1,1,0
1,15.0,2.0,1.0,2.0,6.0,2.0,1212.857177734375,3.0,1.0,1.0,1.0,15-16 años,7.101558318680795,0,1,1,0
1,13.0,1.0,1.0,2.0,6.0,2.0,1212.857177734375,2.0,1.0,1.0,1.0,12-14 años,7.101558318680795,0,1,1,0
1,10.0,1.0,1.0,2.0,2.0,2.0,1212.857177734375,1.0,1.0,1.0,1.0,6-11 años,7.101558318680795,0,1,1,0
1,7.0,1.0,1.0,2.0,6.0,2.0,2391.88330078125,1.0,8.0,1.0,1.0,6-11 años,7.780254319807925,0,1,1,0
1,16.0,1.0,1.0,2.0,6.0,2.0,446.3333435058594,3.0,5.0,2.0,1.0,15-16 años,6.103304051603889,0,1,1,0
1,11.0,2.0,1.0,2.0,6.0,2.0,446.3333435058594,1.0,5.0,2.0,1.0,6-11 años,6.103304051603889,0,1,1,0
1,9.0,1.0,1.0,2.0,6.0,2.0,446.3333435058594,1.0,5.0,2.0,1.0,6-11 años,6.103304051603889,0,1,1,0
1,7.0,1.0,1.0,2.0,6.0,2.0,446.3333435058594,0.0,5.0,2.0,1.0,6-11 años,6.103304051603889,0,1,1,0
1,7.0,1.0,1.0,2.0,6.0,2.0,883.7222290039062,0.0,5.0,2.0,1.0,6-11 años,6.785273730209525,0,1,1,0
1,17.0,2.0,1.0,2.0,6.0,2.0,1019.425048828125,3.0,5.0,2.0,1.0,17-19 años,6.927974534014305,0,1,1,0
1,10.0,1.0,1.0,2.0,6.0,2.0,1019.425048828125,1.0,5.0,2.0,1.0,6-11 años,6.927974534014305,0,1,1,0
1,8.0,2.0,1.0,2.0,6.0,2.0,1019.425048828125,1.0,5.0,2.0,1.0,6-11 años,6.927974534014305,0,1,1,0
1,18.0,1.0,1.0,2.0,6.0,1.0,2588.333251953125,4.0,3.0,1.0,1.0,17-19 años,7.859155689874031,0,1,1,0
1,13.0,1.0,1.0,2.0,6.0,1.0,2588.333251953125,3.0,3.0,1.0,1.0,12-14 años,7.859155689874031,0,1,1,0
1,11.0,1.0,1.0,2.0,6.0,1.0,2588.333251953125,1.0,3.0,1.0,1.0,6-11 años,7.859155689874031,0,1,1,0
1,15.0,2.0,1.0,2.0,6.0,2.0,2172.66650390625,3.0,5.0,1.0,1.0,15-16 años,7.684170653846812,0,1,1,0
0,17.0,2.0,1.0,2.0,6.0,2.0,502.8571472167969,3.0,5.0,2.0,1.0,17-19 años,6.222292789833299,0,1,1,1
1,15.0,2.0,1.0,2.0,6.0,2.0,502.8571472167969,3.0,5.0,2.0,1.0,15-16 años,6.222292789833299,0,1,1,0
1,14.0,2.0,1.0,2.0,6.0,2.0,502.8571472167969,3.0,5.0,2.0,1.0,12-14 años,6.222292789833299,0,1,1,0
1,10.0,1.0,1.0,2.0,6.0,2.0,502.8571472167969,1.0,5.0,2.0,1.0,6-11 años,6.222292789833299,0,1,1,0
1,10.0,1.0,1.0,2.0,6.0,2.0,502.8571472167969,1.0,5.0,2.0,1.0,6-11 años,6.222292789833299,0,1,1,0
1,18.0,2.0,1.0,2.0,6.0,2.0,1230.0,3.0,5.0,1.0,1.0,17-19 años,7.115582126184454,0,1,1,0
1,16.0,1.0,1.0,2.0,6.0,2.0,1094.9000244140625,3.0,5.0,2.0,1.0,15-16 años,6.999331244746983,0,1,1,0
1,14.0,2.0,1.0,2.0,6.0,2.0,1094.9000244140625,3.0,5.0,2.0,1.0,12-14 años,6.999331244746983,0,1,1,0
1,14.0,1.0,1.0,2.0,6.0,1.0,939.29443359375,3.0,4.0,1.0,1.0,12-14 años,6.8461930534460365,0,1,1,0
1,12.0,2.0,1.0,2.0,6.0,1.0,939.29443359375,2.0,4.0,1.0,1.0,12-14 años,6.8461930534460365,0,1,1,0
1,11.0,1.0,1.0,2.0,6.0,1.0,939.29443359375,1.0,4.0,1.0,1.0,6-11 años,6.8461930534460365,0,1,1,0
1,19.0,1.0,1.0,2.0,6.0,2.0,1792.006591796875,3.0,3.0,1.0,1.0,17-19 años,7.4916491500048865,0,1,1,0
1,11.0,1.0,1.0,2.0,6.0,2.0,1792.006591796875,1.0,3.0,1.0,1.0,6-11 años,7.4916491500048865,0,1,1,0
1,9.0,2.0,1.0,2.0,6.0,2.0,1792.006591796875,1.0,3.0,1.0,1.0,6-11 años,7.4916491500048865,0,1,1,0
1,14.0,1.0,1.0,2.0,6.0,2.0,2195.0,3.0,5.0,1.0,1.0,12-14 años,7.694392802629421,0,1,1,0
1,11.0,2.0,1.0,2.0,6.0,2.0,2195.0,1.0,5.0,1.0,1.0,6-11 años,7.694392802629421,0,1,1,0
1,14.0,1.0,1.0,2.0,6.0,1.0,1186.6666259765625,3.0,5.0,3.0,1.0,12-14 años,7.079745842677183,0,1,0,0
1,16.0,1.0,1.0,2.0,6.0,1.0,1216.9444580078125,3.0,5.0,3.0,1.0,15-16 años,7.104919846251279,0,1,0,0
1,16.0,1.0,1.0,2.0,6.0,2.0,1252.5,3.0,1.0,7.0,1.0,15-16 años,7.133694917598348,0,1,0,0
1,14.0,1.0,1.0,2.0,6.0,1.0,1252.5,3.0,1.0,7.0,1.0,12-14 años,7.133694917598348,0,1,0,0
1,13.0,1.0,1.0,2.0,6.0,2.0,890.25,3.0,1.0,8.0,1.0,12-14 años,6.792624971728506,0,1,0,0
1,7.0,1.0,1.0,2.0,6.0,2.0,890.25,1.0,1.0,8.0,1.0,6-11 años,6.792624971728506,0,1,0,0
1,17.0,2.0,1.0,2.0,6.0,1.0,1071.6666259765625,3.0,1.0,8.0,1.0,17-19 años,6.977903000950622,0,1,0,0
1,15.0,2.0,1.0,2.0,6.0,2.0,1071.6666259765625,3.0,1.0,8.0,1.0,15-16 años,6.977903000950622,0,1,0,0
1,12.0,2.0,1.0,2.0,6.0,1.0,1071.6666259765625,2.0,1.0,8.0,1.0,12-14 años,6.977903000950622,0,1,0,0
1,11.0,1.0,1.0,2.0,6.0,2.0,636.25,1.0,3.0,10.0,1.0,6-11 años,6.457162043256225,0,1,0,0
1,8.0,1.0,1.0,2.0,6.0,2.0,636.25,1.0,3.0,10.0,1.0,6-11 años,6.457162043256225,0,1,0,0
1,19.0,1.0,1.0,2.0,6.0,2.0,1266.1666259765625,4.0,1.0,7.0,1.0,17-19 años,7.14453868388929,0,1,0,0
1,17.0,1.0,1.0,2.0,6.0,2.0,969.8082885742188,3.0,5.0,7.0,1.0,17-19 años,6.878129011696323,0,1,0,0
1,7.0,2.0,1.0,2.0,6.0,2.0,969.8082885742188,1.0,5.0,7.0,1.0,6-11 años,6.878129011696323,0,1,0,0
1,8.0,1.0,1.0,2.0,6.0,2.0,969.8082885742188,1.0,5.0,7.0,1.0,6-11 años,6.878129011696323,0,1,0,0
1,16.0,2.0,1.0,2.0,6.0,2.0,1339.449951171875,3.0,5.0,6.0,1.0,15-16 años,7.200760621038596,0,1,0,0
1,15.0,2.0,1.0,2.0,6.0,2.0,1339.449951171875,3.0,5.0,6.0,1.0,15-16 años,7.200760621038596,0,1,0,0
1,19.0,1.0,1.0,2.0,6.0,2.0,1961.1832275390625,4.0,8.0,7.0,1.0,17-19 años,7.58181302390918,0,1,0,0
1,14.0,2.0,1.0,2.0,6.0,2.0,2987.800048828125,3.0,5.0,7.0,1.0,12-14 años,8.002627264371556,0,1,0,0
1,7.0,2.0,1.0,2.0,6.0,2.0,2987.800048828125,1.0,5.0,7.0,1.0,6-11 años,8.002627264371556,0,1,0,0
1,17.0,2.0,1.0,2.0,6.0,2.0,1018.0,3.0,5.0,1.0,1.0,17-19 años,6.926577033222725,0,1,1,0
1,13.0,2.0,1.0,2.0,6.0,2.0,1018.0,2.0,5.0,1.0,1.0,12-14 años,6.926577033222725,0,1,1,0
1,10.0,1.0,1.0,2.0,6.0,2.0,1018.0,1.0,5.0,1.0,1.0,6-11 años,6.926577033222725,0,1,1,0
1,13.0,2.0,1.0,2.0,6.0,2.0,1125.4111328125,2.0,5.0,1.0,1.0,12-14 años,7.026791868888761,0,1,1,0
1,11.0,2.0,1.0,2.0,6.0,2.0,1125.4111328125,1.0,5.0,1.0,1.0,6-11 años,7.026791868888761,0,1,1,0
1,17.0,1.0,1.0,2.0,6.0,2.0,609.7857055664062,3.0,5.0,2.0,1.0,17-19 años,6.414746170265136,0,1,1,0
1,16.0,1.0,1.0,2.0,6.0,2.0,609.7857055664062,3.0,5.0,2.0,1.0,15-16 años,6.414746170265136,0,1,1,0
1,14.0,1.0,1.0,2.0,6.0,2.0,609.7857055664062,3.0,5.0,2.0,1.0,12-14 años,6.414746170265136,0,1,1,0
1,12.0,2.0,1.0,2.0,6.0,2.0,609.7857055664062,2.0,5.0,2.0,1.0,12-14 años,6.414746170265136,0,1,1,0
1,7.0,1.0,1.0,2.0,6.0,2.0,609.7857055664062,1.0,5.0,2.0,1.0,6-11 años,6.414746170265136,0,1,1,0
1,17.0,2.0,1.0,2.0,6.0,1.0,1357.5,3.0,8.0,1.0,1.0,17-19 años,7.214136428866403,0,1,1,0
1,7.0,2.0,1.0,2.0,6.0,2.0,3063.666748046875,1.0,5.0,1.0,1.0,6-11 años,8.027694114252405,0,1,1,0
1,16.0,2.0,1.0,2.0,6.0,2.0,4695.41650390625,3.0,4.0,1.0,1.0,15-16 años,8.454555050910995,0,1,1,0
1,17.0,2.0,1.0,2.0,6.0,2.0,1361.8499755859375,3.0,5.0,1.0,1.0,17-19 años,7.217333356369161,0,1,1,0
1,7.0,1.0,1.0,2.0,6.0,2.0,1361.8499755859375,1.0,5.0,1.0,1.0,6-11 años,7.217333356369161,0,1,1,0
1,13.0,1.0,1.0,2.0,6.0,2.0,1400.0,3.0,5.0,1.0,1.0,12-14 años,7.244941546337007,0,1,1,0
1,17.0,2.0,1.0,2.0,6.0,2.0,1312.316650390625,3.0,5.0,1.0,1.0,17-19 años,7.180311010794934,0,1,1,0
1,17.0,1.0,1.0,2.0,6.0,2.0,1387.5,3.0,5.0,1.0,1.0,17-19 años,7.235979306746854,0,1,1,0
1,16.0,1.0,1.0,2.0,6.0,2.0,915.0,3.0,3.0,1.0,1.0,15-16 años,6.82001636467413,0,1,1,0
1,15.0,1.0,1.0,2.0,6.0,2.0,915.0,3.0,3.0,1.0,1.0,15-16 años,6.82001636467413,0,1,1,0
1,10.0,2.0,1.0,2.0,6.0,2.0,915.0,1.0,3.0,1.0,1.0,6-11 años,6.82001636467413,0,1,1,0
1,18.0,2.0,1.0,2.0,6.0,2.0,1361.0,3.0,5.0,1.0,1.0,17-19 años,7.216709486709457,0,1,1,0
1,14.0,1.0,1.0,2.0,6.0,2.0,1361.0,3.0,5.0,1.0,1.0,12-14 años,7.216709486709457,0,1,1,0
1,11.0,1.0,1.0,2.0,995.0,2.0,1361.0,1.0,5.0,1.0,1.0,6-11 años,7.216709486709457,0,1,1,0
1,19.0,1.0,1.0,2.0,6.0,2.0,1500.0,4.0,5.0,1.0,1.0,17-19 años,7.313886831633462,0,1,1,0
1,11.0,2.0,1.0,2.0,6.0,1.0,1115.0,1.0,3.0,1.0,1.0,6-11 años,7.017506142941256,0,1,1,0
0,18.0,2.0,1.0,2.0,6.0,2.0,2768.5,4.0,5.0,1.0,1.0,17-19 años,7.926422077473158,0,1,1,1
1,16.0,1.0,1.0,2.0,6.0,2.0,2768.5,3.0,5.0,1.0,1.0,15-16 años,7.926422077473158,0,1,1,0
1,18.0,2.0,1.0,2.0,6.0,2.0,1910.416748046875,4.0,3.0,2.0,1.0,17-19 años,7.555599998982075,0,1,1,0
1,10.0,1.0,1.0,2.0,6.0,2.0,754.3054809570312,1.0,5.0,2.0,1.0,6-11 años,6.627122277955368,0,1,1,0
1,7.0,2.0,1.0,2.0,6.0,2.0,754.3054809570312,1.0,5.0,2.0,1.0,6-11 años,6.627122277955368,0,1,1,0
1,9.0,2.0,1.0,2.0,6.0,2.0,1171.800048828125,1.0,5.0,2.0,1.0,6-11 años,7.06714937276619,0,1,1,0
1,16.0,2.0,1.0,2.0,6.0,1.0,1510.0,3.0,5.0,1.0,1.0,15-16 años,7.32052696227274,0,1,1,0
1,7.0,2.0,1.0,2.0,6.0,1.0,1510.0,1.0,5.0,1.0,1.0,6-11 años,7.32052696227274,0,1,1,0
1,16.0,1.0,1.0,2.0,6.0,2.0,1551.199951171875,3.0,5.0,2.0,1.0,15-16 años,7.347428526962671,0,1,1,0
1,13.0,1.0,1.0,2.0,6.0,2.0,1551.199951171875,3.0,5.0,2.0,1.0,12-14 años,7.347428526962671,0,1,1,0
1,9.0,2.0,1.0,2.0,6.0,2.0,1303.853271484375,1.0,3.0,1.0,1.0,6-11 años,7.173845877791276,0,1,1,0
1,17.0,2.0,1.0,2.0,6.0,1.0,1568.9166259765625,3.0,3.0,1.0,1.0,17-19 años,7.358777792458734,0,1,1,0
0,18.0,2.0,1.0,2.0,6.0,2.0,1106.0050048828125,4.0,5.0,1.0,1.0,17-19 años,7.009413453821102,0,1,1,1
1,15.0,1.0,1.0,2.0,6.0,2.0,1106.0050048828125,3.0,5.0,1.0,1.0,15-16 años,7.009413453821102,0,1,1,0
1,12.0,1.0,1.0,2.0,6.0,2.0,1106.0050048828125,2.0,5.0,1.0,1.0,12-14 años,7.009413453821102,0,1,1,0
1,10.0,1.0,1.0,2.0,6.0,2.0,1106.0050048828125,1.0,5.0,1.0,1.0,6-11 años,7.009413453821102,0,1,1,0
1,7.0,2.0,1.0,2.0,6.0,2.0,1106.0050048828125,1.0,5.0,1.0,1.0,6-11 años,7.009413453821102,0,1,1,0
1,10.0,1.0,1.0,2.0,6.0,2.0,1424.4150390625,1.0,5.0,1.0,1.0,6-11 años,7.262218305778563,0,1,1,0
0,19.0,2.0,1.0,2.0,6.0,2.0,1372.2222900390625,4.0,5.0,1.0,1.0,17-19 años,7.224915293638705,0,1,1,1
1,17.0,2.0,1.0,2.0,6.0,2.0,1372.2222900390625,3.0,5.0,1.0,1.0,17-19 años,7.224915293638705,0,1,1,0
1,10.0,1.0,1.0,2.0,6.0,2.0,1372.2222900390625,1.0,5.0,1.0,1.0,6-11 años,7.224915293638705,0,1,1,0
0,19.0,1.0,1.0,2.0,6.0,2.0,483.3333435058594,4.0,5.0,1.0,1.0,17-19 años,6.182773395905324,0,1,1,1
1,9.0,2.0,1.0,2.0,6.0,2.0,483.3333435058594,1.0,5.0,1.0,1.0,6-11 años,6.182773395905324,0,1,1,0
1,12.0,2.0,1.0,2.0,6.0,2.0,365.5277404785156,1.0,5.0,1.0,1.0,12-14 años,5.9040742087175015,0,1,1,0
1,6.0,2.0,1.0,2.0,6.0,2.0,365.5277404785156,0.0,5.0,1.0,1.0,6-11 años,5.9040742087175015,0,1,1,0
1,14.0,1.0,1.0,2.0,6.0,1.0,1486.375,3.0,5.0,1.0,1.0,12-14 años,7.304768100275318,0,1,1,0
1,9.0,2.0,1.0,2.0,6.0,1.0,1486.375,1.0,5.0,1.0,1.0,6-11 años,7.304768100275318,0,1,1,0
1,13.0,2.0,1.0,2.0,6.0,1.0,1846.0,3.0,5.0,1.0,1.0,12-14 años,7.52131798019924,0,1,1,0
1,10.0,2.0,1.0,2.0,6.0,1.0,1846.0,1.0,5.0,1.0,1.0,6-11 años,7.52131798019924,0,1,1,0
1,9.0,2.0,1.0,2.0,6.0,1.0,1275.0,1.0,4.0,1.0,1.0,6-11 años,7.151485463904735,0,1,1,0
1,7.0,1.0,1.0,2.0,6.0,1.0,1275.0,1.0,4.0,1.0,1.0,6-11 años,7.151485463904735,0,1,1,0
1,10.0,1.0,1.0,2.0,6.0,2.0,1275.0,1.0,5.0,2.0,1.0,6-11 años,7.151485463904735,0,1,1,0
1,7.0,1.0,1.0,2.0,6.0,2.0,980.0,0.0,5.0,1.0,1.0,6-11 años,6.8885724595653635,0,1,1,0
1,15.0,2.0,1.0,2.0,6.0,2.0,871.52001953125,3.0,5.0,1.0,1.0,15-16 años,6.771385598834839,0,1,1,0
1,13.0,1.0,1.0,2.0,6.0,2.0,871.52001953125,3.0,5.0,1.0,1.0,12-14 años,6.771385598834839,0,1,1,0
1,9.0,1.0,1.0,2.0,6.0,2.0,871.52001953125,1.0,5.0,1.0,1.0,6-11 años,6.771385598834839,0,1,1,0
1,7.0,2.0,1.0,2.0,6.0,2.0,871.52001953125,1.0,5.0,1.0,1.0,6-11 años,6.771385598834839,0,1,1,0
1,13.0,2.0,1.0,2.0,6.0,1.0,1063.199951171875,1.0,5.0,1.0,1.0,12-14 años,6.9699785762797974,0,1,1,0
1,9.0,1.0,1.0,2.0,6.0,1.0,1063.199951171875,1.0,5.0,1.0,1.0,6-11 años,6.9699785762797974,0,1,1,0
1,7.0,2.0,1.0,2.0,6.0,1.0,1063.199951171875,1.0,5.0,1.0,1.0,6-11 años,6.9699785762797974,0,1,1,0
1,6.0,2.0,1.0,2.0,6.0,2.0,1686.6666259765625,0.0,3.0,1.0,1.0,6-11 años,7.431102159191526,0,1,1,0
1,7.0,2.0,1.0,2.0,6.0,1.0,2015.0,1.0,5.0,1.0,1.0,6-11 años,7.60887062919126,0,1,1,0
1,10.0,1.0,1.0,2.0,6.0,1.0,1897.1109619140625,1.0,5.0,1.0,1.0,6-11 años,7.548614440007929,0,1,1,0
1,18.0,2.0,1.0,2.0,6.0,1.0,766.6666870117188,4.0,8.0,1.0,1.0,17-19 años,6.643355637655032,0,1,1,0
1,11.0,2.0,1.0,2.0,6.0,2.0,1000.0,1.0,4.0,1.0,1.0,6-11 años,6.90875477931522,0,1,1,0
1,8.0,1.0,1.0,2.0,6.0,2.0,1000.0,1.0,4.0,1.0,1.0,6-11 años,6.90875477931522,0,1,1,0
1,7.0,2.0,1.0,2.0,6.0,2.0,1000.0,0.0,4.0,1.0,1.0,6-11 años,6.90875477931522,0,1,1,0
1,13.0,2.0,1.0,2.0,6.0,1.0,4127.38916015625,3.0,5.0,1.0,2.0,12-14 años,8.325642576011616,0,0,1,0
1,6.0,1.0,1.0,2.0,6.0,2.0,844.0,0.0,5.0,1.0,1.0,6-11 años,6.739336627357174,0,1,1,0
1,12.0,1.0,1.0,2.0,6.0,2.0,184.6875,1.0,5.0,1.0,1.0,12-14 años,5.224065153222826,0,1,1,0
1,13.0,1.0,1.0,2.0,6.0,2.0,290.0,1.0,5.0,1.0,1.0,12-14 años,5.673323267171493,0,1,1,0
1,13.0,1.0,1.0,2.0,6.0,2.0,290.0,1.0,5.0,1.0,1.0,12-14 años,5.673323267171493,0,1,1,0
1,11.0,1.0,1.0,2.0,6.0,2.0,290.0,1.0,5.0,1.0,1.0,6-11 años,5.673323267171493,0,1,1,0
1,8.0,2.0,1.0,2.0,6.0,2.0,290.0,1.0,5.0,1.0,1.0,6-11 años,5.673323267171493,0,1,1,0
1,10.0,1.0,1.0,2.0,6.0,2.0,318.6666564941406,1.0,5.0,1.0,1.0,6-11 años,5.767278754393036,0,1,1,0
1,7.0,1.0,1.0,2.0,6.0,2.0,318.6666564941406,1.0,5.0,1.0,1.0,6-11 años,5.767278754393036,0,1,1,0
0,18.0,2.0,1.0,2.0,6.0,2.0,318.6666564941406,4.0,5.0,1.0,1.0,17-19 años,5.767278754393036,0,1,1,1
1,19.0,1.0,1.0,2.0,6.0,2.0,708.25,4.0,1.0,1.0,1.0,17-19 años,6.5642080736889605,0,1,1,0
0,17.0,1.0,1.0,2.0,6.0,2.0,1286.6666259765625,3.0,5.0,1.0,1.0,17-19 años,7.160587042398297,0,1,1,1
1,14.0,1.0,1.0,2.0,6.0,2.0,1286.6666259765625,3.0,5.0,1.0,1.0,12-14 años,7.160587042398297,0,1,1,0
1,17.0,2.0,1.0,2.0,6.0,1.0,133.5,3.0,5.0,1.0,1.0,17-19 años,4.901564199041894,0,1,1,0
1,8.0,1.0,1.0,2.0,6.0,1.0,133.5,1.0,5.0,1.0,1.0,6-11 años,4.901564199041894,0,1,1,0
0,19.0,2.0,1.0,2.0,6.0,1.0,133.5,4.0,5.0,1.0,1.0,17-19 años,4.901564199041894,0,1,1,1
1,18.0,2.0,1.0,2.0,6.0,1.0,903.0625,3.0,5.0,1.0,1.0,17-19 años,6.806898495170454,0,1,1,0
1,11.0,1.0,1.0,2.0,6.0,1.0,189.0,1.0,5.0,1.0,1.0,6-11 años,5.247024072160486,0,1,1,0
1,6.0,2.0,1.0,2.0,6.0,1.0,189.0,0.0,5.0,1.0,1.0,6-11 años,5.247024072160486,0,1,1,0
1,16.0,2.0,1.0,2.0,6.0,1.0,189.0,3.0,5.0,1.0,1.0,15-16 años,5.247024072160486,0,1,1,0
1,17.0,2.0,1.0,2.0,6.0,2.0,1386.0,3.0,5.0,1.0,1.0,17-19 años,7.234898420314831,0,1,1,0
1,6.0,1.0,1.0,2.0,6.0,2.0,1386.0,0.0,5.0,1.0,1.0,6-11 años,7.234898420314831,0,1,1,0
1,6.0,1.0,1.0,2.0,6.0,2.0,2697.222412109375,0.0,5.0,2.0,1.0,6-11 años,7.900348469289015,0,1,1,0
1,16.0,1.0,1.0,2.0,6.0,2.0,1092.5,3.0,5.0,6.0,2.0,15-16 años,6.997138840116823,0,0,0,0
1,10.0,2.0,1.0,2.0,6.0,2.0,749.9200439453125,1.0,5.0,2.0,1.0,6-11 años,6.621299179978123,0,1,1,0
1,16.0,1.0,1.0,2.0,6.0,2.0,1744.2886962890625,3.0,5.0,6.0,1.0,15-16 años,7.464675262951972,0,1,0,0
1,19.0,1.0,1.0,2.0,6.0,2.0,2083.86669921875,4.0,5.0,1.0,1.0,17-19 años,7.642460198960668,0,1,1,0
1,11.0,1.0,1.0,2.0,6.0,1.0,1660.9466552734375,1.0,5.0,1.0,1.0,6-11 años,7.415744878193567,0,1,1,0
1,10.0,1.0,1.0,2.0,6.0,1.0,1660.9466552734375,1.0,5.0,1.0,1.0,6-11 años,7.415744878193567,0,1,1,0
1,13.0,1.0,1.0,2.0,6.0,2.0,1021.7249755859375,3.0,5.0,2.0,1.0,12-14 años,6.930225888737923,0,1,1,0
1,11.0,1.0,1.0,2.0,6.0,2.0,1021.7249755859375,1.0,5.0,2.0,1.0,6-11 años,6.930225888737923,0,1,1,0
1,8.0,2.0,1.0,2.0,6.0,2.0,1021.7249755859375,1.0,5.0,2.0,1.0,6-11 años,6.930225888737923,0,1,1,0
1,16.0,1.0,1.0,2.0,6.0,2.0,764.3333740234375,3.0,5.0,2.0,1.0,15-16 años,6.640311521937859,0,1,1,0
0,18.0,1.0,1.0,2.0,6.0,2.0,832.25,4.0,3.0,1.0,1.0,17-19 años,6.725333717187849,0,1,1,1
1,13.0,2.0,1.0,2.0,6.0,2.0,832.25,3.0,3.0,1.0,1.0,12-14 años,6.725333717187849,0,1,1,0
1,14.0,1.0,1.0,2.0,6.0,1.0,929.4443969726562,1.0,4.0,1.0,1.0,12-14 años,6.835662318222317,0,1,1,0
1,11.0,1.0,1.0,2.0,6.0,1.0,1510.800048828125,1.0,8.0,1.0,1.0,6-11 años,7.321056305156081,0,1,1,0
1,10.0,1.0,1.0,2.0,6.0,2.0,1510.800048828125,1.0,8.0,1.0,1.0,6-11 años,7.321056305156081,0,1,1,0
1,9.0,1.0,1.0,2.0,6.0,2.0,693.47998046875,1.0,5.0,1.0,1.0,6-11 años,6.543163335959992,0,1,1,0
1,7.0,2.0,1.0,2.0,6.0,2.0,693.47998046875,0.0,5.0,1.0,1.0,6-11 años,6.543163335959992,0,1,1,0
1,12.0,1.0,1.0,2.0,6.0,2.0,693.47998046875,2.0,5.0,1.0,1.0,12-14 años,6.543163335959992,0,1,1,0
1,9.0,2.0,1.0,2.0,6.0,1.0,1014.1666870117188,1.0,5.0,1.0,1.0,6-11 años,6.922808101649525,0,1,1,0
0,19.0,2.0,1.0,2.0,6.0,2.0,866.0,3.0,5.0,1.0,1.0,17-19 años,6.7650389767805414,0,1,1,1
1,17.0,2.0,1.0,2.0,6.0,2.0,584.2857055664062,3.0,5.0,1.0,1.0,17-19 años,6.372100113594033,0,1,1,0
1,11.0,1.0,1.0,2.0,6.0,2.0,584.2857055664062,1.0,5.0,1.0,1.0,6-11 años,6.372100113594033,0,1,1,0
1,6.0,2.0,1.0,2.0,6.0,2.0,584.2857055664062,0.0,5.0,1.0,1.0,6-11 años,6.372100113594033,0,1,1,0
1,17.0,1.0,1.0,2.0,6.0,2.0,2957.46337890625,3.0,5.0,1.0,1.0,17-19 años,7.992425283776237,0,1,1,0
1,10.0,2.0,1.0,2.0,6.0,2.0,2957.46337890625,1.0,5.0,1.0,1.0,6-11 años,7.992425283776237,0,1,1,0
1,10.0,2.0,1.0,2.0,6.0,1.0,1804.1666259765625,1.0,5.0,7.0,1.0,6-11 años,7.498408180066769,0,1,0,0
1,7.0,1.0,1.0,2.0,6.0,2.0,1251.7332763671875,0.0,5.0,7.0,1.0,6-11 años,7.13308306421346,0,1,0,0
1,12.0,1.0,1.0,2.0,6.0,2.0,1251.7332763671875,2.0,5.0,7.0,1.0,12-14 años,7.13308306421346,0,1,0,0
1,10.0,2.0,1.0,2.0,6.0,2.0,1251.7332763671875,1.0,5.0,7.0,1.0,6-11 años,7.13308306421346,0,1,0,0
0,18.0,1.0,1.0,2.0,6.0,1.0,1919.0999755859375,1.0,5.0,7.0,1.0,17-19 años,7.560132534283875,0,1,0,1
1,17.0,1.0,1.0,2.0,6.0,2.0,993.3333129882812,3.0,5.0,7.0,1.0,17-19 años,6.902072475385641,0,1,0,0
1,17.0,2.0,1.0,2.0,6.0,2.0,1191.0,3.0,8.0,7.0,1.0,17-19 años,7.083387847625295,0,1,0,0
0,18.0,2.0,1.0,2.0,6.0,1.0,2060.0,4.0,1.0,7.0,1.0,17-19 años,7.630946580890459,0,1,0,1
1,12.0,2.0,1.0,2.0,6.0,2.0,1000.0,1.0,8.0,1.0,1.0,12-14 años,6.90875477931522,0,1,1,0
1,17.0,2.0,1.0,2.0,6.0,2.0,875.4523315429688,3.0,5.0,1.0,1.0,17-19 años,6.775882317877201,0,1,1,0
1,15.0,2.0,1.0,2.0,6.0,2.0,875.4523315429688,3.0,5.0,1.0,1.0,15-16 años,6.775882317877201,0,1,1,0
1,18.0,1.0,1.0,2.0,6.0,2.0,1013.5778198242188,3.0,5.0,1.0,1.0,17-19 años,6.922227863888527,0,1,1,0
1,14.0,2.0,1.0,2.0,6.0,2.0,1013.5778198242188,3.0,5.0,1.0,1.0,12-14 años,6.922227863888527,0,1,1,0
1,10.0,2.0,1.0,2.0,6.0,1.0,1013.5778198242188,1.0,5.0,1.0,1.0,6-11 años,6.922227863888527,0,1,1,0
1,18.0,1.0,1.0,2.0,6.0,1.0,50.0,3.0,5.0,1.0,1.0,17-19 años,3.9318256327243257,0,1,1,0
1,16.0,1.0,1.0,2.0,6.0,1.0,1246.6666259765625,3.0,5.0,1.0,1.0,15-16 años,7.1290303866233575,0,1,1,0
1,14.0,1.0,1.0,2.0,6.0,1.0,950.0,3.0,3.0,1.0,1.0,12-14 años,6.85751406254539,0,1,1,0
1,7.0,1.0,1.0,2.0,6.0,1.0,2450.0,1.0,4.0,1.0,1.0,6-11 años,7.804251383528112,0,1,1,0
1,16.0,1.0,1.0,2.0,6.0,1.0,1162.5,3.0,5.0,2.0,1.0,15-16 años,7.059187982742347,0,1,1,0
1,14.0,2.0,1.0,2.0,6.0,1.0,1162.5,3.0,5.0,2.0,1.0,12-14 años,7.059187982742347,0,1,1,0
1,13.0,1.0,1.0,2.0,6.0,1.0,1162.5,3.0,5.0,2.0,1.0,12-14 años,7.059187982742347,0,1,1,0
1,11.0,1.0,1.0,2.0,6.0,2.0,701.0,1.0,5.0,1.0,1.0,6-11 años,6.553933404025811,0,1,1,0
1,8.0,2.0,1.0,2.0,6.0,2.0,701.0,1.0,5.0,1.0,1.0,6-11 años,6.553933404025811,0,1,1,0
1,16.0,1.0,1.0,2.0,6.0,2.0,820.0,3.0,5.0,2.0,1.0,15-16 años,6.710523109452428,0,1,1,0
1,11.0,2.0,1.0,2.0,6.0,2.0,820.0,1.0,5.0,2.0,1.0,6-11 años,6.710523109452428,0,1,1,0
0,19.0,1.0,1.0,2.0,6.0,2.0,690.0,4.0,5.0,2.0,1.0,17-19 años,6.53813982376767,0,1,1,1
1,12.0,2.0,1.0,2.0,6.0,1.0,690.0,1.0,5.0,2.0,1.0,12-14 años,6.53813982376767,0,1,1,0
1,10.0,1.0,1.0,2.0,6.0,1.0,690.0,1.0,5.0,2.0,1.0,6-11 años,6.53813982376767,0,1,1,0
1,11.0,2.0,1.0,2.0,6.0,2.0,571.4285888671875,1.0,5.0,1.0,1.0,6-11 años,6.349887992045097,0,1,1,0
1,8.0,1.0,1.0,2.0,6.0,2.0,571.4285888671875,1.0,5.0,1.0,1.0,6-11 años,6.349887992045097,0,1,1,0
1,7.0,1.0,1.0,2.0,6.0,2.0,571.4285888671875,1.0,5.0,1.0,1.0,6-11 años,6.349887992045097,0,1,1,0
1,6.0,1.0,1.0,2.0,6.0,2.0,571.4285888671875,0.0,5.0,1.0,1.0,6-11 años,6.349887992045097,0,1,1,0
1,15.0,1.0,1.0,2.0,6.0,2.0,1648.9312744140625,3.0,5.0,1.0,1.0,15-16 años,7.408488914156898,0,1,1,0
0,19.0,2.0,1.0,2.0,6.0,1.0,363.8888854980469,4.0,5.0,1.0,1.0,17-19 años,5.899592883943292,0,1,1,1
1,17.0,2.0,1.0,2.0,6.0,2.0,1249.165283203125,3.0,5.0,1.0,1.0,17-19 años,7.131031048117685,0,1,1,0
1,13.0,1.0,1.0,2.0,6.0,2.0,1249.165283203125,2.0,5.0,1.0,1.0,12-14 años,7.131031048117685,0,1,1,0
1,8.0,1.0,1.0,2.0,6.0,2.0,1249.165283203125,1.0,5.0,1.0,1.0,6-11 años,7.131031048117685,0,1,1,0
1,16.0,2.0,1.0,2.0,6.0,2.0,894.3299560546875,3.0,5.0,1.0,1.0,15-16 años,6.79719231631714,0,1,1,0
1,8.0,2.0,1.0,2.0,6.0,2.0,894.3299560546875,1.0,5.0,1.0,1.0,6-11 años,6.79719231631714,0,1,1,0
1,8.0,1.0,1.0,2.0,6.0,2.0,1846.9300537109375,1.0,2.0,1.0,1.0,6-11 años,7.521821401761792,0,1,1,0
1,16.0,1.0,1.0,2.0,6.0,2.0,1846.9300537109375,3.0,2.0,1.0,1.0,15-16 años,7.521821401761792,0,1,1,0
1,11.0,1.0,1.0,2.0,6.0,2.0,875.4324951171875,1.0,5.0,1.0,1.0,6-11 años,6.7758596849860036,0,1,1,0
1,9.0,2.0,1.0,2.0,6.0,2.0,875.4324951171875,1.0,5.0,1.0,1.0,6-11 años,6.7758596849860036,0,1,1,0
1,8.0,2.0,1.0,2.0,6.0,2.0,1388.27783203125,1.0,5.0,1.0,1.0,6-11 años,7.236539345813053,0,1,1,0
1,7.0,2.0,1.0,2.0,6.0,2.0,1388.27783203125,0.0,5.0,1.0,1.0,6-11 años,7.236539345813053,0,1,1,0
1,11.0,1.0,1.0,2.0,6.0,2.0,1878.125,1.0,5.0,7.0,1.0,6-11 años,7.538561521947998,0,1,0,0
1,7.0,2.0,1.0,2.0,6.0,2.0,2435.910888671875,0.0,8.0,7.0,1.0,6-11 años,7.798486486962347,0,1,0,0
1,17.0,1.0,1.0,2.0,6.0,2.0,2461.0166015625,3.0,8.0,7.0,1.0,17-19 años,7.808736049842095,0,1,0,0
1,14.0,1.0,1.0,2.0,6.0,2.0,2461.0166015625,3.0,8.0,7.0,1.0,12-14 años,7.808736049842095,0,1,0,0
1,13.0,2.0,1.0,2.0,6.0,2.0,3497.5,3.0,8.0,7.0,1.0,12-14 años,8.160089584185952,0,1,0,0
1,7.0,2.0,1.0,2.0,6.0,2.0,4871.2001953125,1.0,5.0,7.0,1.0,6-11 años,8.491300899537414,0,1,0,0
1,16.0,2.0,1.0,2.0,6.0,1.0,933.2400512695312,3.0,8.0,1.0,1.0,15-16 años,6.839733419413556,0,1,1,0
1,13.0,1.0,1.0,2.0,6.0,2.0,933.2400512695312,3.0,8.0,1.0,1.0,12-14 años,6.839733419413556,0,1,1,0
1,16.0,1.0,1.0,2.0,6.0,2.0,2289.4443359375,3.0,5.0,1.0,1.0,15-16 años,7.736501110886767,0,1,1,0
1,15.0,2.0,1.0,2.0,6.0,2.0,898.0,3.0,5.0,1.0,1.0,15-16 años,6.80128303447162,0,1,1,0
1,13.0,1.0,1.0,2.0,6.0,2.0,898.0,3.0,5.0,1.0,1.0,12-14 años,6.80128303447162,0,1,1,0
1,8.0,2.0,1.0,2.0,6.0,2.0,898.0,1.0,5.0,1.0,1.0,6-11 años,6.80128303447162,0,1,1,0
1,7.0,1.0,1.0,2.0,6.0,1.0,1452.5,0.0,3.0,1.0,1.0,6-11 años,7.28172971999893,0,1,1,0
1,13.0,1.0,1.0,2.0,6.0,2.0,655.0,2.0,5.0,2.0,1.0,12-14 años,6.486160788944089,0,1,1,0
1,12.0,1.0,1.0,2.0,6.0,2.0,655.0,2.0,5.0,2.0,1.0,12-14 años,6.486160788944089,0,1,1,0
1,10.0,2.0,1.0,2.0,6.0,2.0,655.0,1.0,5.0,2.0,1.0,6-11 años,6.486160788944089,0,1,1,0
1,18.0,1.0,1.0,2.0,6.0,2.0,1008.3333129882812,3.0,5.0,1.0,1.0,17-19 años,6.917045305732309,0,1,1,0
1,17.0,1.0,1.0,2.0,6.0,2.0,1008.3333129882812,3.0,5.0,1.0,1.0,17-19 años,6.917045305732309,0,1,1,0
1,9.0,1.0,1.0,2.0,6.0,2.0,1008.3333129882812,1.0,5.0,1.0,1.0,6-11 años,6.917045305732309,0,1,1,0
1,13.0,2.0,1.0,2.0,6.0,2.0,1200.0,1.0,4.0,1.0,1.0,12-14 años,7.0909098220799835,0,1,1,0
1,11.0,1.0,1.0,2.0,6.0,2.0,1200.0,1.0,4.0,1.0,1.0,6-11 años,7.0909098220799835,0,1,1,0
1,6.0,1.0,1.0,2.0,6.0,2.0,1200.0,0.0,4.0,1.0,1.0,6-11 años,7.0909098220799835,0,1,1,0
1,8.0,1.0,1.0,2.0,6.0,1.0,2220.86669921875,1.0,5.0,1.0,2.0,6-11 años,7.706102977049325,0,0,1,0
1,12.0,1.0,1.0,2.0,6.0,1.0,2220.86669921875,2.0,5.0,1.0,2.0,12-14 años,7.706102977049325,0,0,1,0
1,16.0,2.0,1.0,2.0,6.0,1.0,675.6077270507812,3.0,5.0,2.0,1.0,15-16 años,6.517091676693428,0,1,1,0
1,12.0,2.0,1.0,2.0,6.0,1.0,675.6077270507812,3.0,5.0,2.0,1.0,12-14 años,6.517091676693428,0,1,1,0
1,14.0,1.0,1.0,2.0,6.0,2.0,2695.83349609375,3.0,8.0,1.0,1.0,12-14 años,7.8998335845241705,0,1,1,0
1,17.0,2.0,1.0,2.0,6.0,1.0,1220.0,3.0,3.0,1.0,1.0,17-19 años,7.107425474110705,0,1,1,0
1,12.0,1.0,1.0,2.0,6.0,1.0,1220.0,2.0,3.0,1.0,1.0,12-14 años,7.107425474110705,0,1,1,0
0,18.0,2.0,1.0,2.0,6.0,2.0,1555.0166015625,4.0,5.0,2.0,1.0,17-19 años,7.349884374066059,0,1,1,1
1,13.0,2.0,1.0,2.0,6.0,2.0,340.24798583984375,2.0,3.0,1.0,1.0,12-14 años,5.832609444180926,0,1,1,0
1,8.0,1.0,1.0,2.0,6.0,2.0,1319.0,1.0,5.0,1.0,1.0,6-11 años,7.1853870155804165,0,1,1,0
1,17.0,2.0,1.0,2.0,6.0,2.0,2032.0833740234375,3.0,5.0,1.0,1.0,17-19 años,7.617308823128536,0,1,1,0
1,12.0,1.0,1.0,2.0,6.0,2.0,2032.0833740234375,2.0,5.0,1.0,1.0,12-14 años,7.617308823128536,0,1,1,0
1,7.0,1.0,1.0,2.0,6.0,2.0,773.3333129882812,1.0,2.0,1.0,1.0,6-11 años,6.652002417828017,0,1,1,0
1,17.0,2.0,1.0,2.0,6.0,2.0,1423.4749755859375,3.0,3.0,1.0,1.0,17-19 años,7.2615585866274195,0,1,1,0
1,10.0,2.0,1.0,2.0,6.0,2.0,1423.4749755859375,1.0,3.0,1.0,1.0,6-11 años,7.2615585866274195,0,1,1,0
1,19.0,2.0,1.0,2.0,6.0,2.0,5172.02783203125,5.0,8.0,1.0,1.0,17-19 años,8.551213450238656,0,1,1,0
1,16.0,1.0,1.0,2.0,6.0,2.0,2053.48779296875,3.0,3.0,1.0,1.0,15-16 años,7.627781846698975,0,1,1,0
1,13.0,1.0,1.0,2.0,6.0,2.0,2053.48779296875,2.0,3.0,1.0,1.0,12-14 años,7.627781846698975,0,1,1,0
1,15.0,2.0,1.0,2.0,6.0,2.0,1499.75,3.0,5.0,1.0,1.0,15-16 años,7.313720262131953,0,1,1,0
1,9.0,1.0,1.0,2.0,6.0,2.0,1499.75,1.0,5.0,1.0,1.0,6-11 años,7.313720262131953,0,1,1,0
1,16.0,2.0,1.0,2.0,6.0,1.0,2515.558349609375,3.0,3.0,1.0,1.0,15-16 años,7.830647512758404,0,1,1,0
1,14.0,2.0,1.0,2.0,6.0,2.0,774.0,3.0,5.0,1.0,1.0,12-14 años,6.652863029353347,0,1,1,0
1,12.0,2.0,1.0,2.0,6.0,2.0,930.0,2.0,3.0,1.0,1.0,12-14 años,6.836259277277067,0,1,1,0
1,17.0,1.0,1.0,2.0,6.0,2.0,2396.5,3.0,2.0,1.0,1.0,17-19 años,7.782181806757594,0,1,1,0
1,15.0,1.0,1.0,2.0,6.0,2.0,2072.611083984375,3.0,5.0,1.0,1.0,15-16 años,7.637046851429345,0,1,1,0
1,18.0,2.0,1.0,2.0,6.0,1.0,2956.533447265625,4.0,5.0,1.0,1.0,17-19 años,7.992110905092269,0,1,1,0
1,12.0,1.0,1.0,2.0,6.0,1.0,2956.533447265625,1.0,5.0,1.0,1.0,12-14 años,7.992110905092269,0,1,1,0
1,17.0,1.0,1.0,2.0,6.0,1.0,880.0,3.0,3.0,1.0,1.0,17-19 años,6.78105762593618,0,1,1,0
1,15.0,1.0,1.0,2.0,6.0,1.0,880.0,3.0,3.0,1.0,1.0,15-16 años,6.78105762593618,0,1,1,0
1,15.0,1.0,1.0,2.0,6.0,1.0,1030.0,3.0,5.0,1.0,1.0,15-16 años,6.93828448401696,0,1,1,0
1,13.0,1.0,1.0,2.0,6.0,1.0,1030.0,2.0,5.0,1.0,1.0,12-14 años,6.93828448401696,0,1,1,0
1,11.0,2.0,1.0,2.0,6.0,1.0,1030.0,1.0,5.0,1.0,1.0,6-11 años,6.93828448401696,0,1,1,0
0,19.0,1.0,1.0,2.0,6.0,2.0,1658.800048828125,4.0,5.0,2.0,1.0,17-19 años,7.414452421582425,0,1,1,1
1,9.0,1.0,1.0,2.0,6.0,2.0,1658.800048828125,1.0,5.0,2.0,1.0,6-11 años,7.414452421582425,0,1,1,0
1,12.0,2.0,1.0,2.0,6.0,2.0,952.5999755859375,1.0,5.0,1.0,1.0,12-14 años,6.86024427070909,0,1,1,0
1,9.0,1.0,1.0,2.0,6.0,2.0,1286.5198974609375,1.0,5.0,1.0,1.0,6-11 años,7.160473086757066,0,1,1,0
1,15.0,2.0,1.0,2.0,6.0,2.0,1104.8809814453125,3.0,5.0,1.0,1.0,15-16 años,7.008397564578625,0,1,1,0
1,7.0,1.0,1.0,2.0,6.0,2.0,1104.8809814453125,1.0,5.0,1.0,1.0,6-11 años,7.008397564578625,0,1,1,0
1,10.0,2.0,1.0,2.0,6.0,2.0,903.75,1.0,5.0,1.0,1.0,6-11 años,6.807658662443852,0,1,1,0
1,14.0,1.0,1.0,2.0,6.0,2.0,1151.0,3.0,5.0,2.0,1.0,12-14 años,7.049254841255837,0,1,1,0
1,8.0,2.0,1.0,2.0,6.0,2.0,1151.0,1.0,5.0,2.0,1.0,6-11 años,7.049254841255837,0,1,1,0
1,7.0,2.0,1.0,2.0,6.0,2.0,1151.0,0.0,5.0,2.0,1.0,6-11 años,7.049254841255837,0,1,1,0
1,15.0,1.0,1.0,2.0,6.0,1.0,1660.8333740234375,3.0,5.0,7.0,1.0,15-16 años,7.415676714085807,0,1,0,0
1,12.0,2.0,1.0,2.0,6.0,2.0,1799.5,2.0,5.0,1.0,1.0,12-14 años,7.49581968308893,0,1,1,0
1,12.0,1.0,1.0,2.0,6.0,2.0,2042.5,2.0,1.0,7.0,1.0,12-14 años,7.622419303004332,0,1,0,0
1,11.0,1.0,1.0,2.0,6.0,2.0,2042.5,1.0,1.0,7.0,1.0,6-11 años,7.622419303004332,0,1,0,0
1,6.0,1.0,1.0,2.0,6.0,2.0,852.9166870117188,0.0,5.0,7.0,1.0,6-11 años,6.749833632837288,0,1,0,0
1,13.0,2.0,1.0,2.0,6.0,2.0,776.0,3.0,5.0,1.0,1.0,12-14 años,6.655440350367647,0,1,1,0
1,9.0,2.0,1.0,2.0,6.0,2.0,776.0,1.0,5.0,1.0,1.0,6-11 años,6.655440350367647,0,1,1,0
1,10.0,1.0,1.0,2.0,6.0,2.0,1376.679931640625,1.0,5.0,1.0,1.0,6-11 años,7.228156154377446,0,1,1,0
1,7.0,1.0,1.0,2.0,6.0,2.0,1376.679931640625,0.0,5.0,1.0,1.0,6-11 años,7.228156154377446,0,1,1,0
1,16.0,2.0,1.0,2.0,6.0,2.0,481.6000061035156,3.0,5.0,1.0,1.0,15-16 años,6.179188165838084,0,1,1,0
1,12.0,1.0,1.0,2.0,6.0,2.0,481.6000061035156,1.0,5.0,1.0,1.0,12-14 años,6.179188165838084,0,1,1,0
1,9.0,1.0,1.0,2.0,6.0,2.0,481.6000061035156,1.0,5.0,1.0,1.0,6-11 años,6.179188165838084,0,1,1,0
1,8.0,2.0,1.0,2.0,6.0,2.0,481.6000061035156,1.0,5.0,1.0,1.0,6-11 años,6.179188165838084,0,1,1,0
1,8.0,1.0,1.0,2.0,6.0,2.0,1112.5,1.0,5.0,1.0,1.0,6-11 años,7.015263486697422,0,1,1,0
1,12.0,2.0,1.0,2.0,6.0,1.0,1432.25,1.0,5.0,1.0,1.0,12-14 años,7.267699871788492,0,1,1,0
1,10.0,2.0,1.0,2.0,6.0,1.0,1432.25,1.0,5.0,1.0,1.0,6-11 años,7.267699871788492,0,1,1,0
0,18.0,1.0,1.0,2.0,6.0,1.0,140.0,4.0,5.0,2.0,1.0,17-19 años,4.948759890378168,0,1,1,1
1,13.0,2.0,1.0,2.0,6.0,1.0,140.0,3.0,5.0,2.0,1.0,12-14 años,4.948759890378168,0,1,1,0
1,9.0,2.0,1.0,2.0,6.0,1.0,140.0,1.0,5.0,2.0,1.0,6-11 años,4.948759890378168,0,1,1,0
1,9.0,2.0,1.0,2.0,6.0,1.0,636.2222290039062,1.0,5.0,2.0,1.0,6-11 años,6.457118462869825,0,1,1,0
1,7.0,1.0,1.0,2.0,6.0,1.0,636.2222290039062,1.0,5.0,2.0,1.0,6-11 años,6.457118462869825,0,1,1,0
1,6.0,1.0,1.0,2.0,6.0,2.0,867.7083129882812,0.0,5.0,1.0,1.0,6-11 años,6.7670074106782225,0,1,1,0
1,17.0,1.0,1.0,2.0,6.0,2.0,873.7999877929688,3.0,8.0,7.0,1.0,17-19 años,6.77399527484853,0,1,0,0
1,15.0,1.0,1.0,2.0,6.0,2.0,873.7999877929688,3.0,8.0,7.0,1.0,15-16 años,6.77399527484853,0,1,0,0
1,10.0,1.0,1.0,2.0,6.0,2.0,873.7999877929688,1.0,8.0,7.0,1.0,6-11 años,6.77399527484853,0,1,0,0
1,12.0,2.0,1.0,2.0,6.0,2.0,428.3888854980469,2.0,5.0,7.0,1.0,12-14 años,6.062363001313805,0,1,0,0
1,10.0,1.0,1.0,2.0,6.0,2.0,428.3888854980469,1.0,5.0,7.0,1.0,6-11 años,6.062363001313805,0,1,0,0
1,12.0,1.0,1.0,2.0,6.0,2.0,1525.0,2.0,8.0,2.0,1.0,12-14 años,7.330405211844402,0,1,1,0
1,10.0,1.0,1.0,2.0,6.0,2.0,2808.0,1.0,5.0,1.0,1.0,6-11 años,7.940583827104244,0,1,1,0
1,11.0,1.0,1.0,2.0,6.0,2.0,658.5416870117188,1.0,5.0,1.0,1.0,6-11 años,6.49154518018505,0,1,1,0
1,9.0,2.0,1.0,2.0,6.0,2.0,658.5416870117188,1.0,5.0,1.0,1.0,6-11 años,6.49154518018505,0,1,1,0
1,7.0,2.0,1.0,2.0,6.0,2.0,1686.693359375,0.0,5.0,1.0,1.0,6-11 años,7.431117999515849,0,1,1,0
1,18.0,1.0,1.0,2.0,6.0,2.0,2947.777587890625,3.0,5.0,1.0,1.0,17-19 años,7.989145986469769,0,1,1,0
1,13.0,1.0,1.0,2.0,6.0,2.0,1175.0,3.0,5.0,7.0,1.0,12-14 años,7.069874128458572,0,1,0,0
1,7.0,1.0,1.0,2.0,6.0,2.0,1175.0,1.0,5.0,7.0,1.0,6-11 años,7.069874128458572,0,1,0,0
1,17.0,2.0,1.0,2.0,6.0,2.0,1083.3333740234375,3.0,8.0,1.0,1.0,17-19 años,6.988720675330699,0,1,1,0
1,15.0,1.0,1.0,2.0,6.0,2.0,1083.3333740234375,3.0,8.0,1.0,1.0,15-16 años,6.988720675330699,0,1,1,0
1,11.0,2.0,1.0,2.0,6.0,2.0,1083.3333740234375,1.0,8.0,1.0,1.0,6-11 años,6.988720675330699,0,1,1,0
1,7.0,1.0,1.0,2.0,6.0,2.0,1336.388916015625,0.0,5.0,2.0,1.0,6-11 años,7.198474421874772,0,1,1,0
1,13.0,2.0,1.0,2.0,6.0,2.0,787.5916748046875,2.0,5.0,1.0,1.0,12-14 años,6.670248664457403,0,1,1,0
1,10.0,2.0,1.0,2.0,6.0,2.0,2099.0,1.0,5.0,1.0,1.0,6-11 años,7.649692623711514,0,1,1,0
1,6.0,2.0,1.0,2.0,6.0,2.0,2099.0,0.0,5.0,1.0,1.0,6-11 años,7.649692623711514,0,1,1,0
1,15.0,1.0,1.0,2.0,6.0,2.0,2395.794677734375,3.0,5.0,1.0,1.0,15-16 años,7.781887572748996,0,1,1,0
1,16.0,2.0,1.0,2.0,6.0,2.0,3058.888671875,3.0,8.0,1.0,1.0,15-16 años,8.0261338125444,0,1,1,0
1,15.0,2.0,1.0,2.0,6.0,2.0,3638.958251953125,3.0,3.0,2.0,1.0,15-16 años,8.199727491321367,0,1,1,0
1,9.0,2.0,1.0,2.0,6.0,1.0,1383.675048828125,1.0,5.0,2.0,1.0,6-11 años,7.233220769308695,0,1,1,0
1,16.0,1.0,1.0,2.0,6.0,2.0,242.6266632080078,1.0,3.0,1.0,1.0,15-16 años,5.495636984722873,0,1,1,0
1,14.0,1.0,1.0,2.0,6.0,1.0,242.6266632080078,3.0,3.0,1.0,1.0,12-14 años,5.495636984722873,0,1,1,0
1,8.0,2.0,1.0,2.0,6.0,1.0,242.6266632080078,1.0,3.0,1.0,1.0,6-11 años,5.495636984722873,0,1,1,0
1,11.0,2.0,1.0,2.0,6.0,2.0,3290.5,1.0,5.0,1.0,1.0,6-11 años,8.099098666907931,0,1,1,0
1,17.0,2.0,1.0,2.0,6.0,2.0,570.3228759765625,3.0,5.0,1.0,1.0,17-19 años,6.347954506897186,0,1,1,0
1,14.0,2.0,1.0,2.0,6.0,2.0,570.3228759765625,3.0,5.0,1.0,1.0,12-14 años,6.347954506897186,0,1,1,0
1,11.0,2.0,1.0,2.0,6.0,2.0,570.3228759765625,1.0,5.0,1.0,1.0,6-11 años,6.347954506897186,0,1,1,0
1,8.0,2.0,1.0,2.0,6.0,2.0,570.3228759765625,1.0,5.0,1.0,1.0,6-11 años,6.347954506897186,0,1,1,0
1,6.0,2.0,1.0,2.0,6.0,2.0,570.3228759765625,0.0,5.0,1.0,1.0,6-11 años,6.347954506897186,0,1,1,0
1,15.0,2.0,1.0,2.0,6.0,1.0,717.5333862304688,3.0,3.0,1.0,1.0,15-16 años,6.577212171009436,0,1,1,0
1,14.0,2.0,1.0,2.0,6.0,1.0,717.5333862304688,3.0,3.0,1.0,1.0,12-14 años,6.577212171009436,0,1,1,0
1,17.0,1.0,1.0,2.0,2.0,1.0,833.3333129882812,3.0,5.0,1.0,1.0,17-19 años,6.726632978378864,0,1,1,0
1,16.0,2.0,1.0,2.0,6.0,1.0,833.3333129882812,3.0,5.0,1.0,1.0,15-16 años,6.726632978378864,0,1,1,0
1,17.0,2.0,1.0,2.0,6.0,1.0,1913.0,3.0,3.0,1.0,1.0,17-19 años,7.5569505720129,0,1,1,0
1,17.0,2.0,1.0,2.0,6.0,1.0,202.06666564941406,3.0,2.0,1.0,1.0,17-19 años,5.313534327343445,0,1,1,0
0,17.0,1.0,1.0,2.0,6.0,2.0,932.75,3.0,1.0,7.0,1.0,17-19 años,6.839208736447027,0,1,0,1
1,12.0,2.0,1.0,2.0,6.0,2.0,2505.555419921875,2.0,8.0,7.0,1.0,12-14 años,7.826664746940623,0,1,0,0
1,8.0,1.0,1.0,2.0,6.0,2.0,2505.555419921875,1.0,8.0,7.0,1.0,6-11 años,7.826664746940623,0,1,0,0
1,17.0,2.0,1.0,2.0,6.0,2.0,211.17330932617188,3.0,5.0,7.0,1.0,17-19 años,5.357403437525051,0,1,0,0
1,14.0,1.0,1.0,2.0,6.0,2.0,211.17330932617188,3.0,5.0,7.0,1.0,12-14 años,5.357403437525051,0,1,0,0
1,11.0,2.0,1.0,2.0,6.0,2.0,523.888916015625,1.0,5.0,7.0,1.0,6-11 años,6.263186651661943,0,1,0,0
1,10.0,2.0,1.0,2.0,6.0,2.0,523.888916015625,1.0,5.0,7.0,1.0,6-11 años,6.263186651661943,0,1,0,0
1,16.0,1.0,1.0,2.0,6.0,2.0,1003.9166870117188,3.0,5.0,7.0,1.0,15-16 años,6.912659918561103,0,1,0,0
0,18.0,1.0,1.0,2.0,6.0,2.0,2614.47216796875,4.0,5.0,7.0,1.0,17-19 años,7.869199921564505,0,1,0,1
0,16.0,1.0,1.0,2.0,6.0,2.0,2614.47216796875,2.0,5.0,7.0,1.0,15-16 años,7.869199921564505,0,1,0,1
1,14.0,2.0,1.0,2.0,6.0,2.0,2614.47216796875,3.0,5.0,7.0,1.0,12-14 años,7.869199921564505,0,1,0,0
1,10.0,2.0,1.0,2.0,6.0,2.0,2614.47216796875,1.0,5.0,7.0,1.0,6-11 años,7.869199921564505,0,1,0,0
1,8.0,1.0,1.0,2.0,6.0,2.0,2614.47216796875,1.0,5.0,7.0,1.0,6-11 años,7.869199921564505,0,1,0,0
1,12.0,2.0,1.0,2.0,6.0,2.0,1180.166748046875,2.0,8.0,7.0,1.0,12-14 años,7.074257998480357,0,1,0,0
1,8.0,1.0,1.0,2.0,6.0,2.0,1180.166748046875,1.0,8.0,7.0,1.0,6-11 años,7.074257998480357,0,1,0,0
1,6.0,1.0,1.0,2.0,6.0,2.0,1180.166748046875,0.0,8.0,7.0,1.0,6-11 años,7.074257998480357,0,1,0,0
1,17.0,1.0,1.0,2.0,2.0,1.0,888.3753051757812,3.0,5.0,1.0,1.0,17-19 años,6.79051931197916,0,1,1,0
1,13.0,1.0,1.0,2.0,6.0,2.0,888.3753051757812,3.0,5.0,1.0,1.0,12-14 años,6.79051931197916,0,1,1,0
1,8.0,1.0,1.0,2.0,6.0,2.0,888.3753051757812,1.0,5.0,1.0,1.0,6-11 años,6.79051931197916,0,1,1,0
1,16.0,2.0,1.0,2.0,995.0,2.0,1354.1666259765625,0.0,5.0,1.0,1.0,15-16 años,7.211679696953878,0,1,1,0
1,17.0,1.0,1.0,2.0,6.0,1.0,1414.4666748046875,3.0,3.0,1.0,1.0,17-19 años,7.255214561219134,0,1,1,0
1,13.0,1.0,1.0,2.0,2.0,1.0,1414.4666748046875,3.0,3.0,1.0,1.0,12-14 años,7.255214561219134,0,1,1,0
0,19.0,2.0,2.0,2.0,6.0,1.0,619.2666625976562,4.0,5.0,2.0,1.0,17-19 años,6.430149486536192,1,1,1,1
1,18.0,1.0,2.0,2.0,6.0,2.0,187.33334350585938,3.0,1.0,2.0,1.0,17-19 años,5.238213496491742,1,1,1,0
1,11.0,2.0,2.0,2.0,6.0,2.0,187.33334350585938,1.0,1.0,2.0,1.0,6-11 años,5.238213496491742,1,1,1,0
1,16.0,1.0,2.0,2.0,6.0,1.0,320.0,3.0,5.0,2.0,1.0,15-16 años,5.771441123130016,1,1,1,0
1,14.0,2.0,2.0,2.0,6.0,2.0,815.4000244140625,3.0,5.0,2.0,1.0,12-14 años,6.704904460840225,1,1,1,0
1,9.0,2.0,2.0,2.0,6.0,2.0,815.4000244140625,1.0,5.0,2.0,1.0,6-11 años,6.704904460840225,1,1,1,0
1,8.0,2.0,2.0,2.0,6.0,2.0,815.4000244140625,1.0,5.0,2.0,1.0,6-11 años,6.704904460840225,1,1,1,0
1,9.0,1.0,2.0,2.0,6.0,2.0,956.7205200195312,1.0,1.0,4.0,1.0,6-11 años,6.8645560026523516,1,1,0,0
1,17.0,1.0,2.0,2.0,6.0,2.0,2544.333251953125,3.0,1.0,10.0,1.0,17-19 años,7.84201686420521,1,1,0,0
1,13.0,1.0,2.0,2.0,6.0,2.0,495.625,2.0,5.0,2.0,1.0,12-14 años,6.207835214134763,1,1,1,0
1,6.0,1.0,2.0,2.0,6.0,2.0,495.625,0.0,5.0,2.0,1.0,6-11 años,6.207835214134763,1,1,1,0
1,8.0,1.0,2.0,2.0,6.0,2.0,130.7142791748047,1.0,5.0,6.0,1.0,6-11 años,4.880635024852291,1,1,0,0
1,7.0,1.0,2.0,2.0,6.0,2.0,130.7142791748047,1.0,5.0,6.0,1.0,6-11 años,4.880635024852291,1,1,0,0
1,16.0,1.0,2.0,2.0,6.0,2.0,335.4166564941406,3.0,5.0,6.0,1.0,15-16 años,5.8183504408270625,1,1,0,0
1,12.0,1.0,2.0,2.0,6.0,2.0,335.4166564941406,2.0,5.0,6.0,1.0,12-14 años,5.8183504408270625,1,1,0,0
1,15.0,1.0,2.0,2.0,6.0,1.0,1216.316650390625,3.0,8.0,6.0,1.0,15-16 años,7.1044042484544505,1,1,0,0
1,14.0,1.0,2.0,2.0,6.0,1.0,1216.316650390625,2.0,8.0,6.0,1.0,12-14 años,7.1044042484544505,1,1,0,0
1,13.0,2.0,2.0,2.0,6.0,2.0,1216.316650390625,2.0,8.0,6.0,1.0,12-14 años,7.1044042484544505,1,1,0,0
1,10.0,2.0,2.0,2.0,6.0,1.0,1216.316650390625,1.0,8.0,6.0,1.0,6-11 años,7.1044042484544505,1,1,0,0
1,14.0,2.0,2.0,2.0,6.0,2.0,535.1666870117188,3.0,5.0,6.0,1.0,12-14 años,6.284445095956358,1,1,0,0
1,12.0,2.0,2.0,2.0,6.0,1.0,535.1666870117188,2.0,5.0,6.0,1.0,12-14 años,6.284445095956358,1,1,0,0
1,8.0,1.0,2.0,2.0,6.0,2.0,535.1666870117188,1.0,5.0,6.0,1.0,6-11 años,6.284445095956358,1,1,0,0
1,15.0,1.0,2.0,2.0,6.0,2.0,3490.87353515625,3.0,5.0,1.0,1.0,15-16 años,8.1581937007127,1,1,1,0
1,13.0,2.0,2.0,2.0,6.0,2.0,3490.87353515625,2.0,5.0,1.0,1.0,12-14 años,8.1581937007127,1,1,1,0
1,9.0,1.0,2.0,2.0,6.0,2.0,3490.87353515625,1.0,5.0,1.0,1.0,6-11 años,8.1581937007127,1,1,1,0
1,10.0,2.0,2.0,2.0,6.0,2.0,1624.5556640625,1.0,5.0,1.0,1.0,6-11 años,7.393604983428632,1,1,1,0
1,17.0,1.0,2.0,2.0,6.0,2.0,1830.0,3.0,5.0,2.0,1.0,17-19 años,7.5126175446745105,1,1,1,0
0,18.0,1.0,2.0,2.0,2.0,1.0,312.5,4.0,5.0,7.0,1.0,17-19 años,5.7477993600729755,1,1,0,1
1,8.0,1.0,2.0,2.0,2.0,1.0,312.5,1.0,5.0,7.0,1.0,6-11 años,5.7477993600729755,1,1,0,0
1,7.0,1.0,2.0,2.0,6.0,2.0,500.0,1.0,5.0,7.0,1.0,6-11 años,6.2166061010848646,1,1,0,0
1,16.0,2.0,2.0,2.0,6.0,1.0,525.5999755859375,3.0,1.0,7.0,1.0,15-16 años,6.266441200700524,1,1,0,0
1,7.0,1.0,2.0,2.0,6.0,2.0,525.5999755859375,1.0,1.0,7.0,1.0,6-11 años,6.266441200700524,1,1,0,0
1,6.0,1.0,2.0,2.0,6.0,2.0,525.5999755859375,0.0,1.0,7.0,1.0,6-11 años,6.266441200700524,1,1,0,0
1,13.0,1.0,2.0,2.0,6.0,1.0,40.0,2.0,4.0,8.0,2.0,12-14 años,3.713572066704308,1,0,0,0
1,9.0,1.0,2.0,2.0,6.0,1.0,40.0,1.0,4.0,8.0,2.0,6-11 años,3.713572066704308,1,0,0,0
1,11.0,1.0,2.0,2.0,6.0,1.0,40.0,2.0,4.0,8.0,2.0,6-11 años,3.713572066704308,1,0,0,0
1,12.0,2.0,2.0,2.0,2.0,1.0,712.5,1.0,3.0,8.0,2.0,12-14 años,6.570182436916891,1,0,0,0
1,14.0,1.0,2.0,2.0,2.0,1.0,712.5,2.0,3.0,8.0,2.0,12-14 años,6.570182436916891,1,0,0,0
1,10.0,1.0,2.0,2.0,2.0,1.0,712.5,1.0,3.0,8.0,2.0,6-11 años,6.570182436916891,1,0,0,0
1,19.0,1.0,2.0,2.0,6.0,1.0,609.1666870117188,3.0,8.0,7.0,1.0,17-19 años,6.413732177235615,1,1,0,0
1,17.0,1.0,2.0,2.0,2.0,1.0,609.1666870117188,3.0,8.0,7.0,1.0,17-19 años,6.413732177235615,1,1,0,0
1,17.0,1.0,2.0,2.0,6.0,1.0,1000.0,3.0,5.0,8.0,1.0,17-19 años,6.90875477931522,1,1,0,0
1,16.0,1.0,2.0,2.0,6.0,1.0,1000.0,3.0,5.0,8.0,1.0,15-16 años,6.90875477931522,1,1,0,0
1,12.0,1.0,2.0,2.0,6.0,2.0,1299.0,1.0,1.0,7.0,1.0,12-14 años,7.170119543449628,1,1,0,0
1,7.0,1.0,2.0,2.0,6.0,2.0,1299.0,1.0,1.0,7.0,1.0,6-11 años,7.170119543449628,1,1,0,0
1,16.0,1.0,2.0,2.0,6.0,1.0,1058.0,3.0,5.0,7.0,1.0,15-16 años,6.9650803456014065,1,1,0,0
1,14.0,2.0,2.0,2.0,6.0,2.0,1058.0,3.0,5.0,7.0,1.0,12-14 años,6.9650803456014065,1,1,0,0
1,11.0,2.0,2.0,2.0,6.0,2.0,1058.0,1.0,5.0,7.0,1.0,6-11 años,6.9650803456014065,1,1,0,0
1,8.0,1.0,2.0,2.0,6.0,2.0,1058.0,1.0,5.0,7.0,1.0,6-11 años,6.9650803456014065,1,1,0,0
1,18.0,2.0,2.0,2.0,6.0,1.0,1058.0,3.0,5.0,7.0,1.0,17-19 años,6.9650803456014065,1,1,0,0
1,12.0,1.0,2.0,2.0,6.0,2.0,1347.094970703125,1.0,8.0,7.0,1.0,12-14 años,7.206447742034414,1,1,0,0
1,10.0,1.0,2.0,2.0,6.0,2.0,1347.094970703125,1.0,8.0,7.0,1.0,6-11 años,7.206447742034414,1,1,0,0
1,8.0,1.0,2.0,2.0,6.0,2.0,1347.094970703125,0.0,8.0,7.0,1.0,6-11 años,7.206447742034414,1,1,0,0
1,11.0,1.0,2.0,2.0,6.0,2.0,1347.094970703125,1.0,8.0,7.0,1.0,6-11 años,7.206447742034414,1,1,0,0
0,10.0,1.0,2.0,2.0,6.0,2.0,1347.094970703125,1.0,8.0,7.0,1.0,6-11 años,7.206447742034414,1,1,0,1
0,8.0,2.0,2.0,2.0,6.0,2.0,1347.094970703125,1.0,8.0,7.0,1.0,6-11 años,7.206447742034414,1,1,0,1
0,6.0,2.0,2.0,2.0,6.0,2.0,1347.094970703125,0.0,8.0,7.0,1.0,6-11 años,7.206447742034414,1,1,0,1
1,12.0,1.0,2.0,2.0,6.0,1.0,600.0,2.0,5.0,2.0,1.0,12-14 años,6.398594934535208,1,1,1,0
1,10.0,1.0,2.0,2.0,6.0,2.0,858.6666870117188,1.0,5.0,1.0,1.0,6-11 años,6.756544740879445,1,1,1,0
1,8.0,1.0,2.0,2.0,6.0,2.0,858.6666870117188,1.0,5.0,1.0,1.0,6-11 años,6.756544740879445,1,1,1,0
1,11.0,1.0,2.0,2.0,6.0,2.0,1136.6666259765625,1.0,5.0,1.0,1.0,6-11 años,7.0367346244723175,1,1,1,0
0,19.0,1.0,2.0,2.0,6.0,2.0,1349.699951171875,4.0,5.0,1.0,1.0,17-19 años,7.208378219416481,1,1,1,1
1,13.0,1.0,2.0,2.0,6.0,2.0,1349.699951171875,3.0,5.0,1.0,1.0,12-14 años,7.208378219416481,1,1,1,0
1,12.0,2.0,2.0,2.0,6.0,2.0,1349.699951171875,2.0,5.0,1.0,1.0,12-14 años,7.208378219416481,1,1,1,0
1,17.0,2.0,2.0,2.0,6.0,2.0,295.0,3.0,5.0,2.0,1.0,17-19 años,5.69035945432406,1,1,1,0
1,9.0,2.0,2.0,2.0,6.0,2.0,295.0,1.0,5.0,2.0,1.0,6-11 años,5.69035945432406,1,1,1,0
1,16.0,2.0,2.0,2.0,6.0,2.0,279.0,3.0,5.0,2.0,1.0,15-16 años,5.634789603169249,1,1,1,0
1,14.0,1.0,2.0,2.0,6.0,2.0,279.0,3.0,5.0,2.0,1.0,12-14 años,5.634789603169249,1,1,1,0
1,10.0,2.0,2.0,2.0,6.0,2.0,279.0,1.0,5.0,2.0,1.0,6-11 años,5.634789603169249,1,1,1,0
1,13.0,2.0,2.0,2.0,6.0,1.0,983.3333129882812,2.0,5.0,1.0,1.0,12-14 años,6.891964572406948,1,1,1,0
0,18.0,2.0,2.0,2.0,6.0,2.0,2598.0,4.0,5.0,1.0,1.0,17-19 años,7.8628820346414905,1,1,1,1
0,19.0,2.0,2.0,2.0,6.0,2.0,2667.125,4.0,8.0,1.0,1.0,17-19 años,7.8891312575122265,1,1,1,1
1,17.0,1.0,2.0,2.0,6.0,2.0,2667.125,3.0,8.0,1.0,1.0,17-19 años,7.8891312575122265,1,1,1,0
1,13.0,1.0,2.0,2.0,2.0,1.0,841.86669921875,2.0,5.0,6.0,1.0,12-14 años,6.736808818830366,1,1,0,0
0,9.0,1.0,2.0,2.0,995.0,1.0,841.86669921875,0.0,5.0,6.0,1.0,6-11 años,6.736808818830366,1,1,0,1
1,7.0,2.0,2.0,2.0,6.0,1.0,841.86669921875,0.0,5.0,6.0,1.0,6-11 años,6.736808818830366,1,1,0,0
1,17.0,1.0,2.0,2.0,2.0,1.0,460.0,3.0,5.0,6.0,1.0,17-19 años,6.133398042996649,1,1,0,0
1,15.0,1.0,2.0,2.0,2.0,1.0,460.0,3.0,5.0,6.0,1.0,15-16 años,6.133398042996649,1,1,0,0
1,13.0,2.0,2.0,2.0,2.0,1.0,460.0,2.0,5.0,6.0,1.0,12-14 años,6.133398042996649,1,1,0,0
1,11.0,2.0,2.0,2.0,2.0,1.0,460.0,1.0,5.0,6.0,1.0,6-11 años,6.133398042996649,1,1,0,0
1,9.0,2.0,2.0,2.0,2.0,1.0,460.0,1.0,5.0,6.0,1.0,6-11 años,6.133398042996649,1,1,0,0
1,8.0,2.0,2.0,2.0,2.0,1.0,460.0,1.0,5.0,6.0,1.0,6-11 años,6.133398042996649,1,1,0,0
1,15.0,1.0,2.0,2.0,6.0,1.0,699.5,3.0,5.0,5.0,1.0,15-16 años,6.551794365777062,1,1,0,0
1,12.0,1.0,2.0,2.0,6.0,1.0,699.5,1.0,5.0,5.0,1.0,12-14 años,6.551794365777062,1,1,0,0
1,17.0,1.0,2.0,2.0,2.0,1.0,760.6875,3.0,5.0,2.0,1.0,17-19 años,6.635536366583721,1,1,1,0
1,14.0,2.0,2.0,2.0,2.0,1.0,760.6875,3.0,5.0,2.0,1.0,12-14 años,6.635536366583721,1,1,1,0
1,10.0,1.0,2.0,2.0,2.0,2.0,760.6875,1.0,5.0,2.0,1.0,6-11 años,6.635536366583721,1,1,1,0
1,9.0,2.0,2.0,2.0,2.0,1.0,760.6875,1.0,5.0,2.0,1.0,6-11 años,6.635536366583721,1,1,1,0
1,6.0,1.0,2.0,2.0,2.0,1.0,760.6875,0.0,5.0,2.0,1.0,6-11 años,6.635536366583721,1,1,1,0
1,15.0,2.0,2.0,2.0,2.0,2.0,764.0341796875,3.0,1.0,7.0,1.0,15-16 años,6.639920512158509,1,1,0,0
1,13.0,2.0,2.0,2.0,2.0,1.0,764.0341796875,2.0,1.0,7.0,1.0,12-14 años,6.639920512158509,1,1,0,0
1,12.0,2.0,2.0,2.0,6.0,1.0,948.3333129882812,2.0,5.0,2.0,1.0,12-14 años,6.855759962432873,1,1,1,0
1,16.0,1.0,2.0,2.0,2.0,1.0,6651.22314453125,3.0,5.0,1.0,1.0,15-16 años,8.802706385229925,1,1,1,0
1,12.0,1.0,2.0,2.0,6.0,1.0,540.0,1.0,5.0,7.0,1.0,12-14 años,6.293419278846481,1,1,0,0
1,10.0,2.0,2.0,2.0,6.0,1.0,540.0,1.0,5.0,7.0,1.0,6-11 años,6.293419278846481,1,1,0,0
1,7.0,1.0,2.0,2.0,6.0,1.0,540.0,1.0,5.0,7.0,1.0,6-11 años,6.293419278846481,1,1,0,0
1,17.0,2.0,2.0,2.0,6.0,2.0,1676.380126953125,3.0,1.0,7.0,1.0,17-19 años,7.424988406950097,1,1,0,0
1,7.0,1.0,2.0,2.0,6.0,2.0,1676.380126953125,1.0,1.0,7.0,1.0,6-11 años,7.424988406950097,1,1,0,0
1,17.0,1.0,2.0,2.0,6.0,2.0,1537.5,3.0,5.0,7.0,1.0,17-19 años,7.338563194762097,1,1,0,0
1,14.0,2.0,2.0,2.0,6.0,2.0,1537.5,3.0,5.0,7.0,1.0,12-14 años,7.338563194762097,1,1,0,0
1,6.0,1.0,2.0,2.0,6.0,2.0,1905.5556640625,0.0,5.0,7.0,1.0,6-11 años,7.553053575861953,1,1,0,0
1,14.0,2.0,2.0,2.0,6.0,2.0,1024.3055419921875,3.0,1.0,7.0,1.0,12-14 años,6.932745936901062,1,1,0,0
1,8.0,1.0,2.0,2.0,6.0,2.0,1024.3055419921875,1.0,1.0,7.0,1.0,6-11 años,6.932745936901062,1,1,0,0
1,17.0,1.0,2.0,2.0,6.0,2.0,1039.199951171875,3.0,5.0,7.0,1.0,17-19 años,6.947168234397878,1,1,0,0
1,16.0,2.0,2.0,2.0,6.0,2.0,866.0,3.0,1.0,7.0,1.0,15-16 años,6.7650389767805414,1,1,0,0
1,14.0,2.0,2.0,2.0,6.0,2.0,866.0,3.0,1.0,7.0,1.0,12-14 años,6.7650389767805414,1,1,0,0
1,11.0,2.0,2.0,2.0,6.0,2.0,866.0,1.0,1.0,7.0,1.0,6-11 años,6.7650389767805414,1,1,0,0
1,8.0,1.0,2.0,2.0,6.0,2.0,866.0,1.0,1.0,7.0,1.0,6-11 años,6.7650389767805414,1,1,0,0
1,7.0,1.0,2.0,2.0,6.0,2.0,866.0,0.0,1.0,7.0,1.0,6-11 años,6.7650389767805414,1,1,0,0
1,12.0,2.0,2.0,2.0,6.0,2.0,400.0,2.0,1.0,7.0,1.0,12-14 años,5.993961427306569,1,1,0,0
1,11.0,2.0,2.0,2.0,6.0,2.0,400.0,1.0,1.0,7.0,1.0,6-11 años,5.993961427306569,1,1,0,0
1,7.0,1.0,2.0,2.0,6.0,2.0,868.7777709960938,1.0,5.0,7.0,1.0,6-11 años,6.768237743382716,1,1,0,0
1,18.0,1.0,2.0,2.0,6.0,2.0,1198.5277099609375,3.0,8.0,7.0,1.0,17-19 años,7.089683183272559,1,1,0,0
1,14.0,1.0,2.0,2.0,6.0,2.0,1198.5277099609375,3.0,8.0,7.0,1.0,12-14 años,7.089683183272559,1,1,0,0
1,11.0,1.0,2.0,2.0,6.0,2.0,1198.5277099609375,2.0,8.0,7.0,1.0,6-11 años,7.089683183272559,1,1,0,0
1,7.0,2.0,2.0,2.0,6.0,2.0,1198.5277099609375,1.0,8.0,7.0,1.0,6-11 años,7.089683183272559,1,1,0,0
1,8.0,2.0,2.0,2.0,6.0,2.0,955.9332885742188,1.0,5.0,7.0,1.0,6-11 años,6.863733680114313,1,1,0,0
1,6.0,1.0,2.0,2.0,6.0,2.0,955.9332885742188,0.0,5.0,7.0,1.0,6-11 años,6.863733680114313,1,1,0,0
1,10.0,1.0,2.0,2.0,6.0,2.0,2417.444580078125,1.0,5.0,7.0,1.0,6-11 años,7.790879877002811,1,1,0,0
1,17.0,1.0,2.0,2.0,6.0,1.0,2077.875,3.0,8.0,7.0,1.0,17-19 años,7.639582160990304,1,1,0,0
1,11.0,2.0,2.0,2.0,6.0,1.0,2077.875,1.0,8.0,7.0,1.0,6-11 años,7.639582160990304,1,1,0,0
1,14.0,2.0,2.0,2.0,6.0,2.0,3426.66650390625,3.0,5.0,8.0,1.0,12-14 años,8.139634989076761,1,1,0,0
1,10.0,1.0,2.0,2.0,6.0,2.0,3426.66650390625,1.0,5.0,8.0,1.0,6-11 años,8.139634989076761,1,1,0,0
1,19.0,1.0,2.0,2.0,6.0,2.0,1850.7750244140625,3.0,5.0,7.0,1.0,17-19 años,7.523899930728946,1,1,0,0
1,17.0,1.0,2.0,2.0,6.0,2.0,1850.7750244140625,3.0,5.0,7.0,1.0,17-19 años,7.523899930728946,1,1,0,0
1,12.0,1.0,2.0,2.0,6.0,2.0,1850.7750244140625,3.0,5.0,7.0,1.0,12-14 años,7.523899930728946,1,1,0,0
1,8.0,1.0,2.0,2.0,6.0,2.0,272.8125,1.0,5.0,1.0,1.0,6-11 años,5.612443565574117,1,1,1,0
1,6.0,1.0,2.0,2.0,6.0,2.0,655.0,0.0,5.0,1.0,1.0,6-11 años,6.486160788944089,1,1,1,0
1,17.0,2.0,2.0,2.0,6.0,2.0,516.1904907226562,3.0,5.0,1.0,1.0,17-19 años,6.248411260654926,1,1,1,0
1,9.0,1.0,2.0,2.0,6.0,2.0,516.1904907226562,1.0,5.0,1.0,1.0,6-11 años,6.248411260654926,1,1,1,0
1,6.0,2.0,2.0,2.0,6.0,2.0,516.1904907226562,0.0,5.0,1.0,1.0,6-11 años,6.248411260654926,1,1,1,0
0,19.0,2.0,2.0,2.0,6.0,2.0,491.6399841308594,4.0,5.0,2.0,1.0,17-19 años,6.199778651963741,1,1,1,1
1,18.0,1.0,2.0,2.0,6.0,2.0,491.6399841308594,3.0,5.0,2.0,1.0,17-19 años,6.199778651963741,1,1,1,0
1,9.0,1.0,2.0,2.0,6.0,2.0,491.6399841308594,1.0,5.0,2.0,1.0,6-11 años,6.199778651963741,1,1,1,0
1,15.0,2.0,2.0,2.0,6.0,1.0,1224.45556640625,3.0,5.0,1.0,1.0,15-16 años,7.111067944788408,1,1,1,0
1,17.0,1.0,2.0,2.0,6.0,1.0,189.34999084472656,3.0,3.0,1.0,1.0,17-19 años,5.2488644347314555,1,1,1,0
1,15.0,2.0,2.0,2.0,6.0,1.0,189.34999084472656,3.0,3.0,1.0,1.0,15-16 años,5.2488644347314555,1,1,1,0
1,9.0,1.0,2.0,2.0,6.0,1.0,189.34999084472656,1.0,3.0,1.0,1.0,6-11 años,5.2488644347314555,1,1,1,0
1,7.0,2.0,2.0,2.0,6.0,1.0,189.34999084472656,1.0,3.0,1.0,1.0,6-11 años,5.2488644347314555,1,1,1,0
1,7.0,1.0,2.0,2.0,6.0,1.0,1401.3333740234375,0.0,5.0,1.0,1.0,6-11 años,7.245892823938411,1,1,1,0
1,11.0,2.0,2.0,2.0,6.0,1.0,516.2999877929688,1.0,3.0,10.0,1.0,6-11 años,6.248622953411883,1,1,0,0
1,9.0,2.0,2.0,2.0,6.0,1.0,516.2999877929688,1.0,3.0,10.0,1.0,6-11 años,6.248622953411883,1,1,0,0
1,15.0,1.0,2.0,2.0,6.0,1.0,2431.074951171875,3.0,5.0,1.0,1.0,15-16 años,7.796500061349605,1,1,1,0
1,15.0,1.0,2.0,2.0,6.0,1.0,3658.5498046875,3.0,5.0,7.0,1.0,15-16 años,8.205095414646033,1,1,0,0
1,12.0,2.0,2.0,2.0,6.0,1.0,3658.5498046875,2.0,5.0,7.0,1.0,12-14 años,8.205095414646033,1,1,0,0
0,19.0,1.0,2.0,2.0,27.0,1.0,1587.6666259765625,4.0,5.0,7.0,1.0,17-19 años,7.3706503433778385,1,1,0,1
1,15.0,1.0,2.0,2.0,6.0,2.0,1155.0,3.0,5.0,1.0,1.0,15-16 años,7.052721049232323,1,1,1,0
1,8.0,2.0,2.0,2.0,6.0,2.0,695.2083129882812,1.0,5.0,1.0,1.0,6-11 años,6.545648915823548,1,1,1,0
1,13.0,1.0,2.0,2.0,6.0,1.0,2175.0,3.0,5.0,7.0,1.0,12-14 años,7.685243607975833,1,1,0,0
1,11.0,2.0,2.0,2.0,6.0,1.0,2175.0,1.0,5.0,7.0,1.0,6-11 años,7.685243607975833,1,1,0,0
1,18.0,2.0,2.0,2.0,6.0,1.0,976.875,3.0,3.0,7.0,1.0,17-19 años,6.885381850005245,1,1,0,0
1,14.0,2.0,2.0,2.0,6.0,1.0,976.875,3.0,3.0,7.0,1.0,12-14 años,6.885381850005245,1,1,0,0
1,6.0,1.0,2.0,2.0,6.0,2.0,630.0,0.0,5.0,1.0,1.0,6-11 años,6.447305862541213,1,1,1,0
1,9.0,1.0,2.0,2.0,6.0,2.0,1886.6666259765625,1.0,5.0,6.0,1.0,6-11 años,7.543096755889928,1,1,0,0
0,19.0,1.0,2.0,2.0,6.0,1.0,757.8333129882812,3.0,3.0,7.0,1.0,17-19 años,6.6317821392957645,1,1,0,1
0,15.0,2.0,2.0,2.0,2.0,1.0,757.8333129882812,1.0,3.0,7.0,1.0,15-16 años,6.6317821392957645,1,1,0,1
1,15.0,2.0,2.0,2.0,2.0,1.0,146.6666717529297,3.0,4.0,7.0,1.0,15-16 años,4.994957515821245,1,1,0,0
1,11.0,1.0,2.0,2.0,2.0,1.0,146.6666717529297,1.0,4.0,7.0,1.0,6-11 años,4.994957515821245,1,1,0,0
1,9.0,1.0,2.0,2.0,6.0,1.0,484.0,1.0,1.0,7.0,1.0,6-11 años,6.184148890937483,1,1,0,0
1,6.0,1.0,2.0,2.0,6.0,2.0,484.0,0.0,1.0,7.0,1.0,6-11 años,6.184148890937483,1,1,0,0
1,14.0,2.0,2.0,2.0,2.0,1.0,327.0500183105469,3.0,3.0,7.0,1.0,12-14 años,5.7931660916072145,1,1,0,0
1,12.0,1.0,2.0,2.0,2.0,1.0,327.0500183105469,1.0,3.0,7.0,1.0,12-14 años,5.7931660916072145,1,1,0,0
1,11.0,2.0,2.0,2.0,2.0,1.0,327.0500183105469,1.0,3.0,7.0,1.0,6-11 años,5.7931660916072145,1,1,0,0
1,9.0,2.0,2.0,2.0,2.0,1.0,327.0500183105469,1.0,3.0,7.0,1.0,6-11 años,5.7931660916072145,1,1,0,0
1,7.0,2.0,2.0,2.0,2.0,1.0,327.0500183105469,0.0,3.0,7.0,1.0,6-11 años,5.7931660916072145,1,1,0,0
1,11.0,1.0,2.0,2.0,2.0,2.0,1175.4166259765625,1.0,1.0,7.0,1.0,6-11 años,7.0702283395080245,1,1,0,0
1,16.0,1.0,2.0,2.0,2.0,1.0,704.8095092773438,3.0,5.0,8.0,1.0,15-16 años,6.559345384198502,1,1,0,0
1,13.0,2.0,2.0,2.0,2.0,1.0,704.8095092773438,3.0,5.0,8.0,1.0,12-14 años,6.559345384198502,1,1,0,0
1,10.0,1.0,2.0,2.0,2.0,1.0,704.8095092773438,1.0,5.0,8.0,1.0,6-11 años,6.559345384198502,1,1,0,0
1,9.0,2.0,2.0,2.0,6.0,1.0,704.8095092773438,1.0,5.0,8.0,1.0,6-11 años,6.559345384198502,1,1,0,0
1,8.0,2.0,2.0,2.0,2.0,1.0,704.8095092773438,1.0,5.0,8.0,1.0,6-11 años,6.559345384198502,1,1,0,0
0,19.0,1.0,2.0,2.0,2.0,1.0,528.888916015625,5.0,1.0,7.0,1.0,17-19 años,6.272667392155257,1,1,0,1
1,18.0,1.0,2.0,2.0,2.0,1.0,1007.2166748046875,3.0,1.0,8.0,2.0,17-19 años,6.9159383806951436,1,0,0,0
1,11.0,1.0,2.0,2.0,2.0,1.0,1007.2166748046875,1.0,1.0,8.0,2.0,6-11 años,6.9159383806951436,1,0,0,0
1,8.0,1.0,2.0,2.0,2.0,1.0,221.25,1.0,1.0,8.0,1.0,6-11 años,5.403802874394014,1,1,0,0
1,6.0,2.0,2.0,2.0,6.0,2.0,221.25,0.0,1.0,8.0,1.0,6-11 años,5.403802874394014,1,1,0,0
1,10.0,1.0,2.0,2.0,2.0,1.0,471.875,1.0,1.0,7.0,1.0,6-11 años,6.158831082953193,1,1,0,0
0,16.0,2.0,2.0,2.0,6.0,1.0,406.1111145019531,3.0,1.0,6.0,1.0,15-16 años,6.009086156786835,1,1,0,1
0,18.0,2.0,2.0,2.0,6.0,1.0,220.83334350585938,3.0,5.0,5.0,1.0,17-19 años,5.401926395023672,1,1,0,1
0,17.0,1.0,2.0,2.0,2.0,2.0,120.66667175292969,4.0,5.0,6.0,2.0,17-19 años,4.801285106719282,1,0,0,1
1,16.0,2.0,2.0,2.0,2.0,2.0,120.66667175292969,3.0,5.0,6.0,2.0,15-16 años,4.801285106719282,1,0,0,0
1,14.0,1.0,2.0,2.0,2.0,2.0,120.66667175292969,3.0,5.0,6.0,2.0,12-14 años,4.801285106719282,1,0,0,0
1,17.0,1.0,2.0,2.0,6.0,1.0,243.0729217529297,3.0,1.0,5.0,1.0,17-19 años,5.4974670402867085,1,1,0,0
1,12.0,2.0,2.0,2.0,6.0,1.0,243.0729217529297,2.0,1.0,5.0,1.0,12-14 años,5.4974670402867085,1,1,0,0
1,7.0,1.0,2.0,2.0,6.0,1.0,243.0729217529297,0.0,1.0,5.0,1.0,6-11 años,5.4974670402867085,1,1,0,0
1,15.0,1.0,2.0,2.0,6.0,2.0,1089.754150390625,3.0,5.0,6.0,1.0,15-16 años,6.994624617076127,1,1,0,0
1,12.0,2.0,2.0,2.0,6.0,2.0,1089.754150390625,3.0,5.0,6.0,1.0,12-14 años,6.994624617076127,1,1,0,0
1,15.0,2.0,2.0,2.0,6.0,2.0,2061.666748046875,1.0,8.0,7.0,1.0,15-16 años,7.631754962478729,1,1,0,0
1,17.0,2.0,2.0,2.0,6.0,2.0,636.6666870117188,3.0,5.0,7.0,1.0,17-19 años,6.457815712677609,1,1,0,0
1,14.0,2.0,2.0,2.0,6.0,2.0,636.6666870117188,3.0,5.0,7.0,1.0,12-14 años,6.457815712677609,1,1,0,0
1,12.0,2.0,2.0,2.0,6.0,2.0,1296.25,1.0,5.0,7.0,1.0,12-14 años,7.168001918247849,1,1,0,0
1,10.0,2.0,2.0,2.0,6.0,2.0,1296.25,1.0,5.0,7.0,1.0,6-11 años,7.168001918247849,1,1,0,0
1,8.0,1.0,2.0,2.0,6.0,2.0,1296.25,1.0,5.0,7.0,1.0,6-11 años,7.168001918247849,1,1,0,0
1,16.0,2.0,2.0,2.0,6.0,2.0,1745.8333740234375,3.0,5.0,7.0,1.0,15-16 años,7.465559927235761,1,1,0,0
1,13.0,2.0,2.0,2.0,6.0,2.0,1287.5,2.0,5.0,7.0,1.0,12-14 años,7.1612340300924195,1,1,0,0
1,8.0,1.0,2.0,2.0,6.0,2.0,1287.5,1.0,5.0,7.0,1.0,6-11 años,7.1612340300924195,1,1,0,0
1,9.0,2.0,2.0,2.0,6.0,2.0,1240.300048828125,1.0,2.0,7.0,1.0,6-11 años,7.123914535858182,1,1,0,0
1,15.0,2.0,2.0,2.0,6.0,2.0,903.5333862304688,3.0,1.0,7.0,1.0,15-16 años,6.807419215409501,1,1,0,0
1,11.0,2.0,2.0,2.0,6.0,2.0,499.6499938964844,1.0,1.0,7.0,1.0,6-11 años,6.215907241962629,1,1,0,0
1,10.0,1.0,2.0,2.0,6.0,2.0,499.6499938964844,1.0,1.0,7.0,1.0,6-11 años,6.215907241962629,1,1,0,0
1,8.0,2.0,2.0,2.0,6.0,2.0,499.6499938964844,1.0,1.0,7.0,1.0,6-11 años,6.215907241962629,1,1,0,0
1,18.0,1.0,2.0,2.0,2.0,1.0,331.3333435058594,3.0,1.0,8.0,1.0,17-19 años,5.806138511903135,1,1,0,0
1,15.0,2.0,2.0,2.0,6.0,2.0,331.3333435058594,3.0,1.0,8.0,1.0,15-16 años,5.806138511903135,1,1,0,0
1,6.0,2.0,2.0,2.0,6.0,2.0,331.3333435058594,0.0,1.0,8.0,1.0,6-11 años,5.806138511903135,1,1,0,0
1,6.0,1.0,2.0,2.0,6.0,1.0,486.0,0.0,5.0,7.0,1.0,6-11 años,6.18826412308259,1,1,0,0
1,15.0,2.0,2.0,2.0,27.0,1.0,486.0,3.0,5.0,7.0,1.0,15-16 años,6.18826412308259,1,1,0,0
1,9.0,2.0,2.0,2.0,6.0,1.0,909.5833129882812,1.0,5.0,8.0,1.0,6-11 años,6.814085397439867,1,1,0,0
1,7.0,2.0,2.0,2.0,6.0,1.0,1155.0,1.0,5.0,7.0,1.0,6-11 años,7.052721049232323,1,1,0,0
1,8.0,2.0,2.0,2.0,6.0,2.0,1564.0,1.0,8.0,7.0,1.0,6-11 años,7.355641102974253,1,1,0,0
1,6.0,2.0,2.0,2.0,6.0,2.0,1564.0,0.0,8.0,7.0,1.0,6-11 años,7.355641102974253,1,1,0,0
1,12.0,1.0,2.0,2.0,6.0,2.0,519.5999755859375,2.0,8.0,7.0,1.0,12-14 años,6.254981945664454,1,1,0,0
1,8.0,1.0,2.0,2.0,6.0,2.0,519.5999755859375,1.0,8.0,7.0,1.0,6-11 años,6.254981945664454,1,1,0,0
1,17.0,2.0,2.0,2.0,6.0,2.0,206.6666717529297,3.0,5.0,7.0,1.0,17-19 años,5.335934254611781,1,1,0,0
1,16.0,1.0,2.0,2.0,6.0,2.0,206.6666717529297,3.0,5.0,7.0,1.0,15-16 años,5.335934254611781,1,1,0,0
1,13.0,1.0,2.0,2.0,6.0,2.0,206.6666717529297,3.0,5.0,7.0,1.0,12-14 años,5.335934254611781,1,1,0,0
1,8.0,2.0,2.0,2.0,6.0,2.0,206.6666717529297,1.0,5.0,7.0,1.0,6-11 años,5.335934254611781,1,1,0,0
1,15.0,2.0,2.0,2.0,6.0,2.0,311.7599792480469,3.0,5.0,7.0,1.0,15-16 años,5.745436056905265,1,1,0,0
1,13.0,1.0,2.0,2.0,6.0,2.0,311.7599792480469,3.0,5.0,7.0,1.0,12-14 años,5.745436056905265,1,1,0,0
1,11.0,2.0,2.0,2.0,6.0,2.0,311.7599792480469,1.0,5.0,7.0,1.0,6-11 años,5.745436056905265,1,1,0,0
1,18.0,2.0,2.0,2.0,6.0,2.0,513.3333740234375,3.0,8.0,8.0,1.0,17-19 años,6.24287164280737,1,1,0,0
1,16.0,2.0,2.0,2.0,6.0,2.0,513.3333740234375,3.0,8.0,8.0,1.0,15-16 años,6.24287164280737,1,1,0,0
1,14.0,1.0,2.0,2.0,6.0,2.0,513.3333740234375,3.0,8.0,8.0,1.0,12-14 años,6.24287164280737,1,1,0,0
1,12.0,1.0,2.0,2.0,6.0,2.0,513.3333740234375,1.0,8.0,8.0,1.0,12-14 años,6.24287164280737,1,1,0,0
1,9.0,1.0,2.0,2.0,6.0,2.0,513.3333740234375,1.0,8.0,8.0,1.0,6-11 años,6.24287164280737,1,1,0,0
1,18.0,2.0,2.0,2.0,6.0,2.0,713.75,3.0,8.0,8.0,1.0,17-19 años,6.571932831202421,1,1,0,0
1,16.0,1.0,2.0,2.0,6.0,2.0,713.75,3.0,8.0,8.0,1.0,15-16 años,6.571932831202421,1,1,0,0
1,12.0,1.0,2.0,2.0,6.0,2.0,713.75,1.0,8.0,8.0,1.0,12-14 años,6.571932831202421,1,1,0,0
1,7.0,2.0,2.0,2.0,6.0,2.0,892.3466796875,0.0,5.0,8.0,1.0,6-11 años,6.794974724673887,1,1,0,0
1,17.0,1.0,2.0,2.0,6.0,1.0,441.25,3.0,8.0,8.0,1.0,17-19 años,6.091875333039894,1,1,0,0
1,15.0,1.0,2.0,2.0,6.0,1.0,441.25,3.0,8.0,8.0,1.0,15-16 años,6.091875333039894,1,1,0,0
1,11.0,2.0,2.0,2.0,6.0,1.0,441.25,1.0,8.0,8.0,1.0,6-11 años,6.091875333039894,1,1,0,0
1,9.0,2.0,2.0,2.0,6.0,1.0,441.25,1.0,8.0,8.0,1.0,6-11 años,6.091875333039894,1,1,0,0
1,7.0,2.0,2.0,2.0,6.0,1.0,441.25,1.0,8.0,8.0,1.0,6-11 años,6.091875333039894,1,1,0,0
1,13.0,1.0,2.0,2.0,6.0,2.0,474.9444580078125,2.0,8.0,8.0,1.0,12-14 años,6.165301162565676,1,1,0,0
1,11.0,1.0,2.0,2.0,6.0,2.0,474.9444580078125,1.0,8.0,8.0,1.0,6-11 años,6.165301162565676,1,1,0,0
1,7.0,2.0,2.0,2.0,6.0,2.0,474.9444580078125,1.0,8.0,8.0,1.0,6-11 años,6.165301162565676,1,1,0,0
0,18.0,2.0,2.0,2.0,6.0,2.0,609.7916870117188,3.0,2.0,8.0,1.0,17-19 años,6.4147559632514,1,1,0,1
1,10.0,1.0,2.0,2.0,6.0,2.0,609.7916870117188,1.0,2.0,8.0,1.0,6-11 años,6.4147559632514,1,1,0,0
1,11.0,1.0,2.0,2.0,6.0,1.0,250.0,1.0,1.0,7.0,1.0,6-11 años,5.5254529391317835,1,1,0,0
1,14.0,2.0,2.0,2.0,6.0,1.0,250.0,3.0,1.0,7.0,1.0,12-14 años,5.5254529391317835,1,1,0,0
1,9.0,1.0,2.0,2.0,6.0,2.0,255.55555725097656,1.0,5.0,7.0,1.0,6-11 años,5.547345238626673,1,1,0,0
1,14.0,1.0,2.0,2.0,6.0,1.0,914.4443969726562,3.0,5.0,1.0,1.0,12-14 años,6.8194096271228215,1,1,1,0
1,10.0,1.0,2.0,2.0,6.0,1.0,914.4443969726562,1.0,5.0,1.0,1.0,6-11 años,6.8194096271228215,1,1,1,0
1,13.0,1.0,2.0,2.0,2.0,1.0,6205.55517578125,2.0,2.0,1.0,1.0,12-14 años,8.733361298915883,1,1,1,0
1,12.0,1.0,2.0,2.0,6.0,2.0,94.41667175292969,2.0,5.0,7.0,1.0,12-14 años,4.558253319506152,1,1,0,0
1,19.0,1.0,2.0,2.0,6.0,1.0,516.6666870117188,3.0,7.0,7.0,1.0,17-19 años,6.24933157378203,1,1,0,0
1,13.0,2.0,2.0,2.0,6.0,1.0,516.6666870117188,3.0,7.0,7.0,1.0,12-14 años,6.24933157378203,1,1,0,0
1,10.0,1.0,2.0,2.0,6.0,1.0,713.2000122070312,1.0,5.0,7.0,1.0,6-11 años,6.571163052252243,1,1,0,0
1,7.0,2.0,2.0,2.0,6.0,1.0,713.2000122070312,1.0,5.0,7.0,1.0,6-11 años,6.571163052252243,1,1,0,0
0,19.0,2.0,2.0,2.0,6.0,1.0,707.0833740234375,3.0,1.0,7.0,1.0,17-19 años,6.5625618466806745,1,1,0,1
1,16.0,1.0,2.0,2.0,6.0,1.0,888.8555297851562,3.0,2.0,5.0,1.0,15-16 años,6.791059123465787,1,1,0,0
1,14.0,2.0,2.0,2.0,6.0,1.0,888.8555297851562,3.0,2.0,5.0,1.0,12-14 años,6.791059123465787,1,1,0,0
0,19.0,2.0,2.0,2.0,6.0,2.0,434.11572265625,4.0,5.0,5.0,1.0,17-19 años,6.075612024804046,1,1,0,1
1,16.0,2.0,2.0,2.0,6.0,2.0,434.11572265625,3.0,5.0,5.0,1.0,15-16 años,6.075612024804046,1,1,0,0
1,14.0,1.0,2.0,2.0,2.0,2.0,434.11572265625,2.0,5.0,5.0,1.0,12-14 años,6.075612024804046,1,1,0,0
1,13.0,2.0,2.0,2.0,2.0,2.0,434.11572265625,2.0,5.0,5.0,1.0,12-14 años,6.075612024804046,1,1,0,0
1,9.0,1.0,2.0,2.0,6.0,2.0,434.11572265625,1.0,5.0,5.0,1.0,6-11 años,6.075612024804046,1,1,0,0
1,15.0,1.0,2.0,2.0,2.0,2.0,205.0,3.0,5.0,5.0,1.0,15-16 años,5.327876168789581,1,1,0,0
1,7.0,1.0,2.0,2.0,2.0,2.0,205.0,0.0,5.0,5.0,1.0,6-11 años,5.327876168789581,1,1,0,0
1,11.0,1.0,2.0,2.0,2.0,2.0,1116.4183349609375,1.0,1.0,5.0,2.0,6-11 años,7.01877624548264,1,0,0,0
1,14.0,1.0,2.0,2.0,2.0,1.0,478.6666564941406,3.0,5.0,5.0,1.0,12-14 años,6.173091397011768,1,1,0,0
1,11.0,1.0,2.0,2.0,2.0,1.0,478.6666564941406,1.0,5.0,5.0,1.0,6-11 años,6.173091397011768,1,1,0,0
1,10.0,2.0,2.0,2.0,2.0,1.0,478.6666564941406,1.0,5.0,5.0,1.0,6-11 años,6.173091397011768,1,1,0,0
1,6.0,1.0,2.0,2.0,2.0,1.0,478.6666564941406,0.0,5.0,5.0,1.0,6-11 años,6.173091397011768,1,1,0,0
1,12.0,2.0,2.0,2.0,2.0,1.0,232.1666717529297,2.0,5.0,5.0,1.0,12-14 años,5.451753527251277,1,1,0,0
1,10.0,2.0,2.0,2.0,2.0,1.0,232.1666717529297,1.0,5.0,5.0,1.0,6-11 años,5.451753527251277,1,1,0,0
1,8.0,2.0,2.0,2.0,2.0,1.0,232.1666717529297,1.0,5.0,5.0,1.0,6-11 años,5.451753527251277,1,1,0,0
1,17.0,2.0,2.0,2.0,2.0,1.0,381.1111145019531,3.0,1.0,5.0,1.0,17-19 años,5.945711441970015,1,1,0,0
1,14.0,1.0,2.0,2.0,6.0,1.0,694.1666870117188,3.0,5.0,6.0,1.0,12-14 años,6.5441516542353275,1,1,0,0
1,13.0,1.0,2.0,2.0,6.0,2.0,1452.77783203125,3.0,5.0,6.0,1.0,12-14 años,7.281920848641013,1,1,0,0
1,11.0,2.0,2.0,2.0,6.0,2.0,501.6666564941406,1.0,5.0,6.0,1.0,6-11 años,6.21992723966267,1,1,0,0
0,19.0,2.0,2.0,2.0,6.0,2.0,501.6666564941406,3.0,5.0,6.0,1.0,17-19 años,6.21992723966267,1,1,0,1
1,8.0,1.0,2.0,2.0,6.0,2.0,595.8333129882812,1.0,5.0,6.0,1.0,6-11 años,6.391637866682046,1,1,0,0
1,18.0,2.0,2.0,2.0,6.0,2.0,977.4285888671875,3.0,3.0,1.0,1.0,17-19 años,6.885947803965677,1,1,1,0
1,14.0,2.0,2.0,2.0,6.0,1.0,977.4285888671875,3.0,3.0,1.0,1.0,12-14 años,6.885947803965677,1,1,1,0
1,13.0,1.0,2.0,2.0,6.0,1.0,977.4285888671875,2.0,3.0,1.0,1.0,12-14 años,6.885947803965677,1,1,1,0
1,11.0,1.0,2.0,2.0,6.0,1.0,977.4285888671875,1.0,3.0,1.0,1.0,6-11 años,6.885947803965677,1,1,1,0
0,18.0,1.0,2.0,2.0,2.0,1.0,1427.8499755859375,3.0,1.0,1.0,1.0,17-19 años,7.264625186824329,1,1,1,1
1,14.0,2.0,2.0,2.0,2.0,1.0,345.1875,3.0,1.0,1.0,1.0,12-14 años,5.846980535793323,1,1,1,0
1,7.0,1.0,2.0,2.0,8.0,2.0,345.1875,1.0,1.0,1.0,1.0,6-11 años,5.846980535793323,1,1,1,0
1,10.0,1.0,2.0,2.0,6.0,2.0,1025.0,1.0,5.0,7.0,1.0,6-11 años,6.933423025730715,1,1,0,0
1,17.0,1.0,2.0,2.0,6.0,1.0,1250.0001220703125,3.0,1.0,7.0,1.0,17-19 años,7.1316986080450935,1,1,0,0
1,6.0,2.0,2.0,2.0,6.0,1.0,805.6666870117188,0.0,1.0,7.0,1.0,6-11 años,6.692910555703761,1,1,0,0
1,9.0,2.0,2.0,2.0,6.0,2.0,783.566650390625,1.0,1.0,7.0,1.0,6-11 años,6.6651315276345375,1,1,0,0
1,12.0,1.0,2.0,2.0,6.0,2.0,485.0,2.0,1.0,7.0,1.0,12-14 años,6.186208623900494,1,1,0,0
1,11.0,1.0,2.0,2.0,6.0,2.0,485.0,1.0,1.0,7.0,1.0,6-11 años,6.186208623900494,1,1,0,0
1,8.0,1.0,2.0,2.0,6.0,2.0,485.0,1.0,1.0,7.0,1.0,6-11 años,6.186208623900494,1,1,0,0
1,19.0,1.0,2.0,2.0,6.0,2.0,376.66668701171875,4.0,1.0,7.0,1.0,17-19 años,5.934012026230289,1,1,0,0
1,13.0,1.0,2.0,2.0,6.0,2.0,376.66668701171875,3.0,1.0,7.0,1.0,12-14 años,5.934012026230289,1,1,0,0
1,10.0,2.0,2.0,2.0,6.0,2.0,376.66668701171875,1.0,1.0,7.0,1.0,6-11 años,5.934012026230289,1,1,0,0
1,10.0,2.0,2.0,2.0,6.0,2.0,818.0,1.0,1.0,7.0,1.0,6-11 años,6.70808408385307,1,1,0,0
1,14.0,2.0,2.0,2.0,6.0,2.0,81.18054962158203,3.0,8.0,7.0,1.0,12-14 años,4.408918651454097,1,1,0,0
1,8.0,2.0,2.0,2.0,6.0,2.0,81.18054962158203,1.0,8.0,7.0,1.0,6-11 años,4.408918651454097,1,1,0,0
1,6.0,1.0,2.0,2.0,6.0,2.0,81.18054962158203,0.0,8.0,7.0,1.0,6-11 años,4.408918651454097,1,1,0,0
1,12.0,1.0,2.0,2.0,6.0,2.0,316.66668701171875,2.0,1.0,7.0,1.0,12-14 años,5.761002679031375,1,1,0,0
1,15.0,1.0,2.0,2.0,6.0,2.0,375.0,3.0,1.0,7.0,1.0,15-16 años,5.929589143389895,1,1,0,0
1,10.0,1.0,2.0,2.0,6.0,2.0,650.0,1.0,5.0,5.0,1.0,6-11 años,6.478509642208569,1,1,0,0
1,8.0,1.0,2.0,2.0,6.0,2.0,650.0,1.0,5.0,5.0,1.0,6-11 años,6.478509642208569,1,1,0,0
1,18.0,1.0,2.0,2.0,6.0,1.0,285.71429443359375,3.0,5.0,5.0,1.0,17-19 años,5.658486230152164,1,1,0,0
1,16.0,1.0,2.0,2.0,6.0,1.0,285.71429443359375,3.0,5.0,5.0,1.0,15-16 años,5.658486230152164,1,1,0,0
1,14.0,1.0,2.0,2.0,6.0,1.0,285.71429443359375,3.0,5.0,5.0,1.0,12-14 años,5.658486230152164,1,1,0,0
1,15.0,1.0,2.0,2.0,2.0,1.0,500.0,3.0,5.0,5.0,1.0,15-16 años,6.2166061010848646,1,1,0,0
1,14.0,2.0,2.0,2.0,2.0,1.0,500.0,3.0,5.0,5.0,1.0,12-14 años,6.2166061010848646,1,1,0,0
1,8.0,1.0,2.0,2.0,6.0,2.0,300.0,1.0,5.0,5.0,1.0,6-11 años,5.707110264748875,1,1,0,0
1,13.0,1.0,2.0,2.0,6.0,2.0,72.66667175292969,2.0,2.0,5.0,1.0,12-14 años,4.299550481893935,1,1,0,0
1,9.0,2.0,2.0,2.0,6.0,2.0,72.66667175292969,1.0,2.0,5.0,1.0,6-11 años,4.299550481893935,1,1,0,0
1,17.0,1.0,2.0,2.0,6.0,2.0,941.8333129882812,3.0,1.0,5.0,1.0,17-19 años,6.84888950453647,1,1,0,0
1,10.0,2.0,2.0,2.0,6.0,2.0,941.8333129882812,1.0,1.0,5.0,1.0,6-11 años,6.84888950453647,1,1,0,0
0,18.0,2.0,2.0,2.0,6.0,1.0,2330.0,4.0,1.0,7.0,1.0,17-19 años,7.754052639035757,1,1,0,1
1,13.0,1.0,2.0,2.0,6.0,2.0,885.7142944335938,3.0,1.0,7.0,1.0,12-14 años,6.7875228271916175,1,1,0,0
1,10.0,1.0,2.0,2.0,6.0,2.0,885.7142944335938,1.0,1.0,7.0,1.0,6-11 años,6.7875228271916175,1,1,0,0
1,8.0,2.0,2.0,2.0,6.0,2.0,885.7142944335938,1.0,1.0,7.0,1.0,6-11 años,6.7875228271916175,1,1,0,0
0,18.0,1.0,2.0,2.0,6.0,2.0,919.7916870117188,4.0,5.0,7.0,1.0,17-19 años,6.825233829360533,1,1,0,1
1,12.0,2.0,2.0,2.0,6.0,2.0,919.7916870117188,2.0,5.0,7.0,1.0,12-14 años,6.825233829360533,1,1,0,0
1,12.0,2.0,2.0,2.0,6.0,2.0,919.7916870117188,1.0,5.0,7.0,1.0,12-14 años,6.825233829360533,1,1,0,0
1,16.0,1.0,2.0,2.0,6.0,2.0,766.63330078125,1.0,1.0,7.0,1.0,15-16 años,6.643312146180089,1,1,0,0
1,12.0,2.0,2.0,2.0,6.0,2.0,766.63330078125,1.0,1.0,7.0,1.0,12-14 años,6.643312146180089,1,1,0,0
1,9.0,2.0,2.0,2.0,6.0,2.0,766.63330078125,1.0,1.0,7.0,1.0,6-11 años,6.643312146180089,1,1,0,0
1,12.0,1.0,2.0,2.0,6.0,2.0,891.6666870117188,2.0,1.0,7.0,1.0,12-14 años,6.794213260374328,1,1,0,0
1,6.0,1.0,2.0,2.0,6.0,2.0,891.6666870117188,0.0,1.0,7.0,1.0,6-11 años,6.794213260374328,1,1,0,0
1,17.0,1.0,2.0,2.0,6.0,2.0,437.5,3.0,1.0,7.0,1.0,17-19 años,6.083359811812238,1,1,0,0
1,6.0,2.0,2.0,2.0,6.0,2.0,1125.7999267578125,0.0,1.0,7.0,1.0,6-11 años,7.027136971002049,1,1,0,0
1,8.0,1.0,2.0,2.0,6.0,2.0,1221.2083740234375,1.0,1.0,7.0,1.0,6-11 años,7.108414644035639,1,1,0,0
1,12.0,1.0,2.0,2.0,2.0,1.0,417.3809509277344,1.0,5.0,7.0,1.0,12-14 años,6.036392383338869,1,1,0,0
1,10.0,2.0,2.0,2.0,6.0,2.0,417.3809509277344,1.0,5.0,7.0,1.0,6-11 años,6.036392383338869,1,1,0,0
1,8.0,1.0,2.0,2.0,6.0,2.0,417.3809509277344,1.0,5.0,7.0,1.0,6-11 años,6.036392383338869,1,1,0,0
1,12.0,2.0,2.0,2.0,6.0,2.0,704.7857055664062,1.0,5.0,7.0,1.0,12-14 años,6.55931165822566,1,1,0,0
1,7.0,1.0,2.0,2.0,6.0,2.0,704.7857055664062,0.0,5.0,7.0,1.0,6-11 años,6.55931165822566,1,1,0,0
1,15.0,2.0,2.0,2.0,2.0,1.0,550.0,3.0,1.0,7.0,1.0,15-16 años,6.311734809152915,1,1,0,0
1,13.0,1.0,2.0,2.0,6.0,2.0,548.6666259765625,2.0,1.0,7.0,1.0,12-14 años,6.309311959864614,1,1,0,0
1,10.0,2.0,2.0,2.0,6.0,2.0,548.6666259765625,1.0,1.0,7.0,1.0,6-11 años,6.309311959864614,1,1,0,0
1,13.0,2.0,2.0,2.0,6.0,2.0,2363.33349609375,2.0,1.0,8.0,1.0,12-14 años,7.768251441373852,1,1,0,0
1,7.0,2.0,2.0,2.0,6.0,2.0,2363.33349609375,1.0,1.0,8.0,1.0,6-11 años,7.768251441373852,1,1,0,0
1,10.0,1.0,1.0,2.0,6.0,2.0,354.75,1.0,5.0,1.0,1.0,6-11 años,5.874228236969961,0,1,1,0
1,7.0,1.0,1.0,2.0,6.0,2.0,354.75,1.0,5.0,1.0,1.0,6-11 años,5.874228236969961,0,1,1,0
1,15.0,1.0,1.0,2.0,6.0,2.0,502.125,3.0,8.0,1.0,1.0,15-16 años,6.220838648172828,0,1,1,0
1,11.0,1.0,1.0,2.0,6.0,2.0,682.9166870117188,1.0,5.0,1.0,1.0,6-11 años,6.527836107589564,0,1,1,0
1,9.0,1.0,1.0,2.0,6.0,2.0,4610.0,1.0,5.0,1.0,1.0,6-11 años,8.436200032206706,0,1,1,0
1,7.0,1.0,1.0,2.0,6.0,2.0,4610.0,1.0,5.0,1.0,1.0,6-11 años,8.436200032206706,0,1,1,0
1,6.0,2.0,1.0,2.0,6.0,1.0,723.6624755859375,0.0,5.0,1.0,1.0,6-11 años,6.585705995536253,0,1,1,0
1,6.0,2.0,1.0,2.0,6.0,2.0,1034.2099609375,0.0,5.0,1.0,1.0,6-11 años,6.942359545935177,0,1,1,0
1,16.0,2.0,1.0,2.0,6.0,2.0,811.875,3.0,5.0,2.0,1.0,15-16 años,6.700577346189316,0,1,1,0
1,13.0,1.0,1.0,2.0,6.0,2.0,811.875,3.0,5.0,2.0,1.0,12-14 años,6.700577346189316,0,1,1,0
1,15.0,1.0,1.0,2.0,6.0,2.0,1846.625,3.0,5.0,2.0,1.0,15-16 años,7.521656309532236,0,1,1,0
1,6.0,1.0,1.0,2.0,6.0,2.0,1651.0,0.0,5.0,2.0,1.0,6-11 años,7.409741954080923,0,1,1,0
1,16.0,1.0,1.0,2.0,6.0,2.0,1904.375,3.0,5.0,2.0,1.0,15-16 años,7.552434118582005,0,1,1,0
1,17.0,2.0,1.0,2.0,6.0,2.0,445.0,3.0,5.0,1.0,1.0,17-19 años,6.100318952020064,0,1,1,0
1,14.0,1.0,1.0,2.0,6.0,2.0,445.0,3.0,5.0,1.0,1.0,12-14 años,6.100318952020064,0,1,1,0
1,16.0,1.0,1.0,2.0,6.0,2.0,1368.8900146484375,3.0,5.0,1.0,1.0,15-16 años,7.222485734320943,0,1,1,0
1,14.0,2.0,1.0,2.0,6.0,2.0,1368.8900146484375,3.0,5.0,1.0,1.0,12-14 años,7.222485734320943,0,1,1,0
1,11.0,2.0,1.0,2.0,6.0,2.0,1368.8900146484375,1.0,5.0,1.0,1.0,6-11 años,7.222485734320943,0,1,1,0
1,19.0,2.0,1.0,2.0,6.0,2.0,861.3888549804688,4.0,5.0,1.0,1.0,17-19 años,6.7597062768111025,0,1,1,0
1,18.0,1.0,1.0,2.0,6.0,1.0,770.0,3.0,5.0,1.0,1.0,17-19 años,6.647688373563329,0,1,1,0
1,16.0,2.0,1.0,2.0,6.0,1.0,770.0,3.0,5.0,1.0,1.0,15-16 años,6.647688373563329,0,1,1,0
0,19.0,1.0,1.0,2.0,6.0,1.0,993.1412963867188,4.0,5.0,1.0,1.0,17-19 años,6.901879345836735,0,1,1,1
1,15.0,2.0,1.0,2.0,6.0,2.0,993.1412963867188,3.0,5.0,1.0,1.0,15-16 años,6.901879345836735,0,1,1,0
1,9.0,1.0,1.0,2.0,6.0,1.0,1891.6666259765625,1.0,5.0,1.0,1.0,6-11 años,7.545742026865985,0,1,1,0
1,6.0,1.0,1.0,2.0,6.0,1.0,1891.6666259765625,0.0,5.0,1.0,1.0,6-11 años,7.545742026865985,0,1,1,0
1,17.0,1.0,1.0,2.0,6.0,2.0,1519.577880859375,3.0,5.0,1.0,1.0,17-19 años,7.326845726364307,0,1,1,0
1,13.0,2.0,1.0,2.0,6.0,2.0,1519.577880859375,3.0,5.0,1.0,1.0,12-14 años,7.326845726364307,0,1,1,0
0,6.0,1.0,1.0,2.0,6.0,2.0,1519.577880859375,1.0,5.0,1.0,1.0,6-11 años,7.326845726364307,0,1,1,1
1,13.0,2.0,1.0,2.0,6.0,2.0,1207.8665771484375,3.0,5.0,1.0,1.0,12-14 años,7.097438486500446,0,1,1,0
1,11.0,1.0,1.0,2.0,6.0,2.0,1207.8665771484375,1.0,5.0,1.0,1.0,6-11 años,7.097438486500446,0,1,1,0
1,11.0,1.0,1.0,2.0,6.0,2.0,1207.8665771484375,1.0,5.0,1.0,1.0,6-11 años,7.097438486500446,0,1,1,0
1,16.0,2.0,1.0,2.0,6.0,2.0,1097.933349609375,3.0,5.0,1.0,1.0,15-16 años,7.002095306167261,0,1,1,0
1,13.0,1.0,1.0,2.0,6.0,2.0,1097.933349609375,3.0,5.0,1.0,1.0,12-14 años,7.002095306167261,0,1,1,0
1,11.0,2.0,1.0,2.0,6.0,2.0,1286.6666259765625,1.0,5.0,1.0,1.0,6-11 años,7.160587042398297,0,1,1,0
1,16.0,2.0,1.0,2.0,6.0,1.0,461.8055419921875,3.0,5.0,1.0,1.0,15-16 años,6.137306970166119,0,1,1,0
1,13.0,1.0,1.0,2.0,6.0,1.0,461.8055419921875,3.0,5.0,1.0,1.0,12-14 años,6.137306970166119,0,1,1,0
1,8.0,1.0,1.0,2.0,6.0,1.0,461.8055419921875,1.0,5.0,1.0,1.0,6-11 años,6.137306970166119,0,1,1,0
1,6.0,1.0,1.0,2.0,6.0,2.0,995.9332885742188,0.0,1.0,1.0,1.0,6-11 años,6.904683855560852,0,1,1,0
1,14.0,2.0,1.0,2.0,6.0,1.0,995.9332885742188,3.0,1.0,1.0,1.0,12-14 años,6.904683855560852,0,1,1,0
1,6.0,2.0,1.0,2.0,6.0,2.0,2474.43994140625,0.0,5.0,2.0,1.0,6-11 años,7.814173413309938,0,1,1,0
1,8.0,1.0,1.0,2.0,6.0,2.0,984.1666870117188,1.0,5.0,1.0,1.0,6-11 años,6.892810852247695,0,1,1,0
1,6.0,2.0,1.0,2.0,6.0,2.0,984.1666870117188,0.0,5.0,1.0,1.0,6-11 años,6.892810852247695,0,1,1,0
1,19.0,1.0,1.0,2.0,6.0,1.0,2113.33349609375,4.0,5.0,1.0,1.0,17-19 años,7.656494909945329,0,1,1,0
1,18.0,2.0,1.0,2.0,2.0,1.0,2113.33349609375,3.0,5.0,1.0,1.0,17-19 años,7.656494909945329,0,1,1,0
1,10.0,2.0,1.0,2.0,6.0,1.0,2113.33349609375,1.0,5.0,1.0,1.0,6-11 años,7.656494909945329,0,1,1,0
1,16.0,2.0,1.0,2.0,6.0,2.0,863.3333129882812,3.0,5.0,1.0,1.0,15-16 años,6.761958473332122,0,1,1,0
1,10.0,2.0,1.0,2.0,6.0,2.0,863.3333129882812,1.0,5.0,1.0,1.0,6-11 años,6.761958473332122,0,1,1,0
1,9.0,2.0,1.0,2.0,6.0,2.0,89.66667175292969,1.0,5.0,1.0,1.0,6-11 años,4.507189833726375,0,1,1,0
1,12.0,1.0,1.0,2.0,6.0,1.0,4130.5,2.0,5.0,1.0,1.0,12-14 años,8.32639581614124,0,1,1,0
1,15.0,1.0,1.0,2.0,6.0,2.0,1138.75,3.0,5.0,1.0,1.0,15-16 años,7.0385642190935505,0,1,1,0
1,13.0,2.0,1.0,2.0,6.0,2.0,1138.75,3.0,5.0,1.0,1.0,12-14 años,7.0385642190935505,0,1,1,0
1,16.0,1.0,1.0,2.0,6.0,2.0,2185.0,3.0,5.0,1.0,1.0,15-16 años,7.689828668736484,0,1,1,0
1,11.0,2.0,1.0,2.0,6.0,2.0,2185.0,1.0,5.0,1.0,1.0,6-11 años,7.689828668736484,0,1,1,0
1,9.0,1.0,1.0,2.0,6.0,2.0,2185.0,1.0,5.0,1.0,1.0,6-11 años,7.689828668736484,0,1,1,0
1,13.0,1.0,1.0,2.0,6.0,2.0,1351.25,3.0,3.0,1.0,1.0,12-14 años,7.209525150751537,0,1,1,0
1,6.0,2.0,1.0,2.0,6.0,2.0,1351.25,0.0,3.0,1.0,1.0,6-11 años,7.209525150751537,0,1,1,0
1,15.0,2.0,1.0,2.0,6.0,2.0,269.5909118652344,3.0,5.0,1.0,1.0,15-16 años,5.600608130047914,0,1,1,0
1,13.0,1.0,1.0,2.0,6.0,2.0,269.5909118652344,2.0,5.0,1.0,1.0,12-14 años,5.600608130047914,0,1,1,0
1,11.0,1.0,1.0,2.0,6.0,2.0,269.5909118652344,1.0,5.0,1.0,1.0,6-11 años,5.600608130047914,0,1,1,0
1,9.0,1.0,1.0,2.0,6.0,2.0,269.5909118652344,1.0,5.0,1.0,1.0,6-11 años,5.600608130047914,0,1,1,0
1,7.0,2.0,1.0,2.0,6.0,2.0,269.5909118652344,0.0,5.0,1.0,1.0,6-11 años,5.600608130047914,0,1,1,0
1,14.0,1.0,1.0,2.0,6.0,2.0,1055.5142822265625,3.0,5.0,1.0,1.0,12-14 años,6.962730355399724,0,1,1,0
0,19.0,2.0,1.0,2.0,6.0,1.0,979.4666137695312,4.0,5.0,1.0,1.0,17-19 años,6.888028594847125,0,1,1,1
1,17.0,1.0,1.0,2.0,6.0,1.0,979.4666137695312,3.0,5.0,1.0,1.0,17-19 años,6.888028594847125,0,1,1,0
1,16.0,1.0,1.0,2.0,6.0,1.0,979.4666137695312,3.0,5.0,1.0,1.0,15-16 años,6.888028594847125,0,1,1,0
1,10.0,2.0,1.0,2.0,6.0,1.0,979.4666137695312,1.0,5.0,1.0,1.0,6-11 años,6.888028594847125,0,1,1,0
1,18.0,2.0,1.0,2.0,6.0,1.0,1127.49169921875,2.0,5.0,1.0,1.0,17-19 años,7.028637240642368,0,1,1,0
1,10.0,2.0,1.0,2.0,6.0,2.0,1127.49169921875,1.0,5.0,1.0,1.0,6-11 años,7.028637240642368,0,1,1,0
1,16.0,1.0,1.0,2.0,6.0,2.0,1456.4932861328125,3.0,1.0,1.0,1.0,15-16 años,7.284473311787151,0,1,1,0
1,12.0,2.0,1.0,2.0,6.0,2.0,1456.4932861328125,1.0,1.0,1.0,1.0,12-14 años,7.284473311787151,0,1,1,0
1,10.0,1.0,1.0,2.0,6.0,2.0,1456.4932861328125,1.0,1.0,1.0,1.0,6-11 años,7.284473311787151,0,1,1,0
1,15.0,2.0,1.0,2.0,6.0,1.0,1622.5179443359375,3.0,5.0,1.0,1.0,15-16 años,7.392350644352738,0,1,1,0
1,12.0,1.0,1.0,2.0,6.0,1.0,1622.5179443359375,2.0,5.0,1.0,1.0,12-14 años,7.392350644352738,0,1,1,0
0,19.0,2.0,1.0,2.0,2.0,1.0,1173.5533447265625,4.0,5.0,1.0,1.0,17-19 años,7.068643222162113,0,1,1,1
1,19.0,2.0,1.0,2.0,2.0,1.0,3288.0,4.0,5.0,1.0,1.0,17-19 años,8.098338846189057,0,1,1,0
0,19.0,2.0,1.0,2.0,6.0,2.0,718.9083251953125,4.0,5.0,1.0,1.0,17-19 años,6.579123877785821,0,1,1,1
1,15.0,2.0,1.0,2.0,6.0,2.0,718.9083251953125,3.0,5.0,1.0,1.0,15-16 años,6.579123877785821,0,1,1,0
1,17.0,1.0,1.0,2.0,6.0,2.0,1568.666748046875,3.0,5.0,1.0,1.0,17-19 años,7.358618613420979,0,1,1,0
1,12.0,1.0,1.0,2.0,6.0,2.0,1568.666748046875,1.0,5.0,1.0,1.0,12-14 años,7.358618613420979,0,1,1,0
1,18.0,2.0,1.0,2.0,6.0,2.0,836.0,3.0,5.0,1.0,1.0,17-19 años,6.729824070489475,0,1,1,0
1,16.0,1.0,1.0,2.0,6.0,2.0,836.0,3.0,5.0,1.0,1.0,15-16 años,6.729824070489475,0,1,1,0
1,6.0,2.0,1.0,2.0,6.0,2.0,836.0,0.0,5.0,1.0,1.0,6-11 años,6.729824070489475,0,1,1,0
1,12.0,1.0,1.0,2.0,6.0,2.0,1122.9166259765625,2.0,4.0,1.0,1.0,12-14 años,7.024574851525013,0,1,1,0
1,8.0,2.0,1.0,2.0,6.0,2.0,1122.9166259765625,1.0,4.0,1.0,1.0,6-11 años,7.024574851525013,0,1,1,0
1,19.0,2.0,1.0,2.0,2.0,2.0,825.6444702148438,5.0,5.0,1.0,1.0,17-19 años,6.717374699583876,0,1,1,0
1,13.0,1.0,1.0,2.0,2.0,2.0,825.6444702148438,3.0,5.0,1.0,1.0,12-14 años,6.717374699583876,0,1,1,0
1,7.0,2.0,1.0,2.0,6.0,2.0,1101.74169921875,0.0,5.0,1.0,1.0,6-11 años,7.0055548116103115,0,1,1,0
0,16.0,1.0,1.0,2.0,6.0,2.0,2457.27490234375,3.0,5.0,1.0,1.0,15-16 años,7.807215123719299,0,1,1,1
0,19.0,2.0,1.0,2.0,6.0,2.0,894.86669921875,2.0,5.0,1.0,1.0,17-19 años,6.797791628713742,0,1,1,1
1,9.0,2.0,1.0,2.0,6.0,2.0,360.9166564941406,1.0,3.0,1.0,1.0,6-11 años,5.89141395463945,0,1,1,0
1,15.0,2.0,1.0,2.0,6.0,2.0,360.9166564941406,3.0,3.0,1.0,1.0,15-16 años,5.89141395463945,0,1,1,0
1,10.0,1.0,1.0,2.0,6.0,2.0,961.86669921875,1.0,8.0,1.0,1.0,6-11 años,6.869914979806423,0,1,1,0
1,9.0,2.0,1.0,2.0,6.0,2.0,807.727783203125,1.0,5.0,1.0,1.0,6-11 años,6.695462374900694,0,1,1,0
1,7.0,2.0,1.0,2.0,6.0,2.0,807.727783203125,1.0,5.0,1.0,1.0,6-11 años,6.695462374900694,0,1,1,0
1,6.0,2.0,1.0,2.0,6.0,2.0,882.0499877929688,0.0,6.0,1.0,1.0,6-11 años,6.783381810318665,0,1,1,0
1,8.0,1.0,1.0,2.0,6.0,2.0,882.0499877929688,1.0,6.0,1.0,1.0,6-11 años,6.783381810318665,0,1,1,0
1,19.0,2.0,1.0,2.0,6.0,2.0,1229.9000244140625,3.0,5.0,1.0,1.0,17-19 años,7.115500907950568,0,1,1,0
1,14.0,1.0,1.0,2.0,6.0,2.0,1229.9000244140625,3.0,5.0,1.0,1.0,12-14 años,7.115500907950568,0,1,1,0
1,7.0,1.0,1.0,2.0,6.0,2.0,1229.9000244140625,1.0,5.0,1.0,1.0,6-11 años,7.115500907950568,0,1,1,0
1,17.0,1.0,1.0,2.0,6.0,2.0,2401.912353515625,3.0,5.0,1.0,1.0,17-19 años,7.784436761295015,0,1,1,0
1,15.0,1.0,1.0,2.0,6.0,2.0,376.8637390136719,3.0,5.0,1.0,1.0,15-16 años,5.934533651831677,0,1,1,0
1,14.0,1.0,1.0,2.0,6.0,2.0,376.8637390136719,3.0,5.0,1.0,1.0,12-14 años,5.934533651831677,0,1,1,0
1,11.0,2.0,1.0,2.0,6.0,2.0,376.8637390136719,1.0,5.0,1.0,1.0,6-11 años,5.934533651831677,0,1,1,0
1,9.0,2.0,1.0,2.0,6.0,2.0,376.8637390136719,1.0,5.0,1.0,1.0,6-11 años,5.934533651831677,0,1,1,0
1,6.0,2.0,1.0,2.0,6.0,2.0,376.8637390136719,0.0,5.0,1.0,1.0,6-11 años,5.934533651831677,0,1,1,0
1,10.0,2.0,1.0,2.0,6.0,2.0,347.5711364746094,1.0,3.0,2.0,1.0,6-11 años,5.853842331248905,0,1,1,0
1,7.0,1.0,1.0,2.0,6.0,2.0,1248.0277099609375,0.0,5.0,1.0,1.0,6-11 años,7.130120695596802,0,1,1,0
1,14.0,2.0,1.0,2.0,6.0,2.0,4761.48681640625,3.0,5.0,1.0,1.0,12-14 años,8.468525251222463,0,1,1,0
1,12.0,1.0,1.0,2.0,6.0,2.0,4761.48681640625,2.0,5.0,1.0,1.0,12-14 años,8.468525251222463,0,1,1,0
1,18.0,2.0,1.0,2.0,6.0,1.0,328.4599914550781,4.0,5.0,1.0,1.0,17-19 años,5.797454924582692,0,1,1,0
1,17.0,2.0,1.0,2.0,6.0,1.0,328.4599914550781,3.0,5.0,1.0,1.0,17-19 años,5.797454924582692,0,1,1,0
1,15.0,1.0,1.0,2.0,6.0,2.0,328.4599914550781,3.0,5.0,1.0,1.0,15-16 años,5.797454924582692,0,1,1,0
1,17.0,1.0,1.0,2.0,6.0,1.0,3009.349853515625,3.0,5.0,1.0,1.0,17-19 años,8.009811581392553,0,1,1,0
1,15.0,1.0,1.0,2.0,6.0,1.0,3009.349853515625,3.0,5.0,1.0,1.0,15-16 años,8.009811581392553,0,1,1,0
1,8.0,2.0,1.0,2.0,6.0,2.0,3009.349853515625,1.0,5.0,1.0,1.0,6-11 años,8.009811581392553,0,1,1,0
1,17.0,1.0,1.0,2.0,6.0,2.0,602.3333740234375,3.0,5.0,1.0,1.0,17-19 años,6.402469903033921,0,1,1,0
1,13.0,1.0,1.0,2.0,6.0,2.0,602.3333740234375,3.0,5.0,1.0,1.0,12-14 años,6.402469903033921,0,1,1,0
1,14.0,1.0,1.0,2.0,6.0,2.0,549.1666870117188,3.0,5.0,1.0,1.0,12-14 años,6.310221299604935,0,1,1,0
1,6.0,1.0,1.0,2.0,6.0,2.0,1485.5555419921875,0.0,5.0,1.0,1.0,6-11 años,7.304217006013376,0,1,1,0
0,18.0,1.0,1.0,2.0,6.0,2.0,1112.066650390625,4.0,5.0,1.0,1.0,17-19 años,7.014874233032125,0,1,1,1
1,15.0,1.0,1.0,2.0,6.0,2.0,1112.066650390625,3.0,5.0,1.0,1.0,15-16 años,7.014874233032125,0,1,1,0
1,9.0,2.0,1.0,2.0,6.0,2.0,1407.25,1.0,5.0,2.0,1.0,6-11 años,7.250103077774823,0,1,1,0
1,7.0,2.0,1.0,2.0,6.0,1.0,860.219970703125,1.0,5.0,1.0,1.0,6-11 años,6.758349954611869,0,1,1,0
0,15.0,2.0,1.0,2.0,6.0,2.0,846.95556640625,3.0,5.0,1.0,1.0,15-16 años,6.742828236313237,0,1,1,1
1,11.0,2.0,1.0,2.0,6.0,2.0,846.95556640625,1.0,5.0,1.0,1.0,6-11 años,6.742828236313237,0,1,1,0
1,11.0,1.0,1.0,2.0,6.0,2.0,2411.90673828125,1.0,5.0,2.0,1.0,6-11 años,7.788587415181159,0,1,1,0
1,17.0,1.0,1.0,2.0,2.0,2.0,1115.2637939453125,3.0,5.0,2.0,1.0,17-19 años,7.017742489512173,0,1,1,0
1,10.0,1.0,1.0,2.0,6.0,2.0,1115.2637939453125,1.0,5.0,2.0,1.0,6-11 años,7.017742489512173,0,1,1,0
1,8.0,1.0,1.0,2.0,6.0,2.0,1115.2637939453125,1.0,5.0,2.0,1.0,6-11 años,7.017742489512173,0,1,1,0
1,13.0,1.0,1.0,2.0,6.0,2.0,610.75,2.0,5.0,10.0,1.0,12-14 años,6.4163237023227815,0,1,0,0
1,9.0,2.0,1.0,2.0,6.0,2.0,610.75,1.0,5.0,10.0,1.0,6-11 años,6.4163237023227815,0,1,0,0
1,6.0,2.0,1.0,2.0,6.0,2.0,2443.272216796875,0.0,5.0,10.0,1.0,6-11 años,7.801502695757124,0,1,0,0
1,17.0,2.0,1.0,2.0,6.0,2.0,1197.225341796875,3.0,5.0,1.0,1.0,17-19 años,7.088596859315064,0,1,1,0
1,14.0,1.0,1.0,2.0,6.0,2.0,1197.225341796875,3.0,5.0,1.0,1.0,12-14 años,7.088596859315064,0,1,1,0
1,10.0,1.0,1.0,2.0,6.0,2.0,1197.225341796875,1.0,5.0,1.0,1.0,6-11 años,7.088596859315064,0,1,1,0
1,8.0,2.0,1.0,2.0,6.0,2.0,1197.225341796875,1.0,5.0,1.0,1.0,6-11 años,7.088596859315064,0,1,1,0
1,12.0,2.0,1.0,2.0,6.0,2.0,312.8222351074219,1.0,5.0,1.0,1.0,12-14 años,5.748826695364886,0,1,1,0
1,14.0,2.0,1.0,2.0,6.0,2.0,917.1555786132812,3.0,5.0,1.0,1.0,12-14 años,6.822366851874717,0,1,1,0
1,12.0,2.0,1.0,2.0,6.0,2.0,917.1555786132812,1.0,5.0,1.0,1.0,12-14 años,6.822366851874717,0,1,1,0
1,15.0,1.0,1.0,2.0,6.0,1.0,3232.0,3.0,5.0,1.0,1.0,15-16 años,8.081165777725433,0,1,1,0
1,11.0,2.0,1.0,2.0,6.0,1.0,3232.0,1.0,5.0,1.0,1.0,6-11 años,8.081165777725433,0,1,1,0
1,6.0,2.0,1.0,2.0,6.0,1.0,3232.0,0.0,5.0,1.0,1.0,6-11 años,8.081165777725433,0,1,1,0
1,17.0,2.0,1.0,2.0,6.0,2.0,1838.5927734375,3.0,5.0,1.0,1.0,17-19 años,7.517299507324448,0,1,1,0
1,16.0,1.0,1.0,2.0,6.0,2.0,1838.5927734375,3.0,5.0,1.0,1.0,15-16 años,7.517299507324448,0,1,1,0
1,15.0,1.0,1.0,2.0,6.0,2.0,1838.5927734375,3.0,5.0,1.0,1.0,15-16 años,7.517299507324448,0,1,1,0
1,7.0,1.0,1.0,2.0,6.0,2.0,1838.5927734375,1.0,5.0,1.0,1.0,6-11 años,7.517299507324448,0,1,1,0
1,10.0,1.0,1.0,2.0,6.0,2.0,488.9583435058594,1.0,5.0,1.0,1.0,6-11 años,6.194320374237493,0,1,1,0
1,10.0,1.0,1.0,2.0,6.0,2.0,903.4722290039062,1.0,5.0,1.0,1.0,6-11 años,6.807351601217405,0,1,1,0
1,9.0,1.0,1.0,2.0,6.0,2.0,903.4722290039062,1.0,5.0,1.0,1.0,6-11 años,6.807351601217405,0,1,1,0
1,7.0,1.0,1.0,2.0,6.0,2.0,903.4722290039062,1.0,5.0,1.0,1.0,6-11 años,6.807351601217405,0,1,1,0
1,15.0,1.0,1.0,2.0,6.0,2.0,1506.45556640625,3.0,5.0,1.0,1.0,15-16 años,7.3181784531462135,0,1,1,0
1,10.0,1.0,1.0,2.0,6.0,2.0,1506.45556640625,1.0,5.0,1.0,1.0,6-11 años,7.3181784531462135,0,1,1,0
1,11.0,1.0,1.0,2.0,6.0,2.0,358.8999938964844,1.0,5.0,1.0,1.0,6-11 años,5.885826198126064,0,1,1,0
1,8.0,2.0,1.0,2.0,6.0,2.0,358.8999938964844,1.0,5.0,1.0,1.0,6-11 años,5.885826198126064,0,1,1,0
1,18.0,2.0,1.0,2.0,2.0,2.0,340.5833435058594,3.0,5.0,1.0,1.0,17-19 años,5.833591700496847,0,1,1,0
1,15.0,2.0,1.0,2.0,2.0,2.0,340.5833435058594,3.0,5.0,1.0,1.0,15-16 años,5.833591700496847,0,1,1,0
1,12.0,2.0,1.0,2.0,2.0,2.0,340.5833435058594,1.0,5.0,1.0,1.0,12-14 años,5.833591700496847,0,1,1,0
1,17.0,2.0,1.0,2.0,2.0,1.0,633.4166870117188,3.0,5.0,2.0,1.0,17-19 años,6.452705973587124,0,1,1,0
1,15.0,2.0,1.0,2.0,6.0,1.0,633.4166870117188,3.0,5.0,2.0,1.0,15-16 años,6.452705973587124,0,1,1,0
1,11.0,1.0,1.0,2.0,6.0,1.0,633.4166870117188,1.0,5.0,2.0,1.0,6-11 años,6.452705973587124,0,1,1,0
1,15.0,1.0,1.0,2.0,6.0,2.0,2125.666748046875,3.0,5.0,1.0,1.0,15-16 años,7.662311125937281,0,1,1,0
1,15.0,1.0,1.0,2.0,2.0,2.0,555.8333129882812,3.0,5.0,1.0,1.0,15-16 años,6.322265936591642,0,1,1,0
1,10.0,2.0,1.0,2.0,6.0,2.0,555.8333129882812,1.0,5.0,1.0,1.0,6-11 años,6.322265936591642,0,1,1,0
1,17.0,2.0,1.0,2.0,6.0,2.0,1727.6666259765625,3.0,5.0,1.0,1.0,17-19 años,7.455105653892067,0,1,1,0
1,16.0,1.0,1.0,2.0,6.0,2.0,149.1666717529297,3.0,5.0,1.0,1.0,15-16 años,5.0117458222510685,0,1,1,0
1,15.0,2.0,1.0,2.0,6.0,2.0,149.1666717529297,3.0,5.0,1.0,1.0,15-16 años,5.0117458222510685,0,1,1,0
1,7.0,2.0,1.0,2.0,6.0,2.0,1018.4166870117188,1.0,5.0,1.0,1.0,6-11 años,6.926985867216459,0,1,1,0
1,6.0,2.0,1.0,2.0,6.0,2.0,1018.4166870117188,0.0,5.0,1.0,1.0,6-11 años,6.926985867216459,0,1,1,0
1,16.0,2.0,1.0,2.0,6.0,2.0,380.625,3.0,5.0,1.0,1.0,15-16 años,5.944438451055042,0,1,1,0
1,18.0,1.0,1.0,2.0,2.0,1.0,551.25,3.0,5.0,1.0,1.0,17-19 años,6.314000842300227,0,1,1,0
1,18.0,1.0,1.0,2.0,5.0,1.0,683.3333129882812,3.0,5.0,1.0,1.0,17-19 años,6.528445098621083,0,1,1,0
1,11.0,2.0,1.0,2.0,6.0,1.0,683.3333129882812,1.0,5.0,1.0,1.0,6-11 años,6.528445098621083,0,1,1,0
1,15.0,1.0,1.0,2.0,6.0,2.0,756.8333129882812,3.0,5.0,1.0,1.0,15-16 años,6.630463457750614,0,1,1,0
1,13.0,2.0,1.0,2.0,6.0,2.0,756.8333129882812,3.0,5.0,1.0,1.0,12-14 años,6.630463457750614,0,1,1,0
1,14.0,2.0,1.0,2.0,6.0,1.0,1334.9583740234375,3.0,5.0,1.0,1.0,12-14 años,7.19740419644311,0,1,1,0
1,16.0,2.0,1.0,2.0,6.0,2.0,462.01666259765625,3.0,3.0,1.0,1.0,15-16 años,6.13776304177054,0,1,1,0
1,16.0,2.0,1.0,2.0,6.0,2.0,491.8333435058594,3.0,5.0,2.0,1.0,15-16 años,6.200171071265327,0,1,1,0
1,10.0,1.0,1.0,2.0,6.0,2.0,491.8333435058594,1.0,5.0,2.0,1.0,6-11 años,6.200171071265327,0,1,1,0
1,10.0,2.0,1.0,2.0,6.0,2.0,1353.125,1.0,5.0,2.0,1.0,6-11 años,7.210910768265731,0,1,1,0
1,8.0,2.0,1.0,2.0,6.0,2.0,1353.125,1.0,5.0,2.0,1.0,6-11 años,7.210910768265731,0,1,1,0
1,15.0,2.0,1.0,2.0,6.0,2.0,501.0,3.0,5.0,1.0,1.0,15-16 años,6.218600119691729,0,1,1,0
1,13.0,1.0,1.0,2.0,6.0,2.0,501.0,2.0,5.0,1.0,1.0,12-14 años,6.218600119691729,0,1,1,0
1,8.0,1.0,1.0,2.0,6.0,2.0,501.0,1.0,5.0,1.0,1.0,6-11 años,6.218600119691729,0,1,1,0
1,18.0,2.0,1.0,2.0,6.0,2.0,610.0,3.0,5.0,1.0,1.0,17-19 años,6.415096959171596,0,1,1,0
1,16.0,1.0,1.0,2.0,6.0,2.0,610.0,3.0,5.0,1.0,1.0,15-16 años,6.415096959171596,0,1,1,0
1,8.0,1.0,1.0,2.0,6.0,2.0,1218.0,1.0,1.0,1.0,1.0,6-11 años,7.105786129481271,0,1,1,0
1,16.0,1.0,1.0,2.0,6.0,1.0,345.08001708984375,3.0,5.0,1.0,1.0,15-16 años,5.846670011585942,0,1,1,0
1,12.0,2.0,1.0,2.0,6.0,1.0,345.08001708984375,2.0,5.0,1.0,1.0,12-14 años,5.846670011585942,0,1,1,0
0,18.0,1.0,1.0,2.0,6.0,1.0,1390.0,4.0,3.0,1.0,1.0,17-19 años,7.237778191923443,0,1,1,1
1,8.0,2.0,1.0,2.0,6.0,1.0,1390.0,1.0,3.0,1.0,1.0,6-11 años,7.237778191923443,0,1,1,0
1,15.0,2.0,1.0,2.0,6.0,2.0,126.5,3.0,5.0,1.0,1.0,15-16 años,4.848116364598481,0,1,1,0
1,6.0,1.0,1.0,2.0,6.0,2.0,126.5,1.0,5.0,1.0,1.0,6-11 años,4.848116364598481,0,1,1,0
0,19.0,2.0,1.0,2.0,6.0,2.0,308.6666564941406,4.0,5.0,2.0,1.0,17-19 años,5.735496417295805,0,1,1,1
0,17.0,2.0,1.0,2.0,6.0,2.0,308.6666564941406,3.0,5.0,2.0,1.0,17-19 años,5.735496417295805,0,1,1,1
1,15.0,1.0,1.0,2.0,6.0,2.0,308.6666564941406,3.0,5.0,2.0,1.0,15-16 años,5.735496417295805,0,1,1,0
1,13.0,1.0,1.0,2.0,6.0,2.0,308.6666564941406,2.0,5.0,2.0,1.0,12-14 años,5.735496417295805,0,1,1,0
1,11.0,1.0,1.0,2.0,6.0,2.0,308.6666564941406,1.0,5.0,2.0,1.0,6-11 años,5.735496417295805,0,1,1,0
0,19.0,1.0,1.0,2.0,6.0,2.0,621.5476684570312,3.0,5.0,2.0,1.0,17-19 años,6.433820201241671,0,1,1,1
1,17.0,2.0,1.0,2.0,6.0,2.0,621.5476684570312,3.0,5.0,2.0,1.0,17-19 años,6.433820201241671,0,1,1,0
1,14.0,1.0,1.0,2.0,6.0,2.0,621.5476684570312,2.0,5.0,2.0,1.0,12-14 años,6.433820201241671,0,1,1,0
1,10.0,2.0,1.0,2.0,6.0,2.0,621.5476684570312,1.0,5.0,2.0,1.0,6-11 años,6.433820201241671,0,1,1,0
1,8.0,2.0,1.0,2.0,6.0,2.0,621.5476684570312,1.0,5.0,2.0,1.0,6-11 años,6.433820201241671,0,1,1,0
1,15.0,1.0,1.0,2.0,6.0,2.0,260.0,3.0,5.0,1.0,1.0,15-16 años,5.564520407322694,0,1,1,0
1,13.0,1.0,1.0,2.0,6.0,2.0,2533.333251953125,3.0,5.0,1.0,1.0,12-14 años,7.837685864449235,0,1,1,0
1,18.0,1.0,1.0,2.0,6.0,2.0,2375.0,5.0,5.0,1.0,1.0,17-19 años,7.773173680482536,0,1,1,0
1,19.0,1.0,1.0,2.0,6.0,2.0,1084.0,4.0,5.0,1.0,1.0,17-19 años,6.98933526597456,0,1,1,0
1,16.0,1.0,1.0,2.0,6.0,2.0,1084.0,3.0,5.0,1.0,1.0,15-16 años,6.98933526597456,0,1,1,0
1,17.0,1.0,1.0,2.0,6.0,2.0,1095.0,3.0,5.0,1.0,1.0,17-19 años,6.999422467507961,0,1,1,0
1,15.0,1.0,1.0,2.0,6.0,2.0,1095.0,3.0,5.0,1.0,1.0,15-16 años,6.999422467507961,0,1,1,0
1,11.0,1.0,1.0,2.0,6.0,2.0,2271.341064453125,1.0,5.0,1.0,1.0,6-11 años,7.728565884971325,0,1,1,0
1,17.0,2.0,1.0,2.0,6.0,2.0,601.0,3.0,3.0,1.0,1.0,17-19 años,6.400257445308821,0,1,1,0
1,11.0,2.0,1.0,2.0,6.0,2.0,601.0,1.0,3.0,1.0,1.0,6-11 años,6.400257445308821,0,1,1,0
1,7.0,2.0,1.0,2.0,6.0,2.0,601.0,1.0,3.0,1.0,1.0,6-11 años,6.400257445308821,0,1,1,0
1,18.0,2.0,1.0,2.0,6.0,2.0,93.75714111328125,3.0,5.0,1.0,1.0,17-19 años,4.551317209072712,0,1,1,0
1,16.0,2.0,1.0,2.0,6.0,2.0,93.75714111328125,3.0,5.0,1.0,1.0,15-16 años,4.551317209072712,0,1,1,0
1,14.0,1.0,1.0,2.0,6.0,2.0,93.75714111328125,3.0,5.0,1.0,1.0,12-14 años,4.551317209072712,0,1,1,0
1,8.0,2.0,1.0,2.0,6.0,2.0,93.75714111328125,1.0,5.0,1.0,1.0,6-11 años,4.551317209072712,0,1,1,0
1,9.0,1.0,1.0,2.0,6.0,2.0,814.1666870117188,1.0,5.0,1.0,1.0,6-11 años,6.703392616269452,0,1,1,0
1,18.0,1.0,1.0,2.0,6.0,2.0,946.3888549804688,3.0,5.0,1.0,1.0,17-19 años,6.853709626625301,0,1,1,0
1,16.0,1.0,1.0,2.0,6.0,2.0,946.3888549804688,3.0,5.0,1.0,1.0,15-16 años,6.853709626625301,0,1,1,0
1,13.0,1.0,1.0,2.0,6.0,2.0,931.6666870117188,2.0,5.0,1.0,1.0,12-14 años,6.838047888371168,0,1,1,0
1,16.0,1.0,1.0,2.0,6.0,2.0,1666.6666259765625,3.0,8.0,1.0,1.0,15-16 años,7.419180698420672,0,1,1,0
1,17.0,1.0,1.0,2.0,6.0,1.0,630.0,3.0,1.0,2.0,1.0,17-19 años,6.447305862541213,0,1,1,0
1,13.0,2.0,1.0,2.0,6.0,2.0,630.0,2.0,1.0,2.0,1.0,12-14 años,6.447305862541213,0,1,1,0
1,13.0,2.0,1.0,2.0,6.0,2.0,957.2916259765625,3.0,5.0,1.0,1.0,12-14 años,6.865152142896179,0,1,1,0
1,10.0,2.0,1.0,2.0,6.0,2.0,957.2916259765625,1.0,5.0,1.0,1.0,6-11 años,6.865152142896179,0,1,1,0
1,17.0,1.0,1.0,2.0,6.0,2.0,2151.495849609375,3.0,5.0,1.0,1.0,17-19 años,7.674383308127844,0,1,1,0
1,19.0,2.0,1.0,2.0,6.0,2.0,1218.9000244140625,4.0,5.0,1.0,1.0,17-19 años,7.106524187167858,0,1,1,0
1,14.0,1.0,1.0,2.0,6.0,2.0,1218.9000244140625,3.0,5.0,1.0,1.0,12-14 años,7.106524187167858,0,1,1,0
1,18.0,2.0,1.0,2.0,6.0,1.0,1436.425048828125,3.0,3.0,1.0,1.0,17-19 años,7.270608631366519,0,1,1,0
1,16.0,2.0,1.0,2.0,6.0,2.0,1436.425048828125,3.0,3.0,1.0,1.0,15-16 años,7.270608631366519,0,1,1,0
1,8.0,1.0,1.0,2.0,6.0,2.0,1349.5833740234375,1.0,5.0,1.0,1.0,6-11 años,7.2082919069979186,0,1,1,0
1,15.0,1.0,1.0,2.0,6.0,1.0,3004.033203125,3.0,3.0,1.0,1.0,15-16 años,8.00804389620111,0,1,1,0
1,10.0,1.0,1.0,2.0,6.0,1.0,3004.033203125,1.0,3.0,1.0,1.0,6-11 años,8.00804389620111,0,1,1,0
1,7.0,2.0,1.0,2.0,6.0,2.0,855.2083129882812,0.0,5.0,1.0,1.0,6-11 años,6.752513702830123,0,1,1,0
1,15.0,1.0,1.0,2.0,6.0,2.0,1470.833251953125,3.0,4.0,1.0,1.0,15-16 años,7.294264012949018,0,1,1,0
1,12.0,1.0,1.0,2.0,6.0,2.0,1470.833251953125,2.0,4.0,1.0,1.0,12-14 años,7.294264012949018,0,1,1,0
1,17.0,2.0,1.0,2.0,6.0,2.0,609.4444580078125,3.0,5.0,1.0,1.0,17-19 años,6.414187311537841,0,1,1,0
1,15.0,1.0,1.0,2.0,6.0,2.0,609.4444580078125,3.0,5.0,1.0,1.0,15-16 años,6.414187311537841,0,1,1,0
1,13.0,2.0,1.0,2.0,6.0,2.0,609.4444580078125,2.0,5.0,1.0,1.0,12-14 años,6.414187311537841,0,1,1,0
1,11.0,1.0,1.0,2.0,6.0,2.0,724.0,1.0,5.0,1.0,1.0,6-11 años,6.586171654854675,0,1,1,0
1,6.0,2.0,1.0,2.0,6.0,2.0,724.0,0.0,5.0,1.0,1.0,6-11 años,6.586171654854675,0,1,1,0
1,16.0,1.0,1.0,2.0,6.0,2.0,1625.0,3.0,4.0,1.0,1.0,15-16 años,7.3938782901077555,0,1,1,0
1,7.0,2.0,1.0,2.0,6.0,2.0,1625.0,1.0,4.0,1.0,1.0,6-11 años,7.3938782901077555,0,1,1,0
1,18.0,2.0,1.0,2.0,6.0,2.0,1536.1556396484375,3.0,3.0,1.0,1.0,17-19 años,7.337689000382305,0,1,1,0
1,18.0,2.0,1.0,2.0,6.0,2.0,664.3721923828125,4.0,5.0,1.0,1.0,17-19 años,6.50034657188276,0,1,1,0
1,11.0,1.0,1.0,2.0,6.0,2.0,862.9166870117188,1.0,3.0,1.0,1.0,6-11 años,6.761476337084897,0,1,1,0
1,6.0,2.0,1.0,2.0,6.0,2.0,1648.6112060546875,0.0,3.0,1.0,1.0,6-11 años,7.408294906434753,0,1,1,0
1,7.0,2.0,1.0,2.0,6.0,2.0,1070.0,1.0,5.0,2.0,1.0,6-11 años,6.976348070447749,0,1,1,0
1,13.0,1.0,1.0,2.0,6.0,2.0,1704.199951171875,2.0,5.0,1.0,1.0,12-14 años,7.441437656256217,0,1,1,0
0,19.0,2.0,1.0,2.0,6.0,2.0,1014.25,5.0,5.0,1.0,1.0,17-19 años,6.9228901665664075,0,1,1,1
1,17.0,1.0,1.0,2.0,6.0,2.0,1014.25,3.0,5.0,1.0,1.0,17-19 años,6.9228901665664075,0,1,1,0
1,12.0,1.0,1.0,2.0,6.0,2.0,1014.25,1.0,5.0,1.0,1.0,12-14 años,6.9228901665664075,0,1,1,0
1,14.0,2.0,1.0,2.0,6.0,2.0,798.3333129882812,3.0,3.0,1.0,1.0,12-14 años,6.683778021466824,0,1,1,0
1,12.0,1.0,1.0,2.0,6.0,2.0,798.3333129882812,1.0,3.0,1.0,1.0,12-14 años,6.683778021466824,0,1,1,0
1,7.0,2.0,1.0,2.0,6.0,2.0,1857.22216796875,1.0,5.0,1.0,1.0,6-11 años,7.5273754859437965,0,1,1,0
1,16.0,1.0,1.0,2.0,6.0,2.0,2092.709716796875,3.0,3.0,1.0,1.0,15-16 años,7.646692755649484,0,1,1,0
1,17.0,2.0,1.0,2.0,6.0,2.0,817.5,3.0,5.0,1.0,1.0,17-19 años,6.7074733968111895,0,1,1,0
1,16.0,2.0,1.0,2.0,6.0,2.0,817.5,3.0,5.0,1.0,1.0,15-16 años,6.7074733968111895,0,1,1,0
1,14.0,2.0,1.0,2.0,6.0,2.0,817.5,3.0,5.0,1.0,1.0,12-14 años,6.7074733968111895,0,1,1,0
1,12.0,1.0,1.0,2.0,6.0,2.0,817.5,2.0,5.0,1.0,1.0,12-14 años,6.7074733968111895,0,1,1,0
1,14.0,1.0,1.0,2.0,6.0,2.0,2319.791748046875,3.0,3.0,1.0,1.0,12-14 años,7.749663677150612,0,1,1,0
1,17.0,2.0,1.0,2.0,6.0,2.0,2210.0,3.0,3.0,1.0,1.0,17-19 años,7.701200180857446,0,1,1,0
1,13.0,1.0,1.0,2.0,6.0,2.0,2086.666748046875,3.0,3.0,1.0,1.0,12-14 años,7.643802332838721,0,1,1,0
1,17.0,1.0,1.0,2.0,6.0,2.0,1151.8443603515625,3.0,5.0,1.0,1.0,17-19 años,7.049987524471988,0,1,1,0
1,15.0,1.0,1.0,2.0,6.0,2.0,1151.8443603515625,3.0,5.0,1.0,1.0,15-16 años,7.049987524471988,0,1,1,0
1,13.0,2.0,1.0,2.0,6.0,2.0,1151.8443603515625,3.0,5.0,1.0,1.0,12-14 años,7.049987524471988,0,1,1,0
1,10.0,2.0,1.0,2.0,6.0,2.0,1151.8443603515625,1.0,5.0,1.0,1.0,6-11 años,7.049987524471988,0,1,1,0
1,8.0,1.0,1.0,2.0,6.0,1.0,1551.824951171875,1.0,5.0,1.0,1.0,6-11 años,7.347831100228972,0,1,1,0
1,7.0,2.0,1.0,2.0,6.0,1.0,1551.824951171875,1.0,5.0,1.0,1.0,6-11 años,7.347831100228972,0,1,1,0
1,9.0,2.0,1.0,2.0,6.0,1.0,2108.02490234375,1.0,5.0,1.0,1.0,6-11 años,7.653980988063759,0,1,1,0
1,17.0,1.0,1.0,2.0,6.0,1.0,1999.7916259765625,3.0,5.0,1.0,1.0,17-19 años,7.601298194217067,0,1,1,0
1,9.0,1.0,1.0,2.0,6.0,1.0,1999.7916259765625,1.0,5.0,1.0,1.0,6-11 años,7.601298194217067,0,1,1,0
1,17.0,1.0,1.0,2.0,6.0,1.0,485.71429443359375,3.0,5.0,1.0,1.0,17-19 años,6.1876772865202865,0,1,1,0
1,15.0,2.0,1.0,2.0,6.0,1.0,485.71429443359375,3.0,5.0,1.0,1.0,15-16 años,6.1876772865202865,0,1,1,0
1,12.0,2.0,1.0,2.0,6.0,1.0,485.71429443359375,2.0,5.0,1.0,1.0,12-14 años,6.1876772865202865,0,1,1,0
1,10.0,1.0,1.0,2.0,6.0,1.0,485.71429443359375,1.0,5.0,1.0,1.0,6-11 años,6.1876772865202865,0,1,1,0
1,7.0,1.0,1.0,2.0,6.0,1.0,485.71429443359375,1.0,5.0,1.0,1.0,6-11 años,6.1876772865202865,0,1,1,0
1,8.0,2.0,1.0,2.0,6.0,1.0,1407.25,1.0,5.0,1.0,1.0,6-11 años,7.250103077774823,0,1,1,0
0,18.0,2.0,1.0,2.0,6.0,1.0,416.6666564941406,4.0,1.0,1.0,1.0,17-19 años,6.034683641872349,0,1,1,1
1,15.0,2.0,1.0,2.0,6.0,1.0,416.6666564941406,3.0,1.0,1.0,1.0,15-16 años,6.034683641872349,0,1,1,0
1,10.0,1.0,1.0,2.0,6.0,1.0,416.6666564941406,1.0,1.0,1.0,1.0,6-11 años,6.034683641872349,0,1,1,0
1,13.0,2.0,1.0,2.0,6.0,1.0,120.0,3.0,5.0,1.0,1.0,12-14 años,4.795790545596741,0,1,1,0
1,16.0,2.0,1.0,2.0,6.0,1.0,732.7777709960938,3.0,5.0,1.0,1.0,15-16 años,6.59820621846165,0,1,1,0
1,11.0,2.0,1.0,2.0,6.0,2.0,1630.0,1.0,5.0,1.0,1.0,6-11 años,7.396948602621014,0,1,1,0
1,11.0,1.0,1.0,2.0,6.0,2.0,706.6666870117188,1.0,5.0,1.0,1.0,6-11 años,6.561973201784631,0,1,1,0
0,19.0,1.0,1.0,2.0,6.0,2.0,507.1428527832031,4.0,3.0,2.0,1.0,17-19 años,6.230762614313559,0,1,1,1
1,16.0,2.0,1.0,2.0,6.0,2.0,507.1428527832031,3.0,3.0,2.0,1.0,15-16 años,6.230762614313559,0,1,1,0
1,10.0,2.0,1.0,2.0,6.0,2.0,507.1428527832031,1.0,3.0,2.0,1.0,6-11 años,6.230762614313559,0,1,1,0
1,9.0,2.0,1.0,2.0,6.0,2.0,507.1428527832031,1.0,3.0,2.0,1.0,6-11 años,6.230762614313559,0,1,1,0
1,7.0,1.0,1.0,2.0,6.0,2.0,507.1428527832031,1.0,3.0,2.0,1.0,6-11 años,6.230762614313559,0,1,1,0
1,19.0,2.0,1.0,2.0,6.0,2.0,2211.45703125,3.0,5.0,2.0,1.0,17-19 años,7.701858955789541,0,1,1,0
1,16.0,1.0,1.0,2.0,6.0,2.0,1550.699951171875,3.0,5.0,2.0,1.0,15-16 años,7.347106351621934,0,1,1,0
1,13.0,1.0,1.0,2.0,6.0,2.0,1550.699951171875,3.0,5.0,2.0,1.0,12-14 años,7.347106351621934,0,1,1,0
1,11.0,1.0,1.0,2.0,6.0,2.0,1550.699951171875,1.0,5.0,2.0,1.0,6-11 años,7.347106351621934,0,1,1,0
1,14.0,1.0,1.0,2.0,6.0,1.0,1797.22216796875,3.0,5.0,1.0,1.0,12-14 años,7.494553771340746,0,1,1,0
1,18.0,1.0,1.0,2.0,6.0,2.0,1725.0,4.0,4.0,1.0,1.0,17-19 años,7.453561871643373,0,1,1,0
1,16.0,2.0,1.0,2.0,6.0,1.0,296.0,3.0,5.0,1.0,1.0,15-16 años,5.6937321388027,0,1,1,0
1,12.0,1.0,1.0,2.0,6.0,1.0,296.0,2.0,5.0,1.0,1.0,12-14 años,5.6937321388027,0,1,1,0
1,11.0,2.0,1.0,2.0,6.0,1.0,296.0,1.0,5.0,1.0,1.0,6-11 años,5.6937321388027,0,1,1,0
1,12.0,1.0,1.0,2.0,6.0,2.0,933.8500366210938,2.0,5.0,1.0,1.0,12-14 años,6.840386127784512,0,1,1,0
1,6.0,2.0,1.0,2.0,6.0,2.0,933.8500366210938,0.0,5.0,1.0,1.0,6-11 años,6.840386127784512,0,1,1,0
1,18.0,1.0,1.0,2.0,6.0,2.0,1271.6666259765625,3.0,5.0,1.0,1.0,17-19 años,7.148869683645264,0,1,1,0
1,13.0,1.0,1.0,2.0,6.0,2.0,1271.6666259765625,2.0,5.0,1.0,1.0,12-14 años,7.148869683645264,0,1,1,0
1,14.0,1.0,1.0,2.0,6.0,1.0,2528.166748046875,3.0,3.0,1.0,1.0,12-14 años,7.835645178876332,0,1,1,0
1,7.0,2.0,1.0,2.0,6.0,1.0,2528.166748046875,1.0,3.0,1.0,1.0,6-11 años,7.835645178876332,0,1,1,0
1,15.0,1.0,1.0,2.0,6.0,2.0,1487.5556640625,3.0,5.0,1.0,1.0,15-16 años,7.305561575834882,0,1,1,0
1,12.0,1.0,1.0,2.0,6.0,2.0,1487.5556640625,2.0,5.0,1.0,1.0,12-14 años,7.305561575834882,0,1,1,0
0,17.0,2.0,1.0,2.0,2.0,1.0,1277.7777099609375,3.0,3.0,1.0,1.0,17-19 años,7.153659986599725,0,1,1,1
1,18.0,1.0,1.0,2.0,6.0,2.0,601.2111206054688,4.0,5.0,1.0,1.0,17-19 años,6.400608082508593,0,1,1,0
1,8.0,1.0,1.0,2.0,6.0,2.0,601.2111206054688,1.0,5.0,1.0,1.0,6-11 años,6.400608082508593,0,1,1,0
1,6.0,1.0,1.0,2.0,6.0,2.0,601.2111206054688,0.0,5.0,1.0,1.0,6-11 años,6.400608082508593,0,1,1,0
1,12.0,2.0,1.0,2.0,6.0,1.0,1009.0,2.0,5.0,1.0,1.0,12-14 años,6.917705609835305,0,1,1,0
1,14.0,2.0,1.0,2.0,6.0,2.0,2250.666748046875,3.0,5.0,1.0,1.0,12-14 años,7.719425997868399,0,1,1,0
1,14.0,1.0,1.0,2.0,6.0,2.0,1657.6666259765625,3.0,5.0,1.0,1.0,12-14 años,7.41376932121909,0,1,1,0
1,6.0,2.0,1.0,2.0,6.0,2.0,1908.5416259765625,0.0,5.0,1.0,1.0,6-11 años,7.554618505839626,0,1,1,0
1,11.0,1.0,1.0,2.0,6.0,2.0,1466.375,1.0,3.0,1.0,1.0,6-11 años,7.291230369198686,0,1,1,0
1,16.0,2.0,1.0,2.0,6.0,2.0,700.0,3.0,5.0,1.0,1.0,15-16 años,6.55250788703459,0,1,1,0
1,13.0,2.0,1.0,2.0,6.0,2.0,700.0,3.0,5.0,1.0,1.0,12-14 años,6.55250788703459,0,1,1,0
1,13.0,2.0,1.0,2.0,6.0,1.0,1810.0,3.0,3.0,1.0,1.0,12-14 años,7.501634457883413,0,1,1,0
1,16.0,1.0,1.0,2.0,6.0,2.0,512.5,3.0,5.0,1.0,1.0,15-16 años,6.241250029368613,0,1,1,0
1,18.0,2.0,1.0,2.0,6.0,2.0,2103.47216796875,3.0,5.0,1.0,1.0,17-19 años,7.6518199631142645,0,1,1,0
1,16.0,2.0,1.0,2.0,6.0,2.0,1791.6666259765625,3.0,3.0,1.0,1.0,15-16 años,7.491459525462613,0,1,1,0
0,18.0,1.0,1.0,2.0,6.0,2.0,3653.0556640625,4.0,5.0,1.0,1.0,17-19 años,8.2035929705555,0,1,1,1
1,15.0,2.0,1.0,2.0,6.0,2.0,3653.0556640625,3.0,5.0,1.0,1.0,15-16 años,8.2035929705555,0,1,1,0
1,17.0,1.0,1.0,2.0,6.0,1.0,6511.66650390625,3.0,5.0,1.0,1.0,17-19 años,8.781504252553415,0,1,1,0
1,12.0,1.0,1.0,2.0,6.0,1.0,1016.6666870117188,1.0,5.0,1.0,1.0,12-14 años,6.925267724058631,0,1,1,0
1,6.0,2.0,1.0,2.0,6.0,2.0,1073.2083740234375,0.0,5.0,1.0,1.0,6-11 años,6.979339273031587,0,1,1,0
1,17.0,1.0,1.0,2.0,6.0,2.0,994.25,3.0,4.0,1.0,1.0,17-19 años,6.902993961880426,0,1,1,0
1,12.0,1.0,1.0,2.0,6.0,2.0,994.25,2.0,4.0,1.0,1.0,12-14 años,6.902993961880426,0,1,1,0
1,6.0,1.0,1.0,2.0,6.0,2.0,2037.5,0.0,5.0,1.0,1.0,6-11 años,7.619969522259308,0,1,1,0
1,17.0,1.0,1.0,2.0,6.0,2.0,1300.0,3.0,5.0,1.0,1.0,17-19 años,7.170888478512505,0,1,1,0
1,13.0,1.0,1.0,2.0,6.0,2.0,1353.333251953125,3.0,3.0,2.0,1.0,12-14 años,7.2110645472308565,0,1,1,0
1,18.0,1.0,1.0,2.0,6.0,2.0,1396.1666259765625,3.0,5.0,1.0,1.0,17-19 años,7.242201626286501,0,1,1,0
1,15.0,1.0,1.0,2.0,6.0,2.0,1396.1666259765625,3.0,5.0,1.0,1.0,15-16 años,7.242201626286501,0,1,1,0
1,12.0,1.0,1.0,2.0,6.0,2.0,1396.1666259765625,2.0,5.0,1.0,1.0,12-14 años,7.242201626286501,0,1,1,0
1,6.0,1.0,1.0,2.0,6.0,2.0,1396.1666259765625,0.0,5.0,1.0,1.0,6-11 años,7.242201626286501,0,1,1,0
1,17.0,2.0,1.0,2.0,6.0,2.0,1698.699951171875,3.0,8.0,1.0,1.0,17-19 años,7.438207015155809,0,1,1,0
1,16.0,1.0,1.0,2.0,6.0,2.0,1329.824951171875,3.0,3.0,1.0,1.0,15-16 años,7.193554292970571,0,1,1,0
1,15.0,2.0,1.0,2.0,6.0,2.0,1329.824951171875,3.0,3.0,1.0,1.0,15-16 años,7.193554292970571,0,1,1,0
1,14.0,1.0,1.0,2.0,6.0,2.0,2020.6666259765625,3.0,5.0,1.0,1.0,12-14 años,7.611677512583031,0,1,1,0
1,18.0,2.0,1.0,2.0,6.0,1.0,1111.6666259765625,3.0,5.0,1.0,1.0,17-19 años,7.0145147789837745,0,1,1,0
1,11.0,2.0,1.0,2.0,6.0,1.0,1111.6666259765625,1.0,5.0,1.0,1.0,6-11 años,7.0145147789837745,0,1,1,0
1,7.0,2.0,1.0,2.0,6.0,2.0,1004.5833129882812,1.0,5.0,1.0,1.0,6-11 años,6.913323063053511,0,1,1,0
1,11.0,1.0,1.0,2.0,6.0,2.0,2072.555419921875,1.0,3.0,1.0,1.0,6-11 años,7.637020007046583,0,1,1,0
1,16.0,2.0,1.0,2.0,6.0,2.0,1578.800048828125,3.0,5.0,2.0,1.0,15-16 años,7.365053566638107,0,1,1,0
1,13.0,2.0,1.0,2.0,6.0,2.0,1578.800048828125,3.0,5.0,2.0,1.0,12-14 años,7.365053566638107,0,1,1,0
1,7.0,1.0,1.0,2.0,6.0,2.0,826.875,1.0,5.0,2.0,1.0,6-11 años,6.7188621768051435,0,1,1,0
1,11.0,2.0,1.0,2.0,6.0,2.0,786.0,1.0,5.0,2.0,1.0,6-11 años,6.668228248417403,0,1,1,0
1,10.0,1.0,1.0,2.0,6.0,2.0,786.0,1.0,5.0,2.0,1.0,6-11 años,6.668228248417403,0,1,1,0
1,7.0,1.0,1.0,2.0,6.0,2.0,786.0,0.0,5.0,2.0,1.0,6-11 años,6.668228248417403,0,1,1,0
1,17.0,1.0,1.0,2.0,6.0,2.0,2283.25,3.0,5.0,2.0,1.0,17-19 años,7.73379302187873,0,1,1,0
1,13.0,1.0,1.0,2.0,6.0,2.0,1138.5833740234375,3.0,5.0,2.0,1.0,12-14 años,7.038418013208306,0,1,1,0
1,16.0,1.0,1.0,2.0,6.0,2.0,1779.199951171875,3.0,3.0,2.0,1.0,15-16 años,7.484480969096381,0,1,1,0
1,12.0,2.0,1.0,2.0,6.0,2.0,1903.416748046875,1.0,5.0,1.0,1.0,12-14 años,7.551931071677238,0,1,1,0
1,17.0,2.0,1.0,2.0,6.0,2.0,1050.4000244140625,3.0,3.0,1.0,1.0,17-19 años,6.957877911605875,0,1,1,0
1,17.0,2.0,1.0,2.0,6.0,2.0,1050.4000244140625,3.0,3.0,1.0,1.0,17-19 años,6.957877911605875,0,1,1,0
1,8.0,2.0,1.0,2.0,2.0,1.0,1052.77783203125,1.0,5.0,1.0,1.0,6-11 años,6.960136921333813,0,1,1,0
1,18.0,1.0,1.0,2.0,6.0,2.0,2919.574951171875,3.0,5.0,1.0,1.0,17-19 años,7.979535776966111,0,1,1,0
1,15.0,1.0,1.0,2.0,6.0,2.0,2919.574951171875,3.0,5.0,1.0,1.0,15-16 años,7.979535776966111,0,1,1,0
1,18.0,2.0,1.0,2.0,6.0,2.0,3563.333251953125,3.0,4.0,1.0,1.0,17-19 años,8.178732289256729,0,1,1,0
1,10.0,2.0,1.0,2.0,6.0,1.0,1190.75,1.0,5.0,1.0,1.0,6-11 años,7.083178094084935,0,1,1,0
1,17.0,1.0,1.0,2.0,6.0,2.0,912.5999755859375,3.0,1.0,1.0,1.0,17-19 años,6.817392812178823,0,1,1,0
1,16.0,1.0,1.0,2.0,6.0,2.0,912.5999755859375,3.0,1.0,1.0,1.0,15-16 años,6.817392812178823,0,1,1,0
1,11.0,2.0,1.0,2.0,6.0,2.0,912.5999755859375,1.0,1.0,1.0,1.0,6-11 años,6.817392812178823,0,1,1,0
1,16.0,2.0,1.0,2.0,6.0,2.0,1401.0999755859375,3.0,1.0,1.0,1.0,15-16 años,7.2457263743145885,0,1,1,0
1,16.0,2.0,1.0,2.0,6.0,1.0,1047.683349609375,3.0,5.0,1.0,1.0,15-16 años,6.9552907035419835,0,1,1,0
1,10.0,2.0,1.0,2.0,2.0,1.0,1047.683349609375,1.0,5.0,1.0,1.0,6-11 años,6.9552907035419835,0,1,1,0
1,12.0,1.0,1.0,2.0,6.0,2.0,3118.75,2.0,5.0,1.0,1.0,12-14 años,8.045508149387963,0,1,1,0
1,10.0,2.0,1.0,2.0,6.0,2.0,3118.75,1.0,5.0,1.0,1.0,6-11 años,8.045508149387963,0,1,1,0
1,17.0,2.0,1.0,2.0,6.0,2.0,411.5,3.0,5.0,1.0,1.0,17-19 años,6.022236205774735,0,1,1,0
0,19.0,2.0,1.0,2.0,6.0,2.0,329.9800109863281,4.0,2.0,1.0,1.0,17-19 años,5.802057983784126,0,1,1,1
1,15.0,2.0,1.0,2.0,6.0,2.0,329.9800109863281,3.0,2.0,1.0,1.0,15-16 años,5.802057983784126,0,1,1,0
1,8.0,1.0,1.0,2.0,6.0,2.0,329.9800109863281,1.0,2.0,1.0,1.0,6-11 años,5.802057983784126,0,1,1,0
1,16.0,2.0,1.0,2.0,6.0,2.0,685.5,3.0,5.0,1.0,1.0,15-16 años,6.531606225208026,0,1,1,0
1,14.0,2.0,1.0,2.0,6.0,2.0,685.5,3.0,5.0,1.0,1.0,12-14 años,6.531606225208026,0,1,1,0
1,7.0,1.0,1.0,2.0,6.0,2.0,685.5,0.0,5.0,1.0,1.0,6-11 años,6.531606225208026,0,1,1,0
1,11.0,2.0,1.0,2.0,6.0,2.0,1090.0,1.0,8.0,1.0,1.0,6-11 años,6.994849985833071,0,1,1,0
1,19.0,2.0,1.0,2.0,6.0,2.0,757.75,4.0,1.0,1.0,1.0,17-19 años,6.631672342373708,0,1,1,0
1,17.0,1.0,1.0,2.0,6.0,2.0,2321.666748046875,3.0,3.0,1.0,1.0,17-19 años,7.750471264901631,0,1,1,0
1,19.0,1.0,1.0,2.0,6.0,2.0,2331.25,4.0,3.0,1.0,1.0,17-19 años,7.754588745841071,0,1,1,0
1,12.0,1.0,1.0,2.0,6.0,2.0,2331.25,2.0,3.0,1.0,1.0,12-14 años,7.754588745841071,0,1,1,0
1,8.0,1.0,1.0,2.0,6.0,2.0,432.8125,1.0,5.0,1.0,1.0,6-11 años,6.072612413099803,0,1,1,0
1,10.0,1.0,1.0,2.0,6.0,1.0,1603.5833740234375,1.0,5.0,1.0,1.0,6-11 años,7.380619421819682,0,1,1,0
1,11.0,1.0,1.0,2.0,6.0,1.0,1403.779052734375,1.0,2.0,2.0,1.0,6-11 años,7.247635311561233,0,1,1,0
1,18.0,2.0,1.0,2.0,6.0,1.0,642.2000122070312,3.0,3.0,2.0,1.0,17-19 años,6.46645573684335,0,1,1,0
1,13.0,1.0,1.0,2.0,6.0,1.0,642.2000122070312,2.0,3.0,2.0,1.0,12-14 años,6.46645573684335,0,1,1,0
1,8.0,2.0,1.0,2.0,6.0,1.0,642.2000122070312,1.0,3.0,2.0,1.0,6-11 años,6.46645573684335,0,1,1,0
1,17.0,1.0,1.0,2.0,2.0,1.0,1993.9400634765625,3.0,5.0,1.0,1.0,17-19 años,7.598369285502509,0,1,1,0
1,16.0,1.0,1.0,2.0,6.0,1.0,1993.9400634765625,3.0,5.0,1.0,1.0,15-16 años,7.598369285502509,0,1,1,0
1,11.0,1.0,1.0,2.0,6.0,1.0,1993.9400634765625,1.0,5.0,1.0,1.0,6-11 años,7.598369285502509,0,1,1,0
1,8.0,1.0,1.0,2.0,6.0,1.0,1904.6666259765625,1.0,5.0,1.0,1.0,6-11 años,7.552587161243699,0,1,1,0
1,14.0,1.0,1.0,2.0,6.0,2.0,488.452392578125,3.0,5.0,1.0,1.0,12-14 años,6.193287199994859,0,1,1,0
1,12.0,2.0,1.0,2.0,6.0,2.0,488.452392578125,2.0,5.0,1.0,1.0,12-14 años,6.193287199994859,0,1,1,0
1,8.0,2.0,1.0,2.0,6.0,2.0,488.452392578125,1.0,5.0,1.0,1.0,6-11 años,6.193287199994859,0,1,1,0
1,6.0,2.0,1.0,2.0,6.0,2.0,488.452392578125,0.0,5.0,1.0,1.0,6-11 años,6.193287199994859,0,1,1,0
1,9.0,2.0,1.0,2.0,6.0,2.0,1339.875,1.0,3.0,1.0,1.0,6-11 años,7.201077664917594,0,1,1,0
1,7.0,2.0,1.0,2.0,6.0,2.0,1339.875,1.0,3.0,1.0,1.0,6-11 años,7.201077664917594,0,1,1,0
1,7.0,1.0,1.0,2.0,6.0,2.0,1481.1112060546875,1.0,1.0,1.0,1.0,6-11 años,7.3012228408645115,0,1,1,0
1,18.0,2.0,1.0,2.0,6.0,2.0,895.3333740234375,3.0,1.0,1.0,1.0,17-19 años,6.798312412996928,0,1,1,0
1,15.0,1.0,1.0,2.0,6.0,2.0,895.3333740234375,3.0,1.0,1.0,1.0,15-16 años,6.798312412996928,0,1,1,0
1,8.0,2.0,1.0,2.0,2.0,1.0,923.25,1.0,5.0,1.0,1.0,6-11 años,6.828982597816741,0,1,1,0
1,7.0,1.0,1.0,2.0,6.0,2.0,822.0,1.0,3.0,1.0,1.0,6-11 años,6.71295620067707,0,1,1,0
1,14.0,2.0,1.0,2.0,6.0,2.0,822.0,3.0,3.0,1.0,1.0,12-14 años,6.71295620067707,0,1,1,0
1,14.0,1.0,1.0,2.0,6.0,1.0,762.0,3.0,5.0,1.0,1.0,12-14 años,6.637258031284457,0,1,1,0
1,9.0,2.0,1.0,2.0,6.0,2.0,920.0,1.0,5.0,1.0,1.0,6-11 años,6.825460036255307,0,1,1,0
1,13.0,2.0,1.0,2.0,6.0,2.0,716.6666870117188,2.0,5.0,1.0,1.0,12-14 años,6.576005237045141,0,1,1,0
1,14.0,1.0,1.0,2.0,6.0,2.0,716.6666870117188,3.0,5.0,1.0,1.0,12-14 años,6.576005237045141,0,1,1,0
1,12.0,1.0,1.0,2.0,6.0,2.0,716.6666870117188,1.0,5.0,1.0,1.0,12-14 años,6.576005237045141,0,1,1,0
1,16.0,1.0,1.0,2.0,6.0,2.0,809.3999633789062,3.0,1.0,1.0,1.0,15-16 años,6.697527907745561,0,1,1,0
1,10.0,2.0,1.0,2.0,6.0,2.0,809.3999633789062,1.0,1.0,1.0,1.0,6-11 años,6.697527907745561,0,1,1,0
1,18.0,1.0,1.0,2.0,6.0,2.0,3535.861083984375,3.0,8.0,1.0,1.0,17-19 años,8.170994913337891,0,1,1,0
1,8.0,1.0,1.0,2.0,6.0,2.0,3535.861083984375,1.0,8.0,1.0,1.0,6-11 años,8.170994913337891,0,1,1,0
1,7.0,1.0,1.0,2.0,6.0,2.0,1165.1666259765625,1.0,5.0,1.0,1.0,6-11 años,7.061477260625655,0,1,1,0
1,15.0,2.0,1.0,2.0,6.0,2.0,977.9166870117188,3.0,1.0,1.0,1.0,15-16 años,6.886446538819118,0,1,1,0
1,12.0,1.0,1.0,2.0,6.0,2.0,977.9166870117188,1.0,1.0,1.0,1.0,12-14 años,6.886446538819118,0,1,1,0
1,14.0,2.0,1.0,2.0,6.0,2.0,1152.1533203125,3.0,5.0,1.0,1.0,12-14 años,7.050255486547906,0,1,1,0
1,17.0,2.0,1.0,2.0,6.0,2.0,1004.25,3.0,1.0,1.0,1.0,17-19 años,6.912991545777383,0,1,1,0
1,11.0,2.0,1.0,2.0,6.0,2.0,1004.25,1.0,1.0,1.0,1.0,6-11 años,6.912991545777383,0,1,1,0
0,18.0,2.0,1.0,2.0,6.0,2.0,843.2249755859375,3.0,1.0,10.0,1.0,17-19 años,6.738419017826596,0,1,0,1
1,6.0,2.0,1.0,2.0,6.0,2.0,843.2249755859375,0.0,1.0,10.0,1.0,6-11 años,6.738419017826596,0,1,0,0
1,9.0,1.0,1.0,2.0,6.0,2.0,642.6666259765625,1.0,1.0,1.0,1.0,6-11 años,6.46718093054429,0,1,1,0
1,6.0,2.0,1.0,2.0,6.0,2.0,642.6666259765625,0.0,1.0,1.0,1.0,6-11 años,6.46718093054429,0,1,1,0
1,14.0,1.0,1.0,2.0,6.0,2.0,1686.6666259765625,3.0,5.0,1.0,1.0,12-14 años,7.431102159191526,0,1,1,0
1,14.0,2.0,1.0,2.0,6.0,2.0,853.0799560546875,3.0,3.0,1.0,1.0,12-14 años,6.750024814762766,0,1,1,0
1,8.0,2.0,1.0,2.0,6.0,2.0,853.0799560546875,1.0,3.0,1.0,1.0,6-11 años,6.750024814762766,0,1,1,0
0,19.0,2.0,1.0,2.0,6.0,1.0,1257.75,4.0,5.0,1.0,1.0,17-19 años,7.137874444032772,0,1,1,1
1,14.0,2.0,1.0,2.0,6.0,1.0,1257.75,3.0,5.0,1.0,1.0,12-14 años,7.137874444032772,0,1,1,0
1,7.0,1.0,1.0,2.0,6.0,1.0,1257.75,1.0,5.0,1.0,1.0,6-11 años,7.137874444032772,0,1,1,0
1,14.0,1.0,1.0,2.0,6.0,2.0,1043.9222412109375,3.0,3.0,2.0,1.0,12-14 años,6.951697751305864,0,1,1,0
1,6.0,2.0,1.0,2.0,6.0,2.0,1594.4000244140625,0.0,5.0,1.0,1.0,6-11 años,7.374879782779813,0,1,1,0
1,10.0,2.0,1.0,2.0,6.0,2.0,487.125,1.0,5.0,1.0,1.0,6-11 años,6.19057152059395,0,1,1,0
1,8.0,2.0,1.0,2.0,6.0,2.0,487.125,1.0,5.0,1.0,1.0,6-11 años,6.19057152059395,0,1,1,0
1,16.0,1.0,1.0,2.0,6.0,2.0,1543.3612060546875,3.0,5.0,1.0,1.0,15-16 años,7.342365644969882,0,1,1,0
1,16.0,2.0,1.0,2.0,58.0,2.0,1066.2791748046875,3.0,5.0,1.0,1.0,15-16 años,6.972867861694223,0,1,1,0
1,10.0,2.0,1.0,2.0,58.0,2.0,1066.2791748046875,1.0,5.0,1.0,1.0,6-11 años,6.972867861694223,0,1,1,0
1,18.0,2.0,1.0,2.0,6.0,2.0,2247.22216796875,3.0,5.0,1.0,1.0,17-19 años,7.717895035297895,0,1,1,0
1,19.0,2.0,1.0,2.0,6.0,2.0,1502.77783203125,5.0,3.0,2.0,1.0,17-19 años,7.315735775534069,0,1,1,0
0,18.0,1.0,1.0,2.0,6.0,2.0,1502.77783203125,4.0,3.0,2.0,1.0,17-19 años,7.315735775534069,0,1,1,1
1,6.0,2.0,1.0,2.0,6.0,2.0,1502.77783203125,0.0,3.0,2.0,1.0,6-11 años,7.315735775534069,0,1,1,0
1,8.0,2.0,1.0,2.0,6.0,2.0,625.3333740234375,1.0,5.0,1.0,1.0,6-11 años,6.439882775710927,0,1,1,0
1,15.0,1.0,1.0,2.0,6.0,2.0,881.8333129882812,3.0,5.0,1.0,1.0,15-16 años,6.783136409271292,0,1,1,0
1,13.0,1.0,1.0,2.0,6.0,2.0,881.8333129882812,3.0,5.0,1.0,1.0,12-14 años,6.783136409271292,0,1,1,0
1,7.0,2.0,1.0,2.0,6.0,2.0,1364.2498779296875,1.0,5.0,1.0,1.0,6-11 años,7.219092751619835,0,1,1,0
0,13.0,2.0,1.0,2.0,995.0,2.0,2429.2734375,0.0,5.0,1.0,1.0,12-14 años,7.795759055724215,0,1,1,1
1,10.0,2.0,1.0,2.0,6.0,2.0,530.0,1.0,3.0,2.0,1.0,6-11 años,6.274762021241939,0,1,1,0
1,8.0,2.0,1.0,2.0,6.0,2.0,530.0,1.0,3.0,2.0,1.0,6-11 años,6.274762021241939,0,1,1,0
1,15.0,1.0,1.0,2.0,6.0,2.0,690.888916015625,3.0,5.0,2.0,1.0,15-16 años,6.539425416743013,0,1,1,0
1,10.0,1.0,1.0,2.0,6.0,2.0,690.888916015625,1.0,5.0,2.0,1.0,6-11 años,6.539425416743013,0,1,1,0
1,6.0,1.0,1.0,2.0,6.0,2.0,690.888916015625,0.0,5.0,2.0,1.0,6-11 años,6.539425416743013,0,1,1,0
1,7.0,1.0,1.0,2.0,6.0,2.0,390.66668701171875,0.0,5.0,1.0,1.0,6-11 años,5.970411189854962,0,1,1,0
1,6.0,2.0,1.0,2.0,6.0,2.0,390.66668701171875,0.0,5.0,1.0,1.0,6-11 años,5.970411189854962,0,1,1,0
1,17.0,2.0,1.0,2.0,6.0,1.0,1247.8125,3.0,5.0,2.0,1.0,17-19 años,7.129948378760352,0,1,1,0
1,13.0,1.0,1.0,2.0,6.0,1.0,1247.8125,2.0,5.0,2.0,1.0,12-14 años,7.129948378760352,0,1,1,0
1,8.0,1.0,1.0,2.0,6.0,2.0,1275.8333740234375,1.0,5.0,1.0,1.0,6-11 años,7.152138365156749,0,1,1,0
1,17.0,1.0,1.0,2.0,6.0,2.0,310.25,3.0,3.0,1.0,1.0,17-19 años,5.740596447778917,0,1,1,0
1,14.0,1.0,1.0,2.0,6.0,2.0,310.25,3.0,3.0,1.0,1.0,12-14 años,5.740596447778917,0,1,1,0
0,17.0,1.0,1.0,2.0,995.0,2.0,1207.1021728515625,0.0,5.0,1.0,1.0,17-19 años,7.096805955093194,0,1,1,1
1,15.0,2.0,1.0,2.0,6.0,2.0,1207.1021728515625,3.0,5.0,1.0,1.0,15-16 años,7.096805955093194,0,1,1,0
1,13.0,2.0,1.0,2.0,6.0,2.0,1207.1021728515625,3.0,5.0,1.0,1.0,12-14 años,7.096805955093194,0,1,1,0
1,7.0,1.0,1.0,2.0,6.0,2.0,1207.1021728515625,1.0,5.0,1.0,1.0,6-11 años,7.096805955093194,0,1,1,0
1,13.0,2.0,1.0,2.0,6.0,1.0,718.61669921875,3.0,5.0,1.0,1.0,12-14 años,6.5787187080588545,0,1,1,0
1,7.0,1.0,1.0,2.0,6.0,2.0,1146.216552734375,0.0,4.0,2.0,1.0,6-11 años,7.04509389855435,0,1,1,0
1,18.0,2.0,1.0,2.0,6.0,1.0,3226.4443359375,3.0,5.0,2.0,1.0,17-19 años,8.079445875767266,0,1,1,0
1,13.0,2.0,1.0,2.0,6.0,1.0,3226.4443359375,2.0,5.0,2.0,1.0,12-14 años,8.079445875767266,0,1,1,0
1,16.0,1.0,1.0,2.0,6.0,2.0,915.75,3.0,5.0,2.0,1.0,15-16 años,6.820834806951435,0,1,1,0
1,15.0,1.0,1.0,2.0,6.0,2.0,915.75,3.0,5.0,2.0,1.0,15-16 años,6.820834806951435,0,1,1,0
1,10.0,2.0,1.0,2.0,6.0,2.0,915.75,1.0,5.0,2.0,1.0,6-11 años,6.820834806951435,0,1,1,0
1,15.0,1.0,1.0,2.0,2.0,2.0,715.8333129882812,3.0,5.0,1.0,1.0,15-16 años,6.574843335173837,0,1,1,0
1,10.0,1.0,1.0,2.0,6.0,2.0,715.8333129882812,1.0,5.0,1.0,1.0,6-11 años,6.574843335173837,0,1,1,0
1,18.0,1.0,1.0,2.0,27.0,2.0,1526.0555419921875,3.0,5.0,1.0,1.0,17-19 años,7.331096677832968,0,1,1,0
1,10.0,1.0,1.0,2.0,6.0,2.0,1160.3333740234375,1.0,5.0,1.0,1.0,6-11 años,7.057324084341686,0,1,1,0
1,15.0,2.0,1.0,2.0,6.0,2.0,576.9583129882812,3.0,5.0,1.0,1.0,15-16 años,6.359501743213754,0,1,1,0
1,11.0,2.0,1.0,2.0,6.0,2.0,576.9583129882812,1.0,5.0,1.0,1.0,6-11 años,6.359501743213754,0,1,1,0
1,17.0,1.0,1.0,2.0,6.0,1.0,1028.375,3.0,5.0,1.0,1.0,17-19 años,6.936707100931905,0,1,1,0
1,10.0,1.0,1.0,2.0,6.0,1.0,1770.57666015625,1.0,5.0,2.0,1.0,6-11 años,7.47962519751896,0,1,1,0
1,18.0,2.0,1.0,2.0,6.0,2.0,577.3333129882812,4.0,5.0,1.0,1.0,17-19 años,6.360150368534085,0,1,1,0
1,13.0,2.0,1.0,2.0,6.0,1.0,577.3333129882812,3.0,5.0,1.0,1.0,12-14 años,6.360150368534085,0,1,1,0
1,6.0,2.0,1.0,2.0,6.0,2.0,1416.6666259765625,1.0,3.0,1.0,1.0,6-11 años,7.256767577883357,0,1,1,0
1,16.0,1.0,1.0,2.0,6.0,2.0,804.7333374023438,3.0,4.0,1.0,1.0,15-16 años,6.6917528408693645,0,1,1,0
1,11.0,2.0,1.0,2.0,6.0,2.0,804.7333374023438,2.0,4.0,1.0,1.0,6-11 años,6.6917528408693645,0,1,1,0
1,14.0,2.0,1.0,2.0,6.0,1.0,3683.333251953125,3.0,8.0,1.0,1.0,12-14 años,8.211844852554668,0,1,1,0
1,13.0,1.0,1.0,2.0,6.0,1.0,2188.333251953125,3.0,5.0,1.0,1.0,12-14 años,7.691352325292926,0,1,1,0
1,11.0,2.0,1.0,2.0,6.0,2.0,2188.333251953125,1.0,5.0,1.0,1.0,6-11 años,7.691352325292926,0,1,1,0
1,7.0,2.0,1.0,2.0,6.0,1.0,2188.333251953125,1.0,5.0,1.0,1.0,6-11 años,7.691352325292926,0,1,1,0
1,10.0,1.0,1.0,2.0,6.0,1.0,851.8599853515625,1.0,5.0,1.0,1.0,6-11 años,6.7485953902338105,0,1,1,0
1,10.0,1.0,1.0,2.0,6.0,2.0,1118.708251953125,1.0,5.0,1.0,1.0,6-11 años,7.020823441028336,0,1,1,0
1,6.0,1.0,1.0,2.0,6.0,2.0,1118.708251953125,0.0,5.0,1.0,1.0,6-11 años,7.020823441028336,0,1,1,0
1,16.0,2.0,1.0,2.0,6.0,1.0,649.5,3.0,5.0,1.0,1.0,15-16 años,6.47774129795256,0,1,1,0
1,11.0,2.0,1.0,2.0,6.0,2.0,649.5,1.0,5.0,1.0,1.0,6-11 años,6.47774129795256,0,1,1,0
1,17.0,2.0,1.0,2.0,6.0,2.0,2467.802001953125,3.0,5.0,1.0,1.0,17-19 años,7.811488292509866,0,1,1,0
1,17.0,2.0,1.0,2.0,6.0,2.0,2467.802001953125,3.0,5.0,1.0,1.0,17-19 años,7.811488292509866,0,1,1,0
1,9.0,2.0,1.0,2.0,6.0,2.0,2467.802001953125,1.0,5.0,1.0,1.0,6-11 años,7.811488292509866,0,1,1,0
1,9.0,1.0,1.0,2.0,6.0,2.0,762.9166870117188,1.0,5.0,1.0,1.0,6-11 años,6.6384587348063295,0,1,1,0
1,6.0,2.0,1.0,2.0,6.0,2.0,696.7916870117188,0.0,5.0,1.0,1.0,6-11 años,6.547920615542874,0,1,1,0
1,17.0,2.0,1.0,2.0,6.0,2.0,450.5,3.0,5.0,1.0,1.0,17-19 años,6.11257537285704,0,1,1,0
1,7.0,2.0,1.0,2.0,6.0,2.0,450.5,1.0,5.0,1.0,1.0,6-11 años,6.11257537285704,0,1,1,0
1,16.0,1.0,1.0,2.0,6.0,2.0,795.2332763671875,3.0,5.0,1.0,1.0,15-16 años,6.679892203673264,0,1,1,0
1,7.0,1.0,1.0,2.0,6.0,2.0,649.5,1.0,5.0,2.0,1.0,6-11 años,6.47774129795256,0,1,1,0
1,17.0,2.0,1.0,2.0,6.0,2.0,735.0,3.0,5.0,2.0,1.0,17-19 años,6.601230118728877,0,1,1,0
1,15.0,1.0,1.0,2.0,6.0,2.0,354.75,3.0,5.0,2.0,1.0,15-16 años,5.874228236969961,0,1,1,0
1,13.0,1.0,1.0,2.0,6.0,2.0,354.75,2.0,5.0,2.0,1.0,12-14 años,5.874228236969961,0,1,1,0
1,10.0,1.0,1.0,2.0,6.0,2.0,354.75,1.0,5.0,2.0,1.0,6-11 años,5.874228236969961,0,1,1,0
1,11.0,1.0,1.0,2.0,6.0,2.0,978.0,2.0,3.0,1.0,1.0,6-11 años,6.88653164253051,0,1,1,0
1,7.0,1.0,1.0,2.0,6.0,2.0,1166.3333740234375,1.0,1.0,1.0,1.0,6-11 años,7.062477259035001,0,1,1,0
1,15.0,2.0,1.0,2.0,6.0,2.0,1021.0,3.0,5.0,1.0,1.0,15-16 años,6.92951677076365,0,1,1,0
1,11.0,2.0,1.0,2.0,6.0,2.0,1021.0,1.0,5.0,1.0,1.0,6-11 años,6.92951677076365,0,1,1,0
1,9.0,2.0,1.0,2.0,6.0,2.0,1021.0,1.0,5.0,1.0,1.0,6-11 años,6.92951677076365,0,1,1,0
1,19.0,1.0,1.0,2.0,6.0,2.0,1192.5999755859375,4.0,3.0,1.0,1.0,17-19 años,7.0847292089953555,0,1,1,0
1,13.0,2.0,1.0,2.0,6.0,1.0,633.4166259765625,2.0,5.0,1.0,1.0,12-14 años,6.452705877380387,0,1,1,0
1,10.0,1.0,1.0,2.0,6.0,1.0,633.4166259765625,1.0,5.0,1.0,1.0,6-11 años,6.452705877380387,0,1,1,0
1,8.0,2.0,1.0,2.0,6.0,1.0,633.4166259765625,1.0,5.0,1.0,1.0,6-11 años,6.452705877380387,0,1,1,0
1,9.0,1.0,1.0,2.0,6.0,1.0,315.3333435058594,1.0,5.0,1.0,1.0,6-11 años,5.756796542099434,0,1,1,0
1,7.0,2.0,1.0,2.0,6.0,1.0,315.3333435058594,1.0,5.0,1.0,1.0,6-11 años,5.756796542099434,0,1,1,0
1,8.0,1.0,1.0,2.0,6.0,2.0,897.0,1.0,5.0,1.0,1.0,6-11 años,6.8001700683022,0,1,1,0
1,11.0,2.0,1.0,2.0,6.0,2.0,1471.0,1.0,5.0,1.0,1.0,6-11 años,7.294377299288821,0,1,1,0
1,10.0,1.0,1.0,2.0,6.0,1.0,1261.2667236328125,1.0,5.0,1.0,1.0,6-11 años,7.140664370716666,0,1,1,0
1,15.0,2.0,1.0,2.0,6.0,2.0,1588.7999267578125,3.0,5.0,1.0,1.0,15-16 años,7.3713634550689475,0,1,1,0
1,8.0,2.0,1.0,2.0,6.0,2.0,1588.7999267578125,1.0,5.0,1.0,1.0,6-11 años,7.3713634550689475,0,1,1,0
1,10.0,1.0,1.0,2.0,6.0,2.0,806.7333374023438,1.0,5.0,1.0,1.0,6-11 años,6.694231976082484,0,1,1,0
1,7.0,1.0,1.0,2.0,6.0,2.0,806.7333374023438,1.0,5.0,1.0,1.0,6-11 años,6.694231976082484,0,1,1,0
1,6.0,1.0,1.0,2.0,6.0,2.0,806.7333374023438,0.0,5.0,1.0,1.0,6-11 años,6.694231976082484,0,1,1,0
1,8.0,2.0,1.0,2.0,6.0,2.0,1465.0,1.0,5.0,1.0,1.0,6-11 años,7.290292882446597,0,1,1,0
1,15.0,2.0,1.0,2.0,6.0,2.0,1037.5,3.0,8.0,1.0,1.0,15-16 años,6.945532643316167,0,1,1,0
1,8.0,1.0,1.0,2.0,6.0,2.0,1053.3333740234375,1.0,5.0,1.0,1.0,6-11 años,6.960663973230745,0,1,1,0
1,7.0,1.0,1.0,2.0,6.0,2.0,1569.1666259765625,1.0,3.0,1.0,1.0,6-11 años,7.358937023906099,0,1,1,0
1,11.0,2.0,1.0,2.0,6.0,2.0,1569.1666259765625,1.0,3.0,1.0,1.0,6-11 años,7.358937023906099,0,1,1,0
1,15.0,1.0,1.0,2.0,6.0,2.0,535.0,3.0,5.0,1.0,1.0,15-16 años,6.284134161070802,0,1,1,0
1,14.0,1.0,1.0,2.0,6.0,2.0,535.0,3.0,5.0,1.0,1.0,12-14 años,6.284134161070802,0,1,1,0
1,12.0,1.0,1.0,2.0,6.0,2.0,535.0,2.0,5.0,1.0,1.0,12-14 años,6.284134161070802,0,1,1,0
1,10.0,2.0,1.0,2.0,6.0,2.0,535.0,1.0,5.0,1.0,1.0,6-11 años,6.284134161070802,0,1,1,0
1,7.0,2.0,1.0,2.0,6.0,2.0,535.0,1.0,5.0,1.0,1.0,6-11 años,6.284134161070802,0,1,1,0
0,19.0,2.0,1.0,2.0,6.0,2.0,316.0,1.0,5.0,2.0,1.0,17-19 años,5.75890177387728,0,1,1,1
0,18.0,1.0,1.0,2.0,6.0,2.0,316.0,1.0,5.0,2.0,1.0,17-19 años,5.75890177387728,0,1,1,1
0,15.0,2.0,1.0,2.0,6.0,2.0,316.0,0.0,5.0,2.0,1.0,15-16 años,5.75890177387728,0,1,1,1
1,11.0,2.0,1.0,2.0,6.0,2.0,805.0,1.0,5.0,1.0,1.0,6-11 años,6.692083742506628,0,1,1,0
1,9.0,1.0,1.0,2.0,6.0,2.0,805.0,1.0,5.0,1.0,1.0,6-11 años,6.692083742506628,0,1,1,0
1,6.0,2.0,1.0,2.0,6.0,2.0,805.0,0.0,5.0,1.0,1.0,6-11 años,6.692083742506628,0,1,1,0
1,11.0,1.0,1.0,2.0,6.0,1.0,1651.6666259765625,1.0,5.0,1.0,1.0,6-11 años,7.410145399306148,0,1,1,0
1,17.0,1.0,1.0,2.0,6.0,1.0,781.6666870117188,3.0,5.0,1.0,1.0,17-19 años,6.662706918274407,0,1,1,0
1,15.0,1.0,1.0,2.0,6.0,1.0,781.6666870117188,3.0,5.0,1.0,1.0,15-16 años,6.662706918274407,0,1,1,0
1,10.0,1.0,1.0,2.0,6.0,1.0,781.6666870117188,1.0,5.0,1.0,1.0,6-11 años,6.662706918274407,0,1,1,0
1,13.0,2.0,1.0,2.0,6.0,2.0,1790.0,3.0,5.0,1.0,1.0,12-14 años,7.490529402060711,0,1,1,0
1,18.0,2.0,1.0,2.0,6.0,2.0,4227.41650390625,3.0,3.0,1.0,1.0,17-19 años,8.349582852995928,0,1,1,0
1,10.0,2.0,1.0,2.0,6.0,1.0,1220.0,1.0,5.0,1.0,1.0,6-11 años,7.107425474110705,0,1,1,0
1,8.0,2.0,1.0,2.0,6.0,1.0,1220.0,1.0,5.0,1.0,1.0,6-11 años,7.107425474110705,0,1,1,0
1,11.0,1.0,1.0,2.0,6.0,1.0,896.0,1.0,5.0,1.0,1.0,6-11 años,6.799055862058796,0,1,1,0
1,6.0,2.0,1.0,2.0,6.0,1.0,896.0,0.0,5.0,1.0,1.0,6-11 años,6.799055862058796,0,1,1,0
1,15.0,1.0,1.0,2.0,6.0,1.0,625.0,3.0,5.0,1.0,1.0,15-16 años,6.439350371100098,0,1,1,0
1,6.0,1.0,1.0,2.0,6.0,2.0,6705.75,0.0,5.0,1.0,1.0,6-11 años,8.810869760915686,0,1,1,0
1,16.0,1.0,1.0,2.0,6.0,1.0,4327.93310546875,3.0,5.0,1.0,1.0,15-16 años,8.373076394670417,0,1,1,0
1,17.0,1.0,1.0,2.0,6.0,1.0,1283.3333740234375,3.0,5.0,1.0,1.0,17-19 años,7.157995087639935,0,1,1,0
1,16.0,1.0,1.0,2.0,6.0,1.0,1659.4166259765625,3.0,3.0,1.0,1.0,15-16 años,7.4148238293644555,0,1,1,0
1,12.0,1.0,1.0,2.0,6.0,1.0,1659.4166259765625,2.0,3.0,1.0,1.0,12-14 años,7.4148238293644555,0,1,1,0
1,17.0,2.0,1.0,2.0,6.0,2.0,1183.3333740234375,3.0,4.0,1.0,1.0,17-19 años,7.076935341709886,0,1,1,0
1,19.0,1.0,1.0,2.0,6.0,2.0,3710.41650390625,5.0,4.0,1.0,1.0,17-19 años,8.21916888971456,0,1,1,0
1,13.0,2.0,1.0,2.0,6.0,2.0,3710.41650390625,3.0,4.0,1.0,1.0,12-14 años,8.21916888971456,0,1,1,0
1,18.0,2.0,1.0,2.0,6.0,1.0,877.5,3.0,5.0,1.0,1.0,17-19 años,6.7782159076271515,0,1,1,0
1,12.0,1.0,1.0,2.0,6.0,1.0,877.5,2.0,5.0,1.0,1.0,12-14 años,6.7782159076271515,0,1,1,0
1,10.0,2.0,1.0,2.0,6.0,1.0,877.5,1.0,5.0,1.0,1.0,6-11 años,6.7782159076271515,0,1,1,0
1,17.0,2.0,1.0,2.0,6.0,1.0,923.3333129882812,3.0,5.0,1.0,1.0,17-19 años,6.829072734937154,0,1,1,0
1,13.0,2.0,1.0,2.0,6.0,1.0,923.3333129882812,3.0,5.0,1.0,1.0,12-14 años,6.829072734937154,0,1,1,0
1,18.0,2.0,1.0,2.0,6.0,1.0,685.8333740234375,3.0,5.0,1.0,1.0,17-19 años,6.532091721353814,0,1,1,0
1,13.0,1.0,1.0,2.0,6.0,1.0,1637.0,3.0,3.0,1.0,1.0,12-14 años,7.401231264413015,0,1,1,0
1,19.0,1.0,1.0,2.0,6.0,1.0,1766.1666259765625,4.0,3.0,1.0,1.0,17-19 años,7.477132766672125,0,1,1,0
1,17.0,2.0,1.0,2.0,2.0,1.0,1766.1666259765625,3.0,3.0,1.0,1.0,17-19 años,7.477132766672125,0,1,1,0
1,10.0,1.0,1.0,2.0,6.0,1.0,1285.0,1.0,5.0,1.0,1.0,6-11 años,7.1592919047975645,0,1,1,0
1,10.0,1.0,1.0,2.0,6.0,1.0,1942.5,1.0,5.0,1.0,1.0,6-11 años,7.572245750292278,0,1,1,0
0,19.0,1.0,1.0,2.0,6.0,2.0,1616.6666259765625,4.0,5.0,1.0,1.0,17-19 años,7.388740035583528,0,1,1,1
1,11.0,1.0,1.0,2.0,6.0,2.0,1616.6666259765625,1.0,5.0,1.0,1.0,6-11 años,7.388740035583528,0,1,1,0
1,19.0,2.0,1.0,2.0,6.0,2.0,2125.0,4.0,4.0,1.0,1.0,17-19 años,7.661997558901893,0,1,1,0
1,13.0,2.0,1.0,2.0,6.0,2.0,1348.0,2.0,5.0,1.0,1.0,12-14 años,7.207118856207756,0,1,1,0
1,8.0,2.0,1.0,2.0,6.0,2.0,1348.0,1.0,5.0,1.0,1.0,6-11 años,7.207118856207756,0,1,1,0
0,19.0,2.0,1.0,2.0,6.0,2.0,1786.2222900390625,4.0,5.0,1.0,1.0,17-19 años,7.488417900282294,0,1,1,1
1,15.0,2.0,1.0,2.0,6.0,2.0,1050.0,3.0,5.0,1.0,1.0,15-16 años,6.957497370876951,0,1,1,0
1,13.0,2.0,1.0,2.0,6.0,2.0,1050.0,3.0,5.0,1.0,1.0,12-14 años,6.957497370876951,0,1,1,0
1,13.0,1.0,1.0,2.0,6.0,2.0,1565.0,3.0,5.0,1.0,1.0,12-14 años,7.356279876550748,0,1,1,0
1,19.0,2.0,1.0,2.0,6.0,2.0,1450.2733154296875,5.0,5.0,1.0,1.0,17-19 años,7.280196598639939,0,1,1,0
1,13.0,2.0,1.0,2.0,6.0,2.0,1450.2733154296875,3.0,5.0,1.0,1.0,12-14 años,7.280196598639939,0,1,1,0
1,7.0,2.0,1.0,2.0,6.0,2.0,1450.2733154296875,1.0,5.0,1.0,1.0,6-11 años,7.280196598639939,0,1,1,0
0,19.0,1.0,1.0,2.0,6.0,2.0,1619.669921875,4.0,5.0,1.0,1.0,17-19 años,7.390594874767234,0,1,1,1
1,16.0,2.0,1.0,2.0,6.0,2.0,1619.669921875,3.0,5.0,1.0,1.0,15-16 años,7.390594874767234,0,1,1,0
1,11.0,1.0,1.0,2.0,6.0,1.0,2128.0,1.0,5.0,1.0,1.0,6-11 años,7.663407664893479,0,1,1,0
1,8.0,1.0,1.0,2.0,6.0,1.0,2128.0,1.0,5.0,1.0,1.0,6-11 años,7.663407664893479,0,1,1,0
1,16.0,2.0,1.0,2.0,6.0,2.0,967.1867065429688,3.0,5.0,1.0,1.0,15-16 años,6.875424947337971,0,1,1,0
1,12.0,1.0,1.0,2.0,6.0,2.0,967.1867065429688,2.0,5.0,1.0,1.0,12-14 años,6.875424947337971,0,1,1,0
1,8.0,1.0,1.0,2.0,6.0,2.0,1349.4632568359375,1.0,5.0,1.0,1.0,6-11 años,7.208202965780683,0,1,1,0
1,17.0,1.0,1.0,2.0,6.0,2.0,1207.97216796875,3.0,5.0,1.0,1.0,17-19 años,7.0975258296457175,0,1,1,0
1,13.0,1.0,1.0,2.0,6.0,2.0,1207.97216796875,3.0,5.0,1.0,1.0,12-14 años,7.0975258296457175,0,1,1,0
1,8.0,1.0,1.0,2.0,6.0,2.0,1207.97216796875,1.0,5.0,1.0,1.0,6-11 años,7.0975258296457175,0,1,1,0
1,12.0,1.0,1.0,2.0,6.0,2.0,820.0,2.0,5.0,1.0,1.0,12-14 años,6.710523109452428,0,1,1,0
1,7.0,1.0,1.0,2.0,6.0,2.0,820.0,1.0,5.0,1.0,1.0,6-11 años,6.710523109452428,0,1,1,0
1,9.0,1.0,1.0,2.0,6.0,2.0,1131.9791259765625,1.0,5.0,1.0,1.0,6-11 años,7.032605837183586,0,1,1,0
1,18.0,2.0,1.0,2.0,6.0,2.0,1100.0,4.0,5.0,1.0,1.0,17-19 años,7.00397413672268,0,1,1,0
1,14.0,2.0,1.0,2.0,6.0,2.0,1888.722900390625,3.0,5.0,1.0,1.0,12-14 años,7.544185483754937,0,1,1,0
1,19.0,2.0,1.0,2.0,6.0,2.0,2108.7099609375,4.0,5.0,1.0,1.0,17-19 años,7.654305757750394,0,1,1,0
1,16.0,2.0,1.0,2.0,6.0,2.0,4116.6669921875,3.0,8.0,1.0,1.0,15-16 años,8.323042017923385,0,1,1,0
1,11.0,1.0,1.0,2.0,6.0,2.0,3638.083251953125,1.0,5.0,1.0,1.0,6-11 años,8.199487075051245,0,1,1,0
1,18.0,2.0,1.0,2.0,6.0,2.0,1390.0,3.0,5.0,1.0,1.0,17-19 años,7.237778191923443,0,1,1,0
1,14.0,1.0,1.0,2.0,6.0,2.0,4187.5,2.0,4.0,1.0,1.0,12-14 años,8.340097953593864,0,1,1,0
1,8.0,2.0,1.0,2.0,6.0,2.0,4187.5,1.0,4.0,1.0,1.0,6-11 años,8.340097953593864,0,1,1,0
1,17.0,1.0,1.0,2.0,6.0,2.0,1533.3333740234375,3.0,5.0,1.0,1.0,17-19 años,7.335851281668861,0,1,1,0
1,17.0,1.0,1.0,2.0,6.0,2.0,1533.3333740234375,3.0,5.0,1.0,1.0,17-19 años,7.335851281668861,0,1,1,0
1,19.0,2.0,1.0,2.0,6.0,2.0,900.0,4.0,5.0,1.0,1.0,17-19 años,6.803505257608338,0,1,1,0
1,14.0,1.0,1.0,2.0,6.0,1.0,1694.0899658203125,3.0,5.0,1.0,1.0,12-14 años,7.435491095586133,0,1,1,0
1,11.0,1.0,1.0,2.0,6.0,1.0,1694.0899658203125,1.0,5.0,1.0,1.0,6-11 años,7.435491095586133,0,1,1,0
1,18.0,1.0,1.0,2.0,6.0,2.0,799.4285888671875,4.0,5.0,1.0,1.0,17-19 años,6.685147320296569,0,1,1,0
1,16.0,2.0,1.0,2.0,6.0,2.0,799.4285888671875,3.0,5.0,1.0,1.0,15-16 años,6.685147320296569,0,1,1,0
1,14.0,2.0,1.0,2.0,6.0,2.0,799.4285888671875,3.0,5.0,1.0,1.0,12-14 años,6.685147320296569,0,1,1,0
1,12.0,2.0,1.0,2.0,6.0,2.0,799.4285888671875,2.0,5.0,1.0,1.0,12-14 años,6.685147320296569,0,1,1,0
1,18.0,1.0,1.0,2.0,6.0,2.0,1341.199951171875,3.0,5.0,1.0,1.0,17-19 años,7.202065301344966,0,1,1,0
1,14.0,2.0,1.0,2.0,6.0,2.0,4333.33349609375,3.0,3.0,1.0,1.0,12-14 años,8.37432312793464,0,1,1,0
1,18.0,1.0,1.0,2.0,6.0,2.0,2137.5,3.0,5.0,1.0,1.0,17-19 años,7.667859927666964,0,1,1,0
1,12.0,2.0,1.0,2.0,6.0,2.0,2137.5,1.0,5.0,1.0,1.0,12-14 años,7.667859927666964,0,1,1,0
1,18.0,2.0,1.0,2.0,6.0,2.0,2000.0,4.0,5.0,1.0,1.0,17-19 años,7.601402334583733,0,1,1,0
1,14.0,1.0,1.0,2.0,6.0,2.0,999.25,3.0,5.0,1.0,1.0,12-14 años,6.908005247737345,0,1,1,0
1,11.0,1.0,1.0,2.0,6.0,2.0,999.25,1.0,5.0,1.0,1.0,6-11 años,6.908005247737345,0,1,1,0
1,9.0,1.0,1.0,2.0,6.0,2.0,1095.0,1.0,5.0,1.0,1.0,6-11 años,6.999422467507961,0,1,1,0
1,9.0,1.0,1.0,2.0,6.0,2.0,1550.0,1.0,4.0,1.0,1.0,6-11 años,7.346655163176539,0,1,1,0
1,15.0,2.0,1.0,2.0,6.0,2.0,2927.083251953125,3.0,5.0,1.0,1.0,15-16 años,7.982103307721091,0,1,1,0
1,8.0,2.0,1.0,2.0,6.0,2.0,2927.083251953125,1.0,5.0,1.0,1.0,6-11 años,7.982103307721091,0,1,1,0
1,10.0,2.0,1.0,2.0,6.0,2.0,1680.0400390625,1.0,3.0,1.0,1.0,6-11 años,7.427167951722518,0,1,1,0
1,12.0,1.0,1.0,2.0,6.0,2.0,1716.6666259765625,2.0,3.0,1.0,1.0,12-14 años,7.44872203597094,0,1,1,0
1,8.0,2.0,1.0,2.0,6.0,2.0,1716.6666259765625,1.0,3.0,1.0,1.0,6-11 años,7.44872203597094,0,1,1,0
1,16.0,1.0,1.0,2.0,6.0,1.0,2786.25,3.0,5.0,1.0,1.0,15-16 años,7.9328107256476805,0,1,1,0
0,18.0,1.0,1.0,2.0,6.0,2.0,1844.7916259765625,4.0,4.0,1.0,1.0,17-19 años,7.5206635300222695,0,1,1,1
1,18.0,2.0,1.0,2.0,6.0,1.0,1441.4000244140625,3.0,5.0,1.0,1.0,17-19 años,7.274063688815107,0,1,1,0
1,16.0,2.0,1.0,2.0,6.0,2.0,1754.1666259765625,3.0,5.0,1.0,1.0,15-16 años,7.470319074969499,0,1,1,0
1,11.0,1.0,1.0,2.0,6.0,2.0,1754.1666259765625,1.0,5.0,1.0,1.0,6-11 años,7.470319074969499,0,1,1,0
1,15.0,1.0,1.0,2.0,6.0,2.0,1229.1666259765625,3.0,8.0,1.0,1.0,15-16 años,7.114904907465093,0,1,1,0
1,12.0,1.0,1.0,2.0,6.0,2.0,1229.1666259765625,2.0,8.0,1.0,1.0,12-14 años,7.114904907465093,0,1,1,0
1,7.0,1.0,1.0,2.0,6.0,2.0,1229.1666259765625,0.0,8.0,1.0,1.0,6-11 años,7.114904907465093,0,1,1,0
1,10.0,1.0,1.0,2.0,6.0,2.0,1447.8541259765625,1.0,8.0,1.0,1.0,6-11 años,7.2785282650490055,0,1,1,0
1,15.0,1.0,1.0,2.0,6.0,2.0,1532.1666259765625,3.0,3.0,1.0,1.0,15-16 años,7.3350905657091925,0,1,1,0
1,7.0,1.0,1.0,2.0,6.0,2.0,1425.0250244140625,1.0,5.0,1.0,1.0,6-11 años,7.262646149497728,0,1,1,0
1,12.0,2.0,1.0,2.0,6.0,2.0,1025.0,1.0,1.0,1.0,1.0,12-14 años,6.933423025730715,0,1,1,0
1,15.0,2.0,1.0,2.0,6.0,2.0,700.0,3.0,5.0,1.0,1.0,15-16 años,6.55250788703459,0,1,1,0
1,11.0,2.0,1.0,2.0,6.0,2.0,700.0,1.0,5.0,1.0,1.0,6-11 años,6.55250788703459,0,1,1,0
1,12.0,2.0,1.0,2.0,6.0,2.0,863.5416870117188,1.0,5.0,1.0,1.0,12-14 años,6.762199524911265,0,1,1,0
1,10.0,2.0,1.0,2.0,6.0,2.0,3522.5,1.0,5.0,1.0,1.0,6-11 años,8.167210092767077,0,1,1,0
1,14.0,1.0,1.0,2.0,6.0,2.0,1585.0,3.0,8.0,1.0,1.0,12-14 años,7.368970402194793,0,1,1,0
1,10.0,1.0,1.0,2.0,6.0,2.0,1585.0,1.0,8.0,1.0,1.0,6-11 años,7.368970402194793,0,1,1,0
1,6.0,2.0,1.0,2.0,6.0,2.0,1223.125,0.0,3.0,1.0,1.0,6-11 años,7.109981582040959,0,1,1,0
1,16.0,1.0,1.0,2.0,6.0,2.0,711.0,3.0,3.0,1.0,1.0,15-16 años,6.568077911411976,0,1,1,0
1,12.0,1.0,1.0,2.0,6.0,2.0,711.0,1.0,3.0,1.0,1.0,12-14 años,6.568077911411976,0,1,1,0
1,6.0,1.0,1.0,2.0,6.0,2.0,711.0,1.0,3.0,1.0,1.0,6-11 años,6.568077911411976,0,1,1,0
1,18.0,1.0,1.0,2.0,6.0,2.0,1874.4443359375,4.0,3.0,1.0,1.0,17-19 años,7.53660088949605,0,1,1,0
1,15.0,2.0,1.0,2.0,6.0,2.0,1000.0,3.0,3.0,1.0,1.0,15-16 años,6.90875477931522,0,1,1,0
1,9.0,2.0,1.0,2.0,6.0,2.0,1000.0,1.0,3.0,1.0,1.0,6-11 años,6.90875477931522,0,1,1,0
1,6.0,2.0,1.0,2.0,6.0,2.0,1000.0,0.0,3.0,1.0,1.0,6-11 años,6.90875477931522,0,1,1,0
1,11.0,2.0,1.0,2.0,6.0,2.0,2571.66650390625,2.0,8.0,1.0,1.0,6-11 años,7.852698190164196,0,1,1,0
1,8.0,1.0,1.0,2.0,6.0,2.0,2571.66650390625,1.0,8.0,1.0,1.0,6-11 años,7.852698190164196,0,1,1,0
1,11.0,1.0,1.0,2.0,6.0,2.0,545.1666870117188,1.0,5.0,1.0,1.0,6-11 años,6.302924216721388,0,1,1,0
1,9.0,2.0,1.0,2.0,6.0,2.0,545.1666870117188,1.0,5.0,1.0,1.0,6-11 años,6.302924216721388,0,1,1,0
1,10.0,2.0,1.0,2.0,6.0,2.0,1036.25,1.0,5.0,1.0,1.0,6-11 años,6.944328259212977,0,1,1,0
1,19.0,1.0,1.0,2.0,6.0,2.0,2500.0,5.0,3.0,1.0,1.0,17-19 años,7.824445930877619,0,1,1,0
1,9.0,1.0,1.0,2.0,6.0,2.0,2500.0,1.0,3.0,1.0,1.0,6-11 años,7.824445930877619,0,1,1,0
1,19.0,2.0,1.0,2.0,6.0,2.0,857.4500122070312,3.0,5.0,1.0,1.0,17-19 años,6.755128451743072,0,1,1,0
1,15.0,2.0,1.0,2.0,6.0,2.0,857.4500122070312,3.0,5.0,1.0,1.0,15-16 años,6.755128451743072,0,1,1,0
1,13.0,2.0,1.0,2.0,6.0,2.0,857.4500122070312,1.0,5.0,1.0,1.0,12-14 años,6.755128451743072,0,1,1,0
1,9.0,1.0,1.0,2.0,6.0,2.0,857.4500122070312,1.0,5.0,1.0,1.0,6-11 años,6.755128451743072,0,1,1,0
0,19.0,2.0,1.0,2.0,6.0,2.0,1082.5,3.0,3.0,1.0,1.0,17-19 años,6.987951820976414,0,1,1,1
1,7.0,2.0,1.0,2.0,6.0,2.0,1344.0,1.0,3.0,1.0,1.0,6-11 años,7.20414929203594,0,1,1,0
1,12.0,2.0,1.0,2.0,6.0,1.0,1710.0,1.0,5.0,1.0,1.0,12-14 años,7.444833273892193,0,1,1,0
1,14.0,1.0,1.0,2.0,6.0,2.0,4800.0,3.0,8.0,1.0,1.0,12-14 años,8.476579508530941,0,1,1,0
1,8.0,1.0,1.0,2.0,6.0,2.0,2000.0,1.0,8.0,1.0,1.0,6-11 años,7.601402334583733,0,1,1,0
1,17.0,1.0,1.0,2.0,6.0,2.0,1195.244384765625,3.0,5.0,1.0,1.0,17-19 años,7.086942248725322,0,1,1,0
1,16.0,2.0,1.0,2.0,6.0,2.0,1262.3800048828125,3.0,5.0,1.0,1.0,15-16 años,7.1415459519049875,0,1,1,0
1,9.0,1.0,1.0,2.0,6.0,2.0,1262.3800048828125,1.0,5.0,1.0,1.0,6-11 años,7.1415459519049875,0,1,1,0
1,6.0,2.0,1.0,2.0,6.0,2.0,1262.3800048828125,0.0,5.0,1.0,1.0,6-11 años,7.1415459519049875,0,1,1,0
1,14.0,1.0,1.0,2.0,6.0,2.0,1965.159912109375,3.0,5.0,1.0,1.0,12-14 años,7.583837636213825,0,1,1,0
1,16.0,2.0,1.0,2.0,6.0,2.0,1103.2071533203125,3.0,1.0,1.0,1.0,15-16 años,7.006882848112163,0,1,1,0
1,14.0,1.0,1.0,2.0,6.0,2.0,1103.2071533203125,3.0,1.0,1.0,1.0,12-14 años,7.006882848112163,0,1,1,0
1,9.0,2.0,1.0,2.0,6.0,2.0,1579.625,1.0,5.0,1.0,1.0,6-11 años,7.36557561742423,0,1,1,0
1,18.0,2.0,1.0,2.0,6.0,1.0,2635.208251953125,3.0,5.0,1.0,1.0,17-19 años,7.877096895518942,0,1,1,0
1,19.0,2.0,1.0,2.0,6.0,2.0,1757.8333740234375,4.0,5.0,1.0,1.0,17-19 años,7.472406012577748,0,1,1,0
1,14.0,2.0,1.0,2.0,6.0,2.0,546.6666870117188,3.0,5.0,1.0,1.0,12-14 años,6.305666866517762,0,1,1,0
1,12.0,2.0,1.0,2.0,6.0,1.0,1401.25,2.0,7.0,1.0,1.0,12-14 años,7.245833368388446,0,1,1,0
1,11.0,2.0,1.0,2.0,6.0,1.0,1401.25,1.0,7.0,1.0,1.0,6-11 años,7.245833368388446,0,1,1,0
1,8.0,2.0,1.0,2.0,6.0,1.0,1401.25,1.0,7.0,1.0,1.0,6-11 años,7.245833368388446,0,1,1,0
1,7.0,2.0,1.0,2.0,6.0,1.0,1401.25,0.0,7.0,1.0,1.0,6-11 años,7.245833368388446,0,1,1,0
1,18.0,1.0,1.0,2.0,6.0,2.0,940.0,3.0,4.0,1.0,1.0,17-19 años,6.846943139585379,0,1,1,0
1,7.0,1.0,1.0,2.0,6.0,2.0,881.625,1.0,4.0,1.0,1.0,6-11 años,6.782900421836511,0,1,1,0
1,17.0,2.0,1.0,2.0,6.0,2.0,1981.0,3.0,4.0,1.0,1.0,17-19 años,7.591861714889934,0,1,1,0
1,14.0,2.0,1.0,2.0,6.0,2.0,1981.0,3.0,4.0,1.0,1.0,12-14 años,7.591861714889934,0,1,1,0
1,10.0,1.0,1.0,2.0,6.0,2.0,1981.0,1.0,4.0,1.0,1.0,6-11 años,7.591861714889934,0,1,1,0
1,6.0,2.0,1.0,2.0,6.0,2.0,1981.0,0.0,4.0,1.0,1.0,6-11 años,7.591861714889934,0,1,1,0
1,13.0,1.0,1.0,2.0,6.0,1.0,894.0,3.0,5.0,2.0,1.0,12-14 años,6.796823718274855,0,1,1,0
1,7.0,1.0,1.0,2.0,6.0,1.0,894.0,0.0,5.0,2.0,1.0,6-11 años,6.796823718274855,0,1,1,0
1,17.0,1.0,1.0,2.0,6.0,2.0,2203.125,3.0,3.0,2.0,1.0,17-19 años,7.698085883728088,0,1,1,0
1,16.0,1.0,1.0,2.0,6.0,2.0,1272.5,3.0,3.0,1.0,1.0,15-16 años,7.149524294419511,0,1,1,0
1,18.0,1.0,1.0,2.0,6.0,2.0,1011.818603515625,3.0,5.0,1.0,1.0,17-19 años,6.9204924196213184,0,1,1,0
0,17.0,1.0,1.0,2.0,6.0,2.0,1011.818603515625,3.0,5.0,1.0,1.0,17-19 años,6.9204924196213184,0,1,1,1
1,16.0,2.0,1.0,2.0,6.0,2.0,1011.818603515625,3.0,5.0,1.0,1.0,15-16 años,6.9204924196213184,0,1,1,0
1,15.0,1.0,1.0,2.0,6.0,2.0,1011.818603515625,3.0,5.0,1.0,1.0,15-16 años,6.9204924196213184,0,1,1,0
1,13.0,2.0,1.0,2.0,6.0,2.0,1011.818603515625,2.0,5.0,1.0,1.0,12-14 años,6.9204924196213184,0,1,1,0
1,9.0,1.0,1.0,2.0,6.0,2.0,1011.818603515625,1.0,5.0,1.0,1.0,6-11 años,6.9204924196213184,0,1,1,0
1,6.0,1.0,1.0,2.0,6.0,2.0,1011.818603515625,0.0,5.0,1.0,1.0,6-11 años,6.9204924196213184,0,1,1,0
1,16.0,1.0,1.0,2.0,6.0,1.0,3039.583251953125,3.0,8.0,1.0,1.0,15-16 años,8.019804635192752,0,1,1,0
1,17.0,1.0,1.0,2.0,6.0,2.0,1030.0,3.0,8.0,1.0,1.0,17-19 años,6.93828448401696,0,1,1,0
1,12.0,2.0,1.0,2.0,6.0,2.0,1030.0,1.0,8.0,1.0,1.0,12-14 años,6.93828448401696,0,1,1,0
1,15.0,2.0,1.0,2.0,6.0,2.0,1998.75,3.0,8.0,1.0,1.0,15-16 años,7.6007774517289315,0,1,1,0
1,13.0,1.0,1.0,2.0,6.0,2.0,1998.75,2.0,8.0,1.0,1.0,12-14 años,7.6007774517289315,0,1,1,0
1,12.0,1.0,1.0,2.0,6.0,2.0,2071.466552734375,1.0,5.0,2.0,1.0,12-14 años,7.636494748270958,0,1,1,0
1,17.0,2.0,1.0,2.0,6.0,1.0,756.2222290039062,3.0,5.0,2.0,1.0,17-19 años,6.629656775750416,0,1,1,0
1,15.0,1.0,1.0,2.0,6.0,1.0,756.2222290039062,3.0,5.0,2.0,1.0,15-16 años,6.629656775750416,0,1,1,0
1,10.0,1.0,1.0,2.0,6.0,2.0,1804.3333740234375,1.0,3.0,1.0,1.0,6-11 años,7.498500548462832,0,1,1,0
1,8.0,2.0,1.0,2.0,6.0,2.0,1804.3333740234375,1.0,3.0,1.0,1.0,6-11 años,7.498500548462832,0,1,1,0
1,6.0,2.0,1.0,2.0,6.0,2.0,1804.3333740234375,0.0,3.0,1.0,1.0,6-11 años,7.498500548462832,0,1,1,0
1,15.0,1.0,1.0,2.0,6.0,2.0,1472.86669921875,3.0,5.0,1.0,1.0,15-16 años,7.295644633937123,0,1,1,0
1,9.0,1.0,1.0,2.0,6.0,2.0,1472.86669921875,1.0,5.0,1.0,1.0,6-11 años,7.295644633937123,0,1,1,0
1,10.0,1.0,1.0,2.0,6.0,2.0,1283.888916015625,1.0,5.0,1.0,1.0,6-11 años,7.158427546912143,0,1,1,0
1,12.0,2.0,1.0,2.0,6.0,2.0,1118.5,2.0,3.0,1.0,1.0,12-14 años,7.020637436038809,0,1,1,0
1,9.0,1.0,1.0,2.0,6.0,2.0,1118.5,1.0,3.0,1.0,1.0,6-11 años,7.020637436038809,0,1,1,0
1,6.0,2.0,1.0,2.0,6.0,2.0,1118.5,0.0,3.0,1.0,1.0,6-11 años,7.020637436038809,0,1,1,0
1,14.0,2.0,1.0,2.0,6.0,2.0,1368.75,3.0,3.0,1.0,1.0,12-14 años,7.222383520418525,0,1,1,0
1,12.0,1.0,1.0,2.0,6.0,2.0,1368.75,2.0,3.0,1.0,1.0,12-14 años,7.222383520418525,0,1,1,0
1,19.0,2.0,1.0,2.0,6.0,2.0,1668.657958984375,4.0,5.0,2.0,1.0,17-19 años,7.420374069453932,0,1,1,0
1,15.0,2.0,1.0,2.0,6.0,2.0,1668.657958984375,3.0,5.0,2.0,1.0,15-16 años,7.420374069453932,0,1,1,0
1,6.0,1.0,1.0,2.0,6.0,2.0,1918.6888427734375,0.0,5.0,2.0,1.0,6-11 años,7.5599183908330145,0,1,1,0
1,15.0,1.0,1.0,2.0,6.0,2.0,779.4000244140625,3.0,5.0,1.0,1.0,15-16 años,6.6598066400329925,0,1,1,0
1,13.0,2.0,1.0,2.0,6.0,2.0,779.4000244140625,3.0,5.0,1.0,1.0,12-14 años,6.6598066400329925,0,1,1,0
1,7.0,2.0,1.0,2.0,6.0,2.0,779.4000244140625,0.0,5.0,1.0,1.0,6-11 años,6.6598066400329925,0,1,1,0
1,10.0,2.0,1.0,2.0,6.0,2.0,1315.1666259765625,1.0,5.0,2.0,1.0,6-11 años,7.182478719353909,0,1,1,0
1,9.0,1.0,1.0,2.0,6.0,2.0,1847.4666748046875,1.0,5.0,2.0,1.0,6-11 años,7.522111749977599,0,1,1,0
1,16.0,1.0,1.0,2.0,6.0,2.0,1299.0,3.0,5.0,1.0,1.0,15-16 años,7.170119543449628,0,1,1,0
1,13.0,1.0,1.0,2.0,6.0,2.0,1299.0,2.0,5.0,1.0,1.0,12-14 años,7.170119543449628,0,1,1,0
1,18.0,2.0,1.0,2.0,6.0,2.0,1599.0,3.0,5.0,1.0,1.0,17-19 años,7.3777589082278725,0,1,1,0
1,10.0,2.0,1.0,2.0,6.0,2.0,1599.0,1.0,5.0,1.0,1.0,6-11 años,7.3777589082278725,0,1,1,0
1,11.0,2.0,1.0,2.0,6.0,2.0,721.6666870117188,1.0,5.0,1.0,1.0,6-11 años,6.582948102044174,0,1,1,0
1,15.0,2.0,1.0,2.0,6.0,2.0,930.0,3.0,5.0,1.0,1.0,15-16 años,6.836259277277067,0,1,1,0
1,8.0,1.0,1.0,2.0,6.0,2.0,1066.6666259765625,1.0,5.0,1.0,1.0,6-11 años,6.973230822829804,0,1,1,0
1,7.0,1.0,1.0,2.0,6.0,2.0,800.0,1.0,5.0,1.0,1.0,6-11 años,6.68586094706836,0,1,1,0
1,17.0,2.0,1.0,2.0,6.0,2.0,1556.324951171875,3.0,5.0,2.0,1.0,17-19 años,7.350724853444395,0,1,1,0
1,13.0,1.0,1.0,2.0,6.0,2.0,1556.324951171875,2.0,5.0,2.0,1.0,12-14 años,7.350724853444395,0,1,1,0
1,18.0,1.0,1.0,2.0,6.0,1.0,1448.833251953125,4.0,5.0,2.0,1.0,17-19 años,7.2792038301487505,0,1,1,0
1,7.0,1.0,1.0,2.0,6.0,1.0,1448.833251953125,1.0,5.0,2.0,1.0,6-11 años,7.2792038301487505,0,1,1,0
1,18.0,2.0,1.0,2.0,6.0,2.0,4292.12255859375,4.0,5.0,1.0,1.0,17-19 años,8.364769616289866,0,1,1,0
1,17.0,1.0,1.0,2.0,6.0,2.0,5150.0,3.0,4.0,1.0,1.0,17-19 años,8.546946149565585,0,1,1,0
1,16.0,2.0,1.0,2.0,6.0,2.0,5150.0,3.0,4.0,1.0,1.0,15-16 años,8.546946149565585,0,1,1,0
1,16.0,2.0,1.0,2.0,6.0,2.0,909.5999755859375,3.0,3.0,1.0,1.0,15-16 años,6.8141036960897186,0,1,1,0
1,18.0,1.0,1.0,2.0,6.0,2.0,840.0,3.0,3.0,1.0,1.0,17-19 años,6.734591659972948,0,1,1,0
1,15.0,1.0,1.0,2.0,6.0,2.0,840.0,3.0,3.0,1.0,1.0,15-16 años,6.734591659972948,0,1,1,0
1,10.0,2.0,1.0,2.0,6.0,2.0,1000.0,1.0,8.0,1.0,1.0,6-11 años,6.90875477931522,0,1,1,0
1,16.0,2.0,1.0,2.0,6.0,2.0,1212.6500244140625,3.0,5.0,2.0,1.0,15-16 años,7.101387647038188,0,1,1,0
1,19.0,1.0,1.0,2.0,6.0,2.0,866.0,5.0,5.0,1.0,1.0,17-19 años,6.7650389767805414,0,1,1,0
1,14.0,1.0,1.0,2.0,6.0,2.0,866.0,3.0,5.0,1.0,1.0,12-14 años,6.7650389767805414,0,1,1,0
1,11.0,1.0,1.0,2.0,6.0,2.0,866.0,1.0,5.0,1.0,1.0,6-11 años,6.7650389767805414,0,1,1,0
1,8.0,2.0,1.0,2.0,6.0,2.0,866.0,1.0,5.0,1.0,1.0,6-11 años,6.7650389767805414,0,1,1,0
1,15.0,2.0,1.0,2.0,6.0,2.0,673.2000122070312,3.0,3.0,1.0,1.0,15-16 años,6.51352682090591,0,1,1,0
1,13.0,1.0,1.0,2.0,6.0,1.0,4701.388671875,2.0,5.0,1.0,1.0,12-14 años,8.455825886652521,0,1,1,0
1,18.0,2.0,1.0,2.0,6.0,2.0,3049.0,4.0,4.0,1.0,1.0,17-19 años,8.022896869601457,0,1,1,0
1,10.0,1.0,1.0,2.0,6.0,2.0,3049.0,1.0,4.0,1.0,1.0,6-11 años,8.022896869601457,0,1,1,0
1,11.0,2.0,1.0,2.0,6.0,1.0,833.3333129882812,1.0,4.0,1.0,1.0,6-11 años,6.726632978378864,0,1,1,0
1,18.0,1.0,1.0,2.0,6.0,2.0,993.0556030273438,3.0,5.0,1.0,1.0,17-19 años,6.901793143751365,0,1,1,0
1,15.0,2.0,1.0,2.0,6.0,2.0,581.9166870117188,3.0,5.0,1.0,1.0,15-16 años,6.3680442722137425,0,1,1,0
1,8.0,1.0,1.0,2.0,6.0,2.0,581.9166870117188,1.0,5.0,1.0,1.0,6-11 años,6.3680442722137425,0,1,1,0
1,16.0,1.0,1.0,2.0,6.0,2.0,987.25,1.0,5.0,1.0,1.0,15-16 años,6.895935702176795,0,1,1,0
1,8.0,1.0,1.0,2.0,6.0,2.0,987.25,1.0,5.0,1.0,1.0,6-11 años,6.895935702176795,0,1,1,0
1,16.0,2.0,1.0,2.0,6.0,2.0,1125.0,3.0,4.0,1.0,1.0,15-16 años,7.026426808699636,0,1,1,0
1,14.0,2.0,1.0,2.0,6.0,2.0,1125.0,3.0,4.0,1.0,1.0,12-14 años,7.026426808699636,0,1,1,0
1,10.0,2.0,1.0,2.0,6.0,1.0,1659.8333740234375,1.0,4.0,1.0,1.0,6-11 años,7.415074787918652,0,1,1,0
1,8.0,2.0,1.0,2.0,6.0,2.0,1932.5,1.0,4.0,1.0,1.0,6-11 años,7.567087111047352,0,1,1,0
1,6.0,2.0,1.0,2.0,6.0,2.0,1932.5,0.0,4.0,1.0,1.0,6-11 años,7.567087111047352,0,1,1,0
1,18.0,2.0,1.0,2.0,6.0,2.0,900.0,3.0,5.0,1.0,1.0,17-19 años,6.803505257608338,0,1,1,0
1,10.0,2.0,1.0,2.0,6.0,2.0,1217.666748046875,1.0,3.0,1.0,1.0,6-11 años,7.105512710683999,0,1,1,0
1,16.0,2.0,1.0,2.0,6.0,2.0,342.8888854980469,3.0,3.0,2.0,1.0,15-16 años,5.840318597922193,0,1,1,0
1,12.0,1.0,1.0,2.0,6.0,2.0,1279.270751953125,2.0,5.0,1.0,1.0,12-14 años,7.154826859508791,0,1,1,0
1,10.0,1.0,1.0,2.0,6.0,2.0,1279.270751953125,1.0,5.0,1.0,1.0,6-11 años,7.154826859508791,0,1,1,0
1,14.0,2.0,1.0,2.0,6.0,2.0,645.0,3.0,3.0,1.0,1.0,12-14 años,6.470799503782602,0,1,1,0
1,6.0,2.0,1.0,2.0,6.0,2.0,495.0833435058594,0.0,3.0,1.0,1.0,6-11 años,6.20674394387107,0,1,1,0
1,16.0,1.0,1.0,2.0,6.0,2.0,599.861083984375,3.0,3.0,1.0,1.0,15-16 años,6.398363766360958,0,1,1,0
0,14.0,1.0,1.0,2.0,6.0,2.0,599.861083984375,0.0,3.0,1.0,1.0,12-14 años,6.398363766360958,0,1,1,1
1,8.0,1.0,1.0,2.0,6.0,2.0,599.861083984375,1.0,3.0,1.0,1.0,6-11 años,6.398363766360958,0,1,1,0
1,17.0,2.0,1.0,2.0,6.0,2.0,1054.6666259765625,3.0,5.0,1.0,1.0,17-19 años,6.961927719326067,0,1,1,0
1,15.0,2.0,1.0,2.0,6.0,2.0,1054.6666259765625,3.0,5.0,1.0,1.0,15-16 años,6.961927719326067,0,1,1,0
1,15.0,2.0,1.0,2.0,6.0,2.0,1116.111083984375,3.0,5.0,1.0,1.0,15-16 años,7.018501242633366,0,1,1,0
1,8.0,1.0,1.0,2.0,6.0,2.0,1116.111083984375,1.0,5.0,1.0,1.0,6-11 años,7.018501242633366,0,1,1,0
1,12.0,2.0,1.0,2.0,6.0,2.0,1746.0,1.0,5.0,1.0,1.0,12-14 años,7.465655310134056,0,1,1,0
1,9.0,1.0,1.0,2.0,6.0,2.0,1746.0,1.0,5.0,1.0,1.0,6-11 años,7.465655310134056,0,1,1,0
1,19.0,2.0,1.0,2.0,6.0,2.0,642.0889282226562,4.0,5.0,1.0,1.0,17-19 años,6.46628301673178,0,1,1,0
1,12.0,1.0,1.0,2.0,6.0,2.0,642.0889282226562,2.0,5.0,1.0,1.0,12-14 años,6.46628301673178,0,1,1,0
1,10.0,2.0,1.0,2.0,6.0,2.0,1794.566650390625,1.0,2.0,1.0,1.0,6-11 años,7.493075933773961,0,1,1,0
1,11.0,1.0,1.0,2.0,6.0,2.0,1059.583251953125,1.0,2.0,1.0,1.0,6-11 años,6.966574273472489,0,1,1,0
1,14.0,2.0,1.0,2.0,6.0,2.0,822.3900146484375,3.0,5.0,1.0,1.0,12-14 años,6.71342998228685,0,1,1,0
1,15.0,1.0,1.0,2.0,6.0,2.0,1530.0,3.0,5.0,1.0,1.0,15-16 años,7.333676395657684,0,1,1,0
1,11.0,2.0,1.0,2.0,6.0,2.0,1530.0,1.0,5.0,1.0,1.0,6-11 años,7.333676395657684,0,1,1,0
1,6.0,2.0,1.0,2.0,6.0,2.0,1338.2889404296875,0.0,1.0,1.0,1.0,6-11 años,7.199894110634563,0,1,1,0
1,11.0,1.0,1.0,2.0,6.0,2.0,1060.166748046875,1.0,5.0,1.0,1.0,6-11 años,6.967124287478343,0,1,1,0
1,8.0,1.0,1.0,2.0,6.0,2.0,1060.166748046875,1.0,5.0,1.0,1.0,6-11 años,6.967124287478343,0,1,1,0
1,18.0,1.0,1.0,2.0,6.0,2.0,768.09521484375,3.0,5.0,1.0,1.0,17-19 años,6.645214778282829,0,1,1,0
1,15.0,1.0,1.0,2.0,6.0,1.0,768.09521484375,3.0,5.0,1.0,1.0,15-16 años,6.645214778282829,0,1,1,0
1,11.0,2.0,1.0,2.0,6.0,1.0,768.09521484375,1.0,5.0,1.0,1.0,6-11 años,6.645214778282829,0,1,1,0
1,7.0,2.0,1.0,2.0,6.0,1.0,768.09521484375,1.0,5.0,1.0,1.0,6-11 años,6.645214778282829,0,1,1,0
1,17.0,1.0,1.0,2.0,6.0,2.0,1700.0,3.0,4.0,1.0,1.0,17-19 años,7.438971592395862,0,1,1,0
1,14.0,2.0,1.0,2.0,6.0,2.0,2535.0,3.0,5.0,1.0,1.0,12-14 años,7.8383433155571165,0,1,1,0
1,14.0,1.0,1.0,2.0,6.0,2.0,2555.0,3.0,8.0,1.0,1.0,12-14 años,7.846198815497425,0,1,1,0
1,12.0,1.0,1.0,2.0,6.0,2.0,2555.0,2.0,8.0,1.0,1.0,12-14 años,7.846198815497425,0,1,1,0
1,8.0,2.0,1.0,2.0,6.0,2.0,2555.0,1.0,8.0,1.0,1.0,6-11 años,7.846198815497425,0,1,1,0
1,16.0,2.0,1.0,2.0,6.0,2.0,5109.58349609375,3.0,5.0,1.0,1.0,15-16 años,8.539068863781395,0,1,1,0
1,15.0,1.0,1.0,2.0,6.0,2.0,2763.83349609375,3.0,3.0,1.0,1.0,15-16 años,7.924735693732294,0,1,1,0
1,9.0,1.0,1.0,2.0,6.0,2.0,2763.83349609375,1.0,3.0,1.0,1.0,6-11 años,7.924735693732294,0,1,1,0
1,6.0,2.0,1.0,2.0,6.0,2.0,4386.66650390625,0.0,3.0,1.0,1.0,6-11 años,8.386552816662315,0,1,1,0
1,11.0,2.0,1.0,2.0,6.0,2.0,1415.0,1.0,3.0,1.0,1.0,6-11 años,7.255591274253665,0,1,1,0
1,10.0,1.0,1.0,2.0,6.0,2.0,1780.0,1.0,3.0,1.0,1.0,6-11 años,7.484930283289661,0,1,1,0
1,6.0,2.0,1.0,2.0,6.0,2.0,1780.0,0.0,3.0,1.0,1.0,6-11 años,7.484930283289661,0,1,1,0
1,12.0,2.0,1.0,2.0,6.0,1.0,6822.9169921875,2.0,3.0,1.0,1.0,12-14 años,8.828188924998397,0,1,1,0
1,6.0,2.0,1.0,2.0,6.0,2.0,8656.2080078125,0.0,4.0,1.0,1.0,6-11 años,9.066147548628685,0,1,1,0
1,15.0,2.0,1.0,2.0,6.0,2.0,3950.41650390625,3.0,4.0,1.0,1.0,15-16 años,8.281829402194338,0,1,1,0
1,12.0,2.0,1.0,2.0,6.0,2.0,3016.666748046875,3.0,4.0,1.0,1.0,12-14 años,8.012239211775256,0,1,1,0
1,7.0,1.0,1.0,2.0,6.0,2.0,1252.0833740234375,1.0,3.0,1.0,1.0,6-11 años,7.133362492206305,0,1,1,0
1,14.0,2.0,1.0,2.0,6.0,2.0,1158.0,3.0,3.0,1.0,1.0,12-14 años,7.055312843339752,0,1,1,0
1,7.0,2.0,1.0,2.0,6.0,2.0,1158.0,1.0,3.0,1.0,1.0,6-11 años,7.055312843339752,0,1,1,0
1,19.0,2.0,1.0,2.0,6.0,2.0,1076.0,4.0,5.0,1.0,1.0,17-19 años,6.981934677156389,0,1,1,0
1,16.0,1.0,1.0,2.0,6.0,2.0,588.0,3.0,5.0,1.0,1.0,15-16 años,6.3784261836515865,0,1,1,0
1,11.0,1.0,1.0,2.0,6.0,2.0,588.0,1.0,5.0,1.0,1.0,6-11 años,6.3784261836515865,0,1,1,0
1,8.0,2.0,1.0,2.0,6.0,2.0,588.0,1.0,5.0,1.0,1.0,6-11 años,6.3784261836515865,0,1,1,0
1,17.0,2.0,1.0,2.0,6.0,2.0,1111.6666259765625,3.0,3.0,1.0,1.0,17-19 años,7.0145147789837745,0,1,1,0
1,13.0,1.0,1.0,2.0,6.0,2.0,1111.6666259765625,3.0,3.0,1.0,1.0,12-14 años,7.0145147789837745,0,1,1,0
1,9.0,1.0,1.0,2.0,6.0,2.0,1512.5,1.0,3.0,1.0,1.0,6-11 años,7.322180128461773,0,1,1,0
1,18.0,1.0,1.0,2.0,6.0,2.0,309.7799987792969,4.0,5.0,1.0,1.0,17-19 años,5.739085262430719,0,1,1,0
1,16.0,1.0,1.0,2.0,6.0,2.0,309.7799987792969,3.0,5.0,1.0,1.0,15-16 años,5.739085262430719,0,1,1,0
1,13.0,1.0,1.0,2.0,6.0,2.0,309.7799987792969,3.0,5.0,1.0,1.0,12-14 años,5.739085262430719,0,1,1,0
1,17.0,1.0,1.0,3.0,6.0,2.0,1862.384033203125,3.0,6.0,9.0,1.0,17-19 años,7.530149486343317,0,1,0,0
1,16.0,1.0,1.0,3.0,6.0,2.0,2378.231689453125,3.0,6.0,9.0,1.0,15-16 años,7.77453289499056,0,1,0,0
1,11.0,2.0,1.0,3.0,6.0,2.0,2378.231689453125,1.0,6.0,9.0,1.0,6-11 años,7.77453289499056,0,1,0,0
1,16.0,2.0,1.0,3.0,6.0,2.0,3733.608642578125,3.0,5.0,9.0,1.0,15-16 años,8.225398310973413,0,1,0,0
1,9.0,2.0,1.0,3.0,6.0,2.0,2108.967529296875,1.0,5.0,9.0,1.0,6-11 años,7.654427837392874,0,1,0,0
1,9.0,1.0,1.0,3.0,6.0,2.0,212.0833282470703,1.0,1.0,9.0,1.0,6-11 años,5.361683301633356,0,1,0,0
1,17.0,1.0,1.0,3.0,27.0,2.0,940.6300048828125,3.0,1.0,9.0,1.0,17-19 años,6.847612421286718,0,1,0,0
1,16.0,2.0,1.0,3.0,27.0,2.0,940.6300048828125,3.0,1.0,9.0,1.0,15-16 años,6.847612421286718,0,1,0,0
1,10.0,2.0,1.0,3.0,6.0,2.0,940.6300048828125,1.0,1.0,9.0,1.0,6-11 años,6.847612421286718,0,1,0,0
1,9.0,1.0,1.0,3.0,6.0,2.0,1376.6099853515625,1.0,1.0,9.0,1.0,6-11 años,7.228105382015056,0,1,0,0
1,18.0,1.0,1.0,3.0,6.0,2.0,289.0416564941406,3.0,8.0,9.0,1.0,17-19 años,5.670024555748084,0,1,0,0
1,13.0,1.0,1.0,3.0,6.0,2.0,289.0416564941406,3.0,8.0,9.0,1.0,12-14 años,5.670024555748084,0,1,0,0
1,12.0,1.0,1.0,3.0,6.0,2.0,289.0416564941406,1.0,8.0,9.0,1.0,12-14 años,5.670024555748084,0,1,0,0
1,8.0,2.0,1.0,3.0,6.0,2.0,289.0416564941406,1.0,8.0,9.0,1.0,6-11 años,5.670024555748084,0,1,0,0
0,19.0,1.0,1.0,3.0,6.0,2.0,1787.7452392578125,4.0,8.0,9.0,1.0,17-19 años,7.489269669376029,0,1,0,1
1,9.0,2.0,1.0,3.0,6.0,2.0,1787.7452392578125,1.0,8.0,9.0,1.0,6-11 años,7.489269669376029,0,1,0,0
1,7.0,2.0,1.0,3.0,6.0,2.0,2013.7933349609375,0.0,8.0,9.0,1.0,6-11 años,7.608271905825989,0,1,0,0
1,15.0,2.0,1.0,3.0,6.0,2.0,3520.583251953125,3.0,8.0,1.0,1.0,15-16 años,8.166665954954755,0,1,1,0
1,12.0,1.0,1.0,3.0,6.0,2.0,1119.199951171875,1.0,7.0,1.0,1.0,12-14 años,7.021262476186974,0,1,1,0
0,15.0,1.0,1.0,3.0,27.0,2.0,2914.255615234375,3.0,8.0,2.0,1.0,15-16 años,7.977712784557364,0,1,1,1
0,14.0,1.0,1.0,3.0,6.0,2.0,2914.255615234375,2.0,8.0,2.0,1.0,12-14 años,7.977712784557364,0,1,1,1
0,17.0,1.0,1.0,3.0,6.0,2.0,1144.0179443359375,3.0,5.0,2.0,1.0,17-19 años,7.043175587774653,0,1,1,1
1,10.0,1.0,1.0,3.0,6.0,2.0,1144.0179443359375,1.0,5.0,2.0,1.0,6-11 años,7.043175587774653,0,1,1,0
1,10.0,1.0,1.0,3.0,6.0,2.0,1085.179931640625,1.0,5.0,1.0,1.0,6-11 años,6.990422169680319,0,1,1,0
1,7.0,2.0,1.0,3.0,6.0,2.0,1085.179931640625,1.0,5.0,1.0,1.0,6-11 años,6.990422169680319,0,1,1,0
1,17.0,2.0,1.0,3.0,6.0,2.0,823.1080322265625,3.0,5.0,1.0,1.0,17-19 años,6.714301628386762,0,1,1,0
1,14.0,2.0,1.0,3.0,6.0,2.0,823.1080322265625,3.0,5.0,1.0,1.0,12-14 años,6.714301628386762,0,1,1,0
1,14.0,2.0,1.0,3.0,6.0,2.0,823.1080322265625,3.0,5.0,1.0,1.0,12-14 años,6.714301628386762,0,1,1,0
1,12.0,2.0,1.0,3.0,6.0,2.0,876.1666870117188,1.0,5.0,1.0,1.0,12-14 años,6.776697039319779,0,1,1,0
1,9.0,2.0,1.0,3.0,6.0,2.0,876.1666870117188,1.0,5.0,1.0,1.0,6-11 años,6.776697039319779,0,1,1,0
0,17.0,1.0,1.0,3.0,6.0,2.0,1785.7467041015625,3.0,5.0,1.0,1.0,17-19 años,7.488151761465149,0,1,1,1
1,14.0,1.0,1.0,3.0,6.0,2.0,1785.7467041015625,3.0,5.0,1.0,1.0,12-14 años,7.488151761465149,0,1,1,0
1,18.0,2.0,1.0,3.0,6.0,2.0,2023.449951171875,3.0,5.0,1.0,1.0,17-19 años,7.613053313591861,0,1,1,0
1,16.0,2.0,1.0,3.0,6.0,2.0,617.6199951171875,3.0,5.0,1.0,1.0,15-16 años,6.427491182905418,0,1,1,0
1,14.0,1.0,1.0,3.0,6.0,2.0,617.6199951171875,3.0,5.0,1.0,1.0,12-14 años,6.427491182905418,0,1,1,0
1,12.0,2.0,1.0,3.0,6.0,2.0,617.6199951171875,1.0,5.0,1.0,1.0,12-14 años,6.427491182905418,0,1,1,0
1,15.0,1.0,1.0,3.0,6.0,2.0,1532.493408203125,3.0,5.0,1.0,1.0,15-16 años,7.335303685014337,0,1,1,0
1,11.0,1.0,1.0,3.0,6.0,2.0,1936.38330078125,1.0,5.0,1.0,1.0,6-11 años,7.569093527558652,0,1,1,0
1,14.0,1.0,1.0,3.0,6.0,2.0,1359.9366455078125,3.0,5.0,2.0,1.0,12-14 años,7.215928451610461,0,1,1,0
1,13.0,2.0,1.0,3.0,6.0,2.0,1359.9366455078125,3.0,5.0,2.0,1.0,12-14 años,7.215928451610461,0,1,1,0
1,9.0,2.0,1.0,3.0,6.0,2.0,1359.9366455078125,1.0,5.0,2.0,1.0,6-11 años,7.215928451610461,0,1,1,0
1,18.0,1.0,1.0,3.0,6.0,2.0,1194.512451171875,3.0,5.0,2.0,1.0,17-19 años,7.08633020187708,0,1,1,0
1,9.0,1.0,1.0,3.0,6.0,2.0,1194.512451171875,1.0,5.0,2.0,1.0,6-11 años,7.08633020187708,0,1,1,0
0,19.0,1.0,1.0,3.0,6.0,2.0,1870.9000244140625,4.0,5.0,2.0,1.0,17-19 años,7.53470924984968,0,1,1,1
1,17.0,1.0,1.0,3.0,6.0,2.0,1870.9000244140625,3.0,5.0,2.0,1.0,17-19 años,7.53470924984968,0,1,1,0
1,8.0,2.0,1.0,3.0,6.0,2.0,773.0899658203125,1.0,8.0,2.0,1.0,6-11 años,6.651688101744938,0,1,1,0
1,6.0,1.0,1.0,3.0,6.0,2.0,773.0899658203125,0.0,8.0,2.0,1.0,6-11 años,6.651688101744938,0,1,1,0
1,12.0,1.0,1.0,3.0,6.0,2.0,773.0899658203125,1.0,8.0,2.0,1.0,12-14 años,6.651688101744938,0,1,1,0
1,9.0,2.0,1.0,3.0,6.0,2.0,1319.5499267578125,1.0,5.0,9.0,1.0,6-11 años,7.185803540002235,0,1,0,0
1,13.0,1.0,1.0,3.0,6.0,2.0,955.2799682617188,3.0,5.0,9.0,1.0,12-14 años,6.863050724008338,0,1,0,0
1,6.0,1.0,1.0,3.0,6.0,2.0,955.2799682617188,0.0,5.0,9.0,1.0,6-11 años,6.863050724008338,0,1,0,0
1,6.0,1.0,1.0,3.0,6.0,2.0,951.7749633789062,1.0,5.0,9.0,1.0,6-11 años,6.85937874080553,0,1,0,0
1,19.0,2.0,1.0,3.0,6.0,2.0,1634.6112060546875,5.0,8.0,9.0,1.0,17-19 años,7.399771839808841,0,1,0,0
1,18.0,2.0,1.0,3.0,6.0,2.0,994.0999145507812,4.0,8.0,9.0,1.0,17-19 años,6.902843148751131,0,1,0,0
1,8.0,1.0,1.0,3.0,6.0,2.0,1242.6666259765625,1.0,5.0,9.0,1.0,6-11 años,7.1258192518351935,0,1,0,0
1,12.0,1.0,1.0,3.0,995.0,2.0,1242.6666259765625,1.0,5.0,9.0,1.0,12-14 años,7.1258192518351935,0,1,0,0
1,8.0,1.0,1.0,3.0,6.0,2.0,338.4166564941406,1.0,8.0,9.0,1.0,6-11 años,5.827228427889797,0,1,0,0
1,17.0,2.0,1.0,3.0,6.0,2.0,2398.39990234375,3.0,5.0,9.0,1.0,17-19 años,7.782973944380547,0,1,0,0
1,7.0,2.0,1.0,3.0,6.0,2.0,2217.646484375,1.0,5.0,5.0,1.0,6-11 años,7.704652597205773,0,1,0,0
1,17.0,1.0,1.0,3.0,6.0,2.0,553.7579345703125,3.0,5.0,5.0,1.0,17-19 años,6.31853186467628,0,1,0,0
1,14.0,2.0,1.0,3.0,6.0,2.0,553.7579345703125,3.0,5.0,5.0,1.0,12-14 años,6.31853186467628,0,1,0,0
1,11.0,1.0,1.0,3.0,6.0,2.0,553.7579345703125,1.0,5.0,5.0,1.0,6-11 años,6.31853186467628,0,1,0,0
0,19.0,2.0,1.0,3.0,6.0,2.0,1486.1500244140625,4.0,5.0,5.0,1.0,17-19 años,7.304616832032812,0,1,0,1
1,17.0,2.0,1.0,3.0,6.0,2.0,1486.1500244140625,3.0,5.0,5.0,1.0,17-19 años,7.304616832032812,0,1,0,0
1,16.0,1.0,1.0,3.0,6.0,2.0,1486.1500244140625,3.0,5.0,5.0,1.0,15-16 años,7.304616832032812,0,1,0,0
1,17.0,2.0,1.0,3.0,6.0,2.0,1395.5999755859375,3.0,5.0,9.0,1.0,17-19 años,7.2417959729308645,0,1,0,0
1,18.0,1.0,1.0,3.0,6.0,2.0,1000.0933837890625,4.0,8.0,6.0,1.0,17-19 años,6.908848065462497,0,1,0,0
1,7.0,1.0,1.0,3.0,6.0,2.0,1000.0933837890625,1.0,8.0,6.0,1.0,6-11 años,6.908848065462497,0,1,0,0
1,17.0,2.0,1.0,3.0,6.0,2.0,559.5833129882812,3.0,8.0,9.0,1.0,17-19 años,6.32897787194496,0,1,0,0
1,15.0,1.0,1.0,3.0,6.0,2.0,559.5833129882812,3.0,8.0,9.0,1.0,15-16 años,6.32897787194496,0,1,0,0
1,14.0,2.0,1.0,3.0,6.0,2.0,559.5833129882812,3.0,8.0,9.0,1.0,12-14 años,6.32897787194496,0,1,0,0
1,9.0,1.0,1.0,3.0,6.0,2.0,1840.0,1.0,8.0,9.0,1.0,6-11 años,7.518064181233078,0,1,0,0
1,11.0,1.0,1.0,3.0,6.0,2.0,1441.13330078125,1.0,8.0,9.0,1.0,6-11 años,7.273878755168307,0,1,0,0
1,13.0,1.0,1.0,3.0,6.0,2.0,1208.2916259765625,3.0,5.0,9.0,1.0,12-14 años,7.0977900340807105,0,1,0,0
1,10.0,2.0,1.0,3.0,6.0,2.0,1208.2916259765625,1.0,5.0,9.0,1.0,6-11 años,7.0977900340807105,0,1,0,0
1,19.0,1.0,1.0,3.0,6.0,2.0,1935.5999755859375,5.0,8.0,9.0,1.0,17-19 años,7.568689124570768,0,1,0,0
1,15.0,1.0,1.0,3.0,6.0,2.0,626.2000122070312,3.0,5.0,9.0,1.0,15-16 años,6.441265488498939,0,1,0,0
1,13.0,1.0,1.0,3.0,6.0,2.0,626.2000122070312,3.0,5.0,9.0,1.0,12-14 años,6.441265488498939,0,1,0,0
1,11.0,1.0,1.0,3.0,6.0,2.0,626.2000122070312,1.0,5.0,9.0,1.0,6-11 años,6.441265488498939,0,1,0,0
1,13.0,1.0,1.0,3.0,6.0,2.0,2121.875,2.0,6.0,1.0,1.0,12-14 años,7.660526581024934,0,1,1,0
1,8.0,1.0,1.0,3.0,6.0,2.0,1447.25,1.0,6.0,1.0,1.0,6-11 años,7.278111209976734,0,1,1,0
1,16.0,2.0,1.0,3.0,6.0,2.0,4337.0,3.0,8.0,1.0,1.0,15-16 años,8.37516869138682,0,1,1,0
1,18.0,2.0,1.0,3.0,6.0,2.0,836.0333251953125,4.0,5.0,9.0,1.0,17-19 años,6.729863884745041,0,1,0,0
1,17.0,2.0,1.0,3.0,6.0,1.0,836.0333251953125,3.0,5.0,9.0,1.0,17-19 años,6.729863884745041,0,1,0,0
1,7.0,2.0,1.0,3.0,6.0,2.0,433.0,0.0,1.0,9.0,1.0,6-11 años,6.073044534100405,0,1,0,0
1,6.0,1.0,1.0,3.0,6.0,2.0,433.0,0.0,1.0,9.0,1.0,6-11 años,6.073044534100405,0,1,0,0
1,8.0,1.0,1.0,3.0,6.0,2.0,2925.0,1.0,8.0,9.0,1.0,6-11 años,7.98139158158007,0,1,0,0
0,19.0,2.0,1.0,3.0,6.0,2.0,2835.91650390625,4.0,8.0,9.0,1.0,17-19 años,7.950473003253523,0,1,0,1
1,14.0,2.0,1.0,3.0,6.0,2.0,2750.443359375,3.0,8.0,9.0,1.0,12-14 años,7.919880910925403,0,1,0,0
1,14.0,1.0,1.0,3.0,6.0,2.0,461.4285583496094,3.0,6.0,1.0,1.0,12-14 años,6.136492076587726,0,1,1,0
1,12.0,1.0,1.0,3.0,6.0,2.0,461.4285583496094,1.0,6.0,1.0,1.0,12-14 años,6.136492076587726,0,1,1,0
1,9.0,1.0,1.0,3.0,6.0,2.0,461.4285583496094,1.0,6.0,1.0,1.0,6-11 años,6.136492076587726,0,1,1,0
1,7.0,1.0,1.0,3.0,6.0,2.0,461.4285583496094,1.0,6.0,1.0,1.0,6-11 años,6.136492076587726,0,1,1,0
1,8.0,1.0,1.0,3.0,6.0,2.0,1124.1875,1.0,5.0,1.0,1.0,6-11 años,7.025704967417841,0,1,1,0
1,13.0,2.0,1.0,3.0,6.0,2.0,1703.6849365234375,3.0,5.0,2.0,1.0,12-14 años,7.441135584679425,0,1,1,0
1,6.0,1.0,1.0,3.0,6.0,2.0,1703.6849365234375,0.0,5.0,2.0,1.0,6-11 años,7.441135584679425,0,1,1,0
1,17.0,2.0,1.0,3.0,6.0,2.0,2313.553955078125,3.0,5.0,2.0,1.0,17-19 años,7.74697227196376,0,1,1,0
1,13.0,2.0,1.0,3.0,6.0,2.0,2313.553955078125,2.0,5.0,2.0,1.0,12-14 años,7.74697227196376,0,1,1,0
1,10.0,1.0,1.0,3.0,6.0,2.0,2313.553955078125,1.0,5.0,2.0,1.0,6-11 años,7.74697227196376,0,1,1,0
1,16.0,1.0,1.0,3.0,6.0,2.0,672.2777709960938,3.0,8.0,1.0,1.0,15-16 años,6.512157979999683,0,1,1,0
1,6.0,1.0,1.0,3.0,6.0,2.0,672.2777709960938,0.0,8.0,1.0,1.0,6-11 años,6.512157979999683,0,1,1,0
1,6.0,2.0,1.0,3.0,6.0,2.0,672.2777709960938,0.0,8.0,1.0,1.0,6-11 años,6.512157979999683,0,1,1,0
1,13.0,1.0,1.0,3.0,6.0,2.0,1495.7916259765625,3.0,5.0,1.0,1.0,12-14 años,7.311079180326754,0,1,1,0
1,9.0,2.0,1.0,3.0,6.0,2.0,1495.7916259765625,1.0,5.0,1.0,1.0,6-11 años,7.311079180326754,0,1,1,0
1,16.0,2.0,1.0,3.0,6.0,2.0,549.17333984375,3.0,5.0,2.0,1.0,15-16 años,6.3102333919252525,0,1,1,0
1,9.0,2.0,1.0,3.0,6.0,2.0,549.17333984375,1.0,5.0,2.0,1.0,6-11 años,6.3102333919252525,0,1,1,0
1,7.0,1.0,1.0,3.0,6.0,2.0,549.17333984375,0.0,5.0,2.0,1.0,6-11 años,6.3102333919252525,0,1,1,0
1,10.0,2.0,1.0,3.0,6.0,2.0,2033.583251953125,1.0,8.0,2.0,1.0,6-11 años,7.618046286709295,0,1,1,0
1,14.0,2.0,1.0,3.0,6.0,2.0,1221.429931640625,3.0,6.0,1.0,1.0,12-14 años,7.108595904075033,0,1,1,0
1,10.0,1.0,1.0,3.0,6.0,2.0,1221.429931640625,1.0,6.0,1.0,1.0,6-11 años,7.108595904075033,0,1,1,0
1,8.0,2.0,1.0,3.0,6.0,2.0,1221.429931640625,1.0,6.0,1.0,1.0,6-11 años,7.108595904075033,0,1,1,0
1,18.0,2.0,1.0,3.0,6.0,2.0,3369.822265625,3.0,5.0,1.0,1.0,17-19 años,8.12291198931871,0,1,1,0
1,16.0,2.0,1.0,3.0,6.0,2.0,3369.822265625,3.0,5.0,1.0,1.0,15-16 años,8.12291198931871,0,1,1,0
1,9.0,1.0,1.0,3.0,6.0,2.0,1382.5,1.0,8.0,9.0,1.0,6-11 años,7.23237179922698,0,1,0,0
1,7.0,2.0,1.0,3.0,6.0,2.0,1382.5,1.0,8.0,9.0,1.0,6-11 años,7.23237179922698,0,1,0,0
1,14.0,1.0,1.0,3.0,6.0,2.0,4046.0,3.0,8.0,1.0,1.0,12-14 años,8.305731144875866,0,1,1,0
1,13.0,2.0,1.0,3.0,6.0,2.0,4046.0,2.0,8.0,1.0,1.0,12-14 años,8.305731144875866,0,1,1,0
1,15.0,1.0,1.0,3.0,6.0,2.0,1591.942626953125,3.0,8.0,9.0,1.0,15-16 años,7.3733382935383815,0,1,0,0
1,11.0,2.0,1.0,3.0,6.0,2.0,1591.942626953125,1.0,8.0,9.0,1.0,6-11 años,7.3733382935383815,0,1,0,0
1,7.0,2.0,1.0,3.0,6.0,2.0,1405.5999755859375,0.0,5.0,9.0,1.0,6-11 años,7.248930706517126,0,1,0,0
1,7.0,1.0,1.0,3.0,6.0,2.0,2261.163330078125,1.0,5.0,1.0,1.0,6-11 años,7.724076860116251,0,1,1,0
1,8.0,1.0,1.0,3.0,6.0,2.0,1081.6749267578125,1.0,6.0,1.0,1.0,6-11 años,6.987190041978886,0,1,1,0
1,8.0,2.0,1.0,3.0,6.0,2.0,1253.3333740234375,1.0,5.0,2.0,1.0,6-11 años,7.134359534364953,0,1,1,0
1,6.0,2.0,1.0,3.0,6.0,2.0,1052.5333251953125,0.0,5.0,2.0,1.0,6-11 años,6.959904865582391,0,1,1,0
1,15.0,1.0,1.0,3.0,6.0,2.0,3004.574951171875,3.0,8.0,1.0,1.0,15-16 años,8.008224160172553,0,1,1,0
1,10.0,1.0,1.0,3.0,6.0,2.0,1314.1500244140625,1.0,8.0,2.0,1.0,6-11 años,7.181706025111329,0,1,1,0
1,6.0,2.0,1.0,3.0,6.0,2.0,1314.1500244140625,0.0,8.0,2.0,1.0,6-11 años,7.181706025111329,0,1,1,0
1,17.0,1.0,1.0,3.0,27.0,2.0,1266.6300048828125,3.0,8.0,1.0,1.0,17-19 años,7.144904298160487,0,1,1,0
1,13.0,2.0,1.0,3.0,6.0,2.0,1266.6300048828125,2.0,8.0,1.0,1.0,12-14 años,7.144904298160487,0,1,1,0
1,9.0,2.0,1.0,3.0,6.0,2.0,1266.6300048828125,1.0,8.0,1.0,1.0,6-11 años,7.144904298160487,0,1,1,0
1,11.0,2.0,1.0,3.0,6.0,2.0,1089.8582763671875,1.0,5.0,1.0,1.0,6-11 años,6.99472007489014,0,1,1,0
1,6.0,1.0,1.0,3.0,6.0,2.0,1089.8582763671875,0.0,5.0,1.0,1.0,6-11 años,6.99472007489014,0,1,1,0
1,17.0,2.0,1.0,3.0,6.0,2.0,1089.8582763671875,3.0,5.0,1.0,1.0,17-19 años,6.99472007489014,0,1,1,0
1,13.0,2.0,1.0,3.0,6.0,2.0,1256.9324951171875,3.0,5.0,1.0,1.0,12-14 años,7.137224775341427,0,1,1,0
1,9.0,2.0,1.0,3.0,6.0,2.0,1256.9324951171875,1.0,5.0,1.0,1.0,6-11 años,7.137224775341427,0,1,1,0
1,11.0,1.0,1.0,3.0,6.0,2.0,2810.833251953125,1.0,5.0,1.0,1.0,6-11 años,7.941591952435874,0,1,1,0
1,17.0,2.0,1.0,3.0,6.0,2.0,671.638916015625,3.0,8.0,1.0,1.0,17-19 años,6.511208656710044,0,1,1,0
1,14.0,1.0,1.0,3.0,6.0,2.0,671.638916015625,3.0,8.0,1.0,1.0,12-14 años,6.511208656710044,0,1,1,0
1,12.0,2.0,1.0,3.0,6.0,2.0,671.638916015625,2.0,8.0,1.0,1.0,12-14 años,6.511208656710044,0,1,1,0
1,9.0,2.0,1.0,3.0,6.0,2.0,671.638916015625,1.0,8.0,1.0,1.0,6-11 años,6.511208656710044,0,1,1,0
1,17.0,1.0,1.0,3.0,6.0,2.0,855.3932495117188,3.0,5.0,1.0,1.0,17-19 años,6.752729674283386,0,1,1,0
1,16.0,2.0,1.0,3.0,6.0,2.0,855.3932495117188,3.0,5.0,1.0,1.0,15-16 años,6.752729674283386,0,1,1,0
1,10.0,2.0,1.0,3.0,6.0,2.0,855.3932495117188,1.0,5.0,1.0,1.0,6-11 años,6.752729674283386,0,1,1,0
1,18.0,2.0,1.0,3.0,6.0,2.0,2373.944580078125,3.0,8.0,9.0,1.0,17-19 años,7.772729381492535,0,1,0,0
1,14.0,2.0,1.0,3.0,6.0,2.0,2283.25,3.0,7.0,9.0,1.0,12-14 años,7.73379302187873,0,1,0,0
0,17.0,1.0,1.0,3.0,6.0,2.0,12184.583984375,3.0,5.0,9.0,1.0,17-19 años,9.408008891408612,0,1,0,1
0,19.0,2.0,1.0,3.0,6.0,2.0,2883.050048828125,4.0,5.0,9.0,1.0,17-19 años,7.966950852216857,0,1,0,1
1,18.0,2.0,1.0,3.0,6.0,2.0,1056.9259033203125,4.0,5.0,9.0,1.0,17-19 años,6.964065575296811,0,1,0,0
1,17.0,2.0,1.0,3.0,6.0,2.0,1056.9259033203125,3.0,5.0,9.0,1.0,17-19 años,6.964065575296811,0,1,0,0
1,15.0,2.0,1.0,3.0,6.0,2.0,1056.9259033203125,3.0,5.0,9.0,1.0,15-16 años,6.964065575296811,0,1,0,0
1,14.0,2.0,1.0,3.0,6.0,2.0,1056.9259033203125,3.0,5.0,9.0,1.0,12-14 años,6.964065575296811,0,1,0,0
1,12.0,2.0,1.0,3.0,6.0,2.0,1056.9259033203125,2.0,5.0,9.0,1.0,12-14 años,6.964065575296811,0,1,0,0
1,18.0,1.0,1.0,3.0,6.0,2.0,2217.41650390625,4.0,8.0,9.0,1.0,17-19 años,7.70454893382774,0,1,0,0
1,15.0,1.0,1.0,3.0,6.0,2.0,2217.41650390625,3.0,8.0,9.0,1.0,15-16 años,7.70454893382774,0,1,0,0
1,11.0,2.0,1.0,3.0,6.0,2.0,1006.074951171875,1.0,8.0,9.0,1.0,6-11 años,6.914805320109525,0,1,0,0
1,16.0,2.0,1.0,3.0,6.0,2.0,1081.699951171875,3.0,8.0,9.0,1.0,15-16 años,6.987213155218371,0,1,0,0
1,12.0,2.0,1.0,3.0,6.0,2.0,1081.699951171875,3.0,8.0,9.0,1.0,12-14 años,6.987213155218371,0,1,0,0
1,7.0,2.0,1.0,3.0,6.0,2.0,1081.699951171875,0.0,8.0,9.0,1.0,6-11 años,6.987213155218371,0,1,0,0
1,11.0,2.0,1.0,3.0,6.0,2.0,2051.79150390625,1.0,8.0,9.0,1.0,6-11 años,7.626955855069803,0,1,0,0
1,18.0,1.0,1.0,3.0,6.0,2.0,3965.800048828125,3.0,5.0,9.0,1.0,17-19 años,8.285715015621168,0,1,0,0
0,18.0,2.0,1.0,3.0,6.0,2.0,990.05712890625,4.0,5.0,9.0,1.0,17-19 años,6.898772180404294,0,1,0,1
1,17.0,2.0,1.0,3.0,6.0,2.0,990.05712890625,3.0,5.0,9.0,1.0,17-19 años,6.898772180404294,0,1,0,0
1,12.0,2.0,1.0,3.0,6.0,2.0,990.05712890625,1.0,5.0,9.0,1.0,12-14 años,6.898772180404294,0,1,0,0
1,11.0,1.0,1.0,3.0,6.0,2.0,990.05712890625,1.0,5.0,9.0,1.0,6-11 años,6.898772180404294,0,1,0,0
1,6.0,2.0,1.0,3.0,6.0,2.0,990.05712890625,0.0,5.0,9.0,1.0,6-11 años,6.898772180404294,0,1,0,0
1,10.0,1.0,1.0,3.0,6.0,2.0,356.55999755859375,1.0,5.0,9.0,1.0,6-11 años,5.87930317339169,0,1,0,0
1,8.0,1.0,1.0,3.0,6.0,2.0,356.55999755859375,1.0,5.0,9.0,1.0,6-11 años,5.87930317339169,0,1,0,0
1,16.0,2.0,1.0,3.0,6.0,2.0,356.55999755859375,3.0,5.0,9.0,1.0,15-16 años,5.87930317339169,0,1,0,0
1,15.0,1.0,1.0,3.0,6.0,2.0,2359.477783203125,3.0,5.0,9.0,1.0,15-16 años,7.766619328039115,0,1,0,0
1,18.0,1.0,1.0,3.0,6.0,2.0,1095.8333740234375,3.0,5.0,1.0,1.0,17-19 años,7.000182556325864,0,1,1,0
1,15.0,2.0,1.0,3.0,6.0,2.0,2210.018310546875,3.0,8.0,1.0,1.0,15-16 años,7.7012084623911665,0,1,1,0
1,10.0,2.0,1.0,3.0,6.0,2.0,724.1889038085938,1.0,5.0,9.0,1.0,6-11 años,6.586432177892972,0,1,0,0
1,8.0,1.0,1.0,3.0,6.0,2.0,724.1889038085938,1.0,5.0,9.0,1.0,6-11 años,6.586432177892972,0,1,0,0
1,7.0,2.0,1.0,3.0,6.0,2.0,2937.449951171875,0.0,8.0,9.0,1.0,6-11 años,7.985637493806883,0,1,0,0
1,18.0,2.0,1.0,3.0,6.0,2.0,1097.3333740234375,4.0,5.0,1.0,1.0,17-19 años,7.001549195315633,0,1,1,0
1,15.0,2.0,1.0,3.0,6.0,2.0,1097.3333740234375,3.0,5.0,1.0,1.0,15-16 años,7.001549195315633,0,1,1,0
1,10.0,2.0,1.0,3.0,6.0,2.0,1097.3333740234375,1.0,5.0,1.0,1.0,6-11 años,7.001549195315633,0,1,1,0
1,8.0,2.0,1.0,3.0,6.0,2.0,1097.3333740234375,1.0,5.0,1.0,1.0,6-11 años,7.001549195315633,0,1,1,0
1,11.0,1.0,1.0,3.0,6.0,2.0,4403.72216796875,1.0,8.0,1.0,1.0,6-11 años,8.390432464410388,0,1,1,0
1,17.0,1.0,1.0,3.0,6.0,2.0,1178.9222412109375,3.0,8.0,1.0,1.0,17-19 años,7.073203818009523,0,1,1,0
1,7.0,2.0,1.0,3.0,6.0,2.0,1013.3333129882812,1.0,8.0,1.0,1.0,6-11 años,6.921986841171301,0,1,1,0
1,10.0,2.0,1.0,3.0,6.0,2.0,802.29248046875,1.0,8.0,1.0,1.0,6-11 años,6.688718882335195,0,1,1,0
1,8.0,2.0,1.0,3.0,6.0,2.0,802.29248046875,1.0,8.0,1.0,1.0,6-11 años,6.688718882335195,0,1,1,0
1,19.0,1.0,1.0,3.0,27.0,2.0,1221.5833740234375,3.0,5.0,1.0,1.0,17-19 años,7.1087214186337135,0,1,1,0
1,11.0,2.0,1.0,3.0,6.0,2.0,2285.0,1.0,5.0,1.0,1.0,6-11 años,7.734558844354756,0,1,1,0
1,16.0,1.0,1.0,3.0,27.0,1.0,3207.68408203125,3.0,5.0,1.0,1.0,15-16 años,8.073616188781893,0,1,1,0
1,15.0,2.0,1.0,3.0,6.0,2.0,3207.68408203125,3.0,5.0,1.0,1.0,15-16 años,8.073616188781893,0,1,1,0
1,18.0,2.0,1.0,3.0,6.0,2.0,1204.9000244140625,3.0,5.0,1.0,1.0,17-19 años,7.094981475355058,0,1,1,0
1,18.0,1.0,1.0,3.0,6.0,2.0,856.6666259765625,3.0,5.0,1.0,1.0,17-19 años,6.754215476170838,0,1,1,0
1,14.0,1.0,1.0,3.0,6.0,2.0,856.6666259765625,3.0,5.0,1.0,1.0,12-14 años,6.754215476170838,0,1,1,0
1,11.0,2.0,1.0,3.0,6.0,2.0,856.6666259765625,1.0,5.0,1.0,1.0,6-11 años,6.754215476170838,0,1,1,0
1,10.0,1.0,1.0,3.0,6.0,2.0,856.6666259765625,1.0,5.0,1.0,1.0,6-11 años,6.754215476170838,0,1,1,0
1,8.0,2.0,1.0,3.0,6.0,2.0,856.6666259765625,1.0,5.0,1.0,1.0,6-11 años,6.754215476170838,0,1,1,0
1,15.0,2.0,1.0,3.0,6.0,2.0,2595.407958984375,3.0,5.0,9.0,1.0,15-16 años,7.861884214546841,0,1,0,0
1,14.0,1.0,1.0,3.0,6.0,2.0,2595.407958984375,3.0,5.0,9.0,1.0,12-14 años,7.861884214546841,0,1,0,0
0,19.0,2.0,1.0,3.0,27.0,1.0,5412.5,4.0,5.0,9.0,1.0,17-19 años,8.596651112750953,0,1,0,1
1,13.0,1.0,1.0,3.0,6.0,2.0,870.1749877929688,2.0,5.0,9.0,1.0,12-14 años,6.769842861143442,0,1,0,0
1,12.0,2.0,1.0,3.0,6.0,2.0,870.1749877929688,1.0,5.0,9.0,1.0,12-14 años,6.769842861143442,0,1,0,0
1,9.0,2.0,1.0,3.0,6.0,2.0,1135.75,1.0,5.0,9.0,1.0,6-11 años,7.03592859270512,0,1,0,0
1,10.0,1.0,1.0,3.0,6.0,2.0,1175.949951171875,1.0,5.0,9.0,1.0,6-11 años,7.0706815839873345,0,1,0,0
1,9.0,2.0,1.0,3.0,6.0,2.0,703.6904907226562,1.0,5.0,9.0,1.0,6-11 años,6.557758686163112,0,1,0,0
1,6.0,1.0,1.0,3.0,6.0,2.0,703.6904907226562,0.0,5.0,9.0,1.0,6-11 años,6.557758686163112,0,1,0,0
1,15.0,2.0,1.0,3.0,6.0,1.0,2590.444580078125,3.0,8.0,9.0,1.0,15-16 años,7.85997075213315,0,1,0,0
1,16.0,2.0,1.0,3.0,6.0,2.0,514.5833740234375,3.0,8.0,9.0,1.0,15-16 años,6.245299024663504,0,1,0,0
0,11.0,2.0,1.0,3.0,6.0,2.0,514.5833740234375,0.0,8.0,9.0,1.0,6-11 años,6.245299024663504,0,1,0,1
1,8.0,2.0,1.0,3.0,6.0,2.0,382.2221984863281,1.0,5.0,9.0,1.0,6-11 años,5.948614973662943,0,1,0,0
1,8.0,2.0,1.0,3.0,6.0,2.0,3569.16650390625,1.0,5.0,9.0,1.0,6-11 años,8.180367513435735,0,1,0,0
1,15.0,2.0,1.0,3.0,6.0,2.0,1071.6666259765625,3.0,5.0,1.0,1.0,15-16 años,6.977903000950622,0,1,1,0
1,13.0,2.0,1.0,3.0,6.0,2.0,1071.6666259765625,3.0,5.0,1.0,1.0,12-14 años,6.977903000950622,0,1,1,0
1,11.0,2.0,1.0,3.0,6.0,2.0,938.7083740234375,1.0,8.0,1.0,1.0,6-11 años,6.845569586728942,0,1,1,0
1,9.0,2.0,1.0,3.0,6.0,2.0,938.7083740234375,1.0,8.0,1.0,1.0,6-11 años,6.845569586728942,0,1,1,0
1,6.0,1.0,1.0,3.0,6.0,2.0,938.7083740234375,0.0,8.0,1.0,1.0,6-11 años,6.845569586728942,0,1,1,0
0,17.0,1.0,1.0,3.0,6.0,2.0,1343.75,3.0,5.0,1.0,1.0,17-19 años,7.203963401153352,0,1,1,1
1,12.0,1.0,1.0,3.0,6.0,2.0,1480.5,1.0,8.0,1.0,1.0,12-14 años,7.30081036701362,0,1,1,0
1,8.0,1.0,1.0,3.0,6.0,2.0,1480.5,1.0,8.0,1.0,1.0,6-11 años,7.30081036701362,0,1,1,0
1,19.0,1.0,1.0,3.0,6.0,2.0,2608.35986328125,4.0,5.0,1.0,1.0,17-19 años,7.8668602071241915,0,1,1,0
1,15.0,2.0,1.0,3.0,6.0,2.0,2608.35986328125,3.0,5.0,1.0,1.0,15-16 años,7.8668602071241915,0,1,1,0
1,14.0,1.0,1.0,3.0,6.0,2.0,3577.173828125,3.0,6.0,1.0,1.0,12-14 años,8.182607845371805,0,1,1,0
1,12.0,2.0,1.0,3.0,6.0,2.0,3577.173828125,1.0,6.0,1.0,1.0,12-14 años,8.182607845371805,0,1,1,0
1,7.0,1.0,1.0,3.0,6.0,2.0,3577.173828125,1.0,6.0,1.0,1.0,6-11 años,8.182607845371805,0,1,1,0
1,15.0,2.0,1.0,3.0,6.0,2.0,1506.2666015625,3.0,8.0,1.0,1.0,15-16 años,7.318053091780576,0,1,1,0
1,16.0,1.0,1.0,3.0,6.0,2.0,3892.0,3.0,8.0,1.0,1.0,15-16 años,8.266935347610456,0,1,1,0
1,6.0,1.0,1.0,3.0,6.0,2.0,10344.4443359375,0.0,8.0,1.0,1.0,6-11 años,9.24430154101534,0,1,1,0
1,10.0,1.0,1.0,3.0,6.0,2.0,1468.2083740234375,1.0,8.0,1.0,1.0,6-11 años,7.292479013645739,0,1,1,0
1,9.0,1.0,1.0,3.0,6.0,2.0,1651.25,1.0,5.0,9.0,1.0,6-11 años,7.409893274350562,0,1,0,0
1,9.0,1.0,1.0,3.0,6.0,2.0,1840.333251953125,1.0,7.0,9.0,1.0,6-11 años,7.518245181664724,0,1,0,0
1,14.0,1.0,1.0,3.0,6.0,2.0,2135.050048828125,3.0,6.0,9.0,1.0,12-14 años,7.666713630904891,0,1,0,0
1,11.0,1.0,1.0,3.0,6.0,2.0,2476.449951171875,1.0,1.0,1.0,1.0,6-11 años,7.814985064656753,0,1,1,0
1,17.0,2.0,1.0,3.0,6.0,2.0,2476.449951171875,3.0,1.0,1.0,1.0,17-19 años,7.814985064656753,0,1,1,0
1,9.0,2.0,1.0,3.0,6.0,2.0,2792.044189453125,1.0,8.0,1.0,1.0,6-11 años,7.934887387321316,0,1,1,0
1,11.0,1.0,1.0,3.0,6.0,2.0,1092.5,2.0,5.0,2.0,1.0,6-11 años,6.997138840116823,0,1,1,0
1,10.0,1.0,1.0,3.0,6.0,2.0,1092.5,1.0,5.0,2.0,1.0,6-11 años,6.997138840116823,0,1,1,0
1,18.0,1.0,1.0,3.0,6.0,2.0,1092.5,3.0,5.0,2.0,1.0,17-19 años,6.997138840116823,0,1,1,0
1,18.0,2.0,1.0,3.0,6.0,2.0,1565.0,3.0,5.0,9.0,1.0,17-19 años,7.356279876550748,0,1,0,0
1,16.0,2.0,1.0,3.0,6.0,2.0,1296.3094482421875,3.0,8.0,1.0,1.0,15-16 años,7.1680477435552925,0,1,1,0
1,17.0,1.0,1.0,3.0,6.0,2.0,495.0,3.0,8.0,1.0,1.0,17-19 años,6.206575926724928,0,1,1,0
1,16.0,1.0,1.0,3.0,6.0,2.0,679.5,3.0,8.0,1.0,1.0,15-16 años,6.522827822091521,0,1,1,0
1,11.0,2.0,1.0,3.0,6.0,2.0,679.5,1.0,8.0,1.0,1.0,6-11 años,6.522827822091521,0,1,1,0
1,14.0,2.0,1.0,3.0,6.0,2.0,1995.6800537109375,3.0,8.0,1.0,1.0,12-14 años,7.599241107115539,0,1,1,0
1,12.0,2.0,1.0,3.0,6.0,2.0,1995.6800537109375,1.0,8.0,1.0,1.0,12-14 años,7.599241107115539,0,1,1,0
1,19.0,2.0,1.0,3.0,6.0,2.0,1995.6800537109375,5.0,8.0,1.0,1.0,17-19 años,7.599241107115539,0,1,1,0
1,15.0,2.0,1.0,3.0,6.0,2.0,1231.7958984375,3.0,1.0,1.0,1.0,15-16 años,7.11703995697044,0,1,1,0
1,14.0,2.0,1.0,3.0,6.0,2.0,1231.7958984375,3.0,1.0,1.0,1.0,12-14 años,7.11703995697044,0,1,1,0
1,13.0,1.0,1.0,3.0,6.0,2.0,1231.7958984375,2.0,1.0,1.0,1.0,12-14 años,7.11703995697044,0,1,1,0
1,9.0,1.0,1.0,3.0,6.0,2.0,1231.7958984375,1.0,1.0,1.0,1.0,6-11 años,7.11703995697044,0,1,1,0
1,17.0,1.0,1.0,3.0,6.0,2.0,1220.0,3.0,8.0,1.0,1.0,17-19 años,7.107425474110705,0,1,1,0
1,8.0,2.0,1.0,3.0,6.0,2.0,1252.4000244140625,1.0,1.0,2.0,1.0,6-11 años,7.133615157268844,0,1,1,0
1,18.0,2.0,1.0,3.0,6.0,2.0,1983.3333740234375,3.0,5.0,1.0,1.0,17-19 años,7.59303830499096,0,1,1,0
1,17.0,1.0,1.0,3.0,6.0,2.0,1983.3333740234375,3.0,5.0,1.0,1.0,17-19 años,7.59303830499096,0,1,1,0
1,17.0,1.0,1.0,3.0,6.0,2.0,1367.0,3.0,5.0,9.0,1.0,17-19 años,7.221105098182496,0,1,0,0
1,13.0,1.0,1.0,3.0,6.0,2.0,1367.0,3.0,5.0,9.0,1.0,12-14 años,7.221105098182496,0,1,0,0
1,16.0,1.0,1.0,3.0,6.0,2.0,1722.734619140625,3.0,5.0,9.0,1.0,15-16 años,7.452248506161611,0,1,0,0
1,10.0,2.0,1.0,3.0,6.0,2.0,1722.734619140625,1.0,5.0,9.0,1.0,6-11 años,7.452248506161611,0,1,0,0
1,9.0,2.0,1.0,3.0,6.0,2.0,1722.734619140625,1.0,5.0,9.0,1.0,6-11 años,7.452248506161611,0,1,0,0
1,18.0,1.0,1.0,3.0,6.0,2.0,2161.699951171875,3.0,5.0,9.0,1.0,17-19 años,7.6791126975012505,0,1,0,0
1,14.0,1.0,1.0,3.0,6.0,2.0,2161.699951171875,3.0,5.0,9.0,1.0,12-14 años,7.6791126975012505,0,1,0,0
1,14.0,2.0,1.0,3.0,6.0,2.0,2799.034912109375,3.0,8.0,5.0,1.0,12-14 años,7.937387164696053,0,1,0,0
1,18.0,2.0,1.0,3.0,6.0,2.0,879.6666870117188,4.0,5.0,9.0,1.0,17-19 años,6.780679219516037,0,1,0,0
1,15.0,1.0,1.0,3.0,6.0,2.0,879.6666870117188,3.0,5.0,9.0,1.0,15-16 años,6.780679219516037,0,1,0,0
1,12.0,1.0,1.0,3.0,6.0,2.0,879.6666870117188,3.0,5.0,9.0,1.0,12-14 años,6.780679219516037,0,1,0,0
1,7.0,1.0,1.0,3.0,6.0,2.0,879.6666870117188,1.0,5.0,9.0,1.0,6-11 años,6.780679219516037,0,1,0,0
1,6.0,2.0,1.0,3.0,6.0,2.0,3119.58349609375,0.0,8.0,9.0,1.0,6-11 años,8.045775281296612,0,1,0,0
1,11.0,1.0,1.0,3.0,6.0,2.0,4339.4443359375,1.0,6.0,1.0,1.0,6-11 años,8.375732003406236,0,1,1,0
1,8.0,2.0,1.0,3.0,6.0,2.0,2044.7899169921875,1.0,6.0,1.0,1.0,6-11 años,7.623539261372668,0,1,1,0
1,8.0,2.0,1.0,3.0,6.0,2.0,2044.7899169921875,1.0,6.0,1.0,1.0,6-11 años,7.623539261372668,0,1,1,0
1,13.0,1.0,1.0,3.0,6.0,2.0,1865.4217529296875,3.0,6.0,1.0,1.0,12-14 años,7.531778375659494,0,1,1,0
1,17.0,1.0,1.0,3.0,6.0,2.0,2411.138916015625,3.0,8.0,1.0,1.0,17-19 años,7.788269149893276,0,1,1,0
1,10.0,1.0,1.0,3.0,6.0,2.0,2411.138916015625,1.0,8.0,1.0,1.0,6-11 años,7.788269149893276,0,1,1,0
1,12.0,2.0,1.0,3.0,6.0,2.0,614.6666870117188,2.0,1.0,9.0,1.0,12-14 años,6.422705724576693,0,1,0,0
1,9.0,2.0,1.0,3.0,6.0,2.0,1254.0499267578125,1.0,1.0,9.0,1.0,6-11 años,7.134930633051732,0,1,0,0
1,19.0,2.0,1.0,3.0,6.0,2.0,2062.55615234375,4.0,8.0,9.0,1.0,17-19 años,7.632186061007393,0,1,0,0
1,9.0,1.0,1.0,3.0,6.0,2.0,2062.55615234375,1.0,8.0,9.0,1.0,6-11 años,7.632186061007393,0,1,0,0
1,18.0,1.0,1.0,3.0,6.0,2.0,2429.607421875,3.0,8.0,9.0,1.0,17-19 años,7.79589647294763,0,1,0,0
1,15.0,2.0,1.0,3.0,6.0,2.0,2429.607421875,3.0,8.0,9.0,1.0,15-16 años,7.79589647294763,0,1,0,0
1,11.0,2.0,1.0,3.0,6.0,2.0,2429.607421875,1.0,8.0,9.0,1.0,6-11 años,7.79589647294763,0,1,0,0
1,11.0,2.0,1.0,3.0,6.0,2.0,1289.867431640625,1.0,5.0,1.0,1.0,6-11 años,7.163069699005948,0,1,1,0
1,17.0,2.0,1.0,3.0,6.0,2.0,1004.25,3.0,5.0,2.0,1.0,17-19 años,6.912991545777383,0,1,1,0
1,15.0,1.0,1.0,3.0,6.0,2.0,1004.25,3.0,5.0,2.0,1.0,15-16 años,6.912991545777383,0,1,1,0
1,13.0,2.0,1.0,3.0,6.0,2.0,1004.25,2.0,5.0,2.0,1.0,12-14 años,6.912991545777383,0,1,1,0
1,16.0,1.0,1.0,3.0,6.0,1.0,2682.13330078125,3.0,1.0,9.0,1.0,15-16 años,7.894740532673085,0,1,0,0
1,13.0,1.0,1.0,3.0,6.0,2.0,2682.13330078125,2.0,1.0,9.0,1.0,12-14 años,7.894740532673085,0,1,0,0
1,8.0,2.0,1.0,3.0,6.0,2.0,1972.77099609375,1.0,8.0,1.0,1.0,6-11 años,7.587701203179517,0,1,1,0
1,14.0,2.0,1.0,3.0,6.0,2.0,532.0,3.0,5.0,5.0,1.0,12-14 años,6.278521424165844,0,1,0,0
1,8.0,1.0,1.0,3.0,6.0,2.0,532.0,1.0,5.0,5.0,1.0,6-11 años,6.278521424165844,0,1,0,0
1,10.0,2.0,1.0,3.0,6.0,2.0,532.0,1.0,5.0,5.0,1.0,6-11 años,6.278521424165844,0,1,0,0
1,6.0,1.0,1.0,3.0,6.0,2.0,532.0,0.0,5.0,5.0,1.0,6-11 años,6.278521424165844,0,1,0,0
1,17.0,2.0,1.0,3.0,6.0,2.0,903.3200073242188,3.0,5.0,9.0,1.0,17-19 años,6.807183288155253,0,1,0,0
1,12.0,1.0,1.0,3.0,6.0,2.0,903.3200073242188,2.0,5.0,9.0,1.0,12-14 años,6.807183288155253,0,1,0,0
1,10.0,1.0,1.0,3.0,6.0,2.0,938.6666870117188,1.0,6.0,1.0,1.0,6-11 años,6.8455252240973525,0,1,1,0
1,9.0,2.0,1.0,3.0,6.0,2.0,938.6666870117188,1.0,6.0,1.0,1.0,6-11 años,6.8455252240973525,0,1,1,0
1,7.0,2.0,1.0,3.0,6.0,2.0,3217.876708984375,1.0,5.0,5.0,1.0,6-11 años,8.076787729535289,0,1,0,0
1,18.0,1.0,1.0,3.0,6.0,2.0,795.7599487304688,3.0,8.0,5.0,1.0,17-19 años,6.680553439859549,0,1,0,0
1,15.0,2.0,1.0,3.0,6.0,2.0,795.7599487304688,3.0,8.0,5.0,1.0,15-16 años,6.680553439859549,0,1,0,0
1,19.0,1.0,1.0,3.0,6.0,2.0,2602.625,3.0,5.0,9.0,1.0,17-19 años,7.864659983741547,0,1,0,0
1,17.0,1.0,1.0,3.0,6.0,2.0,2602.625,3.0,5.0,9.0,1.0,17-19 años,7.864659983741547,0,1,0,0
1,10.0,1.0,1.0,3.0,6.0,2.0,1700.0,1.0,8.0,5.0,1.0,6-11 años,7.438971592395862,0,1,0,0
1,8.0,1.0,1.0,3.0,6.0,2.0,1700.0,1.0,8.0,5.0,1.0,6-11 años,7.438971592395862,0,1,0,0
1,12.0,2.0,1.0,3.0,6.0,2.0,1700.0,3.0,8.0,5.0,1.0,12-14 años,7.438971592395862,0,1,0,0
1,13.0,1.0,1.0,3.0,6.0,2.0,1109.933349609375,3.0,8.0,9.0,1.0,12-14 años,7.012955796489379,0,1,0,0
1,8.0,1.0,1.0,3.0,6.0,2.0,1109.933349609375,1.0,8.0,9.0,1.0,6-11 años,7.012955796489379,0,1,0,0
1,8.0,1.0,1.0,3.0,6.0,2.0,2324.0498046875,1.0,5.0,5.0,1.0,6-11 años,7.75149673916299,0,1,0,0
1,17.0,1.0,1.0,3.0,6.0,2.0,2111.64013671875,3.0,8.0,5.0,1.0,17-19 años,7.655693693939417,0,1,0,0
1,17.0,2.0,1.0,3.0,6.0,2.0,1873.3333740234375,3.0,5.0,9.0,1.0,17-19 años,7.5360083413332,0,1,0,0
1,6.0,2.0,1.0,3.0,6.0,2.0,1963.5,0.0,8.0,5.0,1.0,6-11 años,7.582993038998515,0,1,0,0
1,17.0,2.0,1.0,3.0,6.0,2.0,4942.0419921875,3.0,8.0,9.0,1.0,17-19 años,8.505736208554609,0,1,0,0
1,7.0,2.0,1.0,3.0,6.0,2.0,4942.0419921875,1.0,8.0,9.0,1.0,6-11 años,8.505736208554609,0,1,0,0
1,7.0,2.0,1.0,3.0,6.0,2.0,1971.6666259765625,1.0,8.0,9.0,1.0,6-11 años,7.587141523665092,0,1,0,0
1,10.0,2.0,1.0,3.0,6.0,2.0,995.0,1.0,8.0,9.0,1.0,6-11 años,6.903747257584598,0,1,0,0
1,11.0,2.0,1.0,3.0,27.0,2.0,4564.0,1.0,8.0,5.0,1.0,6-11 años,8.426173793029069,0,1,0,0
0,18.0,1.0,1.0,3.0,27.0,2.0,1688.699951171875,3.0,5.0,9.0,1.0,17-19 años,7.432306248469092,0,1,0,1
1,12.0,1.0,1.0,3.0,6.0,2.0,2890.680908203125,1.0,8.0,9.0,1.0,12-14 años,7.9695932411618395,0,1,0,0
1,6.0,2.0,1.0,3.0,6.0,2.0,1309.0,0.0,8.0,9.0,1.0,6-11 años,7.177782416195197,0,1,0,0
1,18.0,1.0,1.0,3.0,6.0,2.0,1587.6334228515625,3.0,5.0,5.0,1.0,17-19 años,7.370629443164141,0,1,0,0
1,15.0,2.0,1.0,3.0,6.0,2.0,1587.6334228515625,3.0,5.0,5.0,1.0,15-16 años,7.370629443164141,0,1,0,0
1,13.0,1.0,1.0,3.0,6.0,2.0,1587.6334228515625,3.0,5.0,5.0,1.0,12-14 años,7.370629443164141,0,1,0,0
1,7.0,2.0,1.0,3.0,6.0,2.0,1494.3887939453125,0.0,8.0,5.0,1.0,6-11 años,7.310141514853982,0,1,0,0
1,7.0,2.0,1.0,3.0,6.0,2.0,1494.3887939453125,0.0,8.0,5.0,1.0,6-11 años,7.310141514853982,0,1,0,0
0,19.0,1.0,1.0,3.0,6.0,2.0,1494.3887939453125,4.0,8.0,5.0,1.0,17-19 años,7.310141514853982,0,1,0,1
1,10.0,2.0,1.0,3.0,6.0,2.0,1934.1666259765625,1.0,8.0,5.0,1.0,6-11 años,7.567948713372284,0,1,0,0
1,15.0,1.0,1.0,3.0,6.0,2.0,1171.93994140625,3.0,5.0,5.0,1.0,15-16 años,7.067268646495481,0,1,0,0
1,8.0,1.0,1.0,3.0,6.0,2.0,1171.93994140625,1.0,5.0,5.0,1.0,6-11 años,7.067268646495481,0,1,0,0
1,19.0,2.0,1.0,3.0,6.0,2.0,2223.300048828125,4.0,8.0,5.0,1.0,17-19 años,7.7071975603118155,0,1,0,0
1,12.0,1.0,1.0,3.0,6.0,2.0,2223.300048828125,1.0,8.0,5.0,1.0,12-14 años,7.7071975603118155,0,1,0,0
0,19.0,1.0,1.0,3.0,6.0,2.0,3639.699951171875,4.0,6.0,5.0,1.0,17-19 años,8.1999312364226,0,1,0,1
1,19.0,2.0,1.0,3.0,6.0,2.0,624.0,4.0,6.0,5.0,1.0,17-19 años,6.437751649736401,0,1,0,0
1,16.0,2.0,1.0,3.0,6.0,2.0,624.0,3.0,6.0,5.0,1.0,15-16 años,6.437751649736401,0,1,0,0
1,10.0,2.0,1.0,3.0,6.0,2.0,624.0,1.0,6.0,5.0,1.0,6-11 años,6.437751649736401,0,1,0,0
1,10.0,2.0,1.0,3.0,6.0,2.0,1102.5,1.0,5.0,9.0,1.0,6-11 años,7.006242225696791,0,1,0,0
1,16.0,2.0,1.0,3.0,6.0,2.0,1301.75,3.0,5.0,5.0,1.0,15-16 años,7.172232693789324,0,1,0,0
1,18.0,2.0,1.0,3.0,6.0,2.0,4330.0,4.0,5.0,9.0,1.0,17-19 años,8.373553741214627,0,1,0,0
1,19.0,2.0,1.0,3.0,6.0,2.0,801.0499877929688,4.0,8.0,9.0,1.0,17-19 años,6.687170934843062,0,1,0,0
1,15.0,2.0,1.0,3.0,6.0,2.0,675.2777709960938,3.0,5.0,5.0,1.0,15-16 años,6.516603895485475,0,1,0,0
1,19.0,1.0,1.0,3.0,6.0,2.0,883.3333129882812,4.0,5.0,9.0,1.0,17-19 años,6.78483404246354,0,1,0,0
1,18.0,1.0,1.0,3.0,6.0,2.0,1259.1300048828125,3.0,5.0,9.0,1.0,17-19 años,7.138970173101413,0,1,0,0
1,14.0,1.0,1.0,3.0,6.0,2.0,1259.1300048828125,3.0,5.0,9.0,1.0,12-14 años,7.138970173101413,0,1,0,0
1,13.0,2.0,1.0,3.0,6.0,2.0,2058.471435546875,3.0,8.0,5.0,1.0,12-14 años,7.630204644174161,0,1,0,0
1,14.0,2.0,1.0,3.0,6.0,2.0,1862.316650390625,2.0,6.0,5.0,1.0,12-14 años,7.53011332416222,0,1,0,0
1,17.0,2.0,1.0,3.0,6.0,2.0,2221.2373046875,3.0,6.0,5.0,1.0,17-19 años,7.706269762286252,0,1,0,0
1,15.0,1.0,1.0,3.0,6.0,2.0,2221.2373046875,3.0,6.0,5.0,1.0,15-16 años,7.706269762286252,0,1,0,0
1,16.0,1.0,1.0,3.0,6.0,2.0,1280.8333740234375,3.0,5.0,5.0,1.0,15-16 años,7.156046655572676,0,1,0,0
1,13.0,1.0,1.0,3.0,6.0,2.0,1280.8333740234375,2.0,5.0,5.0,1.0,12-14 años,7.156046655572676,0,1,0,0
1,7.0,2.0,1.0,3.0,6.0,2.0,1280.8333740234375,1.0,5.0,5.0,1.0,6-11 años,7.156046655572676,0,1,0,0
1,16.0,2.0,1.0,3.0,6.0,2.0,824.8139038085938,3.0,5.0,5.0,1.0,15-16 años,6.7163694500850095,0,1,0,0
1,11.0,2.0,1.0,3.0,6.0,2.0,824.8139038085938,1.0,5.0,5.0,1.0,6-11 años,6.7163694500850095,0,1,0,0
1,7.0,2.0,1.0,3.0,6.0,2.0,824.8139038085938,1.0,5.0,5.0,1.0,6-11 años,6.7163694500850095,0,1,0,0
1,11.0,1.0,1.0,3.0,6.0,2.0,3644.133056640625,1.0,5.0,1.0,1.0,6-11 años,8.201148147655966,0,1,1,0
1,19.0,1.0,1.0,3.0,6.0,2.0,1740.0,3.0,8.0,1.0,1.0,17-19 años,7.462214939768189,0,1,1,0
1,12.0,2.0,1.0,3.0,6.0,2.0,1740.0,2.0,8.0,1.0,1.0,12-14 años,7.462214939768189,0,1,1,0
1,7.0,1.0,1.0,3.0,6.0,2.0,509.111083984375,0.0,8.0,1.0,1.0,6-11 años,6.234628513734909,0,1,1,0
1,7.0,2.0,1.0,3.0,6.0,2.0,476.111083984375,0.0,5.0,1.0,1.0,6-11 años,6.167749344246282,0,1,1,0
1,8.0,1.0,1.0,3.0,6.0,2.0,1276.313232421875,1.0,5.0,1.0,1.0,6-11 años,7.152514113677114,0,1,1,0
1,6.0,1.0,1.0,3.0,6.0,2.0,1276.313232421875,0.0,5.0,1.0,1.0,6-11 años,7.152514113677114,0,1,1,0
1,9.0,2.0,1.0,3.0,6.0,2.0,1145.666748046875,1.0,8.0,5.0,1.0,6-11 años,7.044614532670444,0,1,0,0
1,12.0,2.0,1.0,3.0,6.0,2.0,1466.6666259765625,2.0,5.0,9.0,1.0,12-14 años,7.291429089363294,0,1,0,0
1,7.0,1.0,1.0,3.0,6.0,2.0,2406.619873046875,1.0,5.0,5.0,1.0,6-11 años,7.786393933937138,0,1,0,0
1,17.0,2.0,1.0,3.0,6.0,2.0,958.5999755859375,3.0,6.0,1.0,1.0,17-19 años,6.866516505523624,0,1,1,0
1,11.0,1.0,1.0,3.0,6.0,2.0,599.3611450195312,1.0,5.0,5.0,1.0,6-11 años,6.3975313825078475,0,1,0,0
1,8.0,2.0,1.0,3.0,6.0,2.0,599.3611450195312,1.0,5.0,5.0,1.0,6-11 años,6.3975313825078475,0,1,0,0
1,17.0,2.0,1.0,3.0,6.0,2.0,1814.7166748046875,3.0,6.0,5.0,1.0,17-19 años,7.504235530912751,0,1,0,0
1,17.0,1.0,1.0,3.0,6.0,2.0,1804.619873046875,3.0,8.0,1.0,1.0,17-19 años,7.498659231782408,0,1,1,0
1,15.0,1.0,1.0,3.0,6.0,2.0,1804.619873046875,3.0,8.0,1.0,1.0,15-16 años,7.498659231782408,0,1,1,0
1,8.0,2.0,1.0,3.0,6.0,2.0,1038.7333984375,1.0,5.0,1.0,1.0,6-11 años,6.9467196116164915,0,1,1,0
1,19.0,1.0,1.0,3.0,27.0,2.0,1147.199951171875,3.0,5.0,1.0,1.0,17-19 años,7.045950735207734,0,1,1,0
0,19.0,2.0,1.0,3.0,6.0,2.0,937.2944946289062,3.0,5.0,2.0,1.0,17-19 años,6.844063859889796,0,1,1,1
0,16.0,1.0,1.0,3.0,6.0,2.0,262.3083190917969,3.0,8.0,2.0,1.0,15-16 años,5.573325661490402,0,1,1,1
1,13.0,1.0,1.0,3.0,6.0,2.0,262.3083190917969,2.0,8.0,2.0,1.0,12-14 años,5.573325661490402,0,1,1,0
1,7.0,1.0,1.0,3.0,6.0,2.0,262.3083190917969,1.0,8.0,2.0,1.0,6-11 años,5.573325661490402,0,1,1,0
1,19.0,2.0,1.0,3.0,6.0,2.0,526.4000244140625,4.0,8.0,9.0,1.0,17-19 años,6.267959320210544,0,1,0,0
1,9.0,1.0,1.0,3.0,6.0,2.0,526.4000244140625,1.0,8.0,9.0,1.0,6-11 años,6.267959320210544,0,1,0,0
1,9.0,1.0,1.0,3.0,6.0,2.0,526.4000244140625,1.0,8.0,9.0,1.0,6-11 años,6.267959320210544,0,1,0,0
1,8.0,2.0,1.0,3.0,6.0,2.0,1048.875,1.0,5.0,9.0,1.0,6-11 años,6.9564263884457915,0,1,0,0
1,16.0,2.0,1.0,3.0,6.0,2.0,761.5,3.0,5.0,1.0,1.0,15-16 años,6.636602508481567,0,1,1,0
1,14.0,2.0,1.0,3.0,6.0,2.0,761.5,3.0,5.0,1.0,1.0,12-14 años,6.636602508481567,0,1,1,0
1,12.0,2.0,1.0,3.0,6.0,2.0,761.5,1.0,5.0,1.0,1.0,12-14 años,6.636602508481567,0,1,1,0
1,16.0,2.0,1.0,3.0,27.0,1.0,141.6666717529297,3.0,8.0,5.0,1.0,15-16 años,4.960510942565063,0,1,0,0
1,6.0,2.0,1.0,3.0,6.0,2.0,1015.9166870117188,0.0,8.0,5.0,1.0,6-11 años,6.924530472350446,0,1,0,0
1,18.0,2.0,1.0,3.0,6.0,2.0,974.7999877929688,3.0,5.0,1.0,1.0,17-19 años,6.883257634871969,0,1,1,0
1,15.0,1.0,1.0,3.0,6.0,2.0,974.7999877929688,3.0,5.0,1.0,1.0,15-16 años,6.883257634871969,0,1,1,0
1,6.0,1.0,1.0,3.0,6.0,2.0,974.7999877929688,0.0,5.0,1.0,1.0,6-11 años,6.883257634871969,0,1,1,0
1,17.0,1.0,1.0,3.0,6.0,2.0,794.0476684570312,3.0,8.0,1.0,1.0,17-19 años,6.678402073180093,0,1,1,0
1,15.0,2.0,1.0,3.0,6.0,2.0,794.0476684570312,3.0,8.0,1.0,1.0,15-16 años,6.678402073180093,0,1,1,0
1,12.0,1.0,1.0,3.0,6.0,2.0,794.0476684570312,2.0,8.0,1.0,1.0,12-14 años,6.678402073180093,0,1,1,0
1,9.0,2.0,1.0,3.0,6.0,2.0,794.0476684570312,1.0,8.0,1.0,1.0,6-11 años,6.678402073180093,0,1,1,0
1,6.0,2.0,1.0,3.0,6.0,2.0,794.0476684570312,0.0,8.0,1.0,1.0,6-11 años,6.678402073180093,0,1,1,0
1,10.0,1.0,1.0,3.0,6.0,2.0,2811.388916015625,1.0,8.0,1.0,1.0,6-11 años,7.9417895492048896,0,1,1,0
1,15.0,1.0,1.0,3.0,6.0,2.0,581.25,3.0,8.0,1.0,1.0,15-16 años,6.3668999087644504,0,1,1,0
1,10.0,1.0,1.0,3.0,6.0,2.0,581.25,1.0,8.0,1.0,1.0,6-11 años,6.3668999087644504,0,1,1,0
0,19.0,2.0,1.0,3.0,6.0,2.0,1497.3865966796875,5.0,8.0,1.0,1.0,17-19 años,7.312144206001569,0,1,1,1
1,17.0,1.0,1.0,3.0,6.0,1.0,1497.3865966796875,3.0,8.0,1.0,1.0,17-19 años,7.312144206001569,0,1,1,0
1,12.0,1.0,1.0,3.0,6.0,2.0,1497.3865966796875,1.0,8.0,1.0,1.0,12-14 años,7.312144206001569,0,1,1,0
0,17.0,1.0,1.0,3.0,6.0,2.0,3125.93310546875,3.0,8.0,1.0,1.0,17-19 años,8.047807964670255,0,1,1,1
1,6.0,1.0,1.0,3.0,6.0,2.0,7848.47900390625,0.0,8.0,1.0,1.0,6-11 años,8.968202439644799,0,1,1,0
1,15.0,1.0,1.0,3.0,6.0,2.0,576.6666870117188,1.0,8.0,1.0,1.0,15-16 años,6.358997036266858,0,1,1,0
1,11.0,2.0,1.0,3.0,6.0,2.0,1612.0999755859375,1.0,8.0,1.0,1.0,6-11 años,7.38591305734887,0,1,1,0
1,17.0,2.0,1.0,3.0,6.0,2.0,836.6666870117188,3.0,8.0,5.0,1.0,17-19 años,6.7306202731632485,0,1,0,0
1,14.0,2.0,1.0,3.0,6.0,2.0,836.6666870117188,3.0,8.0,5.0,1.0,12-14 años,6.7306202731632485,0,1,0,0
1,11.0,2.0,1.0,3.0,6.0,2.0,1992.416748046875,1.0,5.0,1.0,1.0,6-11 años,7.597605404247271,0,1,1,0
1,14.0,1.0,1.0,3.0,6.0,2.0,2250.0,3.0,8.0,1.0,1.0,12-14 años,7.719129840906732,0,1,1,0
1,8.0,2.0,1.0,3.0,6.0,2.0,2250.0,1.0,8.0,1.0,1.0,6-11 años,7.719129840906732,0,1,1,0
1,18.0,2.0,1.0,3.0,6.0,2.0,1485.4166259765625,4.0,5.0,1.0,1.0,17-19 años,7.304123553395674,0,1,1,0
1,17.0,1.0,1.0,3.0,6.0,2.0,1485.4166259765625,3.0,5.0,1.0,1.0,17-19 años,7.304123553395674,0,1,1,0
1,15.0,1.0,1.0,3.0,6.0,2.0,1485.4166259765625,3.0,5.0,1.0,1.0,15-16 años,7.304123553395674,0,1,1,0
1,7.0,2.0,1.0,3.0,6.0,2.0,1485.4166259765625,1.0,5.0,1.0,1.0,6-11 años,7.304123553395674,0,1,1,0
1,14.0,2.0,1.0,3.0,6.0,2.0,1180.0,3.0,8.0,1.0,1.0,12-14 años,7.074116816197362,0,1,1,0
1,9.0,2.0,1.0,3.0,6.0,2.0,1180.0,1.0,8.0,1.0,1.0,6-11 años,7.074116816197362,0,1,1,0
1,8.0,1.0,1.0,3.0,6.0,2.0,1180.0,1.0,8.0,1.0,1.0,6-11 años,7.074116816197362,0,1,1,0
1,8.0,1.0,1.0,3.0,27.0,2.0,2855.166748046875,0.0,8.0,9.0,1.0,6-11 años,7.9572357069256014,0,1,0,0
1,14.0,1.0,1.0,3.0,27.0,2.0,525.0,3.0,5.0,9.0,1.0,12-14 años,6.26530121273771,0,1,0,0
1,6.0,2.0,1.0,3.0,6.0,2.0,1242.2222900390625,0.0,5.0,9.0,1.0,6-11 años,7.125461909020751,0,1,0,0
1,10.0,1.0,1.0,3.0,6.0,2.0,2235.56396484375,1.0,8.0,9.0,1.0,6-11 años,7.712696022885895,0,1,0,0
1,6.0,1.0,1.0,3.0,6.0,2.0,984.25,0.0,8.0,9.0,1.0,6-11 años,6.892895416075113,0,1,0,0
1,13.0,1.0,1.0,3.0,6.0,2.0,1012.0,3.0,8.0,9.0,1.0,12-14 años,6.920671504248683,0,1,0,0
1,11.0,2.0,1.0,3.0,6.0,2.0,1012.0,1.0,8.0,9.0,1.0,6-11 años,6.920671504248683,0,1,0,0
1,9.0,2.0,1.0,3.0,6.0,2.0,2891.666748046875,1.0,6.0,9.0,1.0,6-11 años,7.9699341058234685,0,1,0,0
1,8.0,1.0,1.0,3.0,6.0,2.0,3343.333251953125,1.0,8.0,9.0,1.0,6-11 años,8.115022625923741,0,1,0,0
1,16.0,2.0,1.0,3.0,6.0,2.0,2377.66650390625,3.0,5.0,9.0,1.0,15-16 años,7.77429531716667,0,1,0,0
1,17.0,2.0,1.0,3.0,6.0,2.0,741.6666870117188,3.0,8.0,9.0,1.0,17-19 años,6.610247339773659,0,1,0,0
1,14.0,2.0,1.0,3.0,6.0,2.0,741.6666870117188,3.0,8.0,9.0,1.0,12-14 años,6.610247339773659,0,1,0,0
1,11.0,1.0,1.0,3.0,6.0,2.0,741.6666870117188,1.0,8.0,9.0,1.0,6-11 años,6.610247339773659,0,1,0,0
1,8.0,1.0,1.0,3.0,6.0,2.0,741.6666870117188,1.0,8.0,9.0,1.0,6-11 años,6.610247339773659,0,1,0,0
1,17.0,2.0,1.0,3.0,6.0,2.0,741.6666870117188,3.0,8.0,9.0,1.0,17-19 años,6.610247339773659,0,1,0,0
1,16.0,2.0,1.0,3.0,6.0,2.0,1103.333251953125,3.0,8.0,9.0,1.0,15-16 años,7.006997039940076,0,1,0,0
1,14.0,2.0,1.0,3.0,6.0,2.0,2060.0,3.0,8.0,9.0,1.0,12-14 años,7.630946580890459,0,1,0,0
1,18.0,1.0,1.0,3.0,6.0,1.0,2043.0556640625,4.0,8.0,9.0,1.0,17-19 años,7.622691183860076,0,1,0,0
1,15.0,1.0,1.0,3.0,6.0,1.0,2043.0556640625,3.0,8.0,9.0,1.0,15-16 años,7.622691183860076,0,1,0,0
1,10.0,2.0,1.0,3.0,6.0,1.0,2043.0556640625,1.0,8.0,9.0,1.0,6-11 años,7.622691183860076,0,1,0,0
1,13.0,1.0,1.0,3.0,6.0,2.0,1353.25830078125,2.0,8.0,1.0,1.0,12-14 años,7.21100920394972,0,1,1,0
1,9.0,1.0,1.0,3.0,6.0,2.0,1353.25830078125,1.0,8.0,1.0,1.0,6-11 años,7.21100920394972,0,1,1,0
1,10.0,2.0,1.0,3.0,6.0,2.0,840.2833862304688,1.0,8.0,1.0,1.0,6-11 años,6.734928566626689,0,1,1,0
1,8.0,1.0,1.0,3.0,6.0,2.0,840.2833862304688,1.0,8.0,1.0,1.0,6-11 años,6.734928566626689,0,1,1,0
1,19.0,1.0,1.0,3.0,6.0,2.0,1737.5665283203125,3.0,8.0,1.0,1.0,17-19 años,7.460816218371933,0,1,1,0
1,17.0,2.0,1.0,3.0,6.0,2.0,9539.833984375,3.0,8.0,1.0,1.0,17-19 años,9.163336180367256,0,1,1,0
1,11.0,1.0,1.0,3.0,6.0,2.0,1812.7142333984375,1.0,5.0,1.0,1.0,6-11 años,7.50313208430634,0,1,1,0
1,13.0,1.0,1.0,3.0,6.0,2.0,561.8333129882812,2.0,5.0,2.0,1.0,12-14 años,6.332983515009952,0,1,1,0
1,11.0,1.0,1.0,3.0,6.0,2.0,561.8333129882812,1.0,5.0,2.0,1.0,6-11 años,6.332983515009952,0,1,1,0
1,7.0,1.0,1.0,3.0,6.0,2.0,561.8333129882812,1.0,5.0,2.0,1.0,6-11 años,6.332983515009952,0,1,1,0
1,10.0,2.0,1.0,3.0,6.0,2.0,1533.3333740234375,1.0,8.0,9.0,1.0,6-11 años,7.335851281668861,0,1,0,0
1,15.0,1.0,1.0,3.0,6.0,2.0,1188.3333740234375,3.0,8.0,9.0,1.0,15-16 años,7.081148239244321,0,1,0,0
1,13.0,2.0,1.0,3.0,6.0,2.0,1188.3333740234375,3.0,8.0,9.0,1.0,12-14 años,7.081148239244321,0,1,0,0
1,13.0,1.0,1.0,3.0,6.0,2.0,1949.75,3.0,8.0,1.0,1.0,12-14 años,7.575969192996871,0,1,1,0
1,10.0,1.0,1.0,3.0,6.0,2.0,1152.5,1.0,1.0,9.0,1.0,6-11 años,7.050556077613808,0,1,0,0
1,17.0,1.0,1.0,3.0,6.0,2.0,2600.5,3.0,5.0,1.0,1.0,17-19 años,7.863843480730358,0,1,1,0
1,11.0,1.0,1.0,3.0,6.0,2.0,1702.7476806640625,2.0,8.0,2.0,1.0,6-11 años,7.440585621697453,0,1,1,0
1,8.0,2.0,1.0,3.0,6.0,2.0,1702.7476806640625,1.0,8.0,2.0,1.0,6-11 años,7.440585621697453,0,1,1,0
1,6.0,1.0,1.0,3.0,6.0,2.0,1702.7476806640625,1.0,8.0,2.0,1.0,6-11 años,7.440585621697453,0,1,1,0
1,10.0,1.0,1.0,3.0,6.0,2.0,2401.5,1.0,8.0,2.0,1.0,6-11 años,7.784265140844448,0,1,1,0
1,7.0,1.0,1.0,3.0,6.0,2.0,2401.5,1.0,8.0,2.0,1.0,6-11 años,7.784265140844448,0,1,1,0
1,16.0,2.0,1.0,3.0,6.0,2.0,781.4000244140625,3.0,5.0,9.0,1.0,15-16 años,6.662366149924675,0,1,0,0
1,12.0,2.0,1.0,3.0,6.0,2.0,781.4000244140625,1.0,5.0,9.0,1.0,12-14 años,6.662366149924675,0,1,0,0
1,9.0,2.0,1.0,3.0,6.0,2.0,846.8499755859375,1.0,5.0,9.0,1.0,6-11 años,6.742703704557875,0,1,0,0
1,6.0,2.0,1.0,3.0,6.0,2.0,846.8499755859375,0.0,5.0,9.0,1.0,6-11 años,6.742703704557875,0,1,0,0
1,13.0,2.0,1.0,3.0,6.0,2.0,2036.7666015625,3.0,5.0,1.0,1.0,12-14 años,7.619609683947882,0,1,1,0
1,12.0,1.0,1.0,3.0,6.0,2.0,1083.75,2.0,8.0,1.0,1.0,12-14 años,6.98910482467846,0,1,1,0
1,9.0,2.0,1.0,3.0,6.0,2.0,1335.8333740234375,1.0,8.0,1.0,1.0,6-11 años,7.198058942576548,0,1,1,0
1,16.0,1.0,1.0,3.0,6.0,2.0,1931.346435546875,3.0,8.0,1.0,1.0,15-16 años,7.566490313162802,0,1,1,0
1,10.0,1.0,1.0,3.0,6.0,2.0,1240.0,1.0,8.0,1.0,1.0,6-11 años,7.123672785204607,0,1,1,0
1,9.0,2.0,1.0,3.0,6.0,2.0,1240.0,1.0,8.0,1.0,1.0,6-11 años,7.123672785204607,0,1,1,0
1,19.0,2.0,1.0,3.0,6.0,2.0,1240.0,4.0,8.0,1.0,1.0,17-19 años,7.123672785204607,0,1,1,0
1,18.0,1.0,1.0,3.0,6.0,2.0,1640.1856689453125,3.0,8.0,1.0,1.0,17-19 años,7.403174228471237,0,1,1,0
1,11.0,1.0,1.0,3.0,6.0,2.0,1640.1856689453125,1.0,8.0,1.0,1.0,6-11 años,7.403174228471237,0,1,1,0
1,16.0,2.0,1.0,3.0,6.0,2.0,1578.7999267578125,3.0,5.0,1.0,1.0,15-16 años,7.365053489368634,0,1,1,0
1,10.0,2.0,1.0,3.0,6.0,2.0,3516.666748046875,1.0,8.0,1.0,1.0,6-11 años,8.165553193137693,0,1,1,0
1,8.0,1.0,1.0,3.0,6.0,2.0,3516.666748046875,1.0,8.0,1.0,1.0,6-11 años,8.165553193137693,0,1,1,0
1,12.0,1.0,1.0,3.0,6.0,2.0,1429.9566650390625,2.0,1.0,1.0,1.0,12-14 años,7.266098496106341,0,1,1,0
1,12.0,1.0,1.0,3.0,6.0,2.0,2031.1666259765625,1.0,5.0,1.0,1.0,12-14 años,7.616857806309194,0,1,1,0
1,15.0,1.0,1.0,3.0,6.0,2.0,1129.083251953125,3.0,5.0,5.0,1.0,15-16 años,7.03004658328737,0,1,0,0
1,8.0,1.0,1.0,3.0,6.0,2.0,1129.083251953125,1.0,5.0,5.0,1.0,6-11 años,7.03004658328737,0,1,0,0
1,12.0,2.0,1.0,3.0,6.0,2.0,4245.89990234375,1.0,8.0,5.0,1.0,12-14 años,8.353944561008852,0,1,0,0
1,13.0,2.0,1.0,3.0,6.0,2.0,889.875,3.0,8.0,5.0,1.0,12-14 años,6.7922041258220345,0,1,0,0
1,12.0,2.0,1.0,3.0,6.0,2.0,889.875,1.0,8.0,5.0,1.0,12-14 años,6.7922041258220345,0,1,0,0
1,15.0,2.0,1.0,3.0,6.0,2.0,1560.8499755859375,3.0,8.0,5.0,1.0,15-16 años,7.353626279427049,0,1,0,0
1,13.0,1.0,1.0,3.0,6.0,2.0,1203.0,3.0,5.0,9.0,1.0,12-14 años,7.093404625868766,0,1,0,0
1,8.0,2.0,1.0,3.0,6.0,2.0,1203.0,1.0,5.0,9.0,1.0,6-11 años,7.093404625868766,0,1,0,0
1,18.0,1.0,1.0,3.0,6.0,2.0,1300.0,4.0,8.0,9.0,1.0,17-19 años,7.170888478512505,0,1,0,0
1,13.0,1.0,1.0,3.0,6.0,2.0,605.5999755859375,1.0,5.0,9.0,1.0,12-14 años,6.407869555007097,0,1,0,0
1,8.0,2.0,1.0,3.0,6.0,2.0,605.5999755859375,1.0,5.0,9.0,1.0,6-11 años,6.407869555007097,0,1,0,0
1,6.0,2.0,1.0,3.0,6.0,2.0,605.5999755859375,0.0,5.0,9.0,1.0,6-11 años,6.407869555007097,0,1,0,0
1,17.0,1.0,1.0,3.0,6.0,2.0,1435.5799560546875,3.0,5.0,5.0,1.0,17-19 años,7.270020537193852,0,1,0,0
1,10.0,2.0,1.0,3.0,6.0,2.0,1435.5799560546875,1.0,5.0,5.0,1.0,6-11 años,7.270020537193852,0,1,0,0
1,14.0,2.0,1.0,3.0,6.0,2.0,807.4074096679688,3.0,5.0,9.0,1.0,12-14 años,6.695066151331063,0,1,0,0
1,10.0,1.0,1.0,3.0,6.0,2.0,807.4074096679688,1.0,5.0,9.0,1.0,6-11 años,6.695066151331063,0,1,0,0
1,18.0,2.0,1.0,3.0,6.0,2.0,2427.800048828125,3.0,8.0,9.0,1.0,17-19 años,7.795152607305117,0,1,0,0
1,10.0,2.0,1.0,3.0,6.0,2.0,2427.800048828125,1.0,8.0,9.0,1.0,6-11 años,7.795152607305117,0,1,0,0
1,9.0,2.0,1.0,3.0,6.0,2.0,2427.800048828125,1.0,8.0,9.0,1.0,6-11 años,7.795152607305117,0,1,0,0
1,17.0,1.0,1.0,3.0,6.0,2.0,787.4080200195312,3.0,8.0,9.0,1.0,17-19 años,6.670015747752867,0,1,0,0
1,8.0,1.0,1.0,3.0,6.0,2.0,1711.0693359375,1.0,5.0,2.0,1.0,6-11 años,7.445458055845079,0,1,1,0
1,10.0,2.0,1.0,3.0,6.0,2.0,1012.7449951171875,1.0,5.0,1.0,1.0,6-11 años,6.921406668418361,0,1,1,0
0,19.0,2.0,1.0,3.0,27.0,2.0,880.8800048828125,4.0,5.0,1.0,1.0,17-19 años,6.782055997865602,0,1,1,1
1,19.0,1.0,1.0,3.0,6.0,2.0,2695.9248046875,4.0,8.0,1.0,1.0,17-19 años,7.89986744165631,0,1,1,0
1,15.0,1.0,1.0,3.0,6.0,2.0,4877.25,3.0,8.0,1.0,1.0,15-16 años,8.492541827975108,0,1,1,0
1,17.0,1.0,1.0,3.0,6.0,2.0,680.0,3.0,8.0,1.0,1.0,17-19 años,6.523562306149512,0,1,1,0
1,12.0,1.0,1.0,3.0,6.0,2.0,680.0,2.0,8.0,1.0,1.0,12-14 años,6.523562306149512,0,1,1,0
1,15.0,2.0,1.0,3.0,6.0,2.0,1941.6666259765625,3.0,8.0,1.0,1.0,15-16 años,7.571816857701496,0,1,1,0
1,12.0,1.0,1.0,3.0,6.0,2.0,1941.6666259765625,3.0,8.0,1.0,1.0,12-14 años,7.571816857701496,0,1,1,0
1,11.0,1.0,1.0,3.0,6.0,2.0,1817.1444091796875,1.0,8.0,1.0,1.0,6-11 años,7.505571704574918,0,1,1,0
1,6.0,2.0,1.0,3.0,6.0,2.0,1817.1444091796875,0.0,8.0,1.0,1.0,6-11 años,7.505571704574918,0,1,1,0
0,19.0,1.0,1.0,3.0,6.0,2.0,704.7999877929688,3.0,5.0,2.0,1.0,17-19 años,6.559331893945857,0,1,1,1
1,16.0,2.0,1.0,3.0,6.0,2.0,704.7999877929688,3.0,5.0,2.0,1.0,15-16 años,6.559331893945857,0,1,1,0
1,14.0,1.0,1.0,3.0,6.0,2.0,556.6666870117188,3.0,5.0,1.0,1.0,12-14 años,6.323761448801174,0,1,1,0
1,13.0,1.0,1.0,3.0,6.0,2.0,556.6666870117188,2.0,5.0,1.0,1.0,12-14 años,6.323761448801174,0,1,1,0
1,12.0,2.0,1.0,3.0,6.0,2.0,556.6666870117188,1.0,5.0,1.0,1.0,12-14 años,6.323761448801174,0,1,1,0
1,11.0,1.0,1.0,3.0,6.0,2.0,556.6666870117188,1.0,5.0,1.0,1.0,6-11 años,6.323761448801174,0,1,1,0
1,6.0,1.0,1.0,3.0,6.0,2.0,1284.050048828125,0.0,8.0,1.0,1.0,6-11 años,7.1585529450752245,0,1,1,0
1,14.0,2.0,1.0,3.0,6.0,2.0,345.40997314453125,3.0,5.0,2.0,1.0,12-14 años,5.8476229671067745,0,1,1,0
1,15.0,1.0,1.0,3.0,6.0,2.0,1464.0,3.0,8.0,1.0,1.0,15-16 años,7.289610521451167,0,1,1,0
1,16.0,1.0,1.0,3.0,6.0,2.0,2706.25,3.0,8.0,1.0,1.0,15-16 años,7.903688638508489,0,1,1,0
1,13.0,2.0,1.0,3.0,6.0,2.0,2706.25,3.0,8.0,1.0,1.0,12-14 años,7.903688638508489,0,1,1,0
1,9.0,2.0,1.0,3.0,6.0,2.0,1657.708251953125,1.0,8.0,1.0,1.0,6-11 años,7.413794416951768,0,1,1,0
1,9.0,2.0,1.0,3.0,6.0,2.0,1657.708251953125,1.0,8.0,1.0,1.0,6-11 años,7.413794416951768,0,1,1,0
1,13.0,2.0,1.0,3.0,6.0,2.0,3241.666748046875,3.0,8.0,1.0,1.0,12-14 años,8.08415134063453,0,1,1,0
1,18.0,2.0,1.0,3.0,6.0,2.0,2751.041748046875,3.0,8.0,1.0,1.0,17-19 años,7.920098369013343,0,1,1,0
1,16.0,2.0,1.0,3.0,6.0,2.0,2751.041748046875,3.0,8.0,1.0,1.0,15-16 años,7.920098369013343,0,1,1,0
1,16.0,1.0,1.0,3.0,6.0,2.0,3113.333251953125,3.0,8.0,1.0,1.0,15-16 años,8.043770363993985,0,1,1,0
1,14.0,2.0,1.0,3.0,6.0,2.0,1000.8333129882812,3.0,8.0,7.0,1.0,12-14 años,6.9095869135032855,0,1,0,0
1,11.0,2.0,1.0,3.0,6.0,2.0,1000.8333129882812,1.0,8.0,7.0,1.0,6-11 años,6.9095869135032855,0,1,0,0
1,9.0,2.0,1.0,3.0,6.0,2.0,1000.8333129882812,1.0,8.0,7.0,1.0,6-11 años,6.9095869135032855,0,1,0,0
1,18.0,2.0,1.0,3.0,6.0,2.0,1000.8333129882812,3.0,8.0,7.0,1.0,17-19 años,6.9095869135032855,0,1,0,0
1,16.0,2.0,1.0,3.0,6.0,2.0,1482.783203125,3.0,8.0,7.0,1.0,15-16 años,7.3023503235168,0,1,0,0
1,14.0,1.0,1.0,3.0,6.0,2.0,1482.783203125,3.0,8.0,7.0,1.0,12-14 años,7.3023503235168,0,1,0,0
1,15.0,1.0,1.0,3.0,6.0,1.0,1923.0,3.0,8.0,7.0,1.0,15-16 años,7.562161631225652,0,1,0,0
1,12.0,2.0,1.0,3.0,6.0,1.0,1923.0,1.0,8.0,7.0,1.0,12-14 años,7.562161631225652,0,1,0,0
1,17.0,2.0,1.0,3.0,6.0,2.0,1204.6888427734375,3.0,5.0,7.0,1.0,17-19 años,7.094806336346881,0,1,0,0
1,15.0,2.0,1.0,3.0,6.0,2.0,1204.6888427734375,3.0,5.0,7.0,1.0,15-16 años,7.094806336346881,0,1,0,0
1,13.0,2.0,1.0,3.0,6.0,2.0,1204.6888427734375,3.0,5.0,7.0,1.0,12-14 años,7.094806336346881,0,1,0,0
1,12.0,2.0,1.0,3.0,6.0,2.0,1578.800048828125,2.0,5.0,7.0,1.0,12-14 años,7.365053566638107,0,1,0,0
1,11.0,1.0,1.0,3.0,6.0,2.0,522.8428344726562,1.0,5.0,7.0,1.0,6-11 años,6.261191705119292,0,1,0,0
1,8.0,1.0,1.0,3.0,6.0,2.0,522.8428344726562,1.0,5.0,7.0,1.0,6-11 años,6.261191705119292,0,1,0,0
1,15.0,1.0,1.0,3.0,6.0,2.0,2907.466796875,3.0,5.0,7.0,1.0,15-16 años,7.975381347392583,0,1,0,0
1,13.0,1.0,1.0,3.0,6.0,2.0,2907.466796875,3.0,5.0,7.0,1.0,12-14 años,7.975381347392583,0,1,0,0
1,10.0,1.0,1.0,3.0,6.0,2.0,2907.466796875,1.0,5.0,7.0,1.0,6-11 años,7.975381347392583,0,1,0,0
1,18.0,2.0,1.0,3.0,6.0,2.0,3750.0,3.0,8.0,7.0,1.0,17-19 años,8.229777750081887,0,1,0,0
1,17.0,1.0,1.0,3.0,6.0,2.0,3750.0,3.0,8.0,7.0,1.0,17-19 años,8.229777750081887,0,1,0,0
1,11.0,2.0,1.0,3.0,6.0,2.0,2554.166748046875,2.0,8.0,9.0,1.0,6-11 años,7.845872763931674,0,1,0,0
1,9.0,2.0,1.0,3.0,6.0,2.0,2554.166748046875,1.0,8.0,9.0,1.0,6-11 años,7.845872763931674,0,1,0,0
1,13.0,1.0,1.0,3.0,6.0,2.0,592.5,3.0,5.0,9.0,1.0,12-14 años,6.386037214049723,0,1,0,0
1,9.0,2.0,1.0,3.0,6.0,2.0,592.5,1.0,5.0,9.0,1.0,6-11 años,6.386037214049723,0,1,0,0
1,9.0,1.0,1.0,3.0,6.0,2.0,2196.243896484375,1.0,8.0,9.0,1.0,6-11 años,7.694959079643366,0,1,0,0
1,6.0,1.0,1.0,3.0,6.0,2.0,2196.243896484375,0.0,8.0,9.0,1.0,6-11 años,7.694959079643366,0,1,0,0
1,19.0,2.0,1.0,3.0,6.0,2.0,1500.0,4.0,8.0,9.0,1.0,17-19 años,7.313886831633462,0,1,0,0
1,16.0,1.0,1.0,3.0,6.0,2.0,2967.983154296875,3.0,5.0,5.0,1.0,15-16 años,7.995974800883357,0,1,0,0
1,18.0,2.0,1.0,3.0,6.0,2.0,829.8571166992188,3.0,5.0,5.0,1.0,17-19 años,6.722457838674983,0,1,0,0
1,9.0,2.0,1.0,3.0,6.0,2.0,829.8571166992188,1.0,5.0,5.0,1.0,6-11 años,6.722457838674983,0,1,0,0
1,8.0,2.0,1.0,3.0,6.0,2.0,829.8571166992188,1.0,5.0,5.0,1.0,6-11 años,6.722457838674983,0,1,0,0
1,11.0,2.0,1.0,3.0,6.0,2.0,2038.183349609375,1.0,8.0,5.0,1.0,6-11 años,7.620304687870359,0,1,0,0
1,12.0,1.0,1.0,3.0,6.0,2.0,1264.0,1.0,5.0,5.0,1.0,12-14 años,7.142827401161621,0,1,0,0
1,9.0,1.0,1.0,3.0,6.0,2.0,1264.0,1.0,5.0,5.0,1.0,6-11 años,7.142827401161621,0,1,0,0
1,7.0,2.0,1.0,3.0,6.0,2.0,1287.050048828125,0.0,5.0,5.0,1.0,6-11 años,7.160884763695166,0,1,0,0
1,11.0,1.0,1.0,3.0,6.0,2.0,2375.0,1.0,5.0,9.0,1.0,6-11 años,7.773173680482536,0,1,0,0
1,12.0,2.0,1.0,3.0,6.0,2.0,1545.0,3.0,8.0,9.0,1.0,12-14 años,7.343426229147367,0,1,0,0
1,15.0,1.0,1.0,3.0,6.0,2.0,3616.0,3.0,8.0,9.0,1.0,15-16 años,8.193400231952097,0,1,0,0
1,9.0,2.0,1.0,3.0,6.0,2.0,3616.0,1.0,8.0,9.0,1.0,6-11 años,8.193400231952097,0,1,0,0
1,16.0,2.0,1.0,3.0,6.0,2.0,1570.800048828125,3.0,5.0,9.0,1.0,15-16 años,7.359976769497175,0,1,0,0
1,11.0,2.0,1.0,3.0,6.0,2.0,1570.800048828125,1.0,5.0,9.0,1.0,6-11 años,7.359976769497175,0,1,0,0
1,8.0,1.0,1.0,3.0,6.0,2.0,479.7221984863281,1.0,5.0,9.0,1.0,6-11 años,6.175289553335086,0,1,0,0
1,6.0,1.0,1.0,3.0,6.0,2.0,479.7221984863281,1.0,5.0,9.0,1.0,6-11 años,6.175289553335086,0,1,0,0
1,16.0,1.0,1.0,3.0,6.0,2.0,933.7039794921875,3.0,5.0,9.0,1.0,15-16 años,6.8402298796868966,0,1,0,0
1,13.0,1.0,1.0,3.0,6.0,2.0,933.7039794921875,1.0,5.0,9.0,1.0,12-14 años,6.8402298796868966,0,1,0,0
1,13.0,2.0,1.0,3.0,6.0,2.0,1492.674072265625,3.0,5.0,9.0,1.0,12-14 años,7.308994184105491,0,1,0,0
1,10.0,2.0,1.0,3.0,6.0,2.0,1492.674072265625,1.0,5.0,9.0,1.0,6-11 años,7.308994184105491,0,1,0,0
1,11.0,1.0,1.0,3.0,6.0,2.0,2479.13916015625,1.0,6.0,9.0,1.0,6-11 años,7.816069950550984,0,1,0,0
1,16.0,1.0,1.0,3.0,6.0,2.0,2123.0048828125,3.0,8.0,9.0,1.0,15-16 años,7.6610586812351285,0,1,0,0
1,18.0,1.0,1.0,3.0,6.0,2.0,4300.59423828125,3.0,8.0,9.0,1.0,17-19 años,8.366740986058373,0,1,0,0
1,6.0,2.0,1.0,3.0,6.0,2.0,4174.58349609375,0.0,5.0,9.0,1.0,6-11 años,8.337009387062913,0,1,0,0
1,8.0,2.0,1.0,3.0,6.0,2.0,1513.3333740234375,1.0,8.0,1.0,1.0,6-11 años,7.322730603961272,0,1,1,0
1,14.0,1.0,1.0,3.0,6.0,2.0,64.0,3.0,8.0,1.0,1.0,12-14 años,4.174387269895637,0,1,1,0
1,7.0,1.0,1.0,3.0,6.0,2.0,64.0,1.0,8.0,1.0,1.0,6-11 años,4.174387269895637,0,1,1,0
1,19.0,2.0,1.0,3.0,6.0,2.0,64.0,5.0,8.0,1.0,1.0,17-19 años,4.174387269895637,0,1,1,0
1,15.0,1.0,1.0,3.0,6.0,2.0,901.6875,3.0,8.0,1.0,1.0,15-16 años,6.805376424861386,0,1,1,0
1,10.0,2.0,1.0,3.0,6.0,2.0,901.6875,1.0,8.0,1.0,1.0,6-11 años,6.805376424861386,0,1,1,0
1,18.0,1.0,1.0,3.0,6.0,2.0,1268.3333740234375,3.0,8.0,1.0,1.0,17-19 años,7.146247139299425,0,1,1,0
1,14.0,2.0,1.0,3.0,6.0,2.0,1011.53125,3.0,5.0,1.0,1.0,12-14 años,6.920208662701936,0,1,1,0
1,12.0,2.0,1.0,3.0,6.0,2.0,1011.53125,2.0,5.0,1.0,1.0,12-14 años,6.920208662701936,0,1,1,0
1,17.0,1.0,1.0,3.0,6.0,2.0,1113.9888916015625,3.0,8.0,1.0,1.0,17-19 años,7.016599721155409,0,1,1,0
1,17.0,1.0,1.0,3.0,6.0,2.0,1235.0,3.0,8.0,1.0,1.0,17-19 años,7.119635638017636,0,1,1,0
1,7.0,1.0,1.0,3.0,6.0,2.0,1235.0,1.0,8.0,1.0,1.0,6-11 años,7.119635638017636,0,1,1,0
1,10.0,1.0,1.0,3.0,6.0,2.0,2867.5,1.0,6.0,1.0,1.0,6-11 años,7.961544524041925,0,1,1,0
1,9.0,1.0,1.0,3.0,6.0,2.0,1555.5555419921875,1.0,8.0,1.0,1.0,6-11 años,7.350230673146188,0,1,1,0
1,17.0,1.0,1.0,3.0,6.0,2.0,1664.953369140625,3.0,8.0,1.0,1.0,17-19 años,7.4181528326235595,0,1,1,0
1,15.0,1.0,1.0,3.0,6.0,2.0,1664.953369140625,3.0,8.0,1.0,1.0,15-16 años,7.4181528326235595,0,1,1,0
1,9.0,1.0,1.0,3.0,6.0,2.0,1664.953369140625,1.0,8.0,1.0,1.0,6-11 años,7.4181528326235595,0,1,1,0
1,19.0,2.0,1.0,3.0,6.0,2.0,3033.2890625,3.0,8.0,1.0,1.0,17-19 años,8.017732429760406,0,1,1,0
1,15.0,2.0,1.0,3.0,6.0,2.0,3033.2890625,3.0,8.0,1.0,1.0,15-16 años,8.017732429760406,0,1,1,0
1,19.0,2.0,1.0,3.0,6.0,2.0,2981.133544921875,4.0,5.0,1.0,1.0,17-19 años,8.00039427799794,0,1,1,0
1,6.0,2.0,1.0,3.0,6.0,2.0,2655.966552734375,0.0,8.0,1.0,1.0,6-11 años,7.884940357323175,0,1,1,0
1,15.0,1.0,1.0,3.0,6.0,2.0,502.0,3.0,8.0,1.0,1.0,15-16 años,6.220590170099739,0,1,1,0
1,11.0,1.0,1.0,3.0,6.0,2.0,502.0,1.0,8.0,1.0,1.0,6-11 años,6.220590170099739,0,1,1,0
1,8.0,1.0,1.0,3.0,6.0,2.0,502.0,1.0,8.0,1.0,1.0,6-11 años,6.220590170099739,0,1,1,0
1,18.0,1.0,1.0,3.0,6.0,2.0,783.75,3.0,8.0,1.0,1.0,17-19 años,6.665365195722063,0,1,1,0
1,9.0,2.0,1.0,3.0,6.0,2.0,1547.5833740234375,1.0,8.0,1.0,1.0,6-11 años,7.3450958397613455,0,1,1,0
1,8.0,2.0,1.0,3.0,6.0,2.0,1508.1888427734375,1.0,8.0,9.0,1.0,6-11 años,7.319327595254346,0,1,0,0
1,10.0,1.0,1.0,3.0,6.0,2.0,2228.333251953125,1.0,8.0,1.0,1.0,6-11 años,7.709457829592147,0,1,1,0
0,19.0,1.0,1.0,3.0,6.0,2.0,2479.771484375,4.0,5.0,9.0,1.0,17-19 años,7.816324873192202,0,1,0,1
1,15.0,1.0,1.0,3.0,6.0,2.0,2479.771484375,3.0,5.0,9.0,1.0,15-16 años,7.816324873192202,0,1,0,0
1,13.0,1.0,1.0,3.0,6.0,2.0,2479.771484375,2.0,5.0,9.0,1.0,12-14 años,7.816324873192202,0,1,0,0
1,12.0,1.0,1.0,3.0,6.0,2.0,2479.771484375,1.0,5.0,9.0,1.0,12-14 años,7.816324873192202,0,1,0,0
1,8.0,1.0,1.0,3.0,6.0,2.0,2479.771484375,1.0,5.0,9.0,1.0,6-11 años,7.816324873192202,0,1,0,0
1,7.0,1.0,1.0,3.0,6.0,2.0,2318.972412109375,1.0,5.0,9.0,1.0,6-11 años,7.749310573257487,0,1,0,0
1,11.0,1.0,1.0,3.0,6.0,2.0,2403.2880859375,1.0,8.0,1.0,1.0,6-11 años,7.7850091245558195,0,1,1,0
1,9.0,2.0,1.0,3.0,6.0,2.0,2403.2880859375,1.0,8.0,1.0,1.0,6-11 años,7.7850091245558195,0,1,1,0
1,17.0,1.0,1.0,3.0,6.0,2.0,2403.2880859375,3.0,8.0,1.0,1.0,17-19 años,7.7850091245558195,0,1,1,0
0,18.0,1.0,1.0,3.0,6.0,2.0,1549.0,4.0,5.0,1.0,1.0,17-19 años,7.346010209913293,0,1,1,1
1,17.0,1.0,1.0,3.0,6.0,2.0,1549.0,3.0,5.0,1.0,1.0,17-19 años,7.346010209913293,0,1,1,0
1,8.0,1.0,1.0,3.0,6.0,2.0,1549.0,1.0,5.0,1.0,1.0,6-11 años,7.346010209913293,0,1,1,0
1,19.0,2.0,1.0,3.0,6.0,2.0,671.1500244140625,4.0,5.0,2.0,1.0,17-19 años,6.510481566222603,0,1,1,0
0,18.0,1.0,1.0,3.0,6.0,2.0,2000.0,4.0,8.0,1.0,1.0,17-19 años,7.601402334583733,0,1,1,1
1,16.0,2.0,1.0,3.0,6.0,2.0,2561.89990234375,3.0,5.0,1.0,1.0,15-16 años,7.848894670721874,0,1,1,0
1,14.0,2.0,1.0,3.0,6.0,2.0,1229.7532958984375,3.0,5.0,9.0,1.0,12-14 años,7.1153816965940475,0,1,0,0
1,12.0,2.0,1.0,3.0,6.0,2.0,1229.7532958984375,2.0,5.0,9.0,1.0,12-14 años,7.1153816965940475,0,1,0,0
1,10.0,2.0,1.0,3.0,6.0,2.0,1229.7532958984375,1.0,5.0,9.0,1.0,6-11 años,7.1153816965940475,0,1,0,0
1,18.0,2.0,1.0,3.0,6.0,2.0,1324.4166259765625,3.0,5.0,1.0,1.0,17-19 años,7.189482123695385,0,1,1,0
1,10.0,2.0,1.0,3.0,6.0,2.0,1324.4166259765625,1.0,5.0,1.0,1.0,6-11 años,7.189482123695385,0,1,1,0
1,16.0,2.0,1.0,3.0,6.0,2.0,1379.21875,3.0,5.0,1.0,1.0,15-16 años,7.22999728008191,0,1,1,0
1,15.0,1.0,1.0,3.0,6.0,2.0,1379.21875,3.0,5.0,1.0,1.0,15-16 años,7.22999728008191,0,1,1,0
1,7.0,2.0,1.0,3.0,6.0,2.0,1379.21875,0.0,5.0,1.0,1.0,6-11 años,7.22999728008191,0,1,1,0
1,6.0,1.0,1.0,3.0,6.0,2.0,866.7041625976562,0.0,5.0,1.0,1.0,6-11 años,6.765850830065402,0,1,1,0
1,19.0,2.0,1.0,3.0,6.0,2.0,1000.0,5.0,8.0,1.0,1.0,17-19 años,6.90875477931522,0,1,1,0
1,12.0,1.0,1.0,3.0,6.0,2.0,3283.66259765625,1.0,8.0,1.0,1.0,12-14 años,8.097019215645581,0,1,1,0
1,18.0,2.0,1.0,3.0,6.0,2.0,3283.66259765625,3.0,8.0,1.0,1.0,17-19 años,8.097019215645581,0,1,1,0
1,14.0,1.0,1.0,3.0,6.0,2.0,2365.0,3.0,8.0,1.0,1.0,12-14 años,7.768956044538332,0,1,1,0
0,18.0,2.0,1.0,3.0,6.0,2.0,2750.0,4.0,8.0,1.0,1.0,17-19 años,7.919719760924575,0,1,1,1
1,12.0,1.0,1.0,3.0,6.0,2.0,872.7380981445312,1.0,8.0,1.0,1.0,12-14 años,6.77278067187531,0,1,1,0
1,8.0,1.0,1.0,3.0,6.0,2.0,872.7380981445312,1.0,8.0,1.0,1.0,6-11 años,6.77278067187531,0,1,1,0
1,8.0,1.0,1.0,3.0,6.0,2.0,1000.0,1.0,8.0,1.0,1.0,6-11 años,6.90875477931522,0,1,1,0
1,8.0,2.0,1.0,3.0,6.0,2.0,1316.929931640625,1.0,8.0,1.0,1.0,6-11 años,7.183817551009379,0,1,1,0
1,6.0,2.0,1.0,3.0,6.0,2.0,1316.929931640625,0.0,8.0,1.0,1.0,6-11 años,7.183817551009379,0,1,1,0
1,14.0,2.0,1.0,3.0,6.0,2.0,2383.333251953125,3.0,8.0,1.0,1.0,12-14 años,7.776674805309052,0,1,1,0
1,10.0,2.0,1.0,3.0,6.0,2.0,2383.333251953125,1.0,8.0,1.0,1.0,6-11 años,7.776674805309052,0,1,1,0
1,7.0,1.0,1.0,3.0,6.0,2.0,2383.333251953125,0.0,8.0,1.0,1.0,6-11 años,7.776674805309052,0,1,1,0
1,18.0,2.0,1.0,3.0,6.0,2.0,545.1666870117188,3.0,8.0,1.0,1.0,17-19 años,6.302924216721388,0,1,1,0
1,16.0,2.0,1.0,3.0,6.0,2.0,545.1666870117188,3.0,8.0,1.0,1.0,15-16 años,6.302924216721388,0,1,1,0
1,6.0,1.0,1.0,3.0,6.0,2.0,3291.66650390625,0.0,8.0,1.0,1.0,6-11 años,8.099453003001274,0,1,1,0
1,9.0,2.0,1.0,3.0,6.0,2.0,1842.9560546875,1.0,6.0,1.0,1.0,6-11 años,7.519668572318193,0,1,1,0
1,16.0,2.0,1.0,3.0,6.0,2.0,1287.5,3.0,8.0,1.0,1.0,15-16 años,7.1612340300924195,0,1,1,0
1,8.0,2.0,1.0,3.0,6.0,2.0,1287.5,1.0,8.0,1.0,1.0,6-11 años,7.1612340300924195,0,1,1,0
1,14.0,2.0,1.0,3.0,6.0,2.0,3060.5,3.0,5.0,1.0,1.0,12-14 años,8.02666027091801,0,1,1,0
1,14.0,2.0,1.0,3.0,6.0,2.0,2319.683349609375,3.0,5.0,1.0,1.0,12-14 años,7.7496169685352525,0,1,1,0
1,16.0,2.0,1.0,3.0,6.0,2.0,2491.666748046875,3.0,8.0,1.0,1.0,15-16 años,7.821108399516799,0,1,1,0
1,14.0,1.0,1.0,3.0,6.0,2.0,820.0,3.0,8.0,1.0,1.0,12-14 años,6.710523109452428,0,1,1,0
1,18.0,2.0,1.0,3.0,6.0,2.0,1141.666748046875,3.0,5.0,1.0,1.0,17-19 años,7.04112006226911,0,1,1,0
1,18.0,1.0,1.0,3.0,6.0,2.0,1141.666748046875,3.0,5.0,1.0,1.0,17-19 años,7.04112006226911,0,1,1,0
1,14.0,2.0,1.0,3.0,6.0,2.0,908.4933471679688,3.0,8.0,1.0,1.0,12-14 años,6.81288768310786,0,1,1,0
1,11.0,1.0,1.0,3.0,6.0,2.0,908.4933471679688,1.0,8.0,1.0,1.0,6-11 años,6.81288768310786,0,1,1,0
1,16.0,2.0,1.0,3.0,6.0,2.0,1228.800048828125,3.0,5.0,1.0,1.0,15-16 años,7.1146068732234875,0,1,1,0
1,15.0,2.0,1.0,3.0,6.0,2.0,1228.800048828125,3.0,5.0,1.0,1.0,15-16 años,7.1146068732234875,0,1,1,0
1,13.0,1.0,1.0,3.0,6.0,2.0,1228.800048828125,2.0,5.0,1.0,1.0,12-14 años,7.1146068732234875,0,1,1,0
0,19.0,2.0,1.0,3.0,995.0,2.0,1247.2559814453125,0.0,5.0,1.0,1.0,17-19 años,7.129502641234098,0,1,1,1
1,15.0,1.0,1.0,3.0,6.0,2.0,1247.2559814453125,3.0,5.0,1.0,1.0,15-16 años,7.129502641234098,0,1,1,0
1,12.0,1.0,1.0,3.0,995.0,2.0,1247.2559814453125,1.0,5.0,1.0,1.0,12-14 años,7.129502641234098,0,1,1,0
1,7.0,1.0,1.0,3.0,6.0,2.0,1247.2559814453125,0.0,5.0,1.0,1.0,6-11 años,7.129502641234098,0,1,1,0
1,15.0,1.0,1.0,3.0,6.0,2.0,1172.5,3.0,8.0,1.0,1.0,15-16 años,7.067746015291078,0,1,1,0
1,18.0,1.0,1.0,3.0,6.0,2.0,2225.119873046875,3.0,5.0,1.0,1.0,17-19 años,7.708015381709403,0,1,1,0
1,12.0,1.0,1.0,3.0,6.0,2.0,2437.91650390625,2.0,1.0,1.0,1.0,12-14 años,7.799309163889157,0,1,1,0
1,14.0,2.0,1.0,3.0,6.0,2.0,2653.533203125,3.0,5.0,2.0,1.0,12-14 años,7.884024100186222,0,1,1,0
1,12.0,2.0,1.0,3.0,6.0,2.0,780.0,2.0,8.0,1.0,1.0,12-14 años,6.660575149839686,0,1,1,0
1,11.0,1.0,1.0,3.0,6.0,2.0,780.0,1.0,8.0,1.0,1.0,6-11 años,6.660575149839686,0,1,1,0
1,19.0,2.0,1.0,3.0,6.0,2.0,944.8333740234375,4.0,8.0,1.0,1.0,17-19 años,6.852066416141922,0,1,1,0
1,9.0,1.0,1.0,3.0,6.0,1.0,944.8333740234375,1.0,8.0,1.0,1.0,6-11 años,6.852066416141922,0,1,1,0
1,6.0,1.0,1.0,3.0,6.0,1.0,944.8333740234375,0.0,8.0,1.0,1.0,6-11 años,6.852066416141922,0,1,1,0
1,13.0,1.0,1.0,3.0,6.0,2.0,1760.137939453125,3.0,5.0,1.0,1.0,12-14 años,7.473715435612047,0,1,1,0
1,7.0,2.0,1.0,3.0,6.0,2.0,1760.137939453125,1.0,5.0,1.0,1.0,6-11 años,7.473715435612047,0,1,1,0
1,17.0,2.0,1.0,3.0,6.0,2.0,1760.137939453125,3.0,5.0,1.0,1.0,17-19 años,7.473715435612047,0,1,1,0
1,19.0,1.0,1.0,3.0,6.0,2.0,1211.1112060546875,3.0,8.0,1.0,1.0,17-19 años,7.100118916590637,0,1,1,0
1,6.0,2.0,1.0,3.0,6.0,2.0,2219.333251953125,0.0,8.0,1.0,1.0,6-11 años,7.705412577092821,0,1,1,0
1,13.0,2.0,1.0,3.0,6.0,2.0,3573.33349609375,3.0,8.0,1.0,1.0,12-14 años,8.181534003087915,0,1,1,0
1,9.0,2.0,1.0,3.0,6.0,2.0,2800.0,1.0,8.0,1.0,1.0,6-11 años,7.937731775260109,0,1,1,0
1,17.0,1.0,1.0,3.0,54.0,2.0,2800.0,3.0,8.0,1.0,1.0,17-19 años,7.937731775260109,0,1,1,0
1,17.0,2.0,1.0,3.0,6.0,2.0,2918.2421875,3.0,5.0,1.0,1.0,17-19 años,7.979079336751164,0,1,1,0
1,12.0,1.0,1.0,3.0,6.0,2.0,1414.0,2.0,8.0,1.0,1.0,12-14 años,7.254884810077338,0,1,1,0
1,11.0,2.0,1.0,3.0,6.0,2.0,2928.666748046875,1.0,8.0,1.0,1.0,6-11 años,7.982643957674511,0,1,1,0
1,9.0,1.0,1.0,3.0,6.0,2.0,2928.666748046875,1.0,8.0,1.0,1.0,6-11 años,7.982643957674511,0,1,1,0
1,7.0,2.0,1.0,3.0,6.0,2.0,2928.666748046875,1.0,8.0,1.0,1.0,6-11 años,7.982643957674511,0,1,1,0
1,18.0,2.0,1.0,3.0,6.0,2.0,4770.0,4.0,8.0,1.0,1.0,17-19 años,8.470311205516108,0,1,1,0
1,14.0,2.0,1.0,3.0,6.0,2.0,4770.0,3.0,8.0,1.0,1.0,12-14 años,8.470311205516108,0,1,1,0
1,10.0,2.0,1.0,3.0,6.0,2.0,1923.2000732421875,1.0,8.0,2.0,1.0,6-11 años,7.5622656139908715,0,1,1,0
1,8.0,2.0,1.0,3.0,6.0,2.0,1923.2000732421875,1.0,8.0,2.0,1.0,6-11 años,7.5622656139908715,0,1,1,0
1,18.0,1.0,1.0,3.0,6.0,2.0,1950.333251953125,4.0,8.0,1.0,1.0,17-19 años,7.576268136878797,0,1,1,0
1,8.0,1.0,1.0,3.0,6.0,2.0,1950.333251953125,1.0,8.0,1.0,1.0,6-11 años,7.576268136878797,0,1,1,0
1,18.0,2.0,1.0,3.0,6.0,2.0,1485.6549072265625,5.0,8.0,1.0,1.0,17-19 años,7.304283846377427,0,1,1,0
1,11.0,1.0,1.0,3.0,6.0,2.0,1485.6549072265625,1.0,8.0,1.0,1.0,6-11 años,7.304283846377427,0,1,1,0
1,16.0,1.0,1.0,3.0,6.0,2.0,1791.5,3.0,8.0,1.0,1.0,15-16 años,7.491366572473775,0,1,1,0
1,16.0,1.0,1.0,3.0,6.0,2.0,1763.958251953125,3.0,8.0,1.0,1.0,15-16 años,7.475882315803306,0,1,1,0
1,19.0,2.0,1.0,3.0,6.0,2.0,1466.0,5.0,6.0,1.0,1.0,17-19 años,7.2909747781429814,0,1,1,0
1,13.0,2.0,1.0,3.0,6.0,2.0,807.5,3.0,5.0,1.0,1.0,12-14 años,6.695180679017161,0,1,1,0
1,13.0,2.0,1.0,3.0,6.0,2.0,1536.3333740234375,3.0,5.0,1.0,1.0,12-14 años,7.337804619188817,0,1,1,0
1,6.0,1.0,1.0,3.0,6.0,2.0,1273.3333740234375,1.0,8.0,1.0,1.0,6-11 años,7.150178476958805,0,1,1,0
1,15.0,1.0,1.0,3.0,6.0,2.0,1733.1666259765625,3.0,8.0,1.0,1.0,15-16 años,7.4582822461359,0,1,1,0
1,12.0,1.0,1.0,3.0,6.0,2.0,1360.0150146484375,3.0,8.0,1.0,1.0,12-14 años,7.215986034661471,0,1,1,0
1,7.0,1.0,1.0,3.0,6.0,2.0,1360.0150146484375,1.0,8.0,1.0,1.0,6-11 años,7.215986034661471,0,1,1,0
1,6.0,1.0,1.0,3.0,6.0,2.0,2473.4375,0.0,5.0,1.0,1.0,6-11 años,7.813768376445158,0,1,1,0
1,9.0,1.0,1.0,3.0,6.0,2.0,1200.833251953125,1.0,6.0,1.0,1.0,6-11 años,7.091603379975313,0,1,1,0
1,11.0,1.0,1.0,3.0,6.0,2.0,846.6666870117188,1.0,8.0,1.0,1.0,6-11 años,6.742487500755251,0,1,1,0
1,9.0,1.0,1.0,3.0,6.0,2.0,846.6666870117188,1.0,8.0,1.0,1.0,6-11 años,6.742487500755251,0,1,1,0
1,15.0,1.0,1.0,3.0,6.0,2.0,1154.1666259765625,3.0,8.0,1.0,1.0,15-16 años,7.051999877465485,0,1,1,0
1,12.0,1.0,1.0,3.0,6.0,2.0,1154.1666259765625,3.0,8.0,1.0,1.0,12-14 años,7.051999877465485,0,1,1,0
1,12.0,1.0,1.0,3.0,6.0,2.0,1369.1666259765625,2.0,5.0,2.0,1.0,12-14 años,7.222687636226885,0,1,1,0
1,14.0,1.0,1.0,3.0,6.0,2.0,2884.375,3.0,8.0,1.0,1.0,12-14 años,7.967410153164162,0,1,1,0
1,12.0,2.0,1.0,3.0,6.0,2.0,4027.472412109375,1.0,8.0,1.0,1.0,12-14 años,8.301142529014424,0,1,1,0
1,10.0,2.0,1.0,3.0,6.0,2.0,4027.472412109375,1.0,8.0,1.0,1.0,6-11 años,8.301142529014424,0,1,1,0
1,12.0,2.0,1.0,3.0,6.0,2.0,1479.8612060546875,1.0,8.0,1.0,1.0,12-14 años,7.300379093505239,0,1,1,0
1,7.0,1.0,1.0,3.0,6.0,2.0,1479.8612060546875,1.0,8.0,1.0,1.0,6-11 años,7.300379093505239,0,1,1,0
1,12.0,2.0,1.0,3.0,6.0,2.0,3558.333251953125,2.0,8.0,1.0,1.0,12-14 años,8.177328517528132,0,1,1,0
1,8.0,2.0,1.0,3.0,6.0,2.0,3558.333251953125,1.0,8.0,1.0,1.0,6-11 años,8.177328517528132,0,1,1,0
1,16.0,1.0,1.0,3.0,6.0,2.0,1460.0,3.0,8.0,1.0,1.0,15-16 años,7.2868764117507,0,1,1,0
1,14.0,1.0,1.0,3.0,6.0,2.0,1460.0,3.0,8.0,1.0,1.0,12-14 años,7.2868764117507,0,1,1,0
1,8.0,1.0,1.0,3.0,6.0,2.0,1460.0,1.0,8.0,1.0,1.0,6-11 años,7.2868764117507,0,1,1,0
1,7.0,2.0,1.0,3.0,6.0,2.0,2250.0,1.0,3.0,1.0,1.0,6-11 años,7.719129840906732,0,1,1,0
1,19.0,2.0,1.0,3.0,6.0,2.0,2543.54150390625,4.0,6.0,1.0,1.0,17-19 años,7.841705757118596,0,1,1,0
1,11.0,2.0,1.0,3.0,6.0,1.0,2543.54150390625,1.0,6.0,1.0,1.0,6-11 años,7.841705757118596,0,1,1,0
1,17.0,2.0,1.0,3.0,6.0,2.0,6725.0,3.0,8.0,1.0,1.0,17-19 años,8.813735892300215,0,1,1,0
1,16.0,2.0,1.0,3.0,6.0,2.0,754.125,3.0,5.0,1.0,1.0,15-16 años,6.626883298458905,0,1,1,0
1,7.0,2.0,1.0,3.0,6.0,2.0,754.125,1.0,5.0,1.0,1.0,6-11 años,6.626883298458905,0,1,1,0
1,7.0,1.0,1.0,3.0,6.0,2.0,2870.833251953125,1.0,8.0,1.0,1.0,6-11 años,7.962705868577673,0,1,1,0
0,19.0,1.0,1.0,3.0,6.0,2.0,1750.4732666015625,3.0,8.0,1.0,1.0,17-19 años,7.468212579376075,0,1,1,1
1,18.0,2.0,1.0,3.0,6.0,2.0,1750.4732666015625,3.0,8.0,1.0,1.0,17-19 años,7.468212579376075,0,1,1,0
1,14.0,1.0,1.0,3.0,6.0,2.0,1055.1666259765625,3.0,5.0,1.0,1.0,12-14 años,6.962401241569246,0,1,1,0
1,10.0,2.0,1.0,3.0,6.0,2.0,1055.1666259765625,1.0,5.0,1.0,1.0,6-11 años,6.962401241569246,0,1,1,0
1,6.0,1.0,1.0,3.0,6.0,2.0,1055.1666259765625,0.0,5.0,1.0,1.0,6-11 años,6.962401241569246,0,1,1,0
1,14.0,1.0,1.0,3.0,6.0,2.0,244.0,2.0,8.0,1.0,1.0,12-14 años,5.501258210544727,0,1,1,0
1,12.0,2.0,1.0,3.0,6.0,2.0,244.0,1.0,8.0,1.0,1.0,12-14 años,5.501258210544727,0,1,1,0
1,8.0,1.0,1.0,3.0,6.0,2.0,244.0,1.0,8.0,1.0,1.0,6-11 años,5.501258210544727,0,1,1,0
1,6.0,2.0,1.0,3.0,6.0,2.0,244.0,0.0,8.0,1.0,1.0,6-11 años,5.501258210544727,0,1,1,0
1,19.0,2.0,1.0,3.0,6.0,2.0,1519.7750244140625,5.0,5.0,1.0,1.0,17-19 años,7.326975368376335,0,1,1,0
1,17.0,2.0,1.0,3.0,6.0,2.0,1519.7750244140625,3.0,5.0,1.0,1.0,17-19 años,7.326975368376335,0,1,1,0
1,15.0,1.0,1.0,3.0,6.0,2.0,1519.7750244140625,3.0,5.0,1.0,1.0,15-16 años,7.326975368376335,0,1,1,0
1,13.0,2.0,1.0,3.0,6.0,2.0,2907.533203125,2.0,3.0,1.0,1.0,12-14 años,7.975404179178727,0,1,1,0
1,15.0,1.0,1.0,3.0,6.0,2.0,4660.43310546875,3.0,8.0,1.0,1.0,15-16 años,8.447078213203392,0,1,1,0
1,15.0,1.0,1.0,3.0,6.0,2.0,8066.08349609375,3.0,3.0,1.0,1.0,15-16 años,8.995547295211134,0,1,1,0
1,12.0,2.0,1.0,3.0,6.0,2.0,8066.08349609375,1.0,3.0,1.0,1.0,12-14 años,8.995547295211134,0,1,1,0
1,11.0,1.0,1.0,3.0,6.0,2.0,1476.0,1.0,6.0,1.0,1.0,6-11 años,7.29776828253138,0,1,1,0
1,7.0,1.0,1.0,3.0,6.0,2.0,1476.0,1.0,6.0,1.0,1.0,6-11 años,7.29776828253138,0,1,1,0
1,6.0,2.0,1.0,3.0,6.0,2.0,1476.0,0.0,6.0,1.0,1.0,6-11 años,7.29776828253138,0,1,1,0
1,10.0,2.0,1.0,3.0,6.0,2.0,5262.5,1.0,8.0,1.0,1.0,6-11 años,8.56855148369138,0,1,1,0
1,7.0,2.0,1.0,3.0,6.0,2.0,5262.5,1.0,8.0,1.0,1.0,6-11 años,8.56855148369138,0,1,1,0
1,8.0,2.0,1.0,3.0,6.0,2.0,1375.0,1.0,8.0,1.0,1.0,6-11 años,7.226936018493289,0,1,1,0
1,15.0,1.0,1.0,3.0,6.0,2.0,1985.4166259765625,3.0,8.0,1.0,1.0,15-16 años,7.594087604062556,0,1,1,0
1,16.0,1.0,1.0,3.0,6.0,2.0,888.9334106445312,3.0,5.0,1.0,1.0,15-16 años,6.791146640426541,0,1,1,0
1,12.0,2.0,1.0,3.0,6.0,2.0,888.9334106445312,1.0,5.0,1.0,1.0,12-14 años,6.791146640426541,0,1,1,0
1,9.0,2.0,1.0,3.0,6.0,2.0,888.9334106445312,1.0,5.0,1.0,1.0,6-11 años,6.791146640426541,0,1,1,0
1,12.0,1.0,1.0,3.0,6.0,2.0,2503.3193359375,2.0,8.0,1.0,1.0,12-14 años,7.825772254415166,0,1,1,0
1,15.0,1.0,1.0,3.0,6.0,2.0,1240.0,3.0,8.0,1.0,1.0,15-16 años,7.123672785204607,0,1,1,0
1,10.0,2.0,1.0,3.0,6.0,2.0,4998.95849609375,1.0,8.0,1.0,1.0,6-11 años,8.517184890600536,0,1,1,0
1,14.0,1.0,1.0,3.0,6.0,2.0,2875.0,3.0,8.0,1.0,1.0,12-14 años,7.964155718840937,0,1,1,0
1,18.0,1.0,1.0,3.0,6.0,2.0,3076.0,3.0,5.0,1.0,1.0,17-19 años,8.031710375322042,0,1,1,0
1,18.0,1.0,1.0,3.0,6.0,2.0,1983.5953369140625,3.0,8.0,1.0,1.0,17-19 años,7.593170311842221,0,1,1,0
1,15.0,1.0,1.0,3.0,6.0,2.0,1983.5953369140625,3.0,8.0,1.0,1.0,15-16 años,7.593170311842221,0,1,1,0
1,12.0,1.0,1.0,3.0,6.0,2.0,1983.5953369140625,1.0,8.0,1.0,1.0,12-14 años,7.593170311842221,0,1,1,0
1,14.0,2.0,1.0,3.0,6.0,2.0,1550.0,3.0,8.0,1.0,1.0,12-14 años,7.346655163176539,0,1,1,0
1,19.0,1.0,1.0,3.0,6.0,2.0,1066.6666259765625,5.0,8.0,1.0,1.0,17-19 años,6.973230822829804,0,1,1,0
1,12.0,1.0,1.0,3.0,6.0,2.0,1539.5833740234375,3.0,8.0,1.0,1.0,12-14 años,7.339916437976586,0,1,1,0
1,17.0,2.0,1.0,3.0,6.0,2.0,2688.333251953125,3.0,8.0,1.0,1.0,17-19 años,7.897048580145627,0,1,1,0
1,14.0,1.0,1.0,3.0,6.0,2.0,2688.333251953125,3.0,8.0,1.0,1.0,12-14 años,7.897048580145627,0,1,1,0
1,11.0,2.0,1.0,3.0,6.0,2.0,3500.0,1.0,8.0,1.0,1.0,6-11 años,8.160803920954665,0,1,1,0
1,19.0,2.0,1.0,3.0,6.0,2.0,2025.0,4.0,8.0,1.0,1.0,17-19 años,7.613818684808629,0,1,1,0
1,15.0,1.0,1.0,3.0,6.0,2.0,4010.39990234375,3.0,5.0,1.0,1.0,15-16 años,8.296895562207267,0,1,1,0
1,17.0,1.0,1.0,3.0,6.0,2.0,4010.39990234375,3.0,5.0,1.0,1.0,17-19 años,8.296895562207267,0,1,1,0
1,11.0,1.0,1.0,3.0,6.0,2.0,1010.0,1.0,8.0,1.0,1.0,6-11 años,6.918695219020472,0,1,1,0
1,9.0,1.0,1.0,3.0,6.0,2.0,1010.0,1.0,8.0,1.0,1.0,6-11 años,6.918695219020472,0,1,1,0
1,6.0,1.0,1.0,3.0,6.0,2.0,1010.0,0.0,8.0,1.0,1.0,6-11 años,6.918695219020472,0,1,1,0
1,10.0,1.0,1.0,3.0,6.0,2.0,2687.58349609375,1.0,8.0,1.0,1.0,6-11 años,7.896769752525432,0,1,1,0
1,15.0,2.0,1.0,3.0,6.0,2.0,1500.0,3.0,6.0,1.0,1.0,15-16 años,7.313886831633462,0,1,1,0
1,9.0,1.0,1.0,3.0,6.0,2.0,1979.1666259765625,1.0,8.0,1.0,1.0,6-11 años,7.590936274681404,0,1,1,0
1,18.0,2.0,1.0,3.0,6.0,2.0,2000.0,4.0,8.0,1.0,1.0,17-19 años,7.601402334583733,0,1,1,0
0,19.0,2.0,1.0,3.0,6.0,2.0,1616.6666259765625,3.0,5.0,1.0,1.0,17-19 años,7.388740035583528,0,1,1,1
1,19.0,1.0,1.0,3.0,6.0,2.0,1614.5833740234375,5.0,8.0,1.0,1.0,17-19 años,7.387451392737221,0,1,1,0
1,19.0,1.0,1.0,3.0,6.0,2.0,3662.5,5.0,8.0,1.0,1.0,17-19 años,8.206174253600018,0,1,1,0
1,6.0,2.0,1.0,3.0,6.0,2.0,1859.0784912109375,0.0,8.0,1.0,1.0,6-11 años,7.5283739653926425,0,1,1,0
1,10.0,2.0,1.0,3.0,6.0,2.0,1859.0784912109375,1.0,8.0,1.0,1.0,6-11 años,7.5283739653926425,0,1,1,0
1,9.0,2.0,1.0,3.0,6.0,2.0,1859.0784912109375,1.0,8.0,1.0,1.0,6-11 años,7.5283739653926425,0,1,1,0
1,17.0,1.0,1.0,3.0,6.0,2.0,1460.433349609375,3.0,8.0,1.0,1.0,17-19 años,7.287172979412445,0,1,1,0
1,12.0,2.0,1.0,3.0,6.0,2.0,1460.433349609375,2.0,8.0,1.0,1.0,12-14 años,7.287172979412445,0,1,1,0
1,10.0,2.0,1.0,3.0,6.0,2.0,1460.433349609375,1.0,8.0,1.0,1.0,6-11 años,7.287172979412445,0,1,1,0
1,14.0,1.0,1.0,3.0,6.0,2.0,1097.5,3.0,8.0,1.0,1.0,12-14 años,7.001700891824665,0,1,1,0
1,8.0,1.0,1.0,3.0,6.0,2.0,1097.5,1.0,8.0,1.0,1.0,6-11 años,7.001700891824665,0,1,1,0
1,9.0,1.0,1.0,3.0,6.0,2.0,1136.0,1.0,8.0,1.0,1.0,6-11 años,7.036148493750536,0,1,1,0
1,9.0,1.0,1.0,3.0,6.0,2.0,2971.111328125,1.0,8.0,1.0,1.0,6-11 años,7.9970278641283405,0,1,1,0
1,9.0,2.0,1.0,3.0,6.0,2.0,1136.388916015625,1.0,8.0,1.0,1.0,6-11 años,7.0364904898064236,0,1,1,0
1,14.0,1.0,1.0,3.0,6.0,2.0,2233.541748046875,3.0,8.0,1.0,1.0,12-14 años,7.7117914515943085,0,1,1,0
1,15.0,1.0,1.0,3.0,6.0,2.0,1250.0,3.0,8.0,1.0,1.0,15-16 años,7.1316985104669115,0,1,1,0
0,18.0,2.0,1.0,3.0,6.0,2.0,816.6666870117188,4.0,5.0,1.0,1.0,17-19 años,6.70645478047222,0,1,1,1
1,13.0,2.0,1.0,3.0,6.0,2.0,1594.7916259765625,2.0,6.0,1.0,1.0,12-14 años,7.375125209320973,0,1,1,0
1,9.0,2.0,1.0,3.0,6.0,2.0,1915.533447265625,1.0,8.0,1.0,1.0,6-11 años,7.558273336933191,0,1,1,0
1,7.0,1.0,1.0,3.0,6.0,2.0,1915.533447265625,1.0,8.0,1.0,1.0,6-11 años,7.558273336933191,0,1,1,0
0,19.0,1.0,1.0,3.0,6.0,2.0,2000.0,4.0,8.0,1.0,1.0,17-19 años,7.601402334583733,0,1,1,1
1,12.0,1.0,1.0,3.0,6.0,2.0,2000.0,1.0,8.0,1.0,1.0,12-14 años,7.601402334583733,0,1,1,0
1,11.0,1.0,1.0,3.0,6.0,2.0,2564.30810546875,1.0,5.0,5.0,1.0,6-11 años,7.84983386948228,0,1,0,0
1,19.0,2.0,1.0,3.0,6.0,2.0,2564.30810546875,4.0,5.0,5.0,1.0,17-19 años,7.84983386948228,0,1,0,0
1,17.0,1.0,1.0,3.0,6.0,1.0,4973.87939453125,3.0,8.0,1.0,1.0,17-19 años,8.512156406993567,0,1,1,0
1,18.0,1.0,1.0,3.0,6.0,2.0,1162.00830078125,3.0,5.0,1.0,1.0,17-19 años,7.058765289880339,0,1,1,0
1,14.0,2.0,1.0,3.0,6.0,2.0,1162.00830078125,3.0,5.0,1.0,1.0,12-14 años,7.058765289880339,0,1,1,0
1,9.0,1.0,1.0,3.0,6.0,2.0,1162.00830078125,1.0,5.0,1.0,1.0,6-11 años,7.058765289880339,0,1,1,0
1,17.0,1.0,1.0,3.0,6.0,2.0,1506.5250244140625,3.0,5.0,1.0,1.0,17-19 años,7.318224528406557,0,1,1,0
1,14.0,1.0,1.0,3.0,6.0,2.0,1506.5250244140625,2.0,5.0,1.0,1.0,12-14 años,7.318224528406557,0,1,1,0
1,11.0,1.0,1.0,3.0,6.0,2.0,1506.5250244140625,1.0,5.0,1.0,1.0,6-11 años,7.318224528406557,0,1,1,0
1,14.0,1.0,1.0,3.0,6.0,2.0,1805.8212890625,3.0,8.0,1.0,1.0,12-14 años,7.499324386455387,0,1,1,0
1,8.0,1.0,1.0,3.0,6.0,2.0,1805.8212890625,1.0,8.0,1.0,1.0,6-11 años,7.499324386455387,0,1,1,0
1,13.0,1.0,1.0,3.0,6.0,2.0,3342.5,3.0,8.0,1.0,1.0,12-14 años,8.114773441494034,0,1,1,0
0,19.0,1.0,1.0,3.0,6.0,2.0,1833.3333740234375,4.0,8.0,1.0,1.0,17-19 años,7.5144364105741515,0,1,1,1
1,19.0,2.0,1.0,3.0,6.0,2.0,1800.0,4.0,5.0,2.0,1.0,17-19 años,7.496097345175956,0,1,1,0
1,14.0,2.0,1.0,3.0,6.0,2.0,1340.7833251953125,3.0,5.0,1.0,1.0,12-14 años,7.201754847860716,0,1,1,0
1,13.0,1.0,1.0,3.0,6.0,2.0,2064.444580078125,3.0,5.0,1.0,1.0,12-14 años,7.633100775238959,0,1,1,0
1,14.0,2.0,1.0,3.0,6.0,2.0,560.8800048828125,3.0,6.0,1.0,1.0,12-14 años,6.331288312652843,0,1,1,0
1,11.0,2.0,1.0,3.0,6.0,2.0,560.8800048828125,1.0,6.0,1.0,1.0,6-11 años,6.331288312652843,0,1,1,0
1,9.0,1.0,1.0,3.0,6.0,2.0,2452.566650390625,1.0,8.0,1.0,1.0,6-11 años,7.805298020594294,0,1,1,0
1,16.0,1.0,1.0,3.0,6.0,2.0,4504.0,3.0,8.0,1.0,1.0,15-16 años,8.412943170042439,0,1,1,0
1,14.0,2.0,1.0,3.0,6.0,2.0,4504.0,3.0,8.0,1.0,1.0,12-14 años,8.412943170042439,0,1,1,0
1,10.0,2.0,1.0,3.0,6.0,2.0,4504.0,1.0,8.0,1.0,1.0,6-11 años,8.412943170042439,0,1,1,0
1,16.0,2.0,1.0,3.0,6.0,2.0,2228.333251953125,3.0,8.0,1.0,1.0,15-16 años,7.709457829592147,0,1,1,0
1,18.0,1.0,1.0,3.0,6.0,2.0,2911.0,3.0,5.0,1.0,1.0,17-19 años,7.976595409316577,0,1,1,0
1,16.0,1.0,1.0,3.0,6.0,2.0,2911.0,3.0,5.0,1.0,1.0,15-16 años,7.976595409316577,0,1,1,0
1,11.0,2.0,1.0,3.0,6.0,2.0,2405.0,1.0,8.0,1.0,1.0,6-11 años,7.785720896534624,0,1,1,0
1,8.0,1.0,1.0,3.0,6.0,2.0,2990.555419921875,1.0,5.0,1.0,1.0,6-11 años,8.003548738455535,0,1,1,0
1,16.0,2.0,1.0,3.0,6.0,2.0,1691.666748046875,3.0,8.0,1.0,1.0,15-16 años,7.43406052167462,0,1,1,0
1,12.0,1.0,1.0,3.0,6.0,2.0,1691.666748046875,2.0,8.0,1.0,1.0,12-14 años,7.43406052167462,0,1,1,0
1,17.0,1.0,1.0,3.0,6.0,2.0,1800.0,3.0,8.0,1.0,1.0,17-19 años,7.496097345175956,0,1,1,0
1,15.0,2.0,1.0,3.0,6.0,2.0,3023.0556640625,3.0,8.0,1.0,1.0,15-16 años,8.014354144558084,0,1,1,0
1,11.0,1.0,1.0,3.0,6.0,2.0,1092.0,1.0,8.0,1.0,1.0,6-11 años,6.996681488176539,0,1,1,0
1,9.0,1.0,1.0,3.0,6.0,2.0,1092.0,1.0,8.0,1.0,1.0,6-11 años,6.996681488176539,0,1,1,0
1,15.0,1.0,1.0,3.0,6.0,2.0,833.3333129882812,3.0,8.0,1.0,1.0,15-16 años,6.726632978378864,0,1,1,0
1,10.0,2.0,1.0,3.0,6.0,2.0,1131.25,1.0,5.0,1.0,1.0,6-11 años,7.031962082436324,0,1,1,0
1,8.0,2.0,1.0,3.0,6.0,2.0,1131.25,1.0,5.0,1.0,1.0,6-11 años,7.031962082436324,0,1,1,0
1,18.0,1.0,1.0,3.0,6.0,2.0,3950.0,4.0,8.0,1.0,1.0,17-19 años,8.281723990411392,0,1,1,0
1,10.0,1.0,1.0,3.0,6.0,2.0,3560.20849609375,1.0,8.0,1.0,1.0,6-11 años,8.177855231435677,0,1,1,0
1,14.0,1.0,1.0,3.0,6.0,2.0,1141.666748046875,3.0,8.0,1.0,1.0,12-14 años,7.04112006226911,0,1,1,0
1,11.0,2.0,1.0,3.0,6.0,2.0,1141.666748046875,1.0,8.0,1.0,1.0,6-11 años,7.04112006226911,0,1,1,0
1,14.0,1.0,1.0,3.0,6.0,2.0,813.611083984375,3.0,5.0,1.0,1.0,12-14 años,6.702710801780685,0,1,1,0
1,16.0,1.0,1.0,3.0,6.0,2.0,3095.83349609375,3.0,8.0,1.0,1.0,15-16 años,8.038135415561745,0,1,1,0
1,12.0,2.0,1.0,3.0,6.0,2.0,7209.66650390625,2.0,8.0,1.0,1.0,12-14 años,8.883316667602408,0,1,1,0
1,6.0,2.0,1.0,3.0,6.0,2.0,7209.66650390625,1.0,8.0,1.0,1.0,6-11 años,8.883316667602408,0,1,1,0
1,13.0,1.0,1.0,3.0,6.0,2.0,2591.666748046875,3.0,8.0,1.0,1.0,12-14 años,7.860442257436194,0,1,1,0
1,10.0,2.0,1.0,3.0,6.0,2.0,2591.666748046875,1.0,8.0,1.0,1.0,6-11 años,7.860442257436194,0,1,1,0
1,14.0,2.0,1.0,3.0,6.0,2.0,720.0,3.0,5.0,1.0,1.0,12-14 años,6.580639137284949,0,1,1,0
1,9.0,2.0,1.0,3.0,6.0,2.0,720.0,1.0,5.0,1.0,1.0,6-11 años,6.580639137284949,0,1,1,0
1,7.0,2.0,1.0,3.0,6.0,2.0,720.0,1.0,5.0,1.0,1.0,6-11 años,6.580639137284949,0,1,1,0
1,19.0,2.0,1.0,3.0,6.0,2.0,1805.5555419921875,5.0,8.0,1.0,1.0,17-19 años,7.499177295751474,0,1,1,0
1,13.0,1.0,1.0,3.0,6.0,2.0,1805.5555419921875,3.0,8.0,1.0,1.0,12-14 años,7.499177295751474,0,1,1,0
1,16.0,2.0,1.0,3.0,6.0,2.0,5250.0,3.0,3.0,1.0,1.0,15-16 años,8.566173813637858,0,1,1,0
1,13.0,1.0,1.0,3.0,6.0,2.0,5250.0,3.0,3.0,1.0,1.0,12-14 años,8.566173813637858,0,1,1,0
1,15.0,1.0,1.0,3.0,6.0,2.0,878.6666870117188,3.0,6.0,1.0,1.0,15-16 años,6.779543070963352,0,1,1,0
1,7.0,2.0,1.0,3.0,6.0,2.0,6128.33349609375,1.0,5.0,1.0,1.0,6-11 años,8.72084129481235,0,1,1,0
1,11.0,2.0,1.0,3.0,6.0,2.0,1703.699951171875,1.0,5.0,1.0,1.0,6-11 años,7.4411443925136425,0,1,1,0
1,13.0,2.0,1.0,3.0,6.0,2.0,4125.0,2.0,8.0,1.0,1.0,12-14 años,8.325063693631197,0,1,1,0
1,18.0,2.0,1.0,3.0,6.0,2.0,3252.0,3.0,3.0,1.0,1.0,17-19 años,8.087332926473351,0,1,1,0
1,12.0,2.0,1.0,3.0,6.0,2.0,3252.0,1.0,3.0,1.0,1.0,12-14 años,8.087332926473351,0,1,1,0
1,13.0,2.0,1.0,3.0,6.0,2.0,1230.262451171875,2.0,3.0,1.0,1.0,12-14 años,7.11579530506207,0,1,1,0
1,12.0,1.0,1.0,3.0,6.0,2.0,1230.262451171875,1.0,3.0,1.0,1.0,12-14 años,7.11579530506207,0,1,1,0
1,19.0,2.0,1.0,3.0,6.0,2.0,1154.6666259765625,4.0,5.0,1.0,1.0,17-19 años,7.052432621807709,0,1,1,0
1,16.0,2.0,1.0,3.0,6.0,2.0,754.0999755859375,3.0,5.0,1.0,1.0,15-16 años,6.626850158477155,0,1,1,0
1,13.0,2.0,1.0,3.0,6.0,2.0,754.0999755859375,3.0,5.0,1.0,1.0,12-14 años,6.626850158477155,0,1,1,0
1,11.0,1.0,1.0,3.0,6.0,2.0,754.0999755859375,2.0,5.0,1.0,1.0,6-11 años,6.626850158477155,0,1,1,0
1,11.0,2.0,1.0,3.0,6.0,2.0,775.4166870117188,1.0,5.0,1.0,1.0,6-11 años,6.654689343866205,0,1,1,0
1,7.0,1.0,1.0,3.0,6.0,2.0,775.4166870117188,1.0,5.0,1.0,1.0,6-11 años,6.654689343866205,0,1,1,0
1,15.0,1.0,1.0,3.0,6.0,2.0,1035.0,3.0,8.0,1.0,1.0,15-16 años,6.943122422819428,0,1,1,0
1,12.0,2.0,1.0,3.0,6.0,2.0,1035.0,2.0,8.0,1.0,1.0,12-14 años,6.943122422819428,0,1,1,0
1,16.0,2.0,1.0,3.0,6.0,2.0,1781.6666259765625,3.0,5.0,1.0,1.0,15-16 años,7.485865626728311,0,1,1,0
1,14.0,2.0,1.0,3.0,6.0,2.0,1781.6666259765625,3.0,5.0,1.0,1.0,12-14 años,7.485865626728311,0,1,1,0
1,15.0,2.0,1.0,3.0,6.0,2.0,2523.466796875,3.0,8.0,1.0,1.0,15-16 años,7.833785149855575,0,1,1,0
1,13.0,2.0,1.0,3.0,6.0,2.0,2523.466796875,2.0,8.0,1.0,1.0,12-14 años,7.833785149855575,0,1,1,0
1,12.0,2.0,1.0,3.0,6.0,2.0,2665.0,2.0,5.0,1.0,1.0,12-14 años,7.888334500738654,0,1,1,0
1,6.0,2.0,1.0,3.0,6.0,2.0,2665.0,0.0,5.0,1.0,1.0,6-11 años,7.888334500738654,0,1,1,0
1,12.0,2.0,1.0,3.0,6.0,2.0,2357.10009765625,2.0,5.0,10.0,1.0,12-14 años,7.7656115304322295,0,1,0,0
1,9.0,2.0,1.0,3.0,6.0,2.0,2357.10009765625,1.0,5.0,10.0,1.0,6-11 años,7.7656115304322295,0,1,0,0
1,7.0,1.0,1.0,3.0,6.0,2.0,1366.0,1.0,5.0,1.0,1.0,6-11 años,7.220373836723949,0,1,1,0
1,14.0,1.0,1.0,3.0,6.0,2.0,1690.0,3.0,5.0,1.0,1.0,12-14 años,7.43307534889858,0,1,1,0
1,10.0,1.0,1.0,3.0,6.0,2.0,2022.77783203125,1.0,5.0,1.0,1.0,6-11 años,7.612721257599563,0,1,1,0
1,6.0,2.0,1.0,3.0,6.0,2.0,2022.77783203125,0.0,5.0,1.0,1.0,6-11 años,7.612721257599563,0,1,1,0
1,12.0,2.0,1.0,3.0,6.0,2.0,3968.75,2.0,5.0,1.0,1.0,12-14 años,8.286458399406207,0,1,1,0
1,8.0,2.0,1.0,3.0,6.0,2.0,3968.75,1.0,5.0,1.0,1.0,6-11 años,8.286458399406207,0,1,1,0
1,18.0,2.0,1.0,3.0,6.0,2.0,1314.0,3.0,8.0,1.0,1.0,17-19 años,7.181591944611865,0,1,1,0
1,7.0,2.0,1.0,3.0,6.0,2.0,1944.0667724609375,1.0,5.0,2.0,1.0,6-11 años,7.573051585777382,0,1,1,0
1,16.0,2.0,1.0,3.0,6.0,2.0,4101.95849609375,3.0,8.0,1.0,1.0,15-16 años,8.319463576888648,0,1,1,0
1,12.0,2.0,1.0,3.0,6.0,2.0,4101.95849609375,3.0,8.0,1.0,1.0,12-14 años,8.319463576888648,0,1,1,0
0,18.0,2.0,1.0,3.0,6.0,2.0,2166.666748046875,3.0,8.0,1.0,1.0,17-19 años,7.6814066367438105,0,1,1,1
1,13.0,2.0,1.0,3.0,6.0,2.0,1700.0,3.0,8.0,1.0,1.0,12-14 años,7.438971592395862,0,1,1,0
1,8.0,2.0,1.0,3.0,6.0,2.0,682.2916259765625,1.0,8.0,1.0,1.0,6-11 años,6.526921746445373,0,1,1,0
1,15.0,1.0,1.0,3.0,6.0,2.0,2195.0,3.0,8.0,1.0,1.0,15-16 años,7.694392802629421,0,1,1,0
1,18.0,1.0,1.0,3.0,6.0,2.0,2666.666748046875,3.0,6.0,1.0,1.0,17-19 años,7.888959492205075,0,1,1,0
1,18.0,1.0,1.0,3.0,6.0,2.0,2269.4443359375,5.0,5.0,1.0,1.0,17-19 años,7.727730834024089,0,1,1,0
1,15.0,1.0,1.0,3.0,6.0,2.0,2269.4443359375,3.0,5.0,1.0,1.0,15-16 años,7.727730834024089,0,1,1,0
1,15.0,2.0,1.0,3.0,6.0,2.0,1100.0,3.0,5.0,1.0,1.0,15-16 años,7.00397413672268,0,1,1,0
1,10.0,1.0,1.0,3.0,6.0,2.0,1100.0,1.0,5.0,1.0,1.0,6-11 años,7.00397413672268,0,1,1,0
1,19.0,2.0,1.0,3.0,6.0,2.0,2500.0,4.0,8.0,1.0,1.0,17-19 años,7.824445930877619,0,1,1,0
1,15.0,2.0,1.0,3.0,6.0,2.0,446.75665283203125,3.0,8.0,1.0,1.0,15-16 años,6.104249899193432,0,1,1,0
1,13.0,1.0,1.0,3.0,6.0,2.0,446.75665283203125,2.0,8.0,1.0,1.0,12-14 años,6.104249899193432,0,1,1,0
1,11.0,2.0,1.0,3.0,6.0,2.0,2615.0,1.0,8.0,1.0,1.0,6-11 años,7.86940171257709,0,1,1,0
1,15.0,1.0,1.0,3.0,6.0,2.0,2245.0,3.0,8.0,1.0,1.0,15-16 años,7.716906135298388,0,1,1,0
1,16.0,2.0,1.0,3.0,6.0,2.0,3640.0,3.0,8.0,1.0,1.0,15-16 años,8.200013648175434,0,1,1,0
1,14.0,1.0,1.0,3.0,6.0,2.0,3640.0,3.0,8.0,1.0,1.0,12-14 años,8.200013648175434,0,1,1,0
1,13.0,2.0,1.0,3.0,6.0,2.0,992.8333129882812,3.0,5.0,1.0,1.0,12-14 años,6.901569499423759,0,1,1,0
1,9.0,2.0,1.0,3.0,6.0,2.0,992.8333129882812,1.0,5.0,1.0,1.0,6-11 años,6.901569499423759,0,1,1,0
1,6.0,2.0,1.0,3.0,6.0,2.0,992.8333129882812,0.0,5.0,1.0,1.0,6-11 años,6.901569499423759,0,1,1,0
1,17.0,2.0,1.0,3.0,6.0,2.0,1029.5999755859375,3.0,8.0,1.0,1.0,17-19 años,6.93789641220495,0,1,1,0
1,8.0,1.0,1.0,3.0,6.0,2.0,1029.5999755859375,1.0,8.0,1.0,1.0,6-11 años,6.93789641220495,0,1,1,0
1,10.0,1.0,1.0,3.0,6.0,2.0,1110.0,1.0,8.0,2.0,1.0,6-11 años,7.01301578963963,0,1,1,0
1,11.0,1.0,1.0,3.0,6.0,2.0,849.8333129882812,1.0,5.0,2.0,1.0,6-11 años,6.746216237458798,0,1,1,0
1,9.0,1.0,1.0,3.0,6.0,2.0,849.8333129882812,1.0,5.0,2.0,1.0,6-11 años,6.746216237458798,0,1,1,0
0,18.0,1.0,1.0,3.0,6.0,2.0,1883.0556640625,3.0,5.0,1.0,1.0,17-19 años,7.541182000380576,0,1,1,1
1,13.0,2.0,1.0,3.0,6.0,2.0,1140.0,2.0,8.0,1.0,1.0,12-14 años,7.039660349862076,0,1,1,0
1,11.0,2.0,1.0,3.0,6.0,2.0,1140.0,1.0,8.0,1.0,1.0,6-11 años,7.039660349862076,0,1,1,0
1,12.0,2.0,1.0,3.0,6.0,2.0,762.0,1.0,8.0,1.0,1.0,12-14 años,6.637258031284457,0,1,1,0
1,11.0,1.0,1.0,3.0,6.0,2.0,1056.6666259765625,1.0,8.0,1.0,1.0,6-11 años,6.963820464443509,0,1,1,0
1,8.0,2.0,1.0,3.0,6.0,2.0,1056.6666259765625,1.0,8.0,1.0,1.0,6-11 años,6.963820464443509,0,1,1,0
0,19.0,1.0,1.0,3.0,6.0,2.0,2166.0,4.0,5.0,1.0,1.0,17-19 años,7.681099001536359,0,1,1,1
0,17.0,2.0,1.0,3.0,6.0,2.0,2166.0,2.0,5.0,1.0,1.0,17-19 años,7.681099001536359,0,1,1,1
1,14.0,2.0,1.0,3.0,6.0,2.0,2166.0,3.0,5.0,1.0,1.0,12-14 años,7.681099001536359,0,1,1,0
1,6.0,1.0,1.0,3.0,6.0,2.0,1466.927734375,0.0,8.0,1.0,1.0,6-11 años,7.291606980697773,0,1,1,0
1,11.0,2.0,1.0,3.0,6.0,2.0,1308.818359375,1.0,8.0,1.0,1.0,6-11 años,7.1776437496157826,0,1,1,0
1,8.0,2.0,1.0,3.0,6.0,2.0,1308.818359375,1.0,8.0,1.0,1.0,6-11 años,7.1776437496157826,0,1,1,0
1,6.0,2.0,1.0,3.0,6.0,2.0,1707.5,0.0,8.0,1.0,1.0,6-11 años,7.4433710715553465,0,1,1,0
1,10.0,2.0,1.0,3.0,6.0,2.0,1010.0,1.0,8.0,1.0,1.0,6-11 años,6.918695219020472,0,1,1,0
1,8.0,2.0,1.0,3.0,6.0,2.0,1010.0,1.0,8.0,1.0,1.0,6-11 años,6.918695219020472,0,1,1,0
1,9.0,2.0,1.0,3.0,6.0,2.0,3025.0,1.0,8.0,1.0,1.0,6-11 años,8.0149968943483,0,1,1,0
1,14.0,1.0,1.0,3.0,6.0,2.0,905.5,3.0,8.0,1.0,1.0,12-14 años,6.809591030194905,0,1,1,0
1,15.0,2.0,1.0,3.0,6.0,2.0,1205.0,3.0,5.0,1.0,1.0,15-16 años,7.095064377287131,0,1,1,0
1,10.0,2.0,1.0,3.0,6.0,2.0,1205.0,1.0,5.0,1.0,1.0,6-11 años,7.095064377287131,0,1,1,0
1,13.0,2.0,1.0,3.0,6.0,2.0,2381.25,3.0,5.0,1.0,1.0,12-14 años,7.775800698228298,0,1,1,0
1,15.0,1.0,1.0,3.0,6.0,2.0,760.0,3.0,5.0,1.0,1.0,15-16 años,6.634633357861686,0,1,1,0
1,13.0,1.0,1.0,3.0,6.0,2.0,760.0,3.0,5.0,1.0,1.0,12-14 años,6.634633357861686,0,1,1,0
1,9.0,1.0,1.0,3.0,6.0,2.0,760.0,1.0,5.0,1.0,1.0,6-11 años,6.634633357861686,0,1,1,0
1,14.0,1.0,1.0,3.0,6.0,2.0,780.0,3.0,8.0,1.0,1.0,12-14 años,6.660575149839686,0,1,1,0
1,9.0,1.0,1.0,3.0,6.0,2.0,780.0,1.0,8.0,1.0,1.0,6-11 años,6.660575149839686,0,1,1,0
1,17.0,2.0,1.0,3.0,6.0,2.0,950.0,3.0,8.0,1.0,1.0,17-19 años,6.85751406254539,0,1,1,0
1,8.0,2.0,1.0,3.0,6.0,2.0,950.0,1.0,8.0,1.0,1.0,6-11 años,6.85751406254539,0,1,1,0
1,8.0,2.0,1.0,3.0,6.0,2.0,3181.944580078125,1.0,8.0,1.0,1.0,6-11 años,8.065562015907808,0,1,1,0
1,14.0,2.0,1.0,3.0,6.0,2.0,766.6666870117188,3.0,8.0,1.0,1.0,12-14 años,6.643355637655032,0,1,1,0
1,8.0,1.0,1.0,3.0,6.0,2.0,989.6875,1.0,5.0,2.0,1.0,6-11 años,6.898399146558112,0,1,1,0
1,9.0,2.0,1.0,3.0,6.0,2.0,1790.0,1.0,8.0,1.0,1.0,6-11 años,7.490529402060711,0,1,1,0
1,18.0,2.0,1.0,3.0,6.0,2.0,887.8500366210938,3.0,5.0,1.0,1.0,17-19 años,6.789928533569227,0,1,1,0
1,15.0,1.0,1.0,3.0,6.0,2.0,887.8500366210938,3.0,5.0,1.0,1.0,15-16 años,6.789928533569227,0,1,1,0
1,10.0,1.0,1.0,3.0,6.0,2.0,887.8500366210938,1.0,5.0,1.0,1.0,6-11 años,6.789928533569227,0,1,1,0
1,19.0,2.0,1.0,3.0,6.0,2.0,1208.8499755859375,5.0,5.0,1.0,1.0,17-19 años,7.098251643784689,0,1,1,0
1,14.0,1.0,1.0,3.0,6.0,2.0,1208.8499755859375,3.0,5.0,1.0,1.0,12-14 años,7.098251643784689,0,1,1,0
1,12.0,2.0,1.0,3.0,6.0,2.0,1208.8499755859375,2.0,5.0,1.0,1.0,12-14 años,7.098251643784689,0,1,1,0
1,16.0,2.0,1.0,3.0,6.0,2.0,1176.050048828125,3.0,5.0,1.0,1.0,15-16 años,7.070766628725067,0,1,1,0
1,12.0,1.0,1.0,3.0,6.0,2.0,1176.050048828125,2.0,5.0,1.0,1.0,12-14 años,7.070766628725067,0,1,1,0
1,9.0,1.0,1.0,3.0,6.0,2.0,1176.050048828125,1.0,5.0,1.0,1.0,6-11 años,7.070766628725067,0,1,1,0
1,14.0,2.0,1.0,3.0,6.0,2.0,1158.2891845703125,3.0,8.0,1.0,1.0,12-14 años,7.05556232435682,0,1,1,0
1,9.0,2.0,1.0,3.0,6.0,1.0,1792.9332275390625,1.0,5.0,2.0,1.0,6-11 años,7.492165822048173,0,1,1,0
1,9.0,2.0,1.0,3.0,6.0,1.0,834.5733642578125,1.0,5.0,1.0,1.0,6-11 años,6.728118152986959,0,1,1,0
1,16.0,2.0,1.0,3.0,6.0,1.0,834.5733642578125,3.0,5.0,1.0,1.0,15-16 años,6.728118152986959,0,1,1,0
1,18.0,1.0,1.0,3.0,6.0,2.0,1031.9000244140625,3.0,8.0,1.0,1.0,17-19 años,6.940125682649011,0,1,1,0
1,14.0,1.0,1.0,3.0,6.0,2.0,1604.4443359375,3.0,8.0,1.0,1.0,12-14 años,7.381155842070532,0,1,1,0
1,12.0,2.0,1.0,3.0,6.0,2.0,1797.75,1.0,6.0,2.0,1.0,12-14 años,7.4948472582015775,0,1,1,0
1,6.0,1.0,1.0,3.0,6.0,2.0,1797.75,0.0,6.0,2.0,1.0,6-11 años,7.4948472582015775,0,1,1,0
1,7.0,1.0,1.0,3.0,6.0,2.0,1015.0,1.0,5.0,5.0,1.0,6-11 años,6.923628628138427,0,1,0,0
1,10.0,1.0,1.0,3.0,6.0,2.0,1413.300048828125,1.0,5.0,5.0,1.0,6-11 años,7.254390022551042,0,1,0,0
1,7.0,1.0,1.0,3.0,6.0,2.0,1413.300048828125,0.0,5.0,5.0,1.0,6-11 años,7.254390022551042,0,1,0,0
1,17.0,1.0,1.0,3.0,6.0,2.0,2552.33349609375,3.0,6.0,5.0,1.0,17-19 años,7.845155037810814,0,1,0,0
1,15.0,1.0,1.0,3.0,6.0,2.0,418.55413818359375,3.0,1.0,5.0,1.0,15-16 años,6.039192571653429,0,1,0,0
1,11.0,1.0,1.0,3.0,6.0,2.0,418.55413818359375,1.0,1.0,5.0,1.0,6-11 años,6.039192571653429,0,1,0,0
1,8.0,1.0,1.0,3.0,6.0,2.0,418.55413818359375,1.0,1.0,5.0,1.0,6-11 años,6.039192571653429,0,1,0,0
1,6.0,1.0,1.0,3.0,6.0,2.0,418.55413818359375,0.0,1.0,5.0,1.0,6-11 años,6.039192571653429,0,1,0,0
1,11.0,1.0,1.0,3.0,6.0,2.0,517.5,1.0,6.0,2.0,1.0,6-11 años,6.250940027669582,0,1,1,0
1,12.0,1.0,1.0,3.0,6.0,1.0,1796.6666259765625,2.0,8.0,2.0,1.0,12-14 años,7.494244784034162,0,1,1,0
1,6.0,1.0,1.0,3.0,27.0,1.0,1104.5875244140625,0.0,5.0,2.0,1.0,6-11 años,7.008132168953777,0,1,1,0
1,10.0,1.0,1.0,3.0,6.0,2.0,2913.333251953125,1.0,5.0,2.0,1.0,6-11 años,7.977396342588656,0,1,1,0
1,6.0,2.0,1.0,3.0,6.0,2.0,1526.6666259765625,0.0,5.0,2.0,1.0,6-11 años,7.331496769205554,0,1,1,0
1,11.0,1.0,1.0,3.0,6.0,2.0,960.7999877929688,1.0,5.0,2.0,1.0,6-11 años,6.868806516151702,0,1,1,0
1,7.0,2.0,1.0,3.0,6.0,2.0,960.7999877929688,1.0,5.0,2.0,1.0,6-11 años,6.868806516151702,0,1,1,0
1,17.0,1.0,1.0,3.0,6.0,2.0,1524.466552734375,3.0,5.0,2.0,1.0,17-19 años,7.330055578471832,0,1,1,0
1,15.0,1.0,1.0,3.0,6.0,2.0,1524.466552734375,3.0,5.0,2.0,1.0,15-16 años,7.330055578471832,0,1,1,0
1,11.0,2.0,1.0,3.0,6.0,2.0,4138.10400390625,1.0,5.0,2.0,1.0,6-11 años,8.328234619219034,0,1,1,0
0,18.0,2.0,1.0,3.0,27.0,2.0,2382.25,4.0,5.0,1.0,1.0,17-19 años,7.776220381373688,0,1,1,1
1,13.0,2.0,1.0,3.0,6.0,2.0,1294.0250244140625,2.0,5.0,2.0,1.0,12-14 años,7.166285297818797,0,1,1,0
1,8.0,1.0,1.0,3.0,6.0,2.0,1294.0250244140625,1.0,5.0,2.0,1.0,6-11 años,7.166285297818797,0,1,1,0
1,16.0,2.0,1.0,3.0,6.0,2.0,400.0,3.0,5.0,2.0,1.0,15-16 años,5.993961427306569,0,1,1,0
1,14.0,1.0,1.0,3.0,6.0,2.0,400.0,3.0,5.0,2.0,1.0,12-14 años,5.993961427306569,0,1,1,0
1,13.0,2.0,1.0,3.0,6.0,2.0,400.0,2.0,5.0,2.0,1.0,12-14 años,5.993961427306569,0,1,1,0
1,16.0,2.0,1.0,3.0,6.0,2.0,720.0,3.0,5.0,2.0,1.0,15-16 años,6.580639137284949,0,1,1,0
1,17.0,2.0,1.0,3.0,6.0,2.0,743.3333129882812,3.0,8.0,9.0,1.0,17-19 años,6.612488935838794,0,1,0,0
1,15.0,2.0,1.0,3.0,6.0,2.0,1907.0084228515625,3.0,8.0,9.0,1.0,15-16 años,7.553815266490921,0,1,0,0
1,15.0,1.0,1.0,3.0,6.0,2.0,1202.5,3.0,5.0,9.0,1.0,15-16 años,7.092989257223127,0,1,0,0
1,14.0,1.0,1.0,3.0,6.0,2.0,1202.5,1.0,5.0,9.0,1.0,12-14 años,7.092989257223127,0,1,0,0
1,11.0,2.0,1.0,3.0,6.0,2.0,1202.5,1.0,5.0,9.0,1.0,6-11 años,7.092989257223127,0,1,0,0
1,15.0,2.0,1.0,3.0,6.0,2.0,1015.0,3.0,5.0,9.0,1.0,15-16 años,6.923628628138427,0,1,0,0
1,11.0,1.0,1.0,3.0,6.0,2.0,1015.0,2.0,5.0,9.0,1.0,6-11 años,6.923628628138427,0,1,0,0
1,12.0,2.0,1.0,3.0,6.0,2.0,1108.3333740234375,1.0,5.0,1.0,1.0,12-14 años,7.0115145499527705,0,1,1,0
1,8.0,2.0,1.0,3.0,6.0,2.0,1108.3333740234375,1.0,5.0,1.0,1.0,6-11 años,7.0115145499527705,0,1,1,0
1,10.0,2.0,1.0,3.0,6.0,2.0,1535.833251953125,1.0,5.0,1.0,1.0,6-11 años,7.337479248357908,0,1,1,0
1,18.0,2.0,1.0,3.0,6.0,2.0,1535.833251953125,3.0,5.0,1.0,1.0,17-19 años,7.337479248357908,0,1,1,0
1,16.0,2.0,1.0,3.0,6.0,2.0,1747.0,3.0,8.0,1.0,1.0,15-16 años,7.466227556215481,0,1,1,0
1,17.0,1.0,1.0,3.0,6.0,2.0,1991.3333740234375,3.0,5.0,6.0,1.0,17-19 años,7.597061780579486,0,1,0,0
1,15.0,1.0,1.0,3.0,6.0,2.0,1991.3333740234375,3.0,5.0,6.0,1.0,15-16 años,7.597061780579486,0,1,0,0
1,10.0,2.0,1.0,3.0,6.0,2.0,1991.3333740234375,1.0,5.0,6.0,1.0,6-11 años,7.597061780579486,0,1,0,0
1,18.0,2.0,1.0,3.0,27.0,1.0,1254.578369140625,3.0,5.0,9.0,1.0,17-19 años,7.13535159731114,0,1,0,0
1,16.0,1.0,1.0,3.0,27.0,1.0,1254.578369140625,3.0,5.0,9.0,1.0,15-16 años,7.13535159731114,0,1,0,0
1,11.0,2.0,1.0,3.0,6.0,1.0,1254.578369140625,1.0,5.0,9.0,1.0,6-11 años,7.13535159731114,0,1,0,0
1,6.0,1.0,1.0,3.0,6.0,1.0,1254.578369140625,0.0,5.0,9.0,1.0,6-11 años,7.13535159731114,0,1,0,0
1,11.0,1.0,1.0,3.0,6.0,2.0,1304.5389404296875,1.0,8.0,9.0,1.0,6-11 años,7.174371215675715,0,1,0,0
1,9.0,2.0,1.0,3.0,6.0,2.0,1304.5389404296875,1.0,8.0,9.0,1.0,6-11 años,7.174371215675715,0,1,0,0
1,17.0,1.0,1.0,3.0,6.0,2.0,978.0,3.0,8.0,9.0,1.0,17-19 años,6.88653164253051,0,1,0,0
1,10.0,1.0,1.0,3.0,6.0,2.0,1372.2000732421875,1.0,8.0,5.0,1.0,6-11 años,7.224899114920404,0,1,0,0
1,14.0,1.0,1.0,3.0,6.0,2.0,33.33333206176758,3.0,5.0,5.0,1.0,12-14 años,3.5361166625256297,0,1,0,0
1,17.0,2.0,1.0,3.0,6.0,2.0,150.52999877929688,3.0,5.0,8.0,2.0,17-19 años,5.02078361709222,0,0,0,0
1,14.0,1.0,1.0,3.0,27.0,2.0,150.52999877929688,3.0,5.0,8.0,2.0,12-14 años,5.02078361709222,0,0,0,0
1,8.0,1.0,1.0,3.0,6.0,2.0,150.52999877929688,1.0,5.0,8.0,2.0,6-11 años,5.02078361709222,0,0,0,0
1,6.0,1.0,1.0,3.0,6.0,2.0,150.52999877929688,0.0,5.0,8.0,2.0,6-11 años,5.02078361709222,0,0,0,0
1,13.0,2.0,1.0,3.0,6.0,2.0,1174.0277099609375,3.0,8.0,5.0,1.0,12-14 años,7.069047009245665,0,1,0,0
1,15.0,2.0,1.0,3.0,6.0,2.0,1314.047607421875,3.0,8.0,5.0,1.0,15-16 años,7.181628147319182,0,1,0,0
1,8.0,2.0,1.0,3.0,6.0,2.0,1314.047607421875,1.0,8.0,5.0,1.0,6-11 años,7.181628147319182,0,1,0,0
1,9.0,1.0,1.0,3.0,6.0,2.0,1325.0,1.0,8.0,9.0,1.0,6-11 años,7.189922170745808,0,1,0,0
1,8.0,1.0,1.0,3.0,6.0,2.0,1325.0,0.0,8.0,9.0,1.0,6-11 años,7.189922170745808,0,1,0,0
1,19.0,1.0,1.0,3.0,6.0,2.0,2452.0,5.0,8.0,9.0,1.0,17-19 años,7.8050670442584895,0,1,0,0
1,15.0,1.0,1.0,3.0,6.0,2.0,2452.0,3.0,8.0,9.0,1.0,15-16 años,7.8050670442584895,0,1,0,0
1,16.0,1.0,1.0,3.0,6.0,1.0,1766.0,3.0,6.0,9.0,1.0,15-16 años,7.4770384723196965,0,1,0,0
1,10.0,1.0,1.0,3.0,6.0,1.0,1766.0,1.0,6.0,9.0,1.0,6-11 años,7.4770384723196965,0,1,0,0
1,6.0,1.0,1.0,3.0,6.0,1.0,1766.0,0.0,6.0,9.0,1.0,6-11 años,7.4770384723196965,0,1,0,0
1,14.0,2.0,1.0,3.0,27.0,2.0,210.83334350585938,3.0,5.0,5.0,2.0,12-14 años,5.355799849982764,0,0,0,0
1,12.0,2.0,1.0,3.0,27.0,2.0,210.83334350585938,1.0,5.0,5.0,2.0,12-14 años,5.355799849982764,0,0,0,0
1,7.0,2.0,1.0,3.0,27.0,2.0,210.83334350585938,1.0,5.0,5.0,2.0,6-11 años,5.355799849982764,0,0,0,0
1,9.0,1.0,1.0,3.0,6.0,2.0,935.0,1.0,5.0,5.0,2.0,6-11 años,6.8416154764775925,0,0,0,0
1,9.0,1.0,1.0,3.0,6.0,2.0,1033.3333740234375,1.0,5.0,5.0,2.0,6-11 años,6.941512415119719,0,0,0,0
1,17.0,1.0,1.0,3.0,6.0,1.0,2038.5,3.0,6.0,2.0,1.0,17-19 años,7.620459958757613,0,1,1,0
1,17.0,2.0,1.0,3.0,6.0,2.0,1463.3333740234375,3.0,6.0,1.0,1.0,17-19 años,7.28915538309513,0,1,1,0
1,11.0,2.0,1.0,3.0,6.0,2.0,1463.3333740234375,1.0,6.0,1.0,1.0,6-11 años,7.28915538309513,0,1,1,0
1,7.0,1.0,1.0,3.0,6.0,2.0,791.4000244140625,1.0,5.0,1.0,1.0,6-11 años,6.675066345634671,0,1,1,0
1,18.0,2.0,1.0,3.0,6.0,2.0,2020.6666259765625,4.0,5.0,1.0,1.0,17-19 años,7.611677512583031,0,1,1,0
1,12.0,2.0,1.0,3.0,6.0,2.0,1436.0,1.0,8.0,1.0,1.0,12-14 años,7.270312886079025,0,1,1,0
1,15.0,1.0,1.0,3.0,6.0,1.0,2354.280029296875,3.0,8.0,1.0,1.0,15-16 años,7.76441490778779,0,1,1,0
1,18.0,1.0,1.0,3.0,27.0,2.0,2233.0,3.0,8.0,1.0,1.0,17-19 años,7.711548979629146,0,1,1,0
1,13.0,1.0,1.0,3.0,6.0,2.0,898.6666870117188,2.0,6.0,1.0,1.0,12-14 años,6.802024346963884,0,1,1,0
1,8.0,2.0,1.0,3.0,6.0,2.0,898.6666870117188,1.0,6.0,1.0,1.0,6-11 años,6.802024346963884,0,1,1,0
1,12.0,2.0,1.0,3.0,6.0,2.0,1839.375,1.0,6.0,1.0,1.0,12-14 años,7.517724634185573,0,1,1,0
1,10.0,1.0,1.0,3.0,6.0,1.0,37.75,1.0,5.0,1.0,1.0,6-11 años,3.657130755799356,0,1,1,0
1,11.0,1.0,1.0,3.0,6.0,2.0,1404.5833740234375,1.0,8.0,1.0,1.0,6-11 años,7.2482077084189225,0,1,1,0
1,12.0,2.0,1.0,3.0,6.0,1.0,4561.17333984375,2.0,8.0,1.0,1.0,12-14 años,8.425554398581003,0,1,1,0
1,7.0,1.0,1.0,3.0,6.0,2.0,1579.4444580078125,1.0,8.0,5.0,1.0,6-11 años,7.365461388999463,0,1,0,0
1,17.0,1.0,1.0,3.0,6.0,2.0,4610.85498046875,3.0,8.0,5.0,1.0,17-19 años,8.436385436937238,0,1,0,0
1,16.0,2.0,1.0,3.0,6.0,2.0,4610.85498046875,3.0,8.0,5.0,1.0,15-16 años,8.436385436937238,0,1,0,0
1,9.0,1.0,1.0,3.0,6.0,1.0,1218.4000244140625,1.0,5.0,1.0,1.0,6-11 años,7.106114233495089,0,1,1,0
1,8.0,2.0,1.0,3.0,6.0,1.0,1218.4000244140625,1.0,5.0,1.0,1.0,6-11 años,7.106114233495089,0,1,1,0
1,13.0,2.0,1.0,3.0,6.0,2.0,1222.5,3.0,8.0,1.0,1.0,12-14 años,7.109470882882726,0,1,1,0
1,12.0,1.0,1.0,3.0,6.0,2.0,1699.0999755859375,2.0,6.0,2.0,1.0,12-14 años,7.438442337483314,0,1,1,0
1,9.0,2.0,1.0,3.0,6.0,2.0,1699.0999755859375,1.0,6.0,2.0,1.0,6-11 años,7.438442337483314,0,1,1,0
1,15.0,1.0,1.0,3.0,6.0,2.0,874.3499755859375,3.0,6.0,2.0,1.0,15-16 años,6.774623778488311,0,1,1,0
1,9.0,2.0,1.0,3.0,6.0,2.0,874.3499755859375,1.0,6.0,2.0,1.0,6-11 años,6.774623778488311,0,1,1,0
1,18.0,2.0,1.0,3.0,6.0,2.0,1668.3333740234375,3.0,8.0,1.0,1.0,17-19 años,7.4201796484868865,0,1,1,0
1,11.0,1.0,1.0,3.0,6.0,2.0,1668.3333740234375,1.0,8.0,1.0,1.0,6-11 años,7.4201796484868865,0,1,1,0
1,9.0,2.0,1.0,3.0,6.0,2.0,787.5,1.0,6.0,1.0,1.0,6-11 años,6.670132406403093,0,1,1,0
1,7.0,1.0,1.0,3.0,6.0,2.0,787.5,0.0,6.0,1.0,1.0,6-11 años,6.670132406403093,0,1,1,0
1,18.0,2.0,1.0,3.0,6.0,2.0,2900.0,4.0,6.0,1.0,1.0,17-19 años,7.972810784121404,0,1,1,0
1,10.0,2.0,1.0,3.0,6.0,2.0,3932.5,1.0,6.0,1.0,1.0,6-11 años,8.277284893769297,0,1,1,0
1,7.0,1.0,1.0,3.0,6.0,2.0,786.2333374023438,1.0,5.0,1.0,1.0,6-11 años,6.668524694183744,0,1,1,0
1,16.0,2.0,1.0,3.0,6.0,2.0,3421.833251953125,3.0,5.0,1.0,1.0,15-16 años,8.138223923336353,0,1,1,0
1,12.0,2.0,1.0,3.0,6.0,2.0,2777.778076171875,1.0,8.0,1.0,1.0,12-14 años,7.929766569112878,0,1,1,0
1,15.0,1.0,1.0,3.0,27.0,2.0,1459.72216796875,3.0,8.0,5.0,1.0,15-16 años,7.286686228005555,0,1,0,0
1,13.0,1.0,1.0,3.0,6.0,2.0,1459.72216796875,2.0,8.0,5.0,1.0,12-14 años,7.286686228005555,0,1,0,0
1,18.0,2.0,1.0,3.0,6.0,2.0,2000.0,3.0,8.0,5.0,1.0,17-19 años,7.601402334583733,0,1,0,0
1,19.0,2.0,1.0,3.0,6.0,2.0,1313.466552734375,4.0,8.0,5.0,1.0,17-19 años,7.1811861989883745,0,1,0,0
1,12.0,2.0,1.0,3.0,6.0,2.0,1315.476318359375,1.0,8.0,5.0,1.0,12-14 años,7.182713990441397,0,1,0,0
1,6.0,2.0,1.0,3.0,6.0,2.0,1315.476318359375,0.0,8.0,5.0,1.0,6-11 años,7.182713990441397,0,1,0,0
1,12.0,1.0,1.0,3.0,6.0,2.0,798.5199584960938,1.0,8.0,5.0,1.0,12-14 años,6.684011495684864,0,1,0,0
1,6.0,2.0,1.0,3.0,6.0,2.0,798.5199584960938,0.0,8.0,5.0,1.0,6-11 años,6.684011495684864,0,1,0,0
1,9.0,1.0,1.0,3.0,6.0,2.0,884.3333129882812,1.0,5.0,5.0,1.0,6-11 años,6.78596419894811,0,1,0,0
1,14.0,2.0,1.0,3.0,6.0,2.0,1186.25,3.0,6.0,1.0,1.0,12-14 años,7.0793949874292315,0,1,1,0
1,13.0,1.0,1.0,3.0,6.0,2.0,1186.25,2.0,6.0,1.0,1.0,12-14 años,7.0793949874292315,0,1,1,0
1,9.0,1.0,1.0,3.0,6.0,2.0,847.1666870117188,1.0,5.0,1.0,1.0,6-11 años,6.74307718134787,0,1,1,0
1,7.0,1.0,1.0,3.0,6.0,2.0,847.1666870117188,1.0,5.0,1.0,1.0,6-11 años,6.74307718134787,0,1,1,0
1,13.0,2.0,1.0,3.0,6.0,2.0,847.1666870117188,3.0,5.0,1.0,1.0,12-14 años,6.74307718134787,0,1,1,0
1,11.0,1.0,1.0,3.0,6.0,2.0,847.1666870117188,1.0,5.0,1.0,1.0,6-11 años,6.74307718134787,0,1,1,0
1,14.0,1.0,1.0,3.0,6.0,2.0,1409.791748046875,3.0,6.0,1.0,1.0,12-14 años,7.251906349214422,0,1,1,0
1,11.0,1.0,1.0,3.0,6.0,2.0,1409.791748046875,1.0,6.0,1.0,1.0,6-11 años,7.251906349214422,0,1,1,0
0,19.0,2.0,1.0,3.0,6.0,2.0,1735.538330078125,4.0,8.0,5.0,1.0,17-19 años,7.459648945121128,0,1,0,1
1,13.0,1.0,1.0,3.0,6.0,2.0,1735.538330078125,3.0,8.0,5.0,1.0,12-14 años,7.459648945121128,0,1,0,0
1,17.0,1.0,1.0,3.0,6.0,1.0,389.4166564941406,4.0,8.0,6.0,1.0,17-19 años,5.967214518828959,0,1,0,0
1,16.0,1.0,1.0,3.0,6.0,1.0,389.4166564941406,3.0,8.0,6.0,1.0,15-16 años,5.967214518828959,0,1,0,0
1,13.0,2.0,1.0,3.0,6.0,1.0,389.4166564941406,3.0,8.0,6.0,1.0,12-14 años,5.967214518828959,0,1,0,0
1,6.0,2.0,1.0,3.0,6.0,2.0,389.4166564941406,0.0,8.0,6.0,1.0,6-11 años,5.967214518828959,0,1,0,0
1,14.0,1.0,1.0,3.0,6.0,2.0,1525.4166259765625,3.0,5.0,5.0,1.0,12-14 años,7.330678192914944,0,1,0,0
1,10.0,2.0,1.0,3.0,6.0,2.0,1219.4000244140625,1.0,8.0,6.0,1.0,6-11 años,7.106933972847482,0,1,0,0
1,19.0,1.0,1.0,3.0,6.0,2.0,738.3333129882812,3.0,5.0,5.0,1.0,17-19 años,6.605748851724098,0,1,0,0
1,12.0,1.0,1.0,3.0,6.0,2.0,738.3333129882812,2.0,5.0,5.0,1.0,12-14 años,6.605748851724098,0,1,0,0
1,16.0,2.0,1.0,3.0,6.0,2.0,1016.6666870117188,3.0,7.0,5.0,1.0,15-16 años,6.925267724058631,0,1,0,0
1,18.0,2.0,1.0,3.0,6.0,2.0,1279.0400390625,3.0,6.0,6.0,1.0,17-19 años,7.154646636942016,0,1,0,0
1,6.0,2.0,1.0,3.0,6.0,2.0,1279.0400390625,0.0,6.0,6.0,1.0,6-11 años,7.154646636942016,0,1,0,0
1,15.0,1.0,1.0,3.0,6.0,2.0,864.3499755859375,3.0,6.0,6.0,1.0,15-16 años,6.7631340211580735,0,1,0,0
1,19.0,1.0,1.0,3.0,6.0,2.0,638.1818237304688,4.0,8.0,9.0,1.0,17-19 años,6.460188958081655,0,1,0,0
1,17.0,2.0,1.0,3.0,6.0,2.0,638.1818237304688,3.0,8.0,9.0,1.0,17-19 años,6.460188958081655,0,1,0,0
1,15.0,1.0,1.0,3.0,6.0,2.0,638.1818237304688,3.0,8.0,9.0,1.0,15-16 años,6.460188958081655,0,1,0,0
1,15.0,2.0,1.0,3.0,6.0,2.0,638.1818237304688,3.0,8.0,9.0,1.0,15-16 años,6.460188958081655,0,1,0,0
1,14.0,1.0,1.0,3.0,6.0,2.0,2361.0,3.0,8.0,5.0,1.0,12-14 años,7.767263996757308,0,1,0,0
1,8.0,1.0,1.0,3.0,6.0,1.0,1887.4444580078125,1.0,5.0,5.0,1.0,6-11 años,7.543508731080779,0,1,0,0
1,17.0,1.0,1.0,3.0,6.0,2.0,957.4249877929688,3.0,5.0,5.0,1.0,17-19 años,6.865291299426323,0,1,0,0
1,14.0,2.0,1.0,3.0,6.0,2.0,957.4249877929688,3.0,5.0,5.0,1.0,12-14 años,6.865291299426323,0,1,0,0
1,10.0,1.0,1.0,3.0,6.0,2.0,467.91668701171875,1.0,8.0,5.0,1.0,6-11 años,6.150425113032629,0,1,0,0
1,16.0,2.0,1.0,3.0,6.0,2.0,2618.566650390625,3.0,6.0,5.0,1.0,15-16 años,7.870764182460687,0,1,0,0
1,17.0,2.0,1.0,3.0,6.0,2.0,700.5,3.0,8.0,5.0,1.0,17-19 años,6.553220899542516,0,1,0,0
1,6.0,2.0,1.0,3.0,6.0,2.0,800.0,0.0,8.0,5.0,1.0,6-11 años,6.68586094706836,0,1,0,0
1,8.0,1.0,1.0,3.0,6.0,2.0,668.3333129882812,1.0,8.0,5.0,1.0,6-11 años,6.5062821617475155,0,1,0,0
1,18.0,2.0,1.0,3.0,27.0,2.0,1191.1666259765625,3.0,5.0,5.0,1.0,17-19 años,7.083527624749107,0,1,0,0
1,14.0,1.0,1.0,3.0,6.0,2.0,1191.1666259765625,3.0,5.0,5.0,1.0,12-14 años,7.083527624749107,0,1,0,0
1,18.0,2.0,1.0,3.0,6.0,2.0,1927.380859375,3.0,6.0,5.0,1.0,17-19 años,7.564435996831409,0,1,0,0
1,14.0,2.0,1.0,3.0,6.0,2.0,1927.380859375,3.0,6.0,5.0,1.0,12-14 años,7.564435996831409,0,1,0,0
1,8.0,1.0,1.0,3.0,6.0,2.0,1927.380859375,1.0,6.0,5.0,1.0,6-11 años,7.564435996831409,0,1,0,0
1,15.0,2.0,1.0,3.0,6.0,2.0,704.247802734375,3.0,5.0,5.0,1.0,15-16 años,6.558549234293239,0,1,0,0
1,11.0,1.0,1.0,3.0,6.0,2.0,1364.6083984375,1.0,5.0,5.0,1.0,6-11 años,7.2193553214594886,0,1,0,0
1,14.0,2.0,1.0,3.0,6.0,2.0,2099.72216796875,3.0,5.0,5.0,1.0,12-14 años,7.650036454103998,0,1,0,0
1,9.0,2.0,1.0,3.0,6.0,2.0,1081.666748046875,1.0,5.0,2.0,1.0,6-11 años,6.987182487779904,0,1,1,0
1,6.0,2.0,1.0,3.0,6.0,2.0,1081.666748046875,0.0,5.0,2.0,1.0,6-11 años,6.987182487779904,0,1,1,0
1,8.0,1.0,1.0,3.0,6.0,2.0,2279.0,1.0,5.0,2.0,1.0,6-11 años,7.731930721948486,0,1,1,0
1,17.0,2.0,1.0,3.0,27.0,1.0,633.3333740234375,3.0,8.0,9.0,1.0,17-19 años,6.452574642774287,0,1,0,0
1,18.0,2.0,1.0,3.0,6.0,2.0,2861.833251953125,5.0,8.0,9.0,1.0,17-19 años,7.959567060982513,0,1,0,0
1,15.0,2.0,1.0,3.0,6.0,2.0,1522.4554443359375,3.0,8.0,1.0,1.0,15-16 años,7.328736352403051,0,1,1,0
1,18.0,2.0,1.0,3.0,6.0,2.0,1964.1666259765625,3.0,6.0,5.0,1.0,17-19 años,7.583332317642943,0,1,0,0
1,15.0,2.0,1.0,3.0,6.0,2.0,1964.1666259765625,3.0,6.0,5.0,1.0,15-16 años,7.583332317642943,0,1,0,0
1,16.0,2.0,1.0,3.0,6.0,2.0,433.0,3.0,1.0,2.0,1.0,15-16 años,6.073044534100405,0,1,1,0
1,11.0,2.0,1.0,3.0,6.0,2.0,433.0,1.0,1.0,2.0,1.0,6-11 años,6.073044534100405,0,1,1,0
1,7.0,2.0,1.0,3.0,6.0,2.0,433.0,1.0,1.0,2.0,1.0,6-11 años,6.073044534100405,0,1,1,0
1,18.0,1.0,1.0,3.0,6.0,2.0,2500.0,4.0,5.0,2.0,1.0,17-19 años,7.824445930877619,0,1,1,0
1,19.0,1.0,1.0,3.0,6.0,2.0,1091.6666259765625,4.0,8.0,2.0,1.0,17-19 años,6.996376433396399,0,1,1,0
1,15.0,1.0,1.0,3.0,6.0,2.0,1712.5,3.0,8.0,1.0,1.0,15-16 años,7.4462933413146635,0,1,1,0
1,10.0,1.0,1.0,3.0,6.0,2.0,1712.5,1.0,8.0,1.0,1.0,6-11 años,7.4462933413146635,0,1,1,0
1,17.0,1.0,1.0,3.0,6.0,2.0,1665.5416259765625,3.0,8.0,5.0,1.0,17-19 años,7.418505875519593,0,1,0,0
1,18.0,2.0,1.0,3.0,6.0,2.0,1581.6666259765625,4.0,8.0,5.0,1.0,17-19 años,7.36686644135161,0,1,0,0
1,13.0,2.0,1.0,3.0,6.0,2.0,1581.6666259765625,3.0,8.0,5.0,1.0,12-14 años,7.36686644135161,0,1,0,0
1,7.0,1.0,1.0,3.0,6.0,2.0,1581.6666259765625,1.0,8.0,5.0,1.0,6-11 años,7.36686644135161,0,1,0,0
1,14.0,1.0,1.0,3.0,6.0,2.0,1400.0,3.0,8.0,5.0,1.0,12-14 años,7.244941546337007,0,1,0,0
1,10.0,1.0,1.0,3.0,6.0,2.0,1400.0,1.0,8.0,5.0,1.0,6-11 años,7.244941546337007,0,1,0,0
1,6.0,1.0,1.0,3.0,6.0,2.0,3118.666748046875,0.0,8.0,5.0,1.0,6-11 años,8.045481463575333,0,1,0,0
1,15.0,1.0,1.0,3.0,6.0,2.0,1699.583251953125,3.0,5.0,5.0,1.0,15-16 años,7.438726560586794,0,1,0,0
1,13.0,1.0,1.0,3.0,6.0,2.0,1699.583251953125,3.0,5.0,5.0,1.0,12-14 años,7.438726560586794,0,1,0,0
1,6.0,2.0,1.0,3.0,27.0,1.0,1998.5,0.0,5.0,5.0,1.0,6-11 años,7.600652428286873,0,1,0,0
1,13.0,2.0,1.0,3.0,6.0,2.0,2050.2431640625,3.0,6.0,5.0,1.0,12-14 años,7.626201309827145,0,1,0,0
1,10.0,2.0,1.0,3.0,6.0,1.0,2050.2431640625,1.0,6.0,5.0,1.0,6-11 años,7.626201309827145,0,1,0,0
1,17.0,1.0,1.0,3.0,6.0,1.0,1538.10595703125,3.0,5.0,5.0,1.0,17-19 años,7.338956979442488,0,1,0,0
1,15.0,2.0,1.0,3.0,6.0,1.0,1538.10595703125,3.0,5.0,5.0,1.0,15-16 años,7.338956979442488,0,1,0,0
1,15.0,2.0,1.0,3.0,6.0,1.0,1538.10595703125,3.0,5.0,5.0,1.0,15-16 años,7.338956979442488,0,1,0,0
1,8.0,1.0,1.0,3.0,6.0,2.0,1538.10595703125,1.0,5.0,5.0,1.0,6-11 años,7.338956979442488,0,1,0,0
1,15.0,2.0,1.0,3.0,6.0,2.0,593.6856689453125,3.0,5.0,5.0,1.0,15-16 años,6.38803297846576,0,1,0,0
1,12.0,1.0,1.0,3.0,6.0,2.0,593.6856689453125,2.0,5.0,5.0,1.0,12-14 años,6.38803297846576,0,1,0,0
1,8.0,1.0,1.0,3.0,6.0,2.0,593.6856689453125,1.0,5.0,5.0,1.0,6-11 años,6.38803297846576,0,1,0,0
0,19.0,1.0,1.0,3.0,27.0,2.0,1715.324951171875,4.0,8.0,5.0,1.0,17-19 años,7.447940627605303,0,1,0,1
1,13.0,2.0,1.0,3.0,6.0,2.0,1715.324951171875,3.0,8.0,5.0,1.0,12-14 años,7.447940627605303,0,1,0,0
1,6.0,2.0,1.0,3.0,6.0,2.0,766.6666870117188,0.0,5.0,5.0,1.0,6-11 años,6.643355637655032,0,1,0,0
1,9.0,2.0,1.0,3.0,6.0,2.0,1550.0,1.0,8.0,5.0,1.0,6-11 años,7.346655163176539,0,1,0,0
1,6.0,1.0,1.0,3.0,6.0,2.0,1550.0,0.0,8.0,5.0,1.0,6-11 años,7.346655163176539,0,1,0,0
1,10.0,1.0,1.0,3.0,6.0,2.0,715.0,1.0,8.0,5.0,1.0,6-11 años,6.573680166960646,0,1,0,0
1,8.0,2.0,1.0,3.0,6.0,2.0,1585.4666748046875,1.0,5.0,5.0,1.0,6-11 años,7.369264605321817,0,1,0,0
1,14.0,1.0,1.0,3.0,6.0,2.0,1647.353271484375,3.0,6.0,5.0,1.0,12-14 años,7.407532051261579,0,1,0,0
1,8.0,2.0,1.0,3.0,6.0,2.0,1647.353271484375,1.0,6.0,5.0,1.0,6-11 años,7.407532051261579,0,1,0,0
1,16.0,1.0,1.0,3.0,6.0,2.0,902.5,3.0,8.0,5.0,1.0,15-16 años,6.806276110032283,0,1,0,0
1,9.0,1.0,1.0,3.0,6.0,2.0,1251.25,1.0,6.0,5.0,1.0,6-11 años,7.132697212237726,0,1,0,0
1,12.0,2.0,1.0,3.0,6.0,2.0,818.3699951171875,1.0,6.0,1.0,1.0,12-14 años,6.708535746328066,0,1,1,0
1,11.0,1.0,1.0,3.0,6.0,2.0,818.3699951171875,1.0,6.0,1.0,1.0,6-11 años,6.708535746328066,0,1,1,0
1,16.0,1.0,1.0,3.0,6.0,2.0,1157.916748046875,3.0,6.0,2.0,1.0,15-16 años,7.05524100991154,0,1,1,0
1,14.0,2.0,1.0,3.0,6.0,2.0,1157.916748046875,3.0,6.0,2.0,1.0,12-14 años,7.05524100991154,0,1,1,0
1,19.0,2.0,1.0,3.0,6.0,2.0,613.3333129882812,4.0,5.0,1.0,1.0,17-19 años,6.420537635884428,0,1,1,0
1,16.0,1.0,1.0,3.0,6.0,2.0,613.3333129882812,3.0,5.0,1.0,1.0,15-16 años,6.420537635884428,0,1,1,0
1,15.0,1.0,1.0,3.0,6.0,2.0,613.3333129882812,3.0,5.0,1.0,1.0,15-16 años,6.420537635884428,0,1,1,0
1,13.0,2.0,1.0,3.0,6.0,2.0,613.3333129882812,2.0,5.0,1.0,1.0,12-14 años,6.420537635884428,0,1,1,0
1,10.0,1.0,1.0,3.0,6.0,2.0,1103.333251953125,1.0,5.0,1.0,1.0,6-11 años,7.006997039940076,0,1,1,0
1,15.0,1.0,1.0,3.0,6.0,2.0,2042.5,3.0,5.0,1.0,1.0,15-16 años,7.622419303004332,0,1,1,0
1,10.0,1.0,1.0,3.0,6.0,2.0,3526.111328125,1.0,8.0,1.0,1.0,6-11 años,8.168234494275753,0,1,1,0
1,15.0,1.0,1.0,3.0,6.0,2.0,984.3333129882812,3.0,8.0,1.0,1.0,15-16 años,6.892979972752094,0,1,1,0
1,12.0,2.0,1.0,3.0,6.0,2.0,415.0,2.0,8.0,1.0,1.0,12-14 años,6.030685260261263,0,1,1,0
1,8.0,1.0,1.0,3.0,6.0,2.0,1965.0,1.0,8.0,1.0,1.0,6-11 años,7.583756300707112,0,1,1,0
1,8.0,2.0,1.0,3.0,6.0,2.0,789.2708129882812,1.0,5.0,1.0,1.0,6-11 años,6.672375687969132,0,1,1,0
1,7.0,1.0,1.0,3.0,6.0,2.0,3760.7333984375,0.0,8.0,2.0,1.0,6-11 años,8.232635140374114,0,1,1,0
1,17.0,2.0,1.0,3.0,6.0,2.0,2464.583251953125,3.0,6.0,2.0,1.0,17-19 años,7.81018367185667,0,1,1,0
1,10.0,2.0,1.0,3.0,6.0,2.0,2464.583251953125,1.0,6.0,2.0,1.0,6-11 años,7.81018367185667,0,1,1,0
1,15.0,1.0,1.0,3.0,6.0,2.0,1596.683349609375,3.0,6.0,5.0,1.0,15-16 años,7.376309952504211,0,1,0,0
1,19.0,2.0,1.0,3.0,6.0,2.0,3537.72802734375,5.0,6.0,1.0,1.0,17-19 años,8.17152262724929,0,1,1,0
1,11.0,1.0,1.0,3.0,6.0,2.0,6676.591796875,1.0,6.0,1.0,1.0,6-11 años,8.806512692081688,0,1,1,0
1,7.0,1.0,1.0,3.0,6.0,2.0,6676.591796875,0.0,6.0,1.0,1.0,6-11 años,8.806512692081688,0,1,1,0
1,6.0,1.0,1.0,3.0,6.0,2.0,2451.477783203125,1.0,8.0,5.0,1.0,6-11 años,7.80485413256184,0,1,0,0
1,11.0,2.0,1.0,3.0,6.0,2.0,985.5556030273438,1.0,8.0,5.0,1.0,6-11 años,6.894219687814824,0,1,0,0
1,8.0,2.0,1.0,3.0,6.0,1.0,365.558349609375,1.0,8.0,5.0,1.0,6-11 años,5.904157716319927,0,1,0,0
1,17.0,1.0,1.0,3.0,6.0,2.0,1705.36669921875,3.0,8.0,5.0,1.0,17-19 años,7.4421216517409485,0,1,0,0
1,10.0,2.0,1.0,3.0,6.0,2.0,736.0833129882812,1.0,3.0,1.0,1.0,6-11 años,6.602700929203779,0,1,1,0
1,18.0,1.0,1.0,3.0,6.0,2.0,4733.33349609375,4.0,8.0,1.0,1.0,17-19 años,8.462596234591759,0,1,1,0
1,13.0,2.0,1.0,3.0,6.0,2.0,1400.0,2.0,5.0,1.0,1.0,12-14 años,7.244941546337007,0,1,1,0
1,15.0,1.0,1.0,3.0,6.0,2.0,1847.916748046875,3.0,8.0,1.0,1.0,15-16 años,7.522355204979657,0,1,1,0
1,12.0,1.0,1.0,3.0,6.0,2.0,1847.916748046875,1.0,8.0,1.0,1.0,12-14 años,7.522355204979657,0,1,1,0
1,17.0,1.0,1.0,3.0,6.0,2.0,1193.0555419921875,3.0,8.0,1.0,1.0,17-19 años,7.085110810452035,0,1,1,0
1,14.0,1.0,1.0,3.0,6.0,2.0,1193.0555419921875,3.0,8.0,1.0,1.0,12-14 años,7.085110810452035,0,1,1,0
1,11.0,1.0,1.0,3.0,6.0,2.0,1193.0555419921875,1.0,8.0,1.0,1.0,6-11 años,7.085110810452035,0,1,1,0
1,8.0,2.0,1.0,3.0,6.0,2.0,1193.0555419921875,1.0,8.0,1.0,1.0,6-11 años,7.085110810452035,0,1,1,0
1,14.0,1.0,1.0,3.0,6.0,2.0,2230.0,3.0,5.0,1.0,1.0,12-14 años,7.7102051944325325,0,1,1,0
1,8.0,2.0,1.0,3.0,6.0,2.0,3638.08349609375,1.0,8.0,1.0,1.0,6-11 años,8.19948714213974,0,1,1,0
1,17.0,1.0,1.0,3.0,6.0,2.0,2427.022216796875,3.0,8.0,1.0,1.0,17-19 años,7.794832302383355,0,1,1,0
1,15.0,2.0,1.0,3.0,6.0,2.0,2863.29345703125,3.0,8.0,1.0,1.0,15-16 años,7.960076986878678,0,1,1,0
1,17.0,1.0,1.0,3.0,6.0,2.0,2077.361083984375,3.0,8.0,1.0,1.0,17-19 años,7.639334921715045,0,1,1,0
1,16.0,1.0,1.0,3.0,6.0,2.0,2077.361083984375,3.0,8.0,1.0,1.0,15-16 años,7.639334921715045,0,1,1,0
1,14.0,1.0,1.0,3.0,6.0,2.0,2077.361083984375,3.0,8.0,1.0,1.0,12-14 años,7.639334921715045,0,1,1,0
1,14.0,1.0,1.0,3.0,6.0,2.0,2077.361083984375,3.0,8.0,1.0,1.0,12-14 años,7.639334921715045,0,1,1,0
1,19.0,1.0,1.0,3.0,6.0,2.0,2519.791748046875,5.0,8.0,1.0,1.0,17-19 años,7.8323283168923545,0,1,1,0
1,16.0,1.0,1.0,3.0,6.0,2.0,300.0,3.0,8.0,1.0,1.0,15-16 años,5.707110264748875,0,1,1,0
1,7.0,2.0,1.0,3.0,6.0,2.0,300.0,1.0,8.0,1.0,1.0,6-11 años,5.707110264748875,0,1,1,0
1,12.0,2.0,1.0,3.0,6.0,2.0,2874.458251953125,2.0,8.0,1.0,1.0,12-14 años,7.963967332513594,0,1,1,0
1,8.0,2.0,1.0,3.0,6.0,2.0,2375.0,1.0,6.0,1.0,1.0,6-11 años,7.773173680482536,0,1,1,0
1,8.0,2.0,1.0,3.0,6.0,2.0,2375.0,1.0,6.0,1.0,1.0,6-11 años,7.773173680482536,0,1,1,0
1,18.0,1.0,1.0,3.0,6.0,2.0,2676.0,3.0,6.0,1.0,1.0,17-19 años,7.892452043520352,0,1,1,0
1,17.0,2.0,1.0,3.0,6.0,2.0,2676.0,3.0,6.0,1.0,1.0,17-19 años,7.892452043520352,0,1,1,0
1,10.0,1.0,1.0,3.0,6.0,2.0,1490.0,1.0,6.0,1.0,1.0,6-11 años,7.307202314764738,0,1,1,0
1,8.0,1.0,1.0,3.0,6.0,2.0,1490.0,1.0,6.0,1.0,1.0,6-11 años,7.307202314764738,0,1,1,0
1,14.0,1.0,1.0,3.0,6.0,2.0,2360.501708984375,3.0,8.0,1.0,1.0,12-14 años,7.767053013021862,0,1,1,0
1,8.0,2.0,1.0,3.0,6.0,2.0,1707.0999755859375,1.0,8.0,5.0,1.0,6-11 años,7.4431369063509045,0,1,0,0
1,12.0,1.0,1.0,3.0,6.0,2.0,1202.3333740234375,1.0,5.0,5.0,1.0,12-14 años,7.092850796473307,0,1,0,0
1,17.0,2.0,1.0,3.0,6.0,2.0,1168.0,3.0,8.0,5.0,1.0,17-19 años,7.063903961472068,0,1,0,0
1,8.0,1.0,1.0,3.0,6.0,2.0,1168.0,1.0,8.0,5.0,1.0,6-11 años,7.063903961472068,0,1,0,0
1,16.0,1.0,1.0,3.0,6.0,2.0,1802.6666259765625,3.0,7.0,5.0,1.0,15-16 años,7.497576886414967,0,1,0,0
1,11.0,1.0,1.0,3.0,6.0,2.0,1802.6666259765625,1.0,7.0,5.0,1.0,6-11 años,7.497576886414967,0,1,0,0
1,9.0,2.0,1.0,3.0,6.0,2.0,1802.6666259765625,1.0,7.0,5.0,1.0,6-11 años,7.497576886414967,0,1,0,0
0,18.0,2.0,1.0,3.0,6.0,2.0,2687.666748046875,4.0,8.0,5.0,1.0,17-19 años,7.896800717033072,0,1,0,1
1,16.0,1.0,1.0,3.0,6.0,2.0,1683.3333740234375,3.0,8.0,5.0,1.0,15-16 años,7.429125140781786,0,1,0,0
1,6.0,1.0,1.0,3.0,6.0,2.0,1683.3333740234375,0.0,8.0,5.0,1.0,6-11 años,7.429125140781786,0,1,0,0
1,13.0,1.0,1.0,3.0,6.0,2.0,3063.58349609375,2.0,8.0,5.0,1.0,12-14 años,8.027666948791765,0,1,0,0
1,11.0,1.0,1.0,3.0,6.0,2.0,1537.5,1.0,5.0,5.0,1.0,6-11 años,7.338563194762097,0,1,0,0
1,14.0,2.0,1.0,3.0,6.0,2.0,1537.5,3.0,5.0,5.0,1.0,12-14 años,7.338563194762097,0,1,0,0
1,15.0,2.0,1.0,3.0,6.0,2.0,3440.278076171875,3.0,8.0,5.0,1.0,15-16 años,8.143598215136757,0,1,0,0
1,15.0,2.0,1.0,3.0,6.0,2.0,2478.333251953125,3.0,8.0,5.0,1.0,15-16 años,7.815744952993482,0,1,0,0
1,6.0,2.0,1.0,3.0,6.0,2.0,1758.3333740234375,0.0,8.0,5.0,1.0,6-11 años,7.472690251523297,0,1,0,0
1,17.0,1.0,1.0,3.0,6.0,2.0,600.0,3.0,8.0,1.0,1.0,17-19 años,6.398594934535208,0,1,1,0
1,15.0,1.0,1.0,3.0,6.0,2.0,600.0,3.0,8.0,1.0,1.0,15-16 años,6.398594934535208,0,1,1,0
1,11.0,1.0,1.0,3.0,6.0,2.0,2105.0,1.0,8.0,1.0,1.0,6-11 años,7.652545692693921,0,1,1,0
1,6.0,1.0,1.0,3.0,6.0,2.0,2105.0,0.0,8.0,1.0,1.0,6-11 años,7.652545692693921,0,1,1,0
1,14.0,1.0,1.0,3.0,6.0,2.0,2500.0,3.0,8.0,1.0,1.0,12-14 años,7.824445930877619,0,1,1,0
1,13.0,2.0,1.0,3.0,6.0,2.0,2010.0,2.0,8.0,1.0,1.0,12-14 años,7.606387389772652,0,1,1,0
1,16.0,2.0,1.0,3.0,6.0,2.0,2166.66650390625,3.0,8.0,1.0,1.0,15-16 años,7.681406524115502,0,1,1,0
1,14.0,2.0,1.0,3.0,6.0,2.0,2166.66650390625,3.0,8.0,1.0,1.0,12-14 años,7.681406524115502,0,1,1,0
1,8.0,2.0,1.0,3.0,6.0,2.0,5007.5,1.0,8.0,1.0,1.0,6-11 años,8.51889174805182,0,1,1,0
1,15.0,1.0,1.0,3.0,6.0,2.0,1643.75,3.0,8.0,1.0,1.0,15-16 años,7.405343675966107,0,1,1,0
1,13.0,1.0,1.0,3.0,6.0,2.0,1643.75,3.0,8.0,1.0,1.0,12-14 años,7.405343675966107,0,1,1,0
1,18.0,1.0,1.0,3.0,6.0,2.0,2305.555419921875,3.0,8.0,1.0,1.0,17-19 años,7.743510530423012,0,1,1,0
1,13.0,1.0,1.0,3.0,6.0,2.0,522.5,3.0,8.0,1.0,1.0,12-14 años,6.260537030310592,0,1,1,0
1,12.0,1.0,1.0,3.0,6.0,2.0,522.5,2.0,8.0,1.0,1.0,12-14 años,6.260537030310592,0,1,1,0
1,6.0,2.0,1.0,3.0,6.0,2.0,522.5,0.0,8.0,1.0,1.0,6-11 años,6.260537030310592,0,1,1,0
1,16.0,1.0,1.0,3.0,6.0,2.0,2947.75,3.0,6.0,1.0,1.0,15-16 años,7.989136630721885,0,1,1,0
1,6.0,1.0,1.0,3.0,6.0,2.0,2947.75,0.0,6.0,1.0,1.0,6-11 años,7.989136630721885,0,1,1,0
1,11.0,1.0,1.0,3.0,6.0,2.0,570.0,1.0,8.0,1.0,1.0,6-11 años,6.3473892096560105,0,1,1,0
1,8.0,2.0,1.0,3.0,6.0,2.0,570.0,1.0,8.0,1.0,1.0,6-11 años,6.3473892096560105,0,1,1,0
1,10.0,2.0,1.0,3.0,6.0,2.0,1775.0250244140625,1.0,5.0,1.0,1.0,6-11 años,7.482133013776081,0,1,1,0
1,8.0,1.0,1.0,3.0,6.0,2.0,1775.0250244140625,1.0,5.0,1.0,1.0,6-11 años,7.482133013776081,0,1,1,0
1,16.0,1.0,1.0,3.0,6.0,2.0,656.6666870117188,3.0,8.0,1.0,1.0,15-16 años,6.488698248289708,0,1,1,0
1,16.0,2.0,1.0,3.0,6.0,2.0,1966.6666259765625,3.0,5.0,2.0,1.0,15-16 años,7.584603665893211,0,1,1,0
1,18.0,2.0,1.0,3.0,6.0,2.0,797.5,3.0,6.0,2.0,1.0,17-19 años,6.682734967655067,0,1,1,0
1,14.0,1.0,1.0,3.0,6.0,2.0,1248.4000244140625,3.0,5.0,1.0,1.0,12-14 años,7.130418734600099,0,1,1,0
1,13.0,1.0,1.0,3.0,6.0,2.0,1248.4000244140625,2.0,5.0,1.0,1.0,12-14 años,7.130418734600099,0,1,1,0
1,7.0,2.0,1.0,3.0,6.0,2.0,1248.4000244140625,0.0,5.0,1.0,1.0,6-11 años,7.130418734600099,0,1,1,0
1,18.0,1.0,1.0,3.0,6.0,1.0,1372.5,3.0,6.0,2.0,1.0,17-19 años,7.225117505535328,0,1,1,0
1,16.0,1.0,1.0,3.0,6.0,1.0,2887.0,3.0,6.0,2.0,1.0,15-16 años,7.968319500012717,0,1,1,0
1,14.0,2.0,1.0,3.0,6.0,1.0,2887.0,3.0,6.0,2.0,1.0,12-14 años,7.968319500012717,0,1,1,0
1,13.0,1.0,1.0,3.0,6.0,1.0,2887.0,2.0,6.0,2.0,1.0,12-14 años,7.968319500012717,0,1,1,0
1,11.0,1.0,1.0,3.0,6.0,2.0,1786.1112060546875,1.0,8.0,1.0,1.0,6-11 años,7.48835574380779,0,1,1,0
1,9.0,2.0,1.0,3.0,6.0,2.0,1786.1112060546875,1.0,8.0,1.0,1.0,6-11 años,7.48835574380779,0,1,1,0
1,13.0,2.0,1.0,3.0,6.0,2.0,2348.16650390625,3.0,6.0,1.0,1.0,12-14 años,7.761815865035834,0,1,1,0
1,10.0,2.0,1.0,3.0,6.0,2.0,677.0833129882812,1.0,8.0,1.0,1.0,6-11 años,6.519270160904893,0,1,1,0
1,7.0,1.0,1.0,3.0,6.0,2.0,677.0833129882812,0.0,8.0,1.0,1.0,6-11 años,6.519270160904893,0,1,1,0
1,16.0,2.0,1.0,3.0,6.0,2.0,1169.1666259765625,3.0,8.0,5.0,1.0,15-16 años,7.06490143301628,0,1,0,0
1,14.0,1.0,1.0,3.0,6.0,2.0,1169.1666259765625,3.0,8.0,5.0,1.0,12-14 años,7.06490143301628,0,1,0,0
1,8.0,2.0,1.0,3.0,6.0,2.0,1169.1666259765625,1.0,8.0,5.0,1.0,6-11 años,7.06490143301628,0,1,0,0
1,11.0,2.0,1.0,3.0,6.0,2.0,1520.8333740234375,1.0,8.0,5.0,1.0,6-11 años,7.327671054125841,0,1,0,0
1,17.0,2.0,1.0,3.0,6.0,2.0,970.5556030273438,3.0,6.0,5.0,1.0,17-19 años,6.878898501381784,0,1,0,0
1,7.0,2.0,1.0,3.0,6.0,2.0,1316.6666259765625,1.0,6.0,5.0,1.0,6-11 años,7.183617743748152,0,1,0,0
1,15.0,1.0,1.0,3.0,6.0,2.0,828.2666015625,3.0,5.0,8.0,1.0,15-16 años,6.720541697599632,0,1,0,0
1,13.0,1.0,1.0,3.0,6.0,2.0,828.2666015625,2.0,5.0,8.0,1.0,12-14 años,6.720541697599632,0,1,0,0
1,17.0,1.0,1.0,3.0,6.0,2.0,1283.3333740234375,3.0,5.0,5.0,1.0,17-19 años,7.157995087639935,0,1,0,0
1,12.0,2.0,1.0,3.0,6.0,2.0,1575.5333251953125,2.0,6.0,8.0,1.0,12-14 años,7.362983617483747,0,1,0,0
1,15.0,2.0,1.0,3.0,6.0,2.0,1664.8079833984375,3.0,5.0,5.0,1.0,15-16 años,7.418065560020935,0,1,0,0
1,10.0,1.0,1.0,3.0,6.0,2.0,1664.8079833984375,1.0,5.0,5.0,1.0,6-11 años,7.418065560020935,0,1,0,0
1,12.0,1.0,1.0,3.0,6.0,2.0,2003.3333740234375,1.0,5.0,5.0,1.0,12-14 años,7.603066802672525,0,1,0,0
1,10.0,1.0,1.0,3.0,6.0,2.0,530.0,1.0,5.0,5.0,1.0,6-11 años,6.274762021241939,0,1,0,0
1,8.0,1.0,1.0,3.0,6.0,2.0,530.0,1.0,5.0,5.0,1.0,6-11 años,6.274762021241939,0,1,0,0
1,11.0,2.0,1.0,3.0,6.0,2.0,901.1111450195312,2.0,8.0,5.0,1.0,6-11 años,6.80473773311408,0,1,0,0
1,6.0,2.0,1.0,3.0,6.0,2.0,901.1111450195312,0.0,8.0,5.0,1.0,6-11 años,6.80473773311408,0,1,0,0
1,18.0,2.0,1.0,3.0,6.0,2.0,1256.6666259765625,3.0,8.0,5.0,1.0,17-19 años,7.137013398942552,0,1,0,0
1,11.0,2.0,1.0,3.0,6.0,2.0,1256.6666259765625,1.0,8.0,5.0,1.0,6-11 años,7.137013398942552,0,1,0,0
1,10.0,2.0,1.0,3.0,6.0,2.0,341.75,1.0,5.0,5.0,1.0,6-11 años,5.837001318442423,0,1,0,0
1,10.0,1.0,1.0,3.0,6.0,2.0,2302.083251953125,1.0,5.0,5.0,1.0,6-11 años,7.742004048517345,0,1,0,0
1,7.0,1.0,1.0,3.0,6.0,2.0,2302.083251953125,0.0,5.0,5.0,1.0,6-11 años,7.742004048517345,0,1,0,0
1,7.0,1.0,1.0,3.0,6.0,2.0,1931.666748046875,0.0,8.0,5.0,1.0,6-11 años,7.566656062921221,0,1,0,0
1,10.0,2.0,1.0,3.0,6.0,2.0,2587.5,1.0,6.0,5.0,1.0,6-11 años,7.858833836341956,0,1,0,0
1,17.0,2.0,1.0,3.0,27.0,2.0,433.3333435058594,3.0,5.0,5.0,1.0,17-19 años,6.073812311877747,0,1,0,0
1,7.0,1.0,1.0,3.0,27.0,1.0,433.3333435058594,1.0,5.0,5.0,1.0,6-11 años,6.073812311877747,0,1,0,0
1,6.0,2.0,1.0,3.0,6.0,2.0,655.0,0.0,5.0,5.0,1.0,6-11 años,6.486160788944089,0,1,0,0
1,17.0,1.0,1.0,3.0,6.0,2.0,1724.25,3.0,5.0,5.0,1.0,17-19 años,7.453127246500711,0,1,0,0
0,19.0,1.0,1.0,3.0,6.0,2.0,2578.800048828125,4.0,5.0,5.0,1.0,17-19 años,7.855467174458132,0,1,0,1
1,16.0,1.0,1.0,3.0,6.0,2.0,1409.1666259765625,3.0,8.0,1.0,1.0,15-16 años,7.2514631508416265,0,1,1,0
1,16.0,2.0,1.0,3.0,6.0,2.0,1409.1666259765625,3.0,8.0,1.0,1.0,15-16 años,7.2514631508416265,0,1,1,0
1,15.0,1.0,1.0,3.0,6.0,2.0,989.419921875,3.0,5.0,1.0,1.0,15-16 años,6.898129016706824,0,1,1,0
1,10.0,1.0,1.0,3.0,6.0,2.0,989.419921875,1.0,5.0,1.0,1.0,6-11 años,6.898129016706824,0,1,1,0
1,8.0,1.0,1.0,3.0,6.0,2.0,989.419921875,1.0,5.0,1.0,1.0,6-11 años,6.898129016706824,0,1,1,0
1,16.0,2.0,1.0,3.0,6.0,2.0,432.08331298828125,3.0,5.0,1.0,1.0,15-16 años,6.070930118243218,0,1,1,0
1,8.0,2.0,1.0,3.0,6.0,2.0,1648.33740234375,1.0,8.0,1.0,1.0,6-11 años,7.408128911904938,0,1,1,0
1,7.0,2.0,1.0,3.0,6.0,2.0,1648.33740234375,0.0,8.0,1.0,1.0,6-11 años,7.408128911904938,0,1,1,0
1,8.0,2.0,1.0,3.0,6.0,2.0,856.0277709960938,1.0,8.0,1.0,1.0,6-11 años,6.753470322969012,0,1,1,0
1,6.0,1.0,1.0,3.0,6.0,2.0,856.0277709960938,0.0,8.0,1.0,1.0,6-11 años,6.753470322969012,0,1,1,0
1,11.0,2.0,1.0,3.0,6.0,2.0,915.0,1.0,5.0,1.0,1.0,6-11 años,6.82001636467413,0,1,1,0
1,7.0,2.0,1.0,3.0,6.0,2.0,1423.18994140625,0.0,5.0,1.0,1.0,6-11 años,7.2613584688958195,0,1,1,0
1,12.0,1.0,1.0,3.0,6.0,2.0,2546.508056640625,1.0,5.0,1.0,1.0,12-14 años,7.842870927659347,0,1,1,0
1,10.0,2.0,1.0,3.0,6.0,2.0,2546.508056640625,1.0,5.0,1.0,1.0,6-11 años,7.842870927659347,0,1,1,0
1,9.0,1.0,1.0,3.0,6.0,2.0,1747.5198974609375,1.0,5.0,1.0,1.0,6-11 años,7.4665249361704165,0,1,1,0
1,18.0,1.0,1.0,3.0,6.0,2.0,2186.666748046875,4.0,5.0,1.0,1.0,17-19 años,7.690590843005159,0,1,1,0
1,16.0,2.0,1.0,3.0,6.0,2.0,2186.666748046875,3.0,5.0,1.0,1.0,15-16 años,7.690590843005159,0,1,1,0
1,17.0,2.0,1.0,3.0,6.0,1.0,783.6666870117188,3.0,1.0,1.0,1.0,17-19 años,6.665259025080386,0,1,1,0
1,10.0,1.0,1.0,3.0,6.0,2.0,961.3999633789062,1.0,1.0,1.0,1.0,6-11 años,6.869430126608625,0,1,1,0
1,11.0,1.0,1.0,3.0,6.0,2.0,961.3999633789062,1.0,1.0,1.0,1.0,6-11 años,6.869430126608625,0,1,1,0
1,16.0,1.0,1.0,3.0,6.0,1.0,961.3999633789062,3.0,1.0,1.0,1.0,15-16 años,6.869430126608625,0,1,1,0
1,6.0,2.0,1.0,3.0,6.0,2.0,4421.759765625,0.0,5.0,1.0,1.0,6-11 años,8.394519161589923,0,1,1,0
1,11.0,1.0,1.0,3.0,6.0,2.0,915.4849853515625,1.0,5.0,1.0,1.0,6-11 años,6.820545684550432,0,1,1,0
1,6.0,2.0,1.0,3.0,6.0,2.0,915.4849853515625,0.0,5.0,1.0,1.0,6-11 años,6.820545684550432,0,1,1,0
1,19.0,1.0,1.0,3.0,995.0,2.0,1092.3453369140625,1.0,8.0,1.0,1.0,17-19 años,6.9969973915346255,0,1,1,0
1,16.0,2.0,1.0,3.0,6.0,2.0,1092.3453369140625,3.0,8.0,1.0,1.0,15-16 años,6.9969973915346255,0,1,1,0
1,12.0,2.0,1.0,3.0,6.0,2.0,1092.3453369140625,1.0,8.0,1.0,1.0,12-14 años,6.9969973915346255,0,1,1,0
1,11.0,1.0,1.0,3.0,6.0,2.0,2506.111083984375,1.0,5.0,1.0,1.0,6-11 años,7.826886406703729,0,1,1,0
1,16.0,1.0,1.0,3.0,6.0,2.0,1717.333251953125,3.0,8.0,1.0,1.0,15-16 años,7.449110060422983,0,1,1,0
1,8.0,1.0,1.0,3.0,6.0,2.0,1717.333251953125,1.0,8.0,1.0,1.0,6-11 años,7.449110060422983,0,1,1,0
1,12.0,2.0,1.0,3.0,6.0,2.0,2004.6805419921875,2.0,8.0,1.0,1.0,12-14 años,7.603738704589898,0,1,1,0
1,6.0,2.0,1.0,3.0,6.0,2.0,2004.6805419921875,0.0,8.0,1.0,1.0,6-11 años,7.603738704589898,0,1,1,0
1,18.0,1.0,1.0,3.0,6.0,1.0,1701.9881591796875,3.0,8.0,5.0,1.0,17-19 años,7.440139727719954,0,1,0,0
1,13.0,2.0,1.0,3.0,6.0,2.0,1701.9881591796875,3.0,8.0,5.0,1.0,12-14 años,7.440139727719954,0,1,0,0
1,9.0,2.0,1.0,3.0,6.0,2.0,1701.9881591796875,1.0,8.0,5.0,1.0,6-11 años,7.440139727719954,0,1,0,0
1,6.0,1.0,1.0,3.0,6.0,2.0,1701.9881591796875,0.0,8.0,5.0,1.0,6-11 años,7.440139727719954,0,1,0,0
0,18.0,1.0,1.0,3.0,6.0,2.0,1864.0,4.0,8.0,5.0,1.0,17-19 años,7.5310163320779155,0,1,0,1
1,16.0,2.0,1.0,3.0,6.0,2.0,1864.0,3.0,8.0,5.0,1.0,15-16 años,7.5310163320779155,0,1,0,0
1,9.0,2.0,1.0,3.0,6.0,2.0,1864.0,1.0,8.0,5.0,1.0,6-11 años,7.5310163320779155,0,1,0,0
1,17.0,1.0,1.0,3.0,6.0,2.0,1787.0999755859375,3.0,5.0,5.0,1.0,17-19 años,7.488908868927523,0,1,0,0
1,15.0,1.0,1.0,3.0,6.0,2.0,1787.0999755859375,3.0,5.0,5.0,1.0,15-16 años,7.488908868927523,0,1,0,0
1,17.0,1.0,1.0,3.0,6.0,2.0,1161.800048828125,3.0,8.0,5.0,1.0,17-19 años,7.058586210676571,0,1,0,0
1,14.0,1.0,1.0,3.0,6.0,2.0,1161.800048828125,3.0,8.0,5.0,1.0,12-14 años,7.058586210676571,0,1,0,0
1,8.0,2.0,1.0,3.0,6.0,2.0,1161.800048828125,1.0,8.0,5.0,1.0,6-11 años,7.058586210676571,0,1,0,0
1,16.0,1.0,1.0,3.0,6.0,2.0,1130.75,3.0,6.0,5.0,1.0,15-16 años,7.031520386316068,0,1,0,0
1,9.0,1.0,1.0,3.0,6.0,2.0,1130.75,1.0,6.0,5.0,1.0,6-11 años,7.031520386316068,0,1,0,0
1,15.0,2.0,1.0,3.0,6.0,2.0,2462.08349609375,3.0,6.0,5.0,1.0,15-16 años,7.8091692977058065,0,1,0,0
1,13.0,1.0,1.0,3.0,6.0,2.0,2462.08349609375,2.0,6.0,5.0,1.0,12-14 años,7.8091692977058065,0,1,0,0
1,12.0,2.0,1.0,3.0,6.0,2.0,1055.333251953125,1.0,8.0,5.0,1.0,12-14 años,6.962558993982535,0,1,0,0
1,14.0,1.0,1.0,3.0,6.0,2.0,873.3333129882812,3.0,5.0,5.0,1.0,12-14 años,6.7734616679295465,0,1,0,0
1,11.0,1.0,1.0,3.0,6.0,2.0,873.3333129882812,1.0,5.0,5.0,1.0,6-11 años,6.7734616679295465,0,1,0,0
1,18.0,2.0,1.0,3.0,6.0,2.0,2109.97216796875,4.0,6.0,5.0,1.0,17-19 años,7.654903863473748,0,1,0,0
1,9.0,1.0,1.0,3.0,6.0,2.0,2109.97216796875,1.0,6.0,5.0,1.0,6-11 años,7.654903863473748,0,1,0,0
1,15.0,2.0,1.0,3.0,6.0,2.0,1646.1112060546875,3.0,5.0,5.0,1.0,15-16 años,7.406778248271459,0,1,0,0
1,10.0,2.0,1.0,3.0,6.0,2.0,638.6666870117188,1.0,5.0,5.0,1.0,6-11 años,6.460947239145299,0,1,0,0
1,18.0,1.0,1.0,3.0,27.0,1.0,2654.0,3.0,8.0,5.0,1.0,17-19 años,7.884199933676039,0,1,0,0
1,11.0,1.0,1.0,3.0,6.0,2.0,3500.598876953125,1.0,5.0,5.0,1.0,6-11 años,8.160974965152715,0,1,0,0
1,13.0,1.0,1.0,3.0,6.0,2.0,4713.830078125,2.0,5.0,5.0,1.0,12-14 años,8.458468155844452,0,1,0,0
1,13.0,2.0,1.0,3.0,6.0,2.0,4098.33349609375,2.0,5.0,5.0,1.0,12-14 años,8.318579677549423,0,1,0,0
1,9.0,1.0,2.0,3.0,27.0,2.0,343.4333190917969,1.0,1.0,6.0,1.0,6-11 años,5.841900513204469,1,1,0,0
1,6.0,1.0,2.0,3.0,27.0,2.0,343.4333190917969,0.0,1.0,6.0,1.0,6-11 años,5.841900513204469,1,1,0,0
1,17.0,2.0,2.0,3.0,6.0,1.0,549.2333374023438,3.0,5.0,7.0,1.0,17-19 años,6.310342438080449,1,1,0,0
1,13.0,2.0,2.0,3.0,27.0,1.0,549.2333374023438,3.0,5.0,7.0,1.0,12-14 años,6.310342438080449,1,1,0,0
1,11.0,2.0,2.0,3.0,27.0,1.0,549.2333374023438,1.0,5.0,7.0,1.0,6-11 años,6.310342438080449,1,1,0,0
1,8.0,2.0,2.0,3.0,6.0,2.0,614.375,1.0,8.0,7.0,1.0,6-11 años,6.422231838078365,1,1,0,0
1,7.0,2.0,2.0,3.0,6.0,2.0,614.375,0.0,8.0,7.0,1.0,6-11 años,6.422231838078365,1,1,0,0
1,8.0,1.0,2.0,3.0,6.0,2.0,713.75,1.0,1.0,7.0,1.0,6-11 años,6.571932831202421,1,1,0,0
1,6.0,1.0,2.0,3.0,6.0,2.0,713.75,0.0,1.0,7.0,1.0,6-11 años,6.571932831202421,1,1,0,0
1,15.0,1.0,2.0,3.0,6.0,2.0,275.8333435058594,3.0,1.0,7.0,1.0,15-16 años,5.62341567713127,1,1,0,0
1,10.0,2.0,2.0,3.0,6.0,1.0,372.2221984863281,1.0,1.0,7.0,1.0,6-11 años,5.922173948678855,1,1,0,0
1,16.0,2.0,2.0,3.0,27.0,2.0,377.9166564941406,3.0,1.0,7.0,1.0,15-16 años,5.937316277190669,1,1,0,0
1,17.0,2.0,2.0,3.0,6.0,2.0,2054.666748046875,3.0,6.0,7.0,1.0,17-19 años,7.628355525911614,1,1,0,0
1,8.0,2.0,2.0,3.0,6.0,2.0,433.3333740234375,1.0,1.0,8.0,2.0,6-11 años,6.073812382140778,1,0,0,0
1,16.0,1.0,2.0,3.0,6.0,2.0,134.4791717529297,3.0,1.0,7.0,1.0,15-16 años,4.908817914504029,1,1,0,0
1,13.0,1.0,2.0,3.0,6.0,2.0,134.4791717529297,3.0,1.0,7.0,1.0,12-14 años,4.908817914504029,1,1,0,0
0,19.0,2.0,2.0,3.0,27.0,2.0,157.68519592285156,2.0,1.0,7.0,1.0,17-19 años,5.066922339771312,1,1,0,1
1,18.0,2.0,2.0,3.0,6.0,1.0,157.68519592285156,3.0,1.0,7.0,1.0,17-19 años,5.066922339771312,1,1,0,0
1,16.0,2.0,2.0,3.0,27.0,1.0,157.68519592285156,3.0,1.0,7.0,1.0,15-16 años,5.066922339771312,1,1,0,0
1,14.0,1.0,2.0,3.0,27.0,2.0,157.68519592285156,1.0,1.0,7.0,1.0,12-14 años,5.066922339771312,1,1,0,0
1,13.0,1.0,2.0,3.0,27.0,2.0,157.68519592285156,1.0,1.0,7.0,1.0,12-14 años,5.066922339771312,1,1,0,0
1,8.0,2.0,2.0,3.0,27.0,2.0,157.68519592285156,1.0,1.0,7.0,1.0,6-11 años,5.066922339771312,1,1,0,0
1,15.0,1.0,2.0,3.0,27.0,2.0,160.20834350585938,3.0,5.0,7.0,1.0,15-16 años,5.0826975874543034,1,1,0,0
1,13.0,1.0,2.0,3.0,6.0,2.0,160.20834350585938,2.0,5.0,7.0,1.0,12-14 años,5.0826975874543034,1,1,0,0
1,15.0,2.0,2.0,3.0,27.0,2.0,730.5916137695312,2.0,1.0,7.0,1.0,15-16 años,6.595222453588151,1,1,0,0
1,13.0,1.0,2.0,3.0,27.0,1.0,730.5916137695312,1.0,1.0,7.0,1.0,12-14 años,6.595222453588151,1,1,0,0
1,7.0,1.0,2.0,3.0,27.0,1.0,730.5916137695312,0.0,1.0,7.0,1.0,6-11 años,6.595222453588151,1,1,0,0
0,18.0,2.0,2.0,3.0,27.0,1.0,323.8095397949219,4.0,1.0,7.0,1.0,17-19 años,5.783238979145979,1,1,0,1
1,14.0,2.0,2.0,3.0,27.0,1.0,323.8095397949219,3.0,1.0,7.0,1.0,12-14 años,5.783238979145979,1,1,0,0
1,12.0,1.0,2.0,3.0,27.0,1.0,323.8095397949219,2.0,1.0,7.0,1.0,12-14 años,5.783238979145979,1,1,0,0
0,15.0,1.0,2.0,3.0,27.0,2.0,281.3333435058594,3.0,1.0,7.0,1.0,15-16 años,5.643088442014142,1,1,0,1
1,10.0,2.0,2.0,3.0,27.0,1.0,281.3333435058594,1.0,1.0,7.0,1.0,6-11 años,5.643088442014142,1,1,0,0
0,18.0,2.0,2.0,3.0,6.0,2.0,472.25,4.0,5.0,7.0,1.0,17-19 años,6.159623790089432,1,1,0,1
0,19.0,2.0,2.0,3.0,6.0,2.0,308.75,3.0,8.0,7.0,1.0,17-19 años,5.7357655205092515,1,1,0,1
0,18.0,2.0,2.0,3.0,27.0,2.0,209.58334350585938,4.0,5.0,7.0,1.0,17-19 años,5.349881505906608,1,1,0,1
1,14.0,2.0,2.0,3.0,27.0,2.0,209.58334350585938,3.0,5.0,7.0,1.0,12-14 años,5.349881505906608,1,1,0,0
1,6.0,2.0,2.0,3.0,6.0,2.0,1921.1524658203125,0.0,5.0,7.0,1.0,6-11 años,7.561200913033532,1,1,0,0
1,12.0,1.0,2.0,3.0,27.0,2.0,1100.7039794921875,2.0,6.0,7.0,1.0,12-14 años,7.0046133324772715,1,1,0,0
1,8.0,1.0,2.0,3.0,27.0,2.0,1100.7039794921875,1.0,6.0,7.0,1.0,6-11 años,7.0046133324772715,1,1,0,0
0,18.0,2.0,2.0,3.0,27.0,1.0,693.888916015625,4.0,8.0,7.0,1.0,17-19 años,6.543751999719082,1,1,0,1
1,7.0,2.0,2.0,3.0,27.0,2.0,693.888916015625,0.0,8.0,7.0,1.0,6-11 años,6.543751999719082,1,1,0,0
1,14.0,2.0,2.0,3.0,6.0,2.0,1157.7083740234375,3.0,8.0,7.0,1.0,12-14 años,7.055061193061943,1,1,0,0
1,8.0,1.0,2.0,3.0,6.0,2.0,1157.7083740234375,1.0,8.0,7.0,1.0,6-11 años,7.055061193061943,1,1,0,0
0,19.0,2.0,2.0,3.0,27.0,1.0,256.9444274902344,4.0,5.0,7.0,1.0,17-19 años,5.552744164395609,1,1,0,1
1,10.0,2.0,2.0,3.0,27.0,2.0,266.6666564941406,1.0,5.0,7.0,1.0,6-11 años,5.589742387274195,1,1,0,0
1,14.0,1.0,2.0,3.0,6.0,1.0,600.7899780273438,3.0,5.0,7.0,1.0,12-14 años,6.3999085107294995,1,1,0,0
1,11.0,1.0,2.0,3.0,27.0,1.0,600.7899780273438,1.0,5.0,7.0,1.0,6-11 años,6.3999085107294995,1,1,0,0
0,8.0,1.0,2.0,3.0,995.0,2.0,600.7899780273438,0.0,5.0,7.0,1.0,6-11 años,6.3999085107294995,1,1,0,1
1,8.0,2.0,2.0,3.0,6.0,1.0,2091.9599609375,1.0,5.0,7.0,1.0,6-11 años,7.646334592276158,1,1,0,0
1,19.0,1.0,2.0,3.0,6.0,2.0,1210.933349609375,4.0,8.0,7.0,1.0,17-19 años,7.099972173045668,1,1,0,0
1,15.0,1.0,2.0,3.0,6.0,2.0,1210.933349609375,3.0,8.0,7.0,1.0,15-16 años,7.099972173045668,1,1,0,0
1,8.0,1.0,2.0,3.0,6.0,2.0,1210.933349609375,1.0,8.0,7.0,1.0,6-11 años,7.099972173045668,1,1,0,0
0,17.0,2.0,2.0,3.0,27.0,2.0,637.8571166992188,2.0,7.0,7.0,1.0,17-19 años,6.459680824834749,1,1,0,1
0,15.0,2.0,2.0,3.0,6.0,2.0,637.8571166992188,3.0,7.0,7.0,1.0,15-16 años,6.459680824834749,1,1,0,1
1,10.0,1.0,2.0,3.0,27.0,2.0,637.8571166992188,1.0,7.0,7.0,1.0,6-11 años,6.459680824834749,1,1,0,0
1,6.0,1.0,2.0,3.0,27.0,2.0,637.8571166992188,0.0,7.0,7.0,1.0,6-11 años,6.459680824834749,1,1,0,0
1,17.0,1.0,2.0,3.0,6.0,2.0,532.38330078125,3.0,5.0,7.0,1.0,17-19 años,6.27924030413607,1,1,0,0
1,15.0,2.0,2.0,3.0,6.0,2.0,1597.8333740234375,3.0,8.0,7.0,1.0,15-16 años,7.377029501039765,1,1,0,0
1,10.0,2.0,2.0,3.0,6.0,2.0,1597.8333740234375,1.0,8.0,7.0,1.0,6-11 años,7.377029501039765,1,1,0,0
1,19.0,1.0,2.0,3.0,6.0,2.0,1424.693359375,4.0,5.0,5.0,1.0,17-19 años,7.262413542349391,1,1,0,0
1,13.0,2.0,2.0,3.0,6.0,2.0,1424.693359375,3.0,5.0,5.0,1.0,12-14 años,7.262413542349391,1,1,0,0
1,16.0,2.0,2.0,3.0,6.0,2.0,2465.780029296875,3.0,8.0,5.0,1.0,15-16 años,7.81066894729118,1,1,0,0
1,6.0,1.0,2.0,3.0,6.0,2.0,1665.8900146484375,0.0,5.0,5.0,1.0,6-11 años,7.418714902558815,1,1,0,0
1,8.0,2.0,2.0,3.0,995.0,2.0,1662.13330078125,1.0,5.0,5.0,1.0,6-11 años,7.416458632794282,1,1,0,0
1,19.0,2.0,2.0,3.0,6.0,2.0,4389.72216796875,3.0,8.0,5.0,1.0,17-19 años,8.387248995494247,1,1,0,0
0,19.0,1.0,2.0,3.0,6.0,1.0,1006.2888793945312,3.0,5.0,5.0,1.0,17-19 años,6.915017722874323,1,1,0,1
1,18.0,2.0,2.0,3.0,6.0,2.0,933.7666015625,3.0,8.0,5.0,1.0,17-19 años,6.840296874130105,1,1,0,0
1,6.0,1.0,2.0,3.0,6.0,2.0,933.7666015625,0.0,8.0,5.0,1.0,6-11 años,6.840296874130105,1,1,0,0
1,9.0,2.0,2.0,3.0,6.0,2.0,532.3333740234375,1.0,5.0,5.0,1.0,6-11 años,6.279146695853705,1,1,0,0
1,8.0,2.0,2.0,3.0,6.0,2.0,532.3333740234375,1.0,5.0,5.0,1.0,6-11 años,6.279146695853705,1,1,0,0
1,17.0,1.0,2.0,3.0,6.0,2.0,892.5,3.0,5.0,5.0,1.0,17-19 años,6.795146334599483,1,1,0,0
1,11.0,1.0,2.0,3.0,6.0,2.0,892.5,1.0,5.0,5.0,1.0,6-11 años,6.795146334599483,1,1,0,0
1,17.0,1.0,2.0,3.0,6.0,1.0,295.875,3.0,5.0,7.0,1.0,17-19 años,5.693311174788906,1,1,0,0
1,15.0,1.0,2.0,3.0,6.0,1.0,295.875,3.0,5.0,7.0,1.0,15-16 años,5.693311174788906,1,1,0,0
1,14.0,2.0,2.0,3.0,6.0,1.0,898.4445190429688,3.0,8.0,7.0,1.0,12-14 años,6.801777371713959,1,1,0,0
1,12.0,2.0,2.0,3.0,6.0,2.0,898.4445190429688,2.0,8.0,7.0,1.0,12-14 años,6.801777371713959,1,1,0,0
1,10.0,1.0,2.0,3.0,6.0,2.0,898.4445190429688,1.0,8.0,7.0,1.0,6-11 años,6.801777371713959,1,1,0,0
1,7.0,2.0,2.0,3.0,6.0,2.0,950.6111450195312,0.0,8.0,7.0,1.0,6-11 años,6.858156490234464,1,1,0,0
1,19.0,1.0,2.0,3.0,6.0,1.0,1304.385009765625,3.0,5.0,7.0,1.0,17-19 años,7.174253302885318,1,1,0,0
1,17.0,2.0,2.0,3.0,6.0,1.0,1304.385009765625,3.0,5.0,7.0,1.0,17-19 años,7.174253302885318,1,1,0,0
1,17.0,1.0,2.0,3.0,6.0,2.0,696.6666870117188,3.0,5.0,7.0,1.0,17-19 años,6.547741462939455,1,1,0,0
1,14.0,1.0,2.0,3.0,6.0,2.0,696.6666870117188,2.0,5.0,7.0,1.0,12-14 años,6.547741462939455,1,1,0,0
1,13.0,2.0,2.0,3.0,6.0,2.0,782.4166870117188,3.0,1.0,7.0,1.0,12-14 años,6.6636647217601945,1,1,0,0
1,10.0,2.0,2.0,3.0,6.0,2.0,782.4166870117188,1.0,1.0,7.0,1.0,6-11 años,6.6636647217601945,1,1,0,0
1,17.0,1.0,2.0,3.0,6.0,2.0,1940.0,3.0,5.0,5.0,1.0,17-19 años,7.57095858316901,1,1,0,0
1,15.0,1.0,2.0,3.0,6.0,2.0,1940.0,3.0,5.0,5.0,1.0,15-16 años,7.57095858316901,1,1,0,0
1,11.0,2.0,2.0,3.0,6.0,2.0,1940.0,1.0,5.0,5.0,1.0,6-11 años,7.57095858316901,1,1,0,0
1,17.0,1.0,2.0,3.0,6.0,2.0,441.1111145019531,3.0,5.0,9.0,1.0,17-19 años,6.091561240760369,1,1,0,0
1,15.0,2.0,2.0,3.0,6.0,2.0,441.1111145019531,3.0,5.0,9.0,1.0,15-16 años,6.091561240760369,1,1,0,0
1,13.0,2.0,2.0,3.0,6.0,2.0,441.1111145019531,3.0,5.0,9.0,1.0,12-14 años,6.091561240760369,1,1,0,0
1,7.0,2.0,2.0,3.0,6.0,2.0,1084.949951171875,1.0,5.0,10.0,1.0,6-11 años,6.990210413954817,1,1,0,0
1,9.0,2.0,2.0,3.0,6.0,2.0,940.0,1.0,8.0,9.0,1.0,6-11 años,6.846943139585379,1,1,0,0
1,7.0,1.0,2.0,3.0,6.0,2.0,940.0,1.0,8.0,9.0,1.0,6-11 años,6.846943139585379,1,1,0,0
1,15.0,2.0,2.0,3.0,6.0,2.0,1905.71875,3.0,8.0,5.0,1.0,15-16 años,7.553139111766213,1,1,0,0
1,13.0,2.0,2.0,3.0,6.0,2.0,1905.71875,3.0,8.0,5.0,1.0,12-14 años,7.553139111766213,1,1,0,0
1,7.0,1.0,2.0,3.0,6.0,2.0,1535.0,1.0,5.0,5.0,1.0,6-11 años,7.336936913707618,1,1,0,0
1,18.0,2.0,2.0,3.0,6.0,2.0,811.6666870117188,3.0,8.0,9.0,1.0,17-19 años,6.700321046408035,1,1,0,0
1,14.0,1.0,2.0,3.0,6.0,2.0,811.6666870117188,3.0,8.0,9.0,1.0,12-14 años,6.700321046408035,1,1,0,0
1,13.0,2.0,2.0,3.0,6.0,2.0,811.6666870117188,2.0,8.0,9.0,1.0,12-14 años,6.700321046408035,1,1,0,0
1,11.0,2.0,2.0,3.0,6.0,2.0,811.6666870117188,1.0,8.0,9.0,1.0,6-11 años,6.700321046408035,1,1,0,0
1,9.0,2.0,2.0,3.0,6.0,2.0,811.6666870117188,1.0,8.0,9.0,1.0,6-11 años,6.700321046408035,1,1,0,0
1,16.0,1.0,2.0,3.0,6.0,2.0,1998.3558349609375,3.0,5.0,5.0,1.0,15-16 años,7.600580325142836,1,1,0,0
1,11.0,1.0,2.0,3.0,6.0,2.0,1998.3558349609375,1.0,5.0,5.0,1.0,6-11 años,7.600580325142836,1,1,0,0
1,7.0,1.0,2.0,3.0,6.0,2.0,1998.3558349609375,1.0,5.0,5.0,1.0,6-11 años,7.600580325142836,1,1,0,0
1,17.0,2.0,2.0,3.0,27.0,1.0,442.8571472167969,3.0,8.0,5.0,1.0,17-19 años,6.095502770159935,1,1,0,0
1,16.0,2.0,2.0,3.0,27.0,1.0,442.8571472167969,3.0,8.0,5.0,1.0,15-16 años,6.095502770159935,1,1,0,0
1,14.0,1.0,2.0,3.0,27.0,1.0,442.8571472167969,3.0,8.0,5.0,1.0,12-14 años,6.095502770159935,1,1,0,0
1,10.0,2.0,2.0,3.0,6.0,2.0,442.8571472167969,1.0,8.0,5.0,1.0,6-11 años,6.095502770159935,1,1,0,0
1,7.0,2.0,2.0,3.0,6.0,2.0,442.8571472167969,1.0,8.0,5.0,1.0,6-11 años,6.095502770159935,1,1,0,0
1,19.0,2.0,2.0,3.0,27.0,1.0,1023.611083984375,5.0,1.0,5.0,1.0,17-19 años,6.932068389311488,1,1,0,0
1,8.0,2.0,2.0,3.0,6.0,2.0,463.3333435058594,1.0,5.0,5.0,1.0,6-11 años,6.140602707019505,1,1,0,0
1,7.0,1.0,2.0,3.0,6.0,2.0,998.3333740234375,0.0,5.0,5.0,1.0,6-11 años,6.907088430711681,1,1,0,0
1,10.0,1.0,2.0,3.0,6.0,2.0,757.0833740234375,1.0,8.0,5.0,1.0,6-11 años,6.630793371709036,1,1,0,0
1,6.0,1.0,2.0,3.0,6.0,2.0,510.1666564941406,0.0,5.0,5.0,1.0,6-11 años,6.236695674985591,1,1,0,0
1,18.0,2.0,2.0,3.0,6.0,1.0,7160.0,4.0,8.0,5.0,1.0,17-19 años,8.87640491500694,1,1,0,0
1,12.0,2.0,2.0,3.0,6.0,2.0,420.0,1.0,8.0,5.0,1.0,12-14 años,6.042632833682381,1,1,0,0
1,8.0,2.0,2.0,3.0,6.0,2.0,1185.8333740234375,1.0,5.0,5.0,1.0,6-11 años,7.079044009038667,1,1,0,0
1,7.0,2.0,2.0,3.0,6.0,2.0,4239.66650390625,1.0,8.0,5.0,1.0,6-11 años,8.352475730189783,1,1,0,0
1,8.0,1.0,2.0,3.0,27.0,2.0,1306.6666259765625,1.0,5.0,5.0,1.0,6-11 años,7.17599962642487,1,1,0,0
1,8.0,2.0,2.0,3.0,6.0,2.0,1854.4444580078125,1.0,8.0,5.0,1.0,6-11 años,7.525879546346251,1,1,0,0
1,10.0,2.0,2.0,3.0,6.0,2.0,1492.0,1.0,8.0,5.0,1.0,6-11 años,7.30854279753919,1,1,0,0
1,13.0,2.0,2.0,3.0,6.0,2.0,2947.29150390625,3.0,5.0,5.0,1.0,12-14 años,7.988981130342798,1,1,0,0
0,19.0,1.0,2.0,3.0,6.0,2.0,1452.0555419921875,4.0,5.0,5.0,1.0,17-19 años,7.28142388857417,1,1,0,1
1,18.0,2.0,2.0,3.0,6.0,2.0,1452.0555419921875,3.0,5.0,5.0,1.0,17-19 años,7.28142388857417,1,1,0,0
1,14.0,2.0,2.0,3.0,6.0,2.0,750.0,2.0,6.0,5.0,1.0,12-14 años,6.621405651764134,1,1,0,0
1,16.0,1.0,2.0,3.0,6.0,2.0,2421.77783203125,3.0,6.0,5.0,1.0,15-16 años,7.7926700253337335,1,1,0,0
1,15.0,1.0,2.0,3.0,6.0,2.0,1130.5555419921875,3.0,5.0,5.0,1.0,15-16 años,7.031348550914543,1,1,0,0
1,14.0,1.0,2.0,3.0,27.0,2.0,2001.875,3.0,5.0,7.0,1.0,12-14 años,7.602338927328044,1,1,0,0
1,11.0,1.0,2.0,3.0,6.0,2.0,647.2667236328125,1.0,5.0,7.0,1.0,6-11 años,6.474302222208356,1,1,0,0
1,14.0,2.0,2.0,3.0,27.0,1.0,968.3333740234375,3.0,5.0,7.0,1.0,12-14 años,6.876608591962711,1,1,0,0
1,11.0,2.0,2.0,3.0,6.0,1.0,968.3333740234375,1.0,5.0,7.0,1.0,6-11 años,6.876608591962711,1,1,0,0
1,9.0,1.0,2.0,3.0,6.0,1.0,968.3333740234375,1.0,5.0,7.0,1.0,6-11 años,6.876608591962711,1,1,0,0
1,12.0,1.0,2.0,3.0,6.0,2.0,780.625,2.0,5.0,7.0,1.0,12-14 años,6.661375085887462,1,1,0,0
1,9.0,1.0,2.0,3.0,6.0,2.0,780.625,1.0,5.0,7.0,1.0,6-11 años,6.661375085887462,1,1,0,0
1,7.0,2.0,2.0,3.0,6.0,2.0,780.625,1.0,5.0,7.0,1.0,6-11 años,6.661375085887462,1,1,0,0
1,14.0,1.0,2.0,3.0,6.0,2.0,730.8333740234375,3.0,5.0,7.0,1.0,12-14 años,6.595552856933894,1,1,0,0
1,9.0,1.0,2.0,3.0,27.0,2.0,150.7777862548828,1.0,1.0,8.0,1.0,6-11 años,5.022417518646598,1,1,0,0
1,7.0,2.0,2.0,3.0,27.0,1.0,150.7777862548828,1.0,1.0,8.0,1.0,6-11 años,5.022417518646598,1,1,0,0
1,12.0,2.0,2.0,3.0,27.0,1.0,183.83334350585938,2.0,1.0,8.0,1.0,12-14 años,5.21945457315852,1,1,0,0
1,10.0,1.0,2.0,3.0,27.0,1.0,183.83334350585938,1.0,1.0,8.0,1.0,6-11 años,5.21945457315852,1,1,0,0
1,10.0,2.0,2.0,3.0,27.0,1.0,223.08334350585938,1.0,1.0,8.0,1.0,6-11 años,5.4120180518770375,1,1,0,0
1,16.0,1.0,2.0,3.0,27.0,1.0,329.04168701171875,3.0,1.0,8.0,1.0,15-16 años,5.799218970760222,1,1,0,0
1,12.0,2.0,2.0,3.0,27.0,1.0,329.04168701171875,3.0,1.0,8.0,1.0,12-14 años,5.799218970760222,1,1,0,0
1,11.0,1.0,2.0,3.0,27.0,1.0,336.3333435058594,1.0,1.0,8.0,1.0,6-11 años,5.82107159133501,1,1,0,0
1,7.0,2.0,2.0,3.0,27.0,1.0,336.3333435058594,1.0,1.0,8.0,1.0,6-11 años,5.82107159133501,1,1,0,0
1,17.0,2.0,2.0,3.0,6.0,1.0,618.6666259765625,3.0,1.0,8.0,1.0,17-19 años,6.429181633388828,1,1,0,0
1,10.0,1.0,2.0,3.0,6.0,2.0,618.6666259765625,1.0,1.0,8.0,1.0,6-11 años,6.429181633388828,1,1,0,0
1,16.0,1.0,2.0,3.0,6.0,1.0,521.4444580078125,3.0,1.0,8.0,1.0,15-16 años,6.258518677725155,1,1,0,0
1,13.0,1.0,2.0,3.0,27.0,2.0,521.4444580078125,3.0,1.0,8.0,1.0,12-14 años,6.258518677725155,1,1,0,0
1,16.0,1.0,2.0,3.0,6.0,2.0,171.1458282470703,3.0,1.0,8.0,1.0,15-16 años,5.148341956247048,1,1,0,0
1,9.0,2.0,2.0,3.0,6.0,2.0,171.1458282470703,1.0,1.0,8.0,1.0,6-11 años,5.148341956247048,1,1,0,0
1,13.0,1.0,2.0,3.0,27.0,2.0,433.6666564941406,2.0,5.0,8.0,1.0,12-14 años,6.0745794304154375,1,1,0,0
0,17.0,2.0,2.0,3.0,27.0,2.0,433.6666564941406,3.0,5.0,8.0,1.0,17-19 años,6.0745794304154375,1,1,0,1
1,15.0,2.0,2.0,3.0,27.0,2.0,152.0,3.0,1.0,8.0,1.0,15-16 años,5.030437921392435,1,1,0,0
1,12.0,1.0,2.0,3.0,27.0,2.0,152.0,2.0,1.0,8.0,1.0,12-14 años,5.030437921392435,1,1,0,0
1,18.0,2.0,2.0,3.0,27.0,1.0,278.3333435058594,3.0,1.0,5.0,1.0,17-19 años,5.63240584823113,1,1,0,0
1,18.0,1.0,2.0,3.0,27.0,2.0,597.3333740234375,3.0,8.0,5.0,1.0,17-19 años,6.394148080260012,1,1,0,0
1,16.0,1.0,2.0,3.0,27.0,2.0,597.3333740234375,3.0,8.0,5.0,1.0,15-16 años,6.394148080260012,1,1,0,0
1,10.0,1.0,2.0,3.0,27.0,2.0,597.3333740234375,1.0,8.0,5.0,1.0,6-11 años,6.394148080260012,1,1,0,0
1,12.0,1.0,2.0,3.0,27.0,2.0,725.1500244140625,1.0,5.0,9.0,1.0,12-14 años,6.587756638675051,1,1,0,0
1,10.0,1.0,2.0,3.0,27.0,2.0,725.1500244140625,1.0,5.0,9.0,1.0,6-11 años,6.587756638675051,1,1,0,0
1,8.0,1.0,2.0,3.0,27.0,2.0,725.1500244140625,1.0,5.0,9.0,1.0,6-11 años,6.587756638675051,1,1,0,0
1,6.0,1.0,2.0,3.0,6.0,2.0,668.5,1.0,5.0,9.0,1.0,6-11 años,6.506531165131227,1,1,0,0
1,14.0,1.0,2.0,3.0,27.0,2.0,425.82708740234375,2.0,1.0,8.0,2.0,12-14 años,6.0563789836797355,1,0,0,0
1,12.0,1.0,2.0,3.0,27.0,2.0,425.82708740234375,1.0,1.0,8.0,2.0,12-14 años,6.0563789836797355,1,0,0,0
1,10.0,1.0,2.0,3.0,27.0,2.0,425.82708740234375,1.0,1.0,8.0,2.0,6-11 años,6.0563789836797355,1,0,0,0
1,7.0,2.0,2.0,3.0,27.0,2.0,425.82708740234375,1.0,1.0,8.0,2.0,6-11 años,6.0563789836797355,1,0,0,0
1,12.0,1.0,2.0,3.0,27.0,2.0,124.76667785644531,1.0,1.0,8.0,1.0,12-14 años,4.834428427274682,1,1,0,0
1,10.0,2.0,2.0,3.0,27.0,2.0,124.76667785644531,1.0,1.0,8.0,1.0,6-11 años,4.834428427274682,1,1,0,0
1,8.0,1.0,2.0,3.0,27.0,2.0,124.76667785644531,1.0,1.0,8.0,1.0,6-11 años,4.834428427274682,1,1,0,0
1,11.0,1.0,2.0,3.0,27.0,2.0,91.78571319580078,1.0,8.0,8.0,1.0,6-11 años,4.530292675308775,1,1,0,0
1,9.0,2.0,2.0,3.0,27.0,2.0,91.78571319580078,1.0,8.0,8.0,1.0,6-11 años,4.530292675308775,1,1,0,0
1,7.0,1.0,2.0,3.0,27.0,2.0,91.78571319580078,1.0,8.0,8.0,1.0,6-11 años,4.530292675308775,1,1,0,0
1,13.0,2.0,2.0,3.0,6.0,2.0,796.5833129882812,3.0,5.0,5.0,1.0,12-14 años,6.6815862968995345,1,1,0,0
1,17.0,2.0,2.0,3.0,27.0,2.0,796.5833129882812,3.0,5.0,5.0,1.0,17-19 años,6.6815862968995345,1,1,0,0
1,18.0,2.0,2.0,3.0,6.0,2.0,770.0,3.0,1.0,5.0,1.0,17-19 años,6.647688373563329,1,1,0,0
1,9.0,2.0,2.0,3.0,6.0,2.0,119.16666412353516,1.0,6.0,5.0,1.0,6-11 años,4.788879646893525,1,1,0,0
1,9.0,1.0,2.0,3.0,6.0,2.0,651.2000122070312,1.0,6.0,5.0,1.0,6-11 años,6.480351282071918,1,1,0,0
1,17.0,1.0,2.0,3.0,6.0,2.0,1296.083251953125,3.0,1.0,5.0,1.0,17-19 años,7.167873370346781,1,1,0,0
1,15.0,2.0,2.0,3.0,6.0,2.0,1296.083251953125,3.0,1.0,5.0,1.0,15-16 años,7.167873370346781,1,1,0,0
1,13.0,1.0,2.0,3.0,6.0,2.0,282.91668701171875,3.0,5.0,8.0,1.0,12-14 años,5.648680839531497,1,1,0,0
1,8.0,2.0,2.0,3.0,6.0,2.0,282.91668701171875,1.0,5.0,8.0,1.0,6-11 años,5.648680839531497,1,1,0,0
1,11.0,1.0,2.0,3.0,27.0,2.0,328.75,1.0,8.0,8.0,1.0,6-11 años,5.798334791597424,1,1,0,0
1,8.0,1.0,2.0,3.0,27.0,2.0,328.75,1.0,8.0,8.0,1.0,6-11 años,5.798334791597424,1,1,0,0
1,18.0,2.0,2.0,3.0,6.0,2.0,2543.875,4.0,5.0,5.0,1.0,17-19 años,7.841836811864841,1,1,0,0
1,15.0,1.0,2.0,3.0,6.0,2.0,2543.875,3.0,5.0,5.0,1.0,15-16 años,7.841836811864841,1,1,0,0
1,17.0,2.0,2.0,3.0,6.0,2.0,631.9444580078125,3.0,5.0,5.0,1.0,17-19 años,6.450382674230953,1,1,0,0
1,11.0,2.0,2.0,3.0,6.0,2.0,631.9444580078125,1.0,5.0,5.0,1.0,6-11 años,6.450382674230953,1,1,0,0
1,6.0,2.0,2.0,3.0,6.0,2.0,631.9444580078125,0.0,5.0,5.0,1.0,6-11 años,6.450382674230953,1,1,0,0
1,17.0,2.0,2.0,3.0,6.0,1.0,112.66667175292969,3.0,5.0,5.0,1.0,17-19 años,4.733270233362588,1,1,0,0
1,15.0,2.0,2.0,3.0,27.0,1.0,112.66667175292969,3.0,5.0,5.0,1.0,15-16 años,4.733270233362588,1,1,0,0
1,11.0,2.0,2.0,3.0,27.0,1.0,112.66667175292969,1.0,5.0,5.0,1.0,6-11 años,4.733270233362588,1,1,0,0
1,6.0,2.0,2.0,3.0,6.0,2.0,101.3888931274414,0.0,5.0,5.0,1.0,6-11 años,4.628778241170264,1,1,0,0
1,8.0,2.0,2.0,3.0,6.0,2.0,1564.365966796875,1.0,5.0,9.0,1.0,6-11 años,7.355874920235509,1,1,0,0
1,11.0,2.0,2.0,3.0,6.0,2.0,1564.365966796875,1.0,5.0,9.0,1.0,6-11 años,7.355874920235509,1,1,0,0
1,13.0,2.0,2.0,3.0,6.0,2.0,993.3333740234375,3.0,8.0,8.0,1.0,12-14 años,6.9020725367686335,1,1,0,0
1,7.0,1.0,2.0,3.0,6.0,2.0,993.3333740234375,1.0,8.0,8.0,1.0,6-11 años,6.9020725367686335,1,1,0,0
1,12.0,1.0,2.0,3.0,27.0,2.0,570.1500244140625,2.0,8.0,8.0,1.0,12-14 años,6.347651914925403,1,1,0,0
1,18.0,2.0,2.0,3.0,6.0,2.0,1807.22216796875,3.0,8.0,8.0,1.0,17-19 años,7.500099413916619,1,1,0,0
1,10.0,2.0,2.0,3.0,6.0,2.0,2118.666748046875,1.0,5.0,7.0,1.0,6-11 años,7.659014160992225,1,1,0,0
1,13.0,2.0,2.0,3.0,6.0,2.0,417.69000244140625,3.0,5.0,5.0,2.0,12-14 años,6.037130795122173,1,0,0,0
1,11.0,1.0,2.0,3.0,27.0,2.0,417.69000244140625,1.0,5.0,5.0,2.0,6-11 años,6.037130795122173,1,0,0,0
1,10.0,1.0,2.0,3.0,6.0,2.0,603.4124755859375,1.0,5.0,5.0,1.0,6-11 años,6.4042568714594434,1,1,0,0
1,9.0,2.0,2.0,3.0,6.0,2.0,603.4124755859375,1.0,5.0,5.0,1.0,6-11 años,6.4042568714594434,1,1,0,0
1,8.0,1.0,2.0,3.0,6.0,2.0,665.2699584960938,1.0,5.0,5.0,1.0,6-11 años,6.5016949314983,1,1,0,0
1,12.0,1.0,2.0,3.0,6.0,2.0,665.2699584960938,1.0,5.0,5.0,1.0,12-14 años,6.5016949314983,1,1,0,0
1,10.0,1.0,2.0,3.0,6.0,2.0,665.2699584960938,1.0,5.0,5.0,1.0,6-11 años,6.5016949314983,1,1,0,0
1,18.0,1.0,2.0,3.0,27.0,2.0,1702.2222900390625,3.0,5.0,5.0,1.0,17-19 años,7.440277200646676,1,1,0,0
1,8.0,1.0,2.0,3.0,27.0,2.0,839.308349609375,1.0,5.0,5.0,1.0,6-11 años,6.733768907347231,1,1,0,0
1,16.0,1.0,2.0,3.0,27.0,2.0,1644.824951171875,3.0,5.0,5.0,1.0,15-16 años,7.405997027569438,1,1,0,0
1,10.0,2.0,2.0,3.0,27.0,2.0,1644.824951171875,1.0,5.0,5.0,1.0,6-11 años,7.405997027569438,1,1,0,0
1,13.0,1.0,2.0,3.0,27.0,2.0,855.3800048828125,3.0,5.0,5.0,1.0,12-14 años,6.752714208571422,1,1,0,0
1,12.0,2.0,2.0,3.0,6.0,2.0,855.3800048828125,2.0,5.0,5.0,1.0,12-14 años,6.752714208571422,1,1,0,0
1,15.0,2.0,2.0,3.0,27.0,2.0,2790.56689453125,3.0,5.0,5.0,1.0,15-16 años,7.934358328114106,1,1,0,0
1,15.0,1.0,2.0,3.0,27.0,2.0,531.6666259765625,3.0,5.0,5.0,1.0,15-16 años,6.277895761268676,1,1,0,0
1,9.0,1.0,2.0,3.0,6.0,2.0,531.6666259765625,1.0,5.0,5.0,1.0,6-11 años,6.277895761268676,1,1,0,0
1,16.0,2.0,2.0,3.0,2.0,1.0,66.42857360839844,3.0,1.0,7.0,1.0,15-16 años,4.2110688688581845,1,1,0,0
1,11.0,2.0,2.0,3.0,2.0,1.0,66.42857360839844,1.0,1.0,7.0,1.0,6-11 años,4.2110688688581845,1,1,0,0
1,9.0,2.0,2.0,3.0,2.0,1.0,66.42857360839844,1.0,1.0,7.0,1.0,6-11 años,4.2110688688581845,1,1,0,0
1,17.0,2.0,2.0,3.0,27.0,2.0,62.5,3.0,1.0,7.0,1.0,17-19 años,4.151039905898646,1,1,0,0
1,16.0,2.0,2.0,3.0,2.0,2.0,84.02777862548828,3.0,1.0,7.0,1.0,15-16 años,4.442978010459109,1,1,0,0
1,14.0,2.0,2.0,3.0,2.0,1.0,84.02777862548828,3.0,1.0,7.0,1.0,12-14 años,4.442978010459109,1,1,0,0
1,10.0,1.0,2.0,3.0,6.0,2.0,84.02777862548828,1.0,1.0,7.0,1.0,6-11 años,4.442978010459109,1,1,0,0
1,8.0,1.0,2.0,3.0,6.0,2.0,84.02777862548828,1.0,1.0,7.0,1.0,6-11 años,4.442978010459109,1,1,0,0
1,8.0,2.0,2.0,3.0,6.0,2.0,1548.6112060546875,1.0,1.0,7.0,1.0,6-11 años,7.345759343645554,1,1,0,0
1,10.0,1.0,2.0,3.0,27.0,2.0,244.37501525878906,1.0,1.0,8.0,1.0,6-11 años,5.502787714782213,1,1,0,0
1,18.0,2.0,2.0,3.0,27.0,1.0,244.37501525878906,3.0,1.0,8.0,1.0,17-19 años,5.502787714782213,1,1,0,0
1,16.0,2.0,2.0,3.0,27.0,2.0,90.5,3.0,1.0,7.0,1.0,15-16 años,4.516338972281476,1,1,0,0
1,14.0,2.0,2.0,3.0,27.0,2.0,90.5,3.0,1.0,7.0,1.0,12-14 años,4.516338972281476,1,1,0,0
1,12.0,1.0,2.0,3.0,27.0,2.0,90.5,1.0,1.0,7.0,1.0,12-14 años,4.516338972281476,1,1,0,0
1,14.0,2.0,2.0,3.0,6.0,2.0,398.8888854980469,3.0,1.0,7.0,1.0,12-14 años,5.991186722263351,1,1,0,0
1,10.0,1.0,2.0,3.0,27.0,1.0,325.66668701171875,1.0,5.0,8.0,1.0,6-11 años,5.788940345277278,1,1,0,0
1,7.0,1.0,2.0,3.0,27.0,1.0,325.66668701171875,0.0,5.0,8.0,1.0,6-11 años,5.788940345277278,1,1,0,0
1,13.0,2.0,2.0,3.0,6.0,1.0,783.3333129882812,3.0,1.0,7.0,1.0,12-14 años,6.66483407411996,1,1,0,0
1,14.0,2.0,2.0,3.0,6.0,2.0,381.0,3.0,1.0,7.0,1.0,12-14 años,5.945420608606575,1,1,0,0
1,13.0,1.0,2.0,3.0,6.0,2.0,381.0,2.0,1.0,7.0,1.0,12-14 años,5.945420608606575,1,1,0,0
1,10.0,1.0,2.0,3.0,6.0,2.0,302.5,1.0,1.0,7.0,1.0,6-11 años,5.715381610499553,1,1,0,0
1,6.0,1.0,2.0,3.0,6.0,2.0,302.5,0.0,1.0,7.0,1.0,6-11 años,5.715381610499553,1,1,0,0
1,15.0,2.0,2.0,3.0,6.0,1.0,190.1666717529297,3.0,1.0,7.0,1.0,15-16 años,5.253145674507748,1,1,0,0
1,13.0,1.0,2.0,3.0,27.0,2.0,190.1666717529297,3.0,1.0,7.0,1.0,12-14 años,5.253145674507748,1,1,0,0
1,9.0,2.0,2.0,3.0,27.0,2.0,190.1666717529297,1.0,1.0,7.0,1.0,6-11 años,5.253145674507748,1,1,0,0
1,6.0,1.0,2.0,3.0,27.0,2.0,88.0555648803711,0.0,1.0,8.0,1.0,6-11 años,4.48926049942123,1,1,0,0
1,15.0,2.0,2.0,3.0,27.0,2.0,180.55555725097656,2.0,6.0,7.0,1.0,15-16 años,5.201561707422033,1,1,0,0
1,12.0,2.0,2.0,3.0,27.0,1.0,637.0833129882812,2.0,6.0,7.0,1.0,12-14 años,6.458468859440491,1,1,0,0
1,18.0,2.0,2.0,3.0,27.0,1.0,630.9000244140625,3.0,5.0,7.0,1.0,17-19 años,6.448731192415368,1,1,0,0
0,15.0,2.0,2.0,3.0,27.0,1.0,630.9000244140625,3.0,5.0,7.0,1.0,15-16 años,6.448731192415368,1,1,0,1
1,14.0,2.0,2.0,3.0,27.0,1.0,630.9000244140625,3.0,5.0,7.0,1.0,12-14 años,6.448731192415368,1,1,0,0
0,19.0,1.0,2.0,3.0,6.0,2.0,660.0,3.0,5.0,7.0,1.0,17-19 años,6.493753839851687,1,1,0,1
1,14.0,2.0,2.0,3.0,27.0,2.0,660.0,3.0,5.0,7.0,1.0,12-14 años,6.493753839851687,1,1,0,0
1,12.0,1.0,2.0,3.0,27.0,2.0,660.0,1.0,5.0,7.0,1.0,12-14 años,6.493753839851687,1,1,0,0
1,10.0,1.0,2.0,3.0,6.0,2.0,660.0,1.0,5.0,7.0,1.0,6-11 años,6.493753839851687,1,1,0,0
1,18.0,2.0,2.0,3.0,6.0,2.0,654.6666870117188,3.0,1.0,7.0,1.0,17-19 años,6.485652560750514,1,1,0,0
1,13.0,2.0,2.0,3.0,6.0,2.0,654.6666870117188,3.0,1.0,7.0,1.0,12-14 años,6.485652560750514,1,1,0,0
1,10.0,2.0,2.0,3.0,6.0,2.0,654.6666870117188,1.0,1.0,7.0,1.0,6-11 años,6.485652560750514,1,1,0,0
1,14.0,2.0,2.0,3.0,27.0,2.0,929.5499877929688,3.0,5.0,2.0,1.0,12-14 años,6.83577579607189,1,1,1,0
1,12.0,1.0,2.0,3.0,6.0,2.0,929.5499877929688,1.0,5.0,2.0,1.0,12-14 años,6.83577579607189,1,1,1,0
1,10.0,2.0,2.0,3.0,6.0,2.0,929.5499877929688,1.0,5.0,2.0,1.0,6-11 años,6.83577579607189,1,1,1,0
1,19.0,1.0,2.0,3.0,6.0,2.0,312.91668701171875,4.0,5.0,2.0,1.0,17-19 años,5.749127622714399,1,1,1,0
1,9.0,1.0,2.0,3.0,6.0,2.0,312.91668701171875,1.0,5.0,2.0,1.0,6-11 años,5.749127622714399,1,1,1,0
1,18.0,1.0,2.0,3.0,27.0,2.0,1058.8551025390625,4.0,8.0,2.0,1.0,17-19 años,6.965887482044536,1,1,1,0
1,17.0,2.0,2.0,3.0,27.0,2.0,1058.8551025390625,3.0,8.0,2.0,1.0,17-19 años,6.965887482044536,1,1,1,0
1,15.0,1.0,2.0,3.0,6.0,2.0,1058.8551025390625,3.0,8.0,2.0,1.0,15-16 años,6.965887482044536,1,1,1,0
1,12.0,2.0,2.0,3.0,6.0,2.0,1058.8551025390625,1.0,8.0,2.0,1.0,12-14 años,6.965887482044536,1,1,1,0
1,13.0,1.0,2.0,3.0,6.0,2.0,906.458251953125,3.0,8.0,9.0,1.0,12-14 años,6.810647561723381,1,1,0,0
1,10.0,2.0,2.0,3.0,27.0,2.0,906.458251953125,1.0,8.0,9.0,1.0,6-11 años,6.810647561723381,1,1,0,0
1,13.0,2.0,2.0,3.0,27.0,2.0,449.9639587402344,3.0,1.0,9.0,1.0,12-14 años,6.1113874222079,1,1,0,0
1,11.0,2.0,2.0,3.0,6.0,2.0,449.9639587402344,1.0,1.0,9.0,1.0,6-11 años,6.1113874222079,1,1,0,0
1,8.0,2.0,2.0,3.0,6.0,2.0,900.0,1.0,1.0,1.0,1.0,6-11 años,6.803505257608338,1,1,1,0
1,19.0,2.0,2.0,3.0,27.0,2.0,930.489990234375,5.0,5.0,7.0,1.0,17-19 años,6.836785444127089,1,1,0,0
1,16.0,2.0,2.0,3.0,27.0,2.0,930.489990234375,3.0,5.0,7.0,1.0,15-16 años,6.836785444127089,1,1,0,0
1,12.0,1.0,2.0,3.0,6.0,2.0,348.4755859375,1.0,5.0,10.0,1.0,12-14 años,5.856433704977863,1,1,0,0
1,9.0,2.0,2.0,3.0,6.0,2.0,348.4755859375,1.0,5.0,10.0,1.0,6-11 años,5.856433704977863,1,1,0,0
1,17.0,2.0,2.0,3.0,27.0,1.0,511.2778015136719,3.0,5.0,7.0,1.0,17-19 años,6.238867058977005,1,1,0,0
1,15.0,2.0,2.0,3.0,27.0,1.0,511.2778015136719,3.0,5.0,7.0,1.0,15-16 años,6.238867058977005,1,1,0,0
1,14.0,2.0,2.0,3.0,6.0,2.0,586.4583740234375,3.0,1.0,7.0,1.0,12-14 años,6.3758053907820775,1,1,0,0
1,16.0,2.0,2.0,3.0,6.0,2.0,338.63336181640625,3.0,5.0,7.0,1.0,15-16 años,5.827866688176312,1,1,0,0
1,10.0,2.0,2.0,3.0,6.0,2.0,338.63336181640625,1.0,5.0,7.0,1.0,6-11 años,5.827866688176312,1,1,0,0
1,7.0,1.0,2.0,3.0,6.0,2.0,338.63336181640625,1.0,5.0,7.0,1.0,6-11 años,5.827866688176312,1,1,0,0
1,17.0,1.0,2.0,3.0,6.0,1.0,833.5,3.0,1.0,8.0,1.0,17-19 años,6.72683274310189,1,1,0,0
1,16.0,1.0,2.0,3.0,27.0,2.0,2135.333251953125,3.0,5.0,8.0,1.0,15-16 años,7.666846204742713,1,1,0,0
1,17.0,1.0,2.0,3.0,27.0,2.0,431.1111145019531,3.0,5.0,8.0,1.0,17-19 años,6.068682764666681,1,1,0,0
1,15.0,2.0,2.0,3.0,6.0,2.0,631.728515625,3.0,5.0,8.0,1.0,15-16 años,6.450041444878022,1,1,0,0
1,13.0,2.0,2.0,3.0,6.0,2.0,631.728515625,3.0,5.0,8.0,1.0,12-14 años,6.450041444878022,1,1,0,0
1,11.0,2.0,2.0,3.0,6.0,2.0,631.728515625,1.0,5.0,8.0,1.0,6-11 años,6.450041444878022,1,1,0,0
1,13.0,1.0,2.0,3.0,6.0,2.0,1213.5999755859375,3.0,5.0,7.0,1.0,12-14 años,7.102170063362979,1,1,0,0
1,12.0,1.0,2.0,3.0,6.0,2.0,1213.5999755859375,1.0,5.0,7.0,1.0,12-14 años,7.102170063362979,1,1,0,0
1,8.0,1.0,2.0,3.0,6.0,2.0,3054.08349609375,1.0,8.0,7.0,1.0,6-11 años,8.024562202195796,1,1,0,0
1,12.0,2.0,2.0,3.0,27.0,2.0,458.0332946777344,1.0,1.0,7.0,1.0,12-14 años,6.129122744854091,1,1,0,0
1,11.0,2.0,2.0,3.0,27.0,2.0,458.0332946777344,1.0,1.0,7.0,1.0,6-11 años,6.129122744854091,1,1,0,0
1,18.0,1.0,2.0,3.0,27.0,2.0,458.0332946777344,4.0,1.0,7.0,1.0,17-19 años,6.129122744854091,1,1,0,0
1,19.0,2.0,1.0,4.0,6.0,2.0,1301.0416259765625,3.0,8.0,2.0,1.0,17-19 años,7.17168879305359,0,1,1,0
1,17.0,1.0,1.0,4.0,6.0,2.0,1301.0416259765625,3.0,8.0,2.0,1.0,17-19 años,7.17168879305359,0,1,1,0
1,8.0,2.0,1.0,4.0,6.0,2.0,1301.0416259765625,1.0,8.0,2.0,1.0,6-11 años,7.17168879305359,0,1,1,0
1,17.0,2.0,1.0,4.0,6.0,2.0,500.0,3.0,5.0,2.0,1.0,17-19 años,6.2166061010848646,0,1,1,0
1,15.0,1.0,1.0,4.0,6.0,2.0,500.0,3.0,5.0,2.0,1.0,15-16 años,6.2166061010848646,0,1,1,0
1,13.0,1.0,1.0,4.0,6.0,2.0,500.0,3.0,5.0,2.0,1.0,12-14 años,6.2166061010848646,0,1,1,0
1,9.0,2.0,1.0,4.0,6.0,2.0,500.0,1.0,5.0,2.0,1.0,6-11 años,6.2166061010848646,0,1,1,0
1,10.0,2.0,1.0,4.0,6.0,2.0,466.6666564941406,1.0,5.0,2.0,1.0,6-11 años,6.147755769682692,0,1,1,0
1,6.0,1.0,1.0,4.0,6.0,2.0,466.6666564941406,0.0,5.0,2.0,1.0,6-11 años,6.147755769682692,0,1,1,0
1,6.0,1.0,1.0,4.0,6.0,2.0,466.6666564941406,0.0,5.0,2.0,1.0,6-11 años,6.147755769682692,0,1,1,0
0,18.0,2.0,1.0,4.0,6.0,2.0,986.6666870117188,4.0,5.0,2.0,1.0,17-19 años,6.895345279504563,0,1,1,1
1,17.0,2.0,1.0,4.0,6.0,2.0,986.6666870117188,3.0,5.0,2.0,1.0,17-19 años,6.895345279504563,0,1,1,0
1,14.0,1.0,1.0,4.0,6.0,2.0,986.6666870117188,3.0,5.0,2.0,1.0,12-14 años,6.895345279504563,0,1,1,0
1,9.0,2.0,1.0,4.0,6.0,2.0,986.6666870117188,1.0,5.0,2.0,1.0,6-11 años,6.895345279504563,0,1,1,0
1,7.0,1.0,1.0,4.0,6.0,2.0,986.6666870117188,0.0,5.0,2.0,1.0,6-11 años,6.895345279504563,0,1,1,0
1,16.0,2.0,1.0,4.0,27.0,1.0,1387.2618408203125,3.0,5.0,2.0,1.0,15-16 años,7.235807769399452,0,1,1,0
1,10.0,1.0,1.0,4.0,27.0,2.0,1387.2618408203125,1.0,5.0,2.0,1.0,6-11 años,7.235807769399452,0,1,1,0
1,9.0,1.0,1.0,4.0,27.0,2.0,1387.2618408203125,1.0,5.0,2.0,1.0,6-11 años,7.235807769399452,0,1,1,0
1,17.0,2.0,1.0,4.0,27.0,2.0,480.0,3.0,8.0,2.0,1.0,17-19 años,6.175867270105761,0,1,1,0
1,10.0,1.0,1.0,4.0,27.0,2.0,480.0,1.0,8.0,2.0,1.0,6-11 años,6.175867270105761,0,1,1,0
1,16.0,1.0,1.0,4.0,6.0,2.0,2242.5,3.0,8.0,2.0,1.0,15-16 años,7.715792425416038,0,1,1,0
1,13.0,1.0,1.0,4.0,6.0,2.0,2242.5,1.0,8.0,2.0,1.0,12-14 años,7.715792425416038,0,1,1,0
1,16.0,1.0,1.0,4.0,6.0,2.0,1670.375,3.0,5.0,2.0,1.0,15-16 años,7.42140191993483,0,1,1,0
1,13.0,2.0,1.0,4.0,6.0,2.0,640.0,2.0,8.0,2.0,1.0,12-14 años,6.46302945692067,0,1,1,0
1,11.0,1.0,1.0,4.0,6.0,2.0,640.0,1.0,8.0,2.0,1.0,6-11 años,6.46302945692067,0,1,1,0
1,8.0,1.0,1.0,4.0,6.0,2.0,640.0,1.0,8.0,2.0,1.0,6-11 años,6.46302945692067,0,1,1,0
1,18.0,1.0,1.0,4.0,6.0,2.0,871.6256713867188,3.0,5.0,2.0,1.0,17-19 años,6.771506679677714,0,1,1,0
1,14.0,1.0,1.0,4.0,6.0,2.0,871.6256713867188,3.0,5.0,2.0,1.0,12-14 años,6.771506679677714,0,1,1,0
1,8.0,2.0,1.0,4.0,6.0,2.0,871.6256713867188,1.0,5.0,2.0,1.0,6-11 años,6.771506679677714,0,1,1,0
1,6.0,2.0,1.0,4.0,6.0,2.0,871.6256713867188,0.0,5.0,2.0,1.0,6-11 años,6.771506679677714,0,1,1,0
1,17.0,1.0,1.0,4.0,6.0,2.0,188.75,3.0,8.0,2.0,1.0,17-19 años,5.2457074162757396,0,1,1,0
1,13.0,1.0,1.0,4.0,6.0,2.0,188.75,2.0,8.0,2.0,1.0,12-14 años,5.2457074162757396,0,1,1,0
1,7.0,1.0,1.0,4.0,6.0,2.0,188.75,1.0,8.0,2.0,1.0,6-11 años,5.2457074162757396,0,1,1,0
0,6.0,1.0,1.0,4.0,6.0,2.0,188.75,0.0,8.0,2.0,1.0,6-11 años,5.2457074162757396,0,1,1,1
1,10.0,1.0,1.0,4.0,6.0,2.0,608.3333129882812,1.0,1.0,1.0,1.0,6-11 años,6.4123654299569495,0,1,1,0
1,16.0,1.0,1.0,4.0,6.0,2.0,2940.0,3.0,8.0,1.0,1.0,15-16 años,7.9865049385539955,0,1,1,0
1,9.0,2.0,1.0,4.0,6.0,2.0,2940.0,1.0,8.0,1.0,1.0,6-11 años,7.9865049385539955,0,1,1,0
1,10.0,1.0,1.0,4.0,6.0,2.0,900.0,1.0,5.0,2.0,1.0,6-11 años,6.803505257608338,0,1,1,0
1,19.0,2.0,1.0,4.0,6.0,2.0,1690.0,4.0,8.0,2.0,1.0,17-19 años,7.43307534889858,0,1,1,0
1,11.0,1.0,1.0,4.0,6.0,2.0,1025.0,1.0,5.0,2.0,1.0,6-11 años,6.933423025730715,0,1,1,0
1,10.0,1.0,1.0,4.0,6.0,2.0,1025.0,1.0,5.0,2.0,1.0,6-11 años,6.933423025730715,0,1,1,0
1,16.0,1.0,1.0,4.0,6.0,2.0,1750.0,3.0,8.0,1.0,1.0,15-16 años,7.467942332285852,0,1,1,0
1,18.0,2.0,1.0,4.0,6.0,2.0,880.0,3.0,8.0,1.0,1.0,17-19 años,6.78105762593618,0,1,1,0
1,13.0,2.0,1.0,4.0,6.0,2.0,880.0,3.0,8.0,1.0,1.0,12-14 años,6.78105762593618,0,1,1,0
1,11.0,2.0,1.0,4.0,6.0,2.0,880.0,1.0,8.0,1.0,1.0,6-11 años,6.78105762593618,0,1,1,0
1,18.0,2.0,1.0,4.0,6.0,2.0,1350.5,3.0,5.0,2.0,1.0,17-19 años,7.208970365716502,0,1,1,0
1,8.0,1.0,1.0,4.0,6.0,2.0,1350.5,1.0,5.0,2.0,1.0,6-11 años,7.208970365716502,0,1,1,0
1,16.0,2.0,1.0,4.0,6.0,2.0,1614.0074462890625,3.0,8.0,2.0,1.0,15-16 años,7.387094846351429,0,1,1,0
1,11.0,2.0,1.0,4.0,6.0,2.0,666.8199462890625,1.0,5.0,2.0,1.0,6-11 años,6.504018595720372,0,1,1,0
1,9.0,2.0,1.0,4.0,6.0,2.0,666.8199462890625,1.0,5.0,2.0,1.0,6-11 años,6.504018595720372,0,1,1,0
1,15.0,1.0,1.0,4.0,6.0,2.0,866.0,3.0,5.0,2.0,1.0,15-16 años,6.7650389767805414,0,1,1,0
1,12.0,2.0,1.0,4.0,6.0,2.0,866.0,2.0,5.0,2.0,1.0,12-14 años,6.7650389767805414,0,1,1,0
1,8.0,2.0,1.0,4.0,6.0,2.0,866.0,1.0,5.0,2.0,1.0,6-11 años,6.7650389767805414,0,1,1,0
0,13.0,2.0,1.0,4.0,6.0,2.0,758.3333129882812,2.0,5.0,2.0,1.0,12-14 años,6.632440828545709,0,1,1,1
0,10.0,2.0,1.0,4.0,6.0,2.0,758.3333129882812,1.0,5.0,2.0,1.0,6-11 años,6.632440828545709,0,1,1,1
1,15.0,1.0,1.0,4.0,6.0,2.0,1177.433349609375,3.0,5.0,2.0,1.0,15-16 años,7.071941165502693,0,1,1,0
1,11.0,2.0,1.0,4.0,6.0,2.0,1177.433349609375,1.0,5.0,2.0,1.0,6-11 años,7.071941165502693,0,1,1,0
1,14.0,1.0,1.0,4.0,6.0,2.0,1363.949951171875,3.0,5.0,2.0,1.0,12-14 años,7.2188730411387025,0,1,1,0
1,12.0,1.0,1.0,4.0,6.0,2.0,1363.949951171875,3.0,5.0,2.0,1.0,12-14 años,7.2188730411387025,0,1,1,0
1,13.0,1.0,1.0,4.0,6.0,2.0,852.6832885742188,3.0,5.0,2.0,1.0,12-14 años,6.749560268533832,0,1,1,0
0,19.0,2.0,1.0,4.0,6.0,1.0,1862.3958740234375,3.0,8.0,1.0,1.0,17-19 años,7.530155840794402,0,1,1,1
1,15.0,1.0,1.0,4.0,6.0,2.0,641.9500122070312,3.0,5.0,2.0,1.0,15-16 años,6.466066979702421,0,1,1,0
1,13.0,1.0,1.0,4.0,6.0,2.0,641.9500122070312,3.0,5.0,2.0,1.0,12-14 años,6.466066979702421,0,1,1,0
1,8.0,1.0,1.0,4.0,6.0,2.0,1286.0472412109375,1.0,5.0,2.0,1.0,6-11 años,7.160105913380066,0,1,1,0
1,18.0,1.0,1.0,4.0,6.0,2.0,1920.75,3.0,5.0,2.0,1.0,17-19 años,7.560991508229241,0,1,1,0
1,10.0,1.0,1.0,4.0,6.0,2.0,1920.75,1.0,5.0,2.0,1.0,6-11 años,7.560991508229241,0,1,1,0
1,17.0,2.0,1.0,4.0,27.0,1.0,425.0,3.0,5.0,1.0,1.0,17-19 años,6.054439346269371,0,1,1,0
1,12.0,2.0,1.0,4.0,6.0,2.0,425.0,3.0,5.0,1.0,1.0,12-14 años,6.054439346269371,0,1,1,0
1,16.0,2.0,1.0,4.0,27.0,1.0,1783.3333740234375,3.0,5.0,1.0,1.0,15-16 años,7.486800164529365,0,1,1,0
1,16.0,1.0,1.0,4.0,6.0,2.0,995.8999633789062,3.0,5.0,2.0,1.0,15-16 años,6.904650427293685,0,1,1,0
1,13.0,2.0,1.0,4.0,6.0,2.0,995.8999633789062,3.0,5.0,2.0,1.0,12-14 años,6.904650427293685,0,1,1,0
1,18.0,1.0,1.0,4.0,27.0,2.0,1089.2811279296875,3.0,8.0,1.0,1.0,17-19 años,6.99419085750052,0,1,1,0
1,13.0,2.0,1.0,4.0,6.0,2.0,1089.2811279296875,3.0,8.0,1.0,1.0,12-14 años,6.99419085750052,0,1,1,0
1,9.0,1.0,1.0,4.0,6.0,2.0,1089.2811279296875,1.0,8.0,1.0,1.0,6-11 años,6.99419085750052,0,1,1,0
1,16.0,2.0,1.0,4.0,6.0,2.0,954.8047485351562,3.0,6.0,1.0,1.0,15-16 años,6.862553654258058,0,1,1,0
1,7.0,2.0,1.0,4.0,6.0,2.0,954.8047485351562,1.0,6.0,1.0,1.0,6-11 años,6.862553654258058,0,1,1,0
1,6.0,1.0,1.0,4.0,6.0,2.0,954.8047485351562,0.0,6.0,1.0,1.0,6-11 años,6.862553654258058,0,1,1,0
1,17.0,2.0,1.0,4.0,6.0,2.0,955.2000122070312,3.0,8.0,2.0,1.0,17-19 años,6.862967108958193,0,1,1,0
1,15.0,2.0,1.0,4.0,6.0,2.0,955.2000122070312,3.0,8.0,2.0,1.0,15-16 años,6.862967108958193,0,1,1,0
1,6.0,2.0,1.0,4.0,6.0,2.0,955.2000122070312,0.0,8.0,2.0,1.0,6-11 años,6.862967108958193,0,1,1,0
1,15.0,1.0,1.0,4.0,6.0,2.0,1000.0,3.0,8.0,2.0,1.0,15-16 años,6.90875477931522,0,1,1,0
1,18.0,1.0,1.0,4.0,6.0,2.0,1546.6666259765625,3.0,8.0,2.0,1.0,17-19 años,7.3445036730605535,0,1,1,0
0,19.0,2.0,1.0,4.0,6.0,2.0,850.0,4.0,5.0,2.0,1.0,17-19 años,6.7464121285733745,0,1,1,1
1,14.0,2.0,1.0,4.0,6.0,2.0,850.0,3.0,5.0,2.0,1.0,12-14 años,6.7464121285733745,0,1,1,0
1,17.0,2.0,1.0,4.0,6.0,2.0,933.3333129882812,3.0,5.0,2.0,1.0,17-19 años,6.839833240721738,0,1,1,0
1,12.0,2.0,1.0,4.0,6.0,2.0,933.3333129882812,2.0,5.0,2.0,1.0,12-14 años,6.839833240721738,0,1,1,0
1,16.0,2.0,1.0,4.0,6.0,2.0,2043.5999755859375,3.0,8.0,1.0,1.0,15-16 años,7.622957438382161,0,1,1,0
1,13.0,2.0,1.0,4.0,6.0,2.0,2043.5999755859375,3.0,8.0,1.0,1.0,12-14 años,7.622957438382161,0,1,1,0
1,14.0,1.0,1.0,4.0,6.0,2.0,689.4443969726562,3.0,8.0,1.0,1.0,12-14 años,6.537335443861365,0,1,1,0
1,13.0,1.0,1.0,4.0,6.0,2.0,689.4443969726562,3.0,8.0,1.0,1.0,12-14 años,6.537335443861365,0,1,1,0
1,9.0,1.0,1.0,4.0,6.0,1.0,1052.5,1.0,3.0,1.0,1.0,6-11 años,6.9598732332442435,0,1,1,0
1,15.0,2.0,1.0,4.0,6.0,2.0,2959.666748046875,3.0,5.0,1.0,1.0,15-16 años,7.993169774671061,0,1,1,0
1,8.0,1.0,1.0,4.0,6.0,2.0,2959.666748046875,1.0,5.0,1.0,1.0,6-11 años,7.993169774671061,0,1,1,0
1,8.0,1.0,1.0,4.0,6.0,2.0,897.9166870117188,1.0,5.0,2.0,1.0,6-11 años,6.801190357220285,0,1,1,0
1,9.0,1.0,1.0,4.0,6.0,2.0,3054.2265625,1.0,8.0,1.0,1.0,6-11 años,8.024609030067019,0,1,1,0
1,16.0,2.0,1.0,4.0,6.0,2.0,2335.277587890625,3.0,5.0,1.0,1.0,15-16 años,7.756314167320972,0,1,1,0
1,12.0,1.0,1.0,4.0,6.0,1.0,4444.4443359375,2.0,8.0,1.0,1.0,12-14 años,8.39963510604258,0,1,1,0
1,18.0,2.0,1.0,4.0,6.0,2.0,2500.0,4.0,8.0,1.0,1.0,17-19 años,7.824445930877619,0,1,1,0
1,8.0,1.0,1.0,4.0,6.0,2.0,1000.0,1.0,5.0,1.0,1.0,6-11 años,6.90875477931522,0,1,1,0
1,7.0,2.0,1.0,4.0,6.0,2.0,1250.0,1.0,5.0,2.0,1.0,6-11 años,7.1316985104669115,0,1,1,0
1,9.0,1.0,1.0,4.0,6.0,2.0,443.3333435058594,1.0,8.0,1.0,1.0,6-11 años,6.096575054404505,0,1,1,0
1,7.0,2.0,1.0,4.0,6.0,2.0,443.3333435058594,1.0,8.0,1.0,1.0,6-11 años,6.096575054404505,0,1,1,0
1,19.0,1.0,1.0,4.0,6.0,2.0,1521.3887939453125,4.0,5.0,1.0,1.0,17-19 años,7.328035955172737,0,1,1,0
1,16.0,2.0,1.0,4.0,6.0,2.0,2581.583251953125,3.0,3.0,1.0,1.0,15-16 años,7.856545437435714,0,1,1,0
1,9.0,2.0,1.0,4.0,6.0,2.0,1362.5,1.0,8.0,1.0,1.0,6-11 años,7.217810202285643,0,1,1,0
1,16.0,1.0,1.0,4.0,6.0,2.0,815.625,3.0,8.0,1.0,1.0,15-16 años,6.705179993160915,0,1,1,0
1,10.0,2.0,1.0,4.0,6.0,2.0,815.625,1.0,8.0,1.0,1.0,6-11 años,6.705179993160915,0,1,1,0
1,15.0,2.0,1.0,4.0,6.0,2.0,360.0,3.0,8.0,2.0,1.0,15-16 años,5.8888779583328805,0,1,1,0
1,10.0,2.0,1.0,4.0,6.0,2.0,1439.822265625,1.0,8.0,2.0,1.0,6-11 años,7.27296924739656,0,1,1,0
1,12.0,2.0,1.0,4.0,6.0,2.0,450.0,1.0,8.0,2.0,1.0,12-14 años,6.111467339502679,0,1,1,0
1,10.0,1.0,1.0,4.0,6.0,2.0,450.0,1.0,8.0,2.0,1.0,6-11 años,6.111467339502679,0,1,1,0
1,12.0,1.0,1.0,4.0,6.0,2.0,2608.333251953125,1.0,8.0,1.0,1.0,12-14 años,7.866850008659734,0,1,1,0
1,10.0,2.0,1.0,4.0,6.0,2.0,2608.333251953125,1.0,8.0,1.0,1.0,6-11 años,7.866850008659734,0,1,1,0
1,11.0,1.0,1.0,4.0,6.0,2.0,4639.0,1.0,8.0,1.0,1.0,6-11 años,8.442469645220301,0,1,1,0
1,6.0,2.0,1.0,4.0,6.0,2.0,516.6666870117188,0.0,5.0,1.0,1.0,6-11 años,6.24933157378203,0,1,1,0
1,11.0,2.0,1.0,4.0,6.0,2.0,750.0,1.0,5.0,10.0,1.0,6-11 años,6.621405651764134,0,1,0,0
1,9.0,2.0,1.0,4.0,6.0,2.0,750.0,1.0,5.0,10.0,1.0,6-11 años,6.621405651764134,0,1,0,0
1,9.0,2.0,1.0,4.0,6.0,1.0,1050.0,1.0,5.0,1.0,1.0,6-11 años,6.957497370876951,0,1,1,0
1,10.0,2.0,1.0,4.0,6.0,2.0,1750.0,1.0,5.0,2.0,1.0,6-11 años,7.467942332285852,0,1,1,0
1,10.0,2.0,1.0,4.0,6.0,2.0,780.0,1.0,1.0,1.0,1.0,6-11 años,6.660575149839686,0,1,1,0
1,9.0,2.0,1.0,4.0,6.0,2.0,780.0,1.0,1.0,1.0,1.0,6-11 años,6.660575149839686,0,1,1,0
0,17.0,2.0,1.0,4.0,6.0,2.0,702.066650390625,3.0,1.0,2.0,1.0,17-19 años,6.555451695838136,0,1,1,1
0,15.0,1.0,1.0,4.0,6.0,2.0,702.066650390625,3.0,1.0,2.0,1.0,15-16 años,6.555451695838136,0,1,1,1
1,11.0,1.0,1.0,4.0,6.0,2.0,702.066650390625,1.0,1.0,2.0,1.0,6-11 años,6.555451695838136,0,1,1,0
1,7.0,2.0,1.0,4.0,6.0,2.0,702.066650390625,0.0,1.0,2.0,1.0,6-11 años,6.555451695838136,0,1,1,0
1,13.0,1.0,1.0,4.0,6.0,2.0,766.6666870117188,3.0,5.0,2.0,1.0,12-14 años,6.643355637655032,0,1,1,0
1,13.0,1.0,1.0,4.0,6.0,2.0,766.6666870117188,3.0,5.0,2.0,1.0,12-14 años,6.643355637655032,0,1,1,0
1,16.0,2.0,1.0,4.0,6.0,2.0,800.0,3.0,5.0,2.0,1.0,15-16 años,6.68586094706836,0,1,1,0
1,14.0,2.0,1.0,4.0,6.0,2.0,775.0,3.0,8.0,2.0,1.0,12-14 años,6.654152520183219,0,1,1,0
1,7.0,1.0,1.0,4.0,6.0,2.0,1134.13330078125,1.0,8.0,2.0,1.0,6-11 años,7.034505368641552,0,1,1,0
1,13.0,1.0,1.0,4.0,6.0,2.0,1416.6666259765625,3.0,5.0,2.0,1.0,12-14 años,7.256767577883357,0,1,1,0
1,17.0,1.0,1.0,4.0,6.0,2.0,563.3333129882812,3.0,1.0,2.0,1.0,17-19 años,6.335645057413545,0,1,1,0
1,14.0,1.0,1.0,4.0,6.0,2.0,563.3333129882812,3.0,1.0,2.0,1.0,12-14 años,6.335645057413545,0,1,1,0
1,10.0,2.0,1.0,4.0,6.0,2.0,563.3333129882812,1.0,1.0,2.0,1.0,6-11 años,6.335645057413545,0,1,1,0
1,17.0,1.0,1.0,4.0,6.0,2.0,864.2857055664062,3.0,1.0,2.0,1.0,17-19 años,6.763059747848837,0,1,1,0
1,15.0,1.0,1.0,4.0,6.0,2.0,864.2857055664062,3.0,1.0,2.0,1.0,15-16 años,6.763059747848837,0,1,1,0
1,12.0,2.0,1.0,4.0,6.0,2.0,864.2857055664062,1.0,1.0,2.0,1.0,12-14 años,6.763059747848837,0,1,1,0
1,7.0,1.0,1.0,4.0,6.0,2.0,864.2857055664062,0.0,1.0,2.0,1.0,6-11 años,6.763059747848837,0,1,1,0
1,14.0,2.0,1.0,4.0,6.0,2.0,1833.333251953125,3.0,8.0,2.0,1.0,12-14 años,7.514436344026643,0,1,1,0
1,18.0,2.0,1.0,4.0,6.0,2.0,783.3333129882812,4.0,3.0,2.0,1.0,17-19 años,6.66483407411996,0,1,1,0
1,16.0,2.0,1.0,4.0,6.0,2.0,783.3333129882812,3.0,3.0,2.0,1.0,15-16 años,6.66483407411996,0,1,1,0
1,8.0,1.0,1.0,4.0,6.0,2.0,783.3333129882812,1.0,3.0,2.0,1.0,6-11 años,6.66483407411996,0,1,1,0
1,8.0,1.0,1.0,4.0,6.0,2.0,845.0,1.0,5.0,2.0,1.0,6-11 años,6.740519359606223,0,1,1,0
0,19.0,1.0,1.0,4.0,27.0,2.0,1244.875,4.0,8.0,2.0,1.0,17-19 años,7.12759337328762,0,1,1,1
1,16.0,2.0,1.0,4.0,6.0,2.0,1244.875,3.0,8.0,2.0,1.0,15-16 años,7.12759337328762,0,1,1,0
1,14.0,2.0,1.0,4.0,6.0,2.0,1244.875,3.0,8.0,2.0,1.0,12-14 años,7.12759337328762,0,1,1,0
1,12.0,1.0,1.0,4.0,6.0,2.0,1244.875,1.0,8.0,2.0,1.0,12-14 años,7.12759337328762,0,1,1,0
1,6.0,2.0,1.0,4.0,6.0,2.0,1466.6666259765625,0.0,5.0,2.0,1.0,6-11 años,7.291429089363294,0,1,1,0
1,8.0,2.0,1.0,4.0,27.0,2.0,789.816650390625,1.0,8.0,2.0,1.0,6-11 años,6.673066146196993,0,1,1,0
1,9.0,2.0,1.0,4.0,6.0,2.0,1174.0999755859375,1.0,8.0,1.0,1.0,6-11 años,7.069108508563738,0,1,1,0
1,10.0,2.0,1.0,4.0,6.0,2.0,1794.0345458984375,1.0,3.0,1.0,1.0,6-11 años,7.492779546363055,0,1,1,0
1,19.0,1.0,1.0,4.0,6.0,1.0,1445.0,5.0,8.0,1.0,1.0,17-19 años,7.27655640271871,0,1,1,0
1,17.0,2.0,1.0,4.0,6.0,2.0,855.0,3.0,8.0,1.0,1.0,17-19 años,6.752270376141742,0,1,1,0
1,16.0,1.0,1.0,4.0,6.0,2.0,855.0,3.0,8.0,1.0,1.0,15-16 años,6.752270376141742,0,1,1,0
1,15.0,2.0,1.0,4.0,6.0,2.0,433.3333435058594,3.0,8.0,2.0,1.0,15-16 años,6.073812311877747,0,1,1,0
1,12.0,2.0,1.0,4.0,6.0,2.0,433.3333435058594,2.0,8.0,2.0,1.0,12-14 años,6.073812311877747,0,1,1,0
1,10.0,2.0,1.0,4.0,6.0,2.0,433.3333435058594,1.0,8.0,2.0,1.0,6-11 años,6.073812311877747,0,1,1,0
1,18.0,2.0,1.0,4.0,6.0,2.0,760.0,4.0,8.0,2.0,1.0,17-19 años,6.634633357861686,0,1,1,0
1,15.0,1.0,1.0,4.0,6.0,2.0,760.0,3.0,8.0,2.0,1.0,15-16 años,6.634633357861686,0,1,1,0
1,8.0,1.0,1.0,4.0,6.0,2.0,1626.6666259765625,1.0,8.0,2.0,1.0,6-11 años,7.39490275039451,0,1,1,0
1,10.0,1.0,1.0,4.0,6.0,2.0,452.6875,1.0,8.0,2.0,1.0,6-11 años,6.117408635045059,0,1,1,0
1,8.0,2.0,1.0,4.0,6.0,2.0,452.6875,1.0,8.0,2.0,1.0,6-11 años,6.117408635045059,0,1,1,0
1,10.0,2.0,1.0,4.0,6.0,2.0,1035.9000244140625,1.0,8.0,2.0,1.0,6-11 años,6.9439907951094755,0,1,1,0
1,6.0,2.0,1.0,4.0,6.0,2.0,1035.9000244140625,0.0,8.0,2.0,1.0,6-11 años,6.9439907951094755,0,1,1,0
1,18.0,2.0,1.0,4.0,6.0,2.0,1092.5,4.0,8.0,1.0,1.0,17-19 años,6.997138840116823,0,1,1,0
1,15.0,1.0,1.0,4.0,6.0,2.0,1092.5,3.0,8.0,1.0,1.0,15-16 años,6.997138840116823,0,1,1,0
1,11.0,1.0,1.0,4.0,6.0,2.0,544.4444580078125,1.0,5.0,1.0,1.0,6-11 años,6.301600981588468,0,1,1,0
1,16.0,1.0,1.0,4.0,6.0,2.0,604.1666870117188,3.0,8.0,2.0,1.0,15-16 años,6.405503935805204,0,1,1,0
1,16.0,1.0,1.0,4.0,6.0,2.0,552.3611450195312,3.0,1.0,1.0,1.0,15-16 años,6.316010853502873,0,1,1,0
1,12.0,2.0,1.0,4.0,6.0,2.0,552.3611450195312,1.0,1.0,1.0,1.0,12-14 años,6.316010853502873,0,1,1,0
1,19.0,2.0,1.0,4.0,6.0,2.0,1604.0,4.0,8.0,1.0,1.0,17-19 años,7.380879035564116,0,1,1,0
1,16.0,2.0,1.0,4.0,6.0,2.0,1604.0,3.0,8.0,1.0,1.0,15-16 años,7.380879035564116,0,1,1,0
1,12.0,1.0,1.0,4.0,6.0,2.0,1604.0,2.0,8.0,1.0,1.0,12-14 años,7.380879035564116,0,1,1,0
1,19.0,1.0,1.0,4.0,6.0,2.0,1255.0,3.0,7.0,1.0,1.0,17-19 años,7.135687347028144,0,1,1,0
1,13.0,1.0,1.0,4.0,6.0,2.0,555.2666625976562,3.0,7.0,1.0,1.0,12-14 años,6.321247788263543,0,1,1,0
1,17.0,1.0,1.0,4.0,6.0,2.0,3079.5,3.0,7.0,2.0,1.0,17-19 años,8.032847200454626,0,1,1,0
1,13.0,1.0,1.0,4.0,6.0,2.0,329.4444274902344,2.0,5.0,2.0,1.0,12-14 años,5.800438498376586,0,1,1,0
1,11.0,1.0,1.0,4.0,6.0,2.0,329.4444274902344,1.0,5.0,2.0,1.0,6-11 años,5.800438498376586,0,1,1,0
1,9.0,2.0,1.0,4.0,6.0,2.0,329.4444274902344,1.0,5.0,2.0,1.0,6-11 años,5.800438498376586,0,1,1,0
1,7.0,1.0,1.0,4.0,6.0,2.0,329.4444274902344,1.0,5.0,2.0,1.0,6-11 años,5.800438498376586,0,1,1,0
1,19.0,2.0,1.0,4.0,6.0,2.0,2388.333251953125,5.0,8.0,1.0,1.0,17-19 años,7.778769631926859,0,1,1,0
1,12.0,2.0,1.0,4.0,6.0,2.0,1420.2166748046875,3.0,5.0,1.0,1.0,12-14 años,7.259268596983113,0,1,1,0
1,19.0,1.0,1.0,4.0,6.0,2.0,1797.9166259765625,3.0,8.0,1.0,1.0,17-19 años,7.49493988822765,0,1,1,0
1,16.0,1.0,1.0,4.0,6.0,2.0,1797.9166259765625,3.0,8.0,1.0,1.0,15-16 años,7.49493988822765,0,1,1,0
1,14.0,2.0,1.0,4.0,6.0,2.0,877.7083129882812,3.0,5.0,1.0,1.0,12-14 años,6.778453003010457,0,1,1,0
1,14.0,2.0,1.0,4.0,6.0,2.0,783.7333374023438,3.0,5.0,1.0,1.0,12-14 años,6.665343962495485,0,1,1,0
1,11.0,2.0,1.0,4.0,6.0,2.0,783.7333374023438,1.0,5.0,1.0,1.0,6-11 años,6.665343962495485,0,1,1,0
1,9.0,1.0,1.0,4.0,6.0,2.0,630.0,1.0,8.0,1.0,1.0,6-11 años,6.447305862541213,0,1,1,0
1,6.0,2.0,1.0,4.0,6.0,2.0,630.0,0.0,8.0,1.0,1.0,6-11 años,6.447305862541213,0,1,1,0
1,7.0,1.0,1.0,4.0,6.0,2.0,2010.2999267578125,1.0,8.0,1.0,1.0,6-11 años,7.606536521743828,0,1,1,0
1,11.0,1.0,1.0,4.0,6.0,1.0,2010.2999267578125,1.0,8.0,1.0,1.0,6-11 años,7.606536521743828,0,1,1,0
1,13.0,1.0,1.0,4.0,6.0,2.0,2076.893310546875,3.0,5.0,1.0,1.0,12-14 años,7.639109827967131,0,1,1,0
1,8.0,2.0,1.0,4.0,6.0,2.0,472.9761657714844,1.0,5.0,1.0,1.0,6-11 años,6.161157037248312,0,1,1,0
1,19.0,1.0,1.0,4.0,6.0,2.0,652.7083129882812,4.0,8.0,1.0,1.0,17-19 años,6.482661247362487,0,1,1,0
1,8.0,1.0,1.0,4.0,6.0,2.0,652.7083129882812,1.0,8.0,1.0,1.0,6-11 años,6.482661247362487,0,1,1,0
1,18.0,1.0,1.0,4.0,6.0,1.0,1105.2000732421875,3.0,5.0,1.0,1.0,17-19 años,7.008686063771195,0,1,1,0
1,14.0,1.0,1.0,4.0,6.0,1.0,1105.2000732421875,3.0,5.0,1.0,1.0,12-14 años,7.008686063771195,0,1,1,0
1,11.0,1.0,1.0,4.0,6.0,1.0,1105.2000732421875,1.0,5.0,1.0,1.0,6-11 años,7.008686063771195,0,1,1,0
1,15.0,2.0,1.0,4.0,6.0,2.0,2373.395751953125,3.0,8.0,1.0,1.0,15-16 años,7.772498263868161,0,1,1,0
1,8.0,2.0,1.0,4.0,6.0,2.0,1948.5,1.0,8.0,1.0,1.0,6-11 años,7.575328208422652,0,1,1,0
1,8.0,2.0,1.0,4.0,6.0,2.0,728.3333129882812,1.0,8.0,2.0,1.0,6-11 años,6.592130846978352,0,1,1,0
1,12.0,1.0,1.0,4.0,6.0,2.0,2669.270751953125,2.0,8.0,1.0,1.0,12-14 años,7.889935151479023,0,1,1,0
1,7.0,2.0,1.0,4.0,6.0,2.0,4089.583251953125,1.0,8.0,1.0,1.0,6-11 años,8.316442843259326,0,1,1,0
1,19.0,2.0,1.0,4.0,6.0,2.0,3366.666748046875,4.0,5.0,1.0,1.0,17-19 años,8.121975423924784,0,1,1,0
1,17.0,2.0,1.0,4.0,6.0,2.0,719.6428833007812,3.0,8.0,1.0,1.0,17-19 años,6.580143707091161,0,1,1,0
1,16.0,1.0,1.0,4.0,6.0,2.0,719.6428833007812,3.0,8.0,1.0,1.0,15-16 años,6.580143707091161,0,1,1,0
1,9.0,1.0,1.0,4.0,6.0,2.0,719.6428833007812,1.0,8.0,1.0,1.0,6-11 años,6.580143707091161,0,1,1,0
1,10.0,1.0,1.0,4.0,6.0,1.0,1199.166748046875,1.0,5.0,1.0,1.0,6-11 años,7.090215782828232,0,1,1,0
1,8.0,1.0,1.0,4.0,6.0,1.0,1199.166748046875,1.0,5.0,1.0,1.0,6-11 años,7.090215782828232,0,1,1,0
1,6.0,2.0,1.0,4.0,6.0,1.0,1199.166748046875,0.0,5.0,1.0,1.0,6-11 años,7.090215782828232,0,1,1,0
1,16.0,1.0,1.0,4.0,6.0,2.0,2167.5,3.0,8.0,1.0,1.0,15-16 años,7.681790963275421,0,1,1,0
1,18.0,2.0,1.0,4.0,6.0,2.0,2250.0,3.0,8.0,1.0,1.0,17-19 años,7.719129840906732,0,1,1,0
1,8.0,2.0,1.0,4.0,6.0,2.0,2250.0,1.0,8.0,1.0,1.0,6-11 años,7.719129840906732,0,1,1,0
1,17.0,1.0,1.0,4.0,6.0,2.0,1025.0,3.0,8.0,2.0,1.0,17-19 años,6.933423025730715,0,1,1,0
1,13.0,2.0,1.0,4.0,6.0,2.0,1025.0,2.0,8.0,2.0,1.0,12-14 años,6.933423025730715,0,1,1,0
1,11.0,1.0,1.0,4.0,6.0,2.0,250.0,1.0,5.0,2.0,1.0,6-11 años,5.5254529391317835,0,1,1,0
1,15.0,2.0,1.0,4.0,6.0,2.0,2760.416748046875,3.0,5.0,2.0,1.0,15-16 años,7.923499141520107,0,1,1,0
1,17.0,1.0,1.0,4.0,6.0,2.0,2813.2734375,3.0,6.0,2.0,1.0,17-19 años,7.942459403351607,0,1,1,0
1,19.0,2.0,1.0,4.0,6.0,2.0,1798.026611328125,3.0,8.0,1.0,1.0,17-19 años,7.4950010261302475,0,1,1,0
1,11.0,1.0,1.0,4.0,6.0,2.0,1798.026611328125,1.0,8.0,1.0,1.0,6-11 años,7.4950010261302475,0,1,1,0
1,15.0,1.0,1.0,4.0,6.0,2.0,2681.64794921875,3.0,3.0,2.0,1.0,15-16 años,7.8945596264671805,0,1,1,0
1,12.0,1.0,1.0,4.0,6.0,2.0,2681.64794921875,2.0,3.0,2.0,1.0,12-14 años,7.8945596264671805,0,1,1,0
1,11.0,1.0,1.0,4.0,6.0,2.0,2681.64794921875,1.0,3.0,2.0,1.0,6-11 años,7.8945596264671805,0,1,1,0
1,13.0,1.0,1.0,4.0,6.0,2.0,1316.7777099609375,3.0,5.0,1.0,1.0,12-14 años,7.183702043752463,0,1,1,0
1,11.0,2.0,1.0,4.0,6.0,2.0,1316.7777099609375,1.0,5.0,1.0,1.0,6-11 años,7.183702043752463,0,1,1,0
1,12.0,1.0,1.0,4.0,6.0,2.0,980.0,2.0,8.0,1.0,1.0,12-14 años,6.8885724595653635,0,1,1,0
1,6.0,2.0,1.0,4.0,6.0,2.0,980.0,0.0,8.0,1.0,1.0,6-11 años,6.8885724595653635,0,1,1,0
1,6.0,1.0,1.0,4.0,6.0,2.0,710.0,0.0,8.0,1.0,1.0,6-11 años,6.566672429803241,0,1,1,0
1,14.0,1.0,1.0,4.0,6.0,2.0,1519.6666259765625,3.0,5.0,1.0,1.0,12-14 años,7.3269040874181535,0,1,1,0
1,12.0,1.0,1.0,4.0,6.0,2.0,1084.3333740234375,1.0,5.0,2.0,1.0,12-14 años,6.989642475945203,0,1,1,0
1,12.0,1.0,1.0,4.0,6.0,2.0,1084.3333740234375,1.0,5.0,2.0,1.0,12-14 años,6.989642475945203,0,1,1,0
1,18.0,1.0,1.0,4.0,6.0,2.0,337.875,3.0,8.0,1.0,1.0,17-19 años,5.8256313078188295,0,1,1,0
1,11.0,1.0,1.0,4.0,6.0,2.0,337.875,1.0,8.0,1.0,1.0,6-11 años,5.8256313078188295,0,1,1,0
1,15.0,2.0,1.0,4.0,6.0,2.0,600.375,3.0,8.0,1.0,1.0,15-16 años,6.399218700019618,0,1,1,0
1,7.0,1.0,1.0,4.0,6.0,2.0,600.375,1.0,8.0,1.0,1.0,6-11 años,6.399218700019618,0,1,1,0
1,16.0,2.0,1.0,4.0,6.0,2.0,877.9166870117188,3.0,5.0,1.0,1.0,15-16 años,6.778690111636488,0,1,1,0
1,15.0,2.0,1.0,4.0,6.0,2.0,2276.933349609375,3.0,6.0,1.0,1.0,15-16 años,7.731023885286459,0,1,1,0
1,11.0,2.0,1.0,4.0,6.0,2.0,2276.933349609375,2.0,6.0,1.0,1.0,6-11 años,7.731023885286459,0,1,1,0
1,12.0,1.0,1.0,4.0,6.0,2.0,640.4199829101562,1.0,8.0,2.0,1.0,12-14 años,6.463684441918982,0,1,1,0
1,7.0,2.0,1.0,4.0,6.0,2.0,640.4199829101562,1.0,8.0,2.0,1.0,6-11 años,6.463684441918982,0,1,1,0
1,6.0,1.0,1.0,4.0,6.0,2.0,640.4199829101562,0.0,8.0,2.0,1.0,6-11 años,6.463684441918982,0,1,1,0
1,18.0,1.0,1.0,4.0,6.0,2.0,875.0,3.0,8.0,1.0,1.0,17-19 años,6.775366090936392,0,1,1,0
1,11.0,2.0,1.0,4.0,6.0,2.0,875.0,1.0,8.0,1.0,1.0,6-11 años,6.775366090936392,0,1,1,0
1,16.0,1.0,1.0,4.0,6.0,2.0,2322.91650390625,3.0,5.0,1.0,1.0,15-16 años,7.751009189575202,0,1,1,0
1,10.0,2.0,1.0,4.0,6.0,2.0,3070.833251953125,1.0,3.0,1.0,1.0,6-11 años,8.030029812831177,0,1,1,0
1,10.0,2.0,1.0,4.0,6.0,2.0,1505.5555419921875,1.0,5.0,1.0,1.0,6-11 años,7.31758122612319,0,1,1,0
1,7.0,2.0,1.0,4.0,6.0,2.0,941.25,1.0,5.0,1.0,1.0,6-11 años,6.848270632147245,0,1,1,0
1,9.0,2.0,1.0,4.0,6.0,2.0,1750.0,1.0,3.0,1.0,1.0,6-11 años,7.467942332285852,0,1,1,0
1,19.0,2.0,1.0,4.0,6.0,2.0,802.2916259765625,5.0,8.0,1.0,1.0,17-19 años,6.688717818597313,0,1,1,0
1,17.0,2.0,1.0,4.0,6.0,2.0,602.5,3.0,8.0,2.0,1.0,17-19 años,6.402746040537586,0,1,1,0
1,16.0,2.0,1.0,4.0,6.0,2.0,6166.66650390625,3.0,5.0,1.0,1.0,15-16 años,8.727075845024304,0,1,1,0
1,17.0,1.0,1.0,4.0,6.0,2.0,840.0,3.0,5.0,1.0,1.0,17-19 años,6.734591659972948,0,1,1,0
1,13.0,2.0,1.0,4.0,6.0,2.0,840.0,3.0,5.0,1.0,1.0,12-14 años,6.734591659972948,0,1,1,0
1,10.0,1.0,1.0,4.0,6.0,2.0,840.0,1.0,5.0,1.0,1.0,6-11 años,6.734591659972948,0,1,1,0
1,19.0,1.0,1.0,4.0,6.0,2.0,772.2222290039062,3.0,3.0,1.0,1.0,17-19 años,6.65056649627931,0,1,1,0
1,14.0,2.0,1.0,4.0,6.0,2.0,1021.875,3.0,8.0,2.0,1.0,12-14 años,6.930372568847546,0,1,1,0
1,11.0,2.0,1.0,4.0,6.0,2.0,1021.875,1.0,8.0,2.0,1.0,6-11 años,6.930372568847546,0,1,1,0
1,14.0,2.0,1.0,4.0,6.0,2.0,1300.0,3.0,5.0,2.0,1.0,12-14 años,7.170888478512505,0,1,1,0
1,8.0,2.0,1.0,4.0,6.0,2.0,1300.0,1.0,5.0,2.0,1.0,6-11 años,7.170888478512505,0,1,1,0
1,12.0,1.0,1.0,4.0,6.0,2.0,1000.0,2.0,5.0,2.0,1.0,12-14 años,6.90875477931522,0,1,1,0
1,10.0,1.0,1.0,4.0,6.0,2.0,1000.0,1.0,5.0,2.0,1.0,6-11 años,6.90875477931522,0,1,1,0
1,11.0,1.0,1.0,4.0,6.0,2.0,844.9066162109375,1.0,5.0,2.0,1.0,6-11 años,6.740408970784213,0,1,1,0
1,10.0,2.0,1.0,4.0,6.0,2.0,844.9066162109375,1.0,5.0,2.0,1.0,6-11 años,6.740408970784213,0,1,1,0
1,18.0,1.0,1.0,4.0,6.0,2.0,1006.6666870117188,3.0,5.0,2.0,1.0,17-19 años,6.915392726301608,0,1,1,0
1,14.0,1.0,1.0,4.0,6.0,2.0,1006.6666870117188,3.0,5.0,2.0,1.0,12-14 años,6.915392726301608,0,1,1,0
1,12.0,2.0,1.0,4.0,6.0,2.0,1006.6666870117188,1.0,5.0,2.0,1.0,12-14 años,6.915392726301608,0,1,1,0
1,13.0,2.0,1.0,4.0,6.0,2.0,400.0,3.0,8.0,2.0,1.0,12-14 años,5.993961427306569,0,1,1,0
1,8.0,1.0,1.0,4.0,6.0,2.0,400.0,1.0,8.0,2.0,1.0,6-11 años,5.993961427306569,0,1,1,0
1,15.0,1.0,1.0,4.0,6.0,2.0,1800.0,3.0,8.0,1.0,1.0,15-16 años,7.496097345175956,0,1,1,0
1,13.0,2.0,1.0,4.0,6.0,2.0,458.9283447265625,3.0,5.0,1.0,1.0,12-14 años,6.13107070501581,0,1,1,0
1,11.0,2.0,1.0,4.0,6.0,2.0,458.9283447265625,1.0,5.0,1.0,1.0,6-11 años,6.13107070501581,0,1,1,0
1,19.0,1.0,1.0,4.0,6.0,2.0,1239.46240234375,4.0,8.0,1.0,1.0,17-19 años,7.123239494203178,0,1,1,0
1,8.0,1.0,1.0,4.0,6.0,2.0,1393.2333984375,1.0,8.0,10.0,1.0,6-11 años,7.240100008035423,0,1,0,0
1,6.0,2.0,1.0,4.0,6.0,2.0,1393.2333984375,0.0,8.0,10.0,1.0,6-11 años,7.240100008035423,0,1,0,0
0,19.0,1.0,1.0,4.0,6.0,2.0,3182.58349609375,3.0,2.0,2.0,1.0,17-19 años,8.065762726879354,0,1,1,1
1,15.0,2.0,1.0,4.0,6.0,2.0,1074.800048828125,3.0,5.0,2.0,1.0,15-16 años,6.980819895226876,0,1,1,0
1,12.0,1.0,1.0,4.0,6.0,2.0,1074.800048828125,1.0,5.0,2.0,1.0,12-14 años,6.980819895226876,0,1,1,0
1,9.0,1.0,1.0,4.0,6.0,2.0,1449.5833740234375,1.0,8.0,1.0,1.0,6-11 años,7.279721081415564,0,1,1,0
1,12.0,2.0,1.0,4.0,6.0,1.0,2024.0,1.0,8.0,1.0,1.0,12-14 años,7.613324979540639,0,1,1,0
1,14.0,2.0,1.0,4.0,6.0,1.0,2024.0,3.0,8.0,1.0,1.0,12-14 años,7.613324979540639,0,1,1,0
1,12.0,1.0,1.0,4.0,6.0,2.0,2130.208251953125,2.0,8.0,2.0,1.0,12-14 años,7.664444352313576,0,1,1,0
1,10.0,1.0,1.0,4.0,6.0,2.0,1475.0,1.0,8.0,2.0,1.0,6-11 años,7.297091005160418,0,1,1,0
1,18.0,2.0,1.0,4.0,6.0,2.0,1466.413330078125,3.0,6.0,2.0,1.0,17-19 años,7.29125649038619,0,1,1,0
1,13.0,2.0,1.0,4.0,6.0,2.0,2436.0,2.0,8.0,2.0,1.0,12-14 años,7.798523053625206,0,1,1,0
1,10.0,2.0,1.0,4.0,6.0,2.0,2436.0,1.0,8.0,2.0,1.0,6-11 años,7.798523053625206,0,1,1,0
1,8.0,1.0,1.0,4.0,6.0,2.0,2436.0,1.0,8.0,2.0,1.0,6-11 años,7.798523053625206,0,1,1,0
1,8.0,2.0,1.0,4.0,6.0,2.0,748.0999755859375,1.0,6.0,2.0,1.0,6-11 años,6.618872453362644,0,1,1,0
1,14.0,1.0,1.0,4.0,6.0,2.0,700.0,3.0,8.0,2.0,1.0,12-14 años,6.55250788703459,0,1,1,0
1,14.0,2.0,1.0,4.0,6.0,2.0,2465.666748046875,3.0,6.0,2.0,1.0,12-14 años,7.810623023516127,0,1,1,0
1,9.0,2.0,1.0,4.0,6.0,2.0,2465.666748046875,1.0,6.0,2.0,1.0,6-11 años,7.810623023516127,0,1,1,0
1,10.0,2.0,1.0,4.0,6.0,2.0,866.0,1.0,5.0,2.0,1.0,6-11 años,6.7650389767805414,0,1,1,0
1,14.0,1.0,1.0,4.0,6.0,2.0,1329.0,3.0,5.0,2.0,1.0,12-14 años,7.1929342212158,0,1,1,0
1,8.0,2.0,1.0,4.0,6.0,2.0,1329.0,1.0,5.0,2.0,1.0,6-11 años,7.1929342212158,0,1,1,0
1,14.0,2.0,1.0,4.0,6.0,2.0,766.1000366210938,3.0,5.0,2.0,1.0,12-14 años,6.642617218704911,0,1,1,0
1,11.0,2.0,1.0,4.0,6.0,2.0,766.1000366210938,1.0,5.0,2.0,1.0,6-11 años,6.642617218704911,0,1,1,0
1,8.0,1.0,1.0,4.0,6.0,2.0,766.1000366210938,1.0,5.0,2.0,1.0,6-11 años,6.642617218704911,0,1,1,0
1,10.0,2.0,1.0,4.0,6.0,2.0,1828.9166259765625,1.0,6.0,2.0,1.0,6-11 años,7.512025685221949,0,1,1,0
1,17.0,1.0,1.0,4.0,6.0,2.0,5202.25,3.0,5.0,1.0,1.0,17-19 años,8.55703870933836,0,1,1,0
1,16.0,1.0,1.0,4.0,6.0,2.0,1721.4840087890625,3.0,3.0,1.0,1.0,15-16 años,7.45152271912284,0,1,1,0
1,7.0,2.0,1.0,4.0,6.0,2.0,1721.4840087890625,0.0,3.0,1.0,1.0,6-11 años,7.45152271912284,0,1,1,0
1,17.0,1.0,1.0,4.0,6.0,2.0,859.9249877929688,3.0,5.0,1.0,1.0,17-19 años,6.758007378440698,0,1,1,0
1,11.0,2.0,1.0,4.0,6.0,2.0,859.9249877929688,1.0,5.0,1.0,1.0,6-11 años,6.758007378440698,0,1,1,0
1,10.0,1.0,1.0,4.0,6.0,2.0,859.9249877929688,1.0,5.0,1.0,1.0,6-11 años,6.758007378440698,0,1,1,0
1,13.0,2.0,1.0,4.0,6.0,2.0,2278.25,2.0,8.0,1.0,1.0,12-14 años,7.7316017204650125,0,1,1,0
1,10.0,2.0,1.0,4.0,6.0,2.0,2278.25,1.0,8.0,1.0,1.0,6-11 años,7.7316017204650125,0,1,1,0
1,13.0,1.0,1.0,4.0,6.0,2.0,2377.333251953125,2.0,8.0,1.0,1.0,12-14 años,7.7741552070255,0,1,1,0
1,10.0,1.0,1.0,4.0,6.0,2.0,850.6533203125,1.0,7.0,2.0,1.0,6-11 años,6.747179542980957,0,1,1,0
1,13.0,1.0,1.0,4.0,6.0,2.0,899.2999877929688,2.0,8.0,1.0,1.0,12-14 años,6.802728027555583,0,1,1,0
1,9.0,1.0,1.0,4.0,6.0,2.0,899.2999877929688,1.0,8.0,1.0,1.0,6-11 años,6.802728027555583,0,1,1,0
1,7.0,2.0,1.0,4.0,6.0,2.0,899.2999877929688,0.0,8.0,1.0,1.0,6-11 años,6.802728027555583,0,1,1,0
1,16.0,2.0,1.0,4.0,6.0,2.0,767.1666870117188,3.0,8.0,1.0,1.0,15-16 años,6.644006749977659,0,1,1,0
1,13.0,2.0,1.0,4.0,6.0,2.0,767.1666870117188,2.0,8.0,1.0,1.0,12-14 años,6.644006749977659,0,1,1,0
1,9.0,2.0,1.0,4.0,6.0,2.0,1989.5833740234375,1.0,6.0,1.0,1.0,6-11 años,7.596183027533256,0,1,1,0
1,7.0,2.0,1.0,4.0,6.0,2.0,1989.5833740234375,1.0,6.0,1.0,1.0,6-11 años,7.596183027533256,0,1,1,0
1,19.0,2.0,1.0,4.0,6.0,2.0,1333.3333740234375,3.0,8.0,1.0,1.0,17-19 años,7.196187100819171,0,1,1,0
1,16.0,2.0,1.0,4.0,6.0,2.0,1323.361083984375,3.0,5.0,1.0,1.0,15-16 años,7.188685421357636,0,1,1,0
1,9.0,1.0,1.0,4.0,6.0,2.0,1323.361083984375,1.0,5.0,1.0,1.0,6-11 años,7.188685421357636,0,1,1,0
1,13.0,1.0,1.0,4.0,6.0,2.0,755.5556030273438,2.0,5.0,2.0,1.0,12-14 años,6.628776030894006,0,1,1,0
1,10.0,1.0,1.0,4.0,6.0,2.0,755.5556030273438,1.0,5.0,2.0,1.0,6-11 años,6.628776030894006,0,1,1,0
1,6.0,1.0,1.0,4.0,6.0,2.0,1301.7777099609375,0.0,8.0,1.0,1.0,6-11 años,7.172253963922689,0,1,1,0
1,9.0,2.0,1.0,4.0,6.0,2.0,1333.3333740234375,1.0,8.0,1.0,1.0,6-11 años,7.196187100819171,0,1,1,0
1,13.0,2.0,1.0,4.0,6.0,2.0,992.5,3.0,8.0,2.0,1.0,12-14 años,6.901234061991872,0,1,1,0
1,6.0,2.0,1.0,4.0,6.0,2.0,992.5,0.0,8.0,2.0,1.0,6-11 años,6.901234061991872,0,1,1,0
1,17.0,1.0,1.0,4.0,6.0,2.0,2936.666748046875,3.0,3.0,1.0,1.0,17-19 años,7.985370922133879,0,1,1,0
1,9.0,1.0,1.0,4.0,6.0,2.0,905.0,1.0,3.0,1.0,1.0,6-11 años,6.80903930604298,0,1,1,0
1,11.0,2.0,1.0,4.0,6.0,2.0,1998.75,1.0,8.0,2.0,1.0,6-11 años,7.6007774517289315,0,1,1,0
1,6.0,2.0,1.0,4.0,6.0,2.0,1998.75,0.0,8.0,2.0,1.0,6-11 años,7.6007774517289315,0,1,1,0
1,18.0,1.0,1.0,4.0,6.0,2.0,1838.4849853515625,4.0,3.0,1.0,1.0,17-19 años,7.517240912158465,0,1,1,0
1,12.0,2.0,1.0,4.0,6.0,2.0,1838.4849853515625,2.0,3.0,1.0,1.0,12-14 años,7.517240912158465,0,1,1,0
1,12.0,2.0,1.0,4.0,6.0,2.0,1291.2833251953125,2.0,3.0,1.0,1.0,12-14 años,7.164165952248419,0,1,1,0
1,10.0,1.0,1.0,4.0,6.0,2.0,1291.2833251953125,1.0,3.0,1.0,1.0,6-11 años,7.164165952248419,0,1,1,0
1,18.0,2.0,1.0,4.0,6.0,2.0,1320.0,4.0,3.0,1.0,1.0,17-19 años,7.186144304522325,0,1,1,0
1,14.0,2.0,1.0,4.0,6.0,2.0,1320.0,3.0,3.0,1.0,1.0,12-14 años,7.186144304522325,0,1,1,0
1,17.0,2.0,1.0,4.0,6.0,2.0,953.3333129882812,3.0,8.0,1.0,1.0,17-19 años,6.861012995111404,0,1,1,0
1,6.0,2.0,1.0,4.0,6.0,2.0,953.3333129882812,0.0,8.0,1.0,1.0,6-11 años,6.861012995111404,0,1,1,0
1,16.0,1.0,1.0,4.0,6.0,2.0,2500.0,3.0,8.0,1.0,1.0,15-16 años,7.824445930877619,0,1,1,0
1,7.0,1.0,1.0,4.0,6.0,1.0,2913.888671875,1.0,3.0,1.0,1.0,6-11 años,7.977586906588728,0,1,1,0
1,9.0,2.0,1.0,4.0,6.0,2.0,812.5,1.0,2.0,1.0,1.0,6-11 años,6.7013459266590925,0,1,1,0
1,15.0,2.0,1.0,4.0,6.0,2.0,334.0,3.0,8.0,2.0,1.0,15-16 años,5.814130531825066,0,1,1,0
1,12.0,2.0,1.0,4.0,6.0,2.0,334.0,1.0,8.0,2.0,1.0,12-14 años,5.814130531825066,0,1,1,0
1,10.0,2.0,1.0,4.0,6.0,2.0,334.0,1.0,8.0,2.0,1.0,6-11 años,5.814130531825066,0,1,1,0
1,16.0,2.0,1.0,4.0,6.0,2.0,673.3333129882812,3.0,3.0,2.0,1.0,15-16 años,6.5137245183290196,0,1,1,0
1,14.0,1.0,1.0,4.0,6.0,2.0,673.3333129882812,2.0,3.0,2.0,1.0,12-14 años,6.5137245183290196,0,1,1,0
1,12.0,1.0,1.0,4.0,6.0,2.0,2065.916748046875,1.0,3.0,1.0,1.0,12-14 años,7.633813282163758,0,1,1,0
1,8.0,1.0,1.0,4.0,6.0,2.0,1457.7750244140625,1.0,8.0,1.0,1.0,6-11 años,7.285352338150498,0,1,1,0
1,14.0,2.0,1.0,4.0,6.0,2.0,764.0,3.0,8.0,1.0,1.0,12-14 años,6.639875833826536,0,1,1,0
1,6.0,2.0,1.0,4.0,6.0,2.0,764.0,0.0,8.0,1.0,1.0,6-11 años,6.639875833826536,0,1,1,0
1,12.0,2.0,1.0,4.0,6.0,2.0,1400.0,2.0,5.0,2.0,1.0,12-14 años,7.244941546337007,0,1,1,0
1,10.0,2.0,1.0,4.0,6.0,2.0,1400.0,1.0,5.0,2.0,1.0,6-11 años,7.244941546337007,0,1,1,0
1,14.0,2.0,1.0,4.0,6.0,2.0,2648.958251953125,3.0,8.0,1.0,1.0,12-14 años,7.88229916487622,0,1,1,0
1,10.0,1.0,1.0,4.0,6.0,2.0,2648.958251953125,1.0,8.0,1.0,1.0,6-11 años,7.88229916487622,0,1,1,0
1,14.0,2.0,1.0,4.0,6.0,2.0,940.625,3.0,5.0,1.0,1.0,12-14 años,6.847607106145858,0,1,1,0
1,9.0,1.0,1.0,4.0,6.0,2.0,580.0,1.0,8.0,2.0,1.0,6-11 años,6.364750756851911,0,1,1,0
1,6.0,1.0,1.0,4.0,6.0,2.0,580.0,0.0,8.0,2.0,1.0,6-11 años,6.364750756851911,0,1,1,0
1,10.0,1.0,1.0,4.0,6.0,2.0,509.79998779296875,1.0,5.0,2.0,1.0,6-11 años,6.235978100260516,0,1,1,0
1,7.0,1.0,1.0,4.0,6.0,2.0,509.79998779296875,1.0,5.0,2.0,1.0,6-11 años,6.235978100260516,0,1,1,0
1,17.0,2.0,1.0,4.0,6.0,2.0,606.6666259765625,3.0,5.0,1.0,1.0,17-19 años,6.409626419049326,0,1,1,0
1,13.0,2.0,1.0,4.0,6.0,2.0,2018.050048828125,3.0,3.0,1.0,1.0,12-14 años,7.610382406924926,0,1,1,0
1,6.0,2.0,1.0,4.0,6.0,2.0,1918.2291259765625,0.0,3.0,1.0,1.0,6-11 años,7.559678887513165,0,1,1,0
1,10.0,2.0,1.0,4.0,6.0,2.0,500.0,1.0,1.0,1.0,1.0,6-11 años,6.2166061010848646,0,1,1,0
1,7.0,2.0,1.0,4.0,6.0,2.0,500.0,0.0,1.0,1.0,1.0,6-11 años,6.2166061010848646,0,1,1,0
1,11.0,2.0,1.0,4.0,6.0,2.0,633.3333129882812,1.0,1.0,1.0,1.0,6-11 años,6.4525745465549145,0,1,1,0
1,9.0,1.0,1.0,4.0,6.0,2.0,633.3333129882812,1.0,1.0,1.0,1.0,6-11 años,6.4525745465549145,0,1,1,0
1,7.0,2.0,1.0,4.0,6.0,2.0,633.3333129882812,1.0,1.0,1.0,1.0,6-11 años,6.4525745465549145,0,1,1,0
1,18.0,2.0,1.0,4.0,6.0,2.0,775.0,3.0,5.0,1.0,1.0,17-19 años,6.654152520183219,0,1,1,0
1,11.0,1.0,1.0,4.0,6.0,2.0,716.5,1.0,6.0,1.0,1.0,6-11 años,6.5757729476337765,0,1,1,0
1,6.0,2.0,1.0,4.0,6.0,2.0,716.5,0.0,6.0,1.0,1.0,6-11 años,6.5757729476337765,0,1,1,0
1,15.0,1.0,1.0,4.0,6.0,2.0,1170.5416259765625,3.0,5.0,1.0,1.0,15-16 años,7.066075789520235,0,1,1,0
1,10.0,1.0,1.0,4.0,6.0,2.0,1170.5416259765625,1.0,5.0,1.0,1.0,6-11 años,7.066075789520235,0,1,1,0
1,12.0,1.0,1.0,4.0,6.0,2.0,940.0,1.0,6.0,1.0,1.0,12-14 años,6.846943139585379,0,1,1,0
1,8.0,1.0,1.0,4.0,6.0,2.0,940.0,1.0,6.0,1.0,1.0,6-11 años,6.846943139585379,0,1,1,0
1,14.0,2.0,1.0,4.0,6.0,2.0,1750.0,3.0,8.0,1.0,1.0,12-14 años,7.467942332285852,0,1,1,0
1,18.0,2.0,1.0,4.0,6.0,2.0,866.0,3.0,8.0,1.0,1.0,17-19 años,6.7650389767805414,0,1,1,0
1,10.0,2.0,1.0,4.0,6.0,2.0,500.0,1.0,5.0,1.0,1.0,6-11 años,6.2166061010848646,0,1,1,0
1,6.0,2.0,1.0,4.0,6.0,2.0,500.0,0.0,5.0,1.0,1.0,6-11 años,6.2166061010848646,0,1,1,0
1,6.0,1.0,1.0,4.0,6.0,2.0,900.0,0.0,8.0,1.0,1.0,6-11 años,6.803505257608338,0,1,1,0
1,8.0,1.0,1.0,4.0,6.0,2.0,1082.5,1.0,5.0,1.0,1.0,6-11 años,6.987951820976414,0,1,1,0
1,6.0,2.0,1.0,4.0,6.0,2.0,1082.5,0.0,5.0,1.0,1.0,6-11 años,6.987951820976414,0,1,1,0
1,8.0,1.0,1.0,4.0,6.0,2.0,519.5999755859375,1.0,7.0,1.0,1.0,6-11 años,6.254981945664454,0,1,1,0
1,6.0,2.0,1.0,4.0,6.0,2.0,519.5999755859375,0.0,7.0,1.0,1.0,6-11 años,6.254981945664454,0,1,1,0
1,10.0,2.0,1.0,4.0,6.0,2.0,759.7999877929688,1.0,8.0,1.0,1.0,6-11 años,6.634370495186187,0,1,1,0
1,17.0,1.0,1.0,4.0,6.0,2.0,625.0,3.0,8.0,1.0,1.0,17-19 años,6.439350371100098,0,1,1,0
1,14.0,1.0,1.0,4.0,6.0,2.0,625.0,3.0,8.0,1.0,1.0,12-14 años,6.439350371100098,0,1,1,0
1,8.0,1.0,1.0,4.0,6.0,2.0,625.0,1.0,8.0,1.0,1.0,6-11 años,6.439350371100098,0,1,1,0
1,16.0,2.0,1.0,4.0,6.0,2.0,616.6666870117188,3.0,8.0,1.0,1.0,15-16 años,6.425948970555812,0,1,1,0
1,14.0,2.0,1.0,4.0,6.0,2.0,616.6666870117188,3.0,8.0,1.0,1.0,12-14 años,6.425948970555812,0,1,1,0
1,10.0,1.0,1.0,4.0,6.0,2.0,616.6666870117188,1.0,8.0,1.0,1.0,6-11 años,6.425948970555812,0,1,1,0
1,6.0,1.0,1.0,4.0,6.0,2.0,616.6666870117188,1.0,8.0,1.0,1.0,6-11 años,6.425948970555812,0,1,1,0
1,16.0,2.0,1.0,4.0,6.0,2.0,2000.0,3.0,8.0,1.0,1.0,15-16 años,7.601402334583733,0,1,1,0
1,14.0,2.0,1.0,4.0,6.0,2.0,3052.295166015625,3.0,2.0,1.0,1.0,12-14 años,8.023976668708714,0,1,1,0
1,8.0,1.0,1.0,4.0,6.0,2.0,3052.295166015625,1.0,2.0,1.0,1.0,6-11 años,8.023976668708714,0,1,1,0
1,17.0,1.0,1.0,4.0,6.0,2.0,2546.27783203125,3.0,7.0,1.0,1.0,17-19 años,7.842780551100033,0,1,1,0
1,10.0,1.0,1.0,4.0,6.0,2.0,2546.27783203125,1.0,7.0,1.0,1.0,6-11 años,7.842780551100033,0,1,1,0
1,12.0,2.0,1.0,4.0,6.0,2.0,1221.0599365234375,1.0,3.0,1.0,1.0,12-14 años,7.108293186420252,0,1,1,0
1,11.0,1.0,1.0,4.0,6.0,2.0,1221.0599365234375,1.0,3.0,1.0,1.0,6-11 años,7.108293186420252,0,1,1,0
1,15.0,2.0,1.0,4.0,6.0,2.0,1221.0599365234375,3.0,3.0,1.0,1.0,15-16 años,7.108293186420252,0,1,1,0
1,16.0,1.0,1.0,4.0,6.0,2.0,2020.6666259765625,3.0,3.0,1.0,1.0,15-16 años,7.611677512583031,0,1,1,0
1,18.0,1.0,1.0,4.0,6.0,2.0,1493.6112060546875,3.0,3.0,1.0,1.0,17-19 años,7.309621389162909,0,1,1,0
1,10.0,1.0,1.0,4.0,6.0,2.0,1493.6112060546875,1.0,3.0,1.0,1.0,6-11 años,7.309621389162909,0,1,1,0
1,8.0,1.0,1.0,4.0,6.0,2.0,1493.6112060546875,1.0,3.0,1.0,1.0,6-11 años,7.309621389162909,0,1,1,0
1,15.0,2.0,1.0,4.0,6.0,2.0,1103.75,3.0,3.0,1.0,1.0,15-16 años,7.00737434401085,0,1,1,0
1,7.0,1.0,1.0,4.0,6.0,2.0,680.4249877929688,0.0,3.0,1.0,1.0,6-11 años,6.524186175809216,0,1,1,0
1,15.0,1.0,1.0,4.0,6.0,2.0,4800.60009765625,3.0,3.0,1.0,1.0,15-16 años,8.476704495024375,0,1,1,0
1,9.0,2.0,1.0,4.0,6.0,2.0,4800.60009765625,1.0,3.0,1.0,1.0,6-11 años,8.476704495024375,0,1,1,0
1,7.0,2.0,1.0,4.0,6.0,2.0,4800.60009765625,0.0,3.0,1.0,1.0,6-11 años,8.476704495024375,0,1,1,0
1,17.0,2.0,1.0,4.0,6.0,2.0,3114.666748046875,3.0,8.0,1.0,1.0,17-19 años,8.04419845263415,0,1,1,0
1,12.0,2.0,1.0,4.0,6.0,2.0,3114.666748046875,2.0,8.0,1.0,1.0,12-14 años,8.04419845263415,0,1,1,0
1,10.0,1.0,1.0,4.0,6.0,2.0,3114.666748046875,1.0,8.0,1.0,1.0,6-11 años,8.04419845263415,0,1,1,0
1,6.0,1.0,1.0,4.0,6.0,2.0,3114.666748046875,0.0,8.0,1.0,1.0,6-11 años,8.04419845263415,0,1,1,0
1,12.0,1.0,1.0,4.0,6.0,1.0,5484.66650390625,2.0,5.0,1.0,1.0,12-14 años,8.609893879257147,0,1,1,0
1,13.0,1.0,1.0,4.0,6.0,2.0,1808.3333740234375,2.0,8.0,1.0,1.0,12-14 años,7.500713754775654,0,1,1,0
1,10.0,2.0,1.0,4.0,6.0,2.0,1808.3333740234375,1.0,8.0,1.0,1.0,6-11 años,7.500713754775654,0,1,1,0
1,18.0,2.0,1.0,4.0,6.0,2.0,1666.6666259765625,3.0,8.0,1.0,1.0,17-19 años,7.419180698420672,0,1,1,0
1,14.0,1.0,1.0,4.0,6.0,2.0,1666.6666259765625,3.0,8.0,1.0,1.0,12-14 años,7.419180698420672,0,1,1,0
1,16.0,2.0,1.0,4.0,6.0,2.0,2033.3333740234375,3.0,8.0,1.0,1.0,15-16 años,7.617923463878075,0,1,1,0
1,18.0,2.0,1.0,4.0,6.0,2.0,1887.5,5.0,3.0,1.0,1.0,17-19 años,7.543538142152512,0,1,1,0
1,9.0,1.0,1.0,4.0,6.0,1.0,1108.09521484375,1.0,5.0,1.0,1.0,6-11 años,7.01129984015161,0,1,1,0
1,18.0,1.0,1.0,4.0,6.0,2.0,1108.09521484375,3.0,5.0,1.0,1.0,17-19 años,7.01129984015161,0,1,1,0
1,15.0,2.0,1.0,4.0,6.0,2.0,1108.09521484375,3.0,5.0,1.0,1.0,15-16 años,7.01129984015161,0,1,1,0
1,15.0,2.0,1.0,4.0,6.0,2.0,2587.199951171875,3.0,5.0,2.0,1.0,15-16 años,7.8587179135219,0,1,1,0
1,12.0,2.0,1.0,4.0,6.0,2.0,2587.199951171875,1.0,5.0,2.0,1.0,12-14 años,7.8587179135219,0,1,1,0
0,16.0,1.0,1.0,4.0,6.0,2.0,1983.3333740234375,1.0,3.0,1.0,1.0,15-16 años,7.59303830499096,0,1,1,1
1,14.0,2.0,1.0,4.0,6.0,2.0,1983.3333740234375,3.0,3.0,1.0,1.0,12-14 años,7.59303830499096,0,1,1,0
1,17.0,2.0,1.0,4.0,6.0,2.0,1983.3333740234375,3.0,3.0,1.0,1.0,17-19 años,7.59303830499096,0,1,1,0
1,12.0,2.0,1.0,4.0,6.0,2.0,3890.89990234375,1.0,8.0,1.0,1.0,12-14 años,8.266652724152898,0,1,1,0
1,15.0,1.0,1.0,4.0,6.0,2.0,5256.13330078125,3.0,8.0,1.0,1.0,15-16 años,8.567341157313882,0,1,1,0
1,7.0,1.0,1.0,4.0,6.0,2.0,5256.13330078125,1.0,8.0,1.0,1.0,6-11 años,8.567341157313882,0,1,1,0
1,13.0,1.0,1.0,4.0,6.0,2.0,833.3333129882812,3.0,5.0,1.0,1.0,12-14 años,6.726632978378864,0,1,1,0
1,7.0,1.0,1.0,4.0,6.0,2.0,833.3333129882812,1.0,5.0,1.0,1.0,6-11 años,6.726632978378864,0,1,1,0
1,17.0,2.0,1.0,4.0,6.0,1.0,1673.2000732421875,3.0,5.0,1.0,1.0,17-19 años,7.423090761973529,0,1,1,0
1,10.0,1.0,1.0,4.0,6.0,2.0,3324.916748046875,1.0,8.0,1.0,1.0,6-11 años,8.109500628786225,0,1,1,0
1,8.0,1.0,1.0,4.0,6.0,2.0,3324.916748046875,1.0,8.0,1.0,1.0,6-11 años,8.109500628786225,0,1,1,0
1,18.0,2.0,1.0,4.0,6.0,2.0,6966.66650390625,3.0,8.0,1.0,1.0,17-19 años,8.849035656294287,0,1,1,0
1,17.0,1.0,1.0,4.0,6.0,2.0,1063.6666259765625,3.0,8.0,2.0,1.0,17-19 años,6.970417001888214,0,1,1,0
1,14.0,2.0,1.0,4.0,6.0,2.0,1063.6666259765625,3.0,8.0,2.0,1.0,12-14 años,6.970417001888214,0,1,1,0
1,13.0,1.0,1.0,4.0,6.0,2.0,2599.06689453125,2.0,8.0,1.0,1.0,12-14 años,7.863292452344463,0,1,1,0
1,6.0,1.0,1.0,4.0,6.0,2.0,2599.06689453125,0.0,8.0,1.0,1.0,6-11 años,7.863292452344463,0,1,1,0
1,14.0,1.0,1.0,4.0,6.0,2.0,1284.0,3.0,3.0,1.0,1.0,12-14 años,7.158513997329321,0,1,1,0
1,6.0,2.0,1.0,4.0,6.0,2.0,1284.0,0.0,3.0,1.0,1.0,6-11 años,7.158513997329321,0,1,1,0
1,18.0,1.0,1.0,4.0,6.0,2.0,3695.994384765625,3.0,3.0,1.0,1.0,17-19 años,8.215275440073055,0,1,1,0
1,18.0,1.0,1.0,4.0,6.0,1.0,700.0,3.0,3.0,2.0,1.0,17-19 años,6.55250788703459,0,1,1,0
1,16.0,2.0,1.0,4.0,6.0,1.0,700.0,3.0,3.0,2.0,1.0,15-16 años,6.55250788703459,0,1,1,0
1,13.0,2.0,1.0,4.0,6.0,1.0,700.0,3.0,3.0,2.0,1.0,12-14 años,6.55250788703459,0,1,1,0
1,12.0,1.0,1.0,4.0,6.0,2.0,4730.0,1.0,5.0,2.0,1.0,12-14 años,8.461891875631148,0,1,1,0
1,18.0,2.0,1.0,4.0,6.0,2.0,337.5,3.0,1.0,1.0,1.0,17-19 años,5.82452409235233,0,1,1,0
1,16.0,2.0,1.0,4.0,6.0,2.0,337.5,3.0,1.0,1.0,1.0,15-16 años,5.82452409235233,0,1,1,0
1,15.0,2.0,1.0,4.0,6.0,2.0,337.5,3.0,1.0,1.0,1.0,15-16 años,5.82452409235233,0,1,1,0
1,12.0,1.0,1.0,4.0,6.0,2.0,337.5,2.0,1.0,1.0,1.0,12-14 años,5.82452409235233,0,1,1,0
1,11.0,2.0,1.0,4.0,6.0,2.0,337.5,1.0,1.0,1.0,1.0,6-11 años,5.82452409235233,0,1,1,0
1,9.0,2.0,1.0,4.0,6.0,2.0,750.0,1.0,1.0,1.0,1.0,6-11 años,6.621405651764134,0,1,1,0
1,10.0,2.0,1.0,4.0,6.0,2.0,550.0,1.0,1.0,1.0,1.0,6-11 años,6.311734809152915,0,1,1,0
1,10.0,1.0,1.0,4.0,6.0,2.0,550.0,1.0,1.0,1.0,1.0,6-11 años,6.311734809152915,0,1,1,0
1,16.0,1.0,1.0,4.0,6.0,2.0,533.3333129882812,3.0,1.0,1.0,1.0,15-16 años,6.281019825865862,0,1,1,0
1,8.0,1.0,1.0,4.0,6.0,2.0,533.3333129882812,1.0,1.0,1.0,1.0,6-11 años,6.281019825865862,0,1,1,0
1,11.0,2.0,1.0,4.0,6.0,2.0,662.1666870117188,1.0,8.0,1.0,1.0,6-11 años,6.4970263718775145,0,1,1,0
1,9.0,1.0,1.0,4.0,6.0,2.0,574.5833129882812,1.0,8.0,1.0,1.0,6-11 años,6.355383983954132,0,1,1,0
1,8.0,1.0,1.0,4.0,6.0,2.0,574.5833129882812,1.0,8.0,1.0,1.0,6-11 años,6.355383983954132,0,1,1,0
1,15.0,2.0,1.0,4.0,6.0,2.0,1372.7333984375,3.0,8.0,1.0,1.0,15-16 años,7.225287420794945,0,1,1,0
1,11.0,1.0,1.0,4.0,6.0,2.0,1372.7333984375,2.0,8.0,1.0,1.0,6-11 años,7.225287420794945,0,1,1,0
1,7.0,1.0,1.0,4.0,6.0,2.0,1372.7333984375,1.0,8.0,1.0,1.0,6-11 años,7.225287420794945,0,1,1,0
1,16.0,2.0,1.0,4.0,6.0,2.0,281.25,3.0,5.0,1.0,1.0,15-16 años,5.642793203029772,0,1,1,0
1,14.0,1.0,1.0,4.0,6.0,2.0,281.25,3.0,5.0,1.0,1.0,12-14 años,5.642793203029772,0,1,1,0
1,10.0,2.0,1.0,4.0,6.0,2.0,281.25,1.0,5.0,1.0,1.0,6-11 años,5.642793203029772,0,1,1,0
1,9.0,2.0,1.0,4.0,6.0,2.0,2200.0,1.0,8.0,1.0,1.0,6-11 años,7.696667081526462,0,1,1,0
0,18.0,1.0,1.0,4.0,6.0,2.0,600.0,4.0,7.0,1.0,1.0,17-19 años,6.398594934535208,0,1,1,1
0,19.0,2.0,1.0,4.0,6.0,2.0,666.6666870117188,4.0,7.0,1.0,1.0,17-19 años,6.503789077469579,0,1,1,1
1,15.0,1.0,1.0,4.0,6.0,2.0,1859.175048828125,3.0,8.0,1.0,1.0,15-16 años,7.52842587455215,0,1,1,0
1,12.0,1.0,1.0,4.0,6.0,2.0,1859.175048828125,1.0,8.0,1.0,1.0,12-14 años,7.52842587455215,0,1,1,0
1,10.0,1.0,1.0,4.0,6.0,2.0,1859.175048828125,1.0,8.0,1.0,1.0,6-11 años,7.52842587455215,0,1,1,0
0,19.0,2.0,1.0,4.0,6.0,2.0,906.8499755859375,3.0,5.0,1.0,1.0,17-19 años,6.811079139824499,0,1,1,1
0,17.0,2.0,1.0,4.0,6.0,2.0,906.8499755859375,1.0,5.0,1.0,1.0,17-19 años,6.811079139824499,0,1,1,1
1,16.0,1.0,1.0,4.0,6.0,1.0,875.7142944335938,3.0,5.0,1.0,1.0,15-16 años,6.776181163279222,0,1,1,0
1,14.0,1.0,1.0,4.0,6.0,1.0,875.7142944335938,3.0,5.0,1.0,1.0,12-14 años,6.776181163279222,0,1,1,0
1,9.0,2.0,1.0,4.0,6.0,1.0,875.7142944335938,1.0,5.0,1.0,1.0,6-11 años,6.776181163279222,0,1,1,0
1,7.0,2.0,1.0,4.0,6.0,1.0,875.7142944335938,0.0,5.0,1.0,1.0,6-11 años,6.776181163279222,0,1,1,0
1,18.0,2.0,1.0,4.0,6.0,1.0,991.6666870117188,3.0,8.0,2.0,1.0,17-19 años,6.900394945071196,0,1,1,0
1,17.0,1.0,1.0,4.0,6.0,1.0,286.9444274902344,3.0,5.0,2.0,1.0,17-19 años,5.662767501413397,0,1,1,0
1,15.0,2.0,1.0,4.0,6.0,1.0,3635.5,3.0,8.0,1.0,1.0,15-16 años,8.198776959594595,0,1,1,0
1,12.0,1.0,1.0,4.0,6.0,1.0,3635.5,3.0,8.0,1.0,1.0,12-14 años,8.198776959594595,0,1,1,0
1,13.0,1.0,1.0,4.0,6.0,1.0,1086.4971923828125,3.0,8.0,1.0,1.0,12-14 años,6.991634181242553,0,1,1,0
1,8.0,2.0,1.0,4.0,6.0,1.0,1086.4971923828125,1.0,8.0,1.0,1.0,6-11 años,6.991634181242553,0,1,1,0
0,18.0,1.0,1.0,4.0,6.0,2.0,2496.966552734375,4.0,8.0,1.0,1.0,17-19 años,7.823232300977937,0,1,1,1
1,8.0,1.0,2.0,4.0,6.0,2.0,843.5,1.0,5.0,7.0,1.0,6-11 años,6.738744736247854,1,1,0,0
1,6.0,1.0,2.0,4.0,6.0,2.0,843.5,0.0,5.0,7.0,1.0,6-11 años,6.738744736247854,1,1,0,0
1,7.0,1.0,2.0,4.0,6.0,2.0,676.3888549804688,1.0,7.0,7.0,1.0,6-11 años,6.518245487606561,1,1,0,0
1,15.0,2.0,2.0,4.0,6.0,1.0,280.0,3.0,4.0,7.0,1.0,15-16 años,5.638354669333745,1,1,0,0
1,12.0,1.0,2.0,4.0,6.0,1.0,280.0,1.0,4.0,7.0,1.0,12-14 años,5.638354669333745,1,1,0,0
1,15.0,2.0,2.0,4.0,6.0,1.0,557.0833129882812,3.0,5.0,7.0,1.0,15-16 años,6.324508257666826,1,1,0,0
1,13.0,2.0,2.0,4.0,6.0,1.0,557.0833129882812,3.0,5.0,7.0,1.0,12-14 años,6.324508257666826,1,1,0,0
1,9.0,1.0,2.0,4.0,6.0,1.0,557.0833129882812,1.0,5.0,7.0,1.0,6-11 años,6.324508257666826,1,1,0,0
1,16.0,2.0,2.0,4.0,6.0,2.0,1941.6666259765625,3.0,5.0,7.0,1.0,15-16 años,7.571816857701496,1,1,0,0
1,18.0,2.0,2.0,4.0,2.0,2.0,1173.3333740234375,3.0,5.0,7.0,1.0,17-19 años,7.068455924322662,1,1,0,0
1,16.0,1.0,2.0,4.0,2.0,2.0,1173.3333740234375,3.0,5.0,7.0,1.0,15-16 años,7.068455924322662,1,1,0,0
1,12.0,2.0,2.0,4.0,2.0,2.0,1173.3333740234375,3.0,5.0,7.0,1.0,12-14 años,7.068455924322662,1,1,0,0
1,7.0,1.0,2.0,4.0,6.0,2.0,2077.41650390625,1.0,8.0,7.0,1.0,6-11 años,7.639361586563335,1,1,0,0
1,17.0,1.0,2.0,4.0,6.0,2.0,2077.41650390625,3.0,8.0,7.0,1.0,17-19 años,7.639361586563335,1,1,0,0
1,14.0,2.0,2.0,4.0,2.0,2.0,358.3333435058594,3.0,1.0,7.0,1.0,12-14 años,5.884250491110274,1,1,0,0
1,11.0,2.0,2.0,4.0,2.0,2.0,358.3333435058594,1.0,1.0,7.0,1.0,6-11 años,5.884250491110274,1,1,0,0
1,7.0,2.0,2.0,4.0,6.0,2.0,645.8333740234375,0.0,5.0,7.0,1.0,6-11 años,6.4720887250474775,1,1,0,0
1,18.0,1.0,2.0,4.0,6.0,2.0,345.5833435058594,4.0,5.0,5.0,1.0,17-19 años,5.848123319305792,1,1,0,0
1,16.0,1.0,2.0,4.0,6.0,2.0,345.5833435058594,3.0,5.0,5.0,1.0,15-16 años,5.848123319305792,1,1,0,0
1,14.0,1.0,2.0,4.0,6.0,2.0,345.5833435058594,3.0,5.0,5.0,1.0,12-14 años,5.848123319305792,1,1,0,0
1,12.0,1.0,2.0,4.0,6.0,2.0,345.5833435058594,2.0,5.0,5.0,1.0,12-14 años,5.848123319305792,1,1,0,0
1,11.0,1.0,2.0,4.0,6.0,2.0,345.5833435058594,1.0,5.0,5.0,1.0,6-11 años,5.848123319305792,1,1,0,0
1,9.0,2.0,2.0,4.0,6.0,2.0,345.5833435058594,1.0,5.0,5.0,1.0,6-11 años,5.848123319305792,1,1,0,0
1,13.0,2.0,2.0,4.0,6.0,2.0,2479.166748046875,2.0,8.0,5.0,1.0,12-14 años,7.81608107401439,1,1,0,0
1,7.0,1.0,2.0,4.0,6.0,2.0,2479.166748046875,0.0,8.0,5.0,1.0,6-11 años,7.81608107401439,1,1,0,0
1,12.0,2.0,2.0,4.0,6.0,2.0,350.0,3.0,5.0,5.0,1.0,12-14 años,5.860786223465865,1,1,0,0
1,7.0,2.0,2.0,4.0,6.0,2.0,350.0,1.0,5.0,5.0,1.0,6-11 años,5.860786223465865,1,1,0,0
1,10.0,1.0,2.0,4.0,6.0,1.0,88.19445037841797,1.0,5.0,6.0,1.0,6-11 años,4.490818822161912,1,1,0,0
1,17.0,1.0,2.0,4.0,2.0,1.0,88.19445037841797,3.0,5.0,6.0,1.0,17-19 años,4.490818822161912,1,1,0,0
1,14.0,2.0,2.0,4.0,2.0,1.0,188.88890075683594,3.0,5.0,5.0,1.0,12-14 años,5.2464391682787985,1,1,0,0
1,18.0,2.0,2.0,4.0,2.0,1.0,745.8333129882812,3.0,5.0,6.0,1.0,17-19 años,6.6158420183163305,1,1,0,0
1,14.0,2.0,2.0,4.0,2.0,1.0,745.8333129882812,3.0,5.0,6.0,1.0,12-14 años,6.6158420183163305,1,1,0,0
1,12.0,1.0,2.0,4.0,6.0,1.0,745.8333129882812,1.0,5.0,6.0,1.0,12-14 años,6.6158420183163305,1,1,0,0
1,11.0,1.0,2.0,4.0,6.0,1.0,745.8333129882812,1.0,5.0,6.0,1.0,6-11 años,6.6158420183163305,1,1,0,0
1,16.0,1.0,2.0,4.0,6.0,2.0,548.6111450195312,3.0,5.0,6.0,1.0,15-16 años,6.309211019122352,1,1,0,0
1,14.0,2.0,2.0,4.0,6.0,1.0,548.6111450195312,3.0,5.0,6.0,1.0,12-14 años,6.309211019122352,1,1,0,0
1,12.0,1.0,2.0,4.0,6.0,1.0,548.6111450195312,2.0,5.0,6.0,1.0,12-14 años,6.309211019122352,1,1,0,0
1,10.0,1.0,2.0,4.0,6.0,2.0,548.6111450195312,1.0,5.0,6.0,1.0,6-11 años,6.309211019122352,1,1,0,0
1,16.0,2.0,2.0,4.0,6.0,1.0,297.22222900390625,3.0,5.0,6.0,1.0,15-16 años,5.697838943495724,1,1,0,0
1,7.0,2.0,2.0,4.0,6.0,2.0,590.5556030273438,1.0,5.0,7.0,1.0,6-11 años,6.382755682427858,1,1,0,0
1,9.0,2.0,2.0,4.0,6.0,2.0,118.0555648803711,1.0,1.0,7.0,1.0,6-11 años,4.779590315900638,1,1,0,0
1,17.0,1.0,2.0,4.0,2.0,2.0,381.25,3.0,1.0,7.0,1.0,17-19 años,5.946074844809171,1,1,0,0
1,12.0,1.0,2.0,4.0,6.0,2.0,314.58331298828125,1.0,5.0,7.0,1.0,12-14 años,5.7544227136457105,1,1,0,0
1,14.0,1.0,2.0,4.0,2.0,1.0,759.1666870117188,3.0,1.0,7.0,1.0,12-14 años,6.633537734247581,1,1,0,0
1,17.0,1.0,2.0,4.0,2.0,1.0,561.111083984375,3.0,1.0,7.0,1.0,17-19 años,6.331699488697043,1,1,0,0
1,13.0,1.0,2.0,4.0,2.0,2.0,561.111083984375,2.0,1.0,7.0,1.0,12-14 años,6.331699488697043,1,1,0,0
1,11.0,2.0,2.0,4.0,2.0,2.0,561.111083984375,1.0,1.0,7.0,1.0,6-11 años,6.331699488697043,1,1,0,0
1,9.0,2.0,2.0,4.0,6.0,2.0,561.111083984375,1.0,1.0,7.0,1.0,6-11 años,6.331699488697043,1,1,0,0
1,7.0,1.0,2.0,4.0,6.0,2.0,561.111083984375,0.0,1.0,7.0,1.0,6-11 años,6.331699488697043,1,1,0,0
0,18.0,1.0,2.0,4.0,2.0,1.0,662.5,4.0,1.0,7.0,1.0,17-19 años,6.497528853772263,1,1,0,1
0,18.0,2.0,2.0,4.0,27.0,1.0,662.5,4.0,1.0,7.0,1.0,17-19 años,6.497528853772263,1,1,0,1
1,13.0,1.0,2.0,4.0,6.0,1.0,528.3333740234375,3.0,5.0,1.0,1.0,12-14 años,6.271618430009442,1,1,1,0
1,10.0,1.0,2.0,4.0,6.0,1.0,528.3333740234375,1.0,5.0,1.0,1.0,6-11 años,6.271618430009442,1,1,1,0
1,8.0,1.0,2.0,4.0,6.0,1.0,528.3333740234375,1.0,5.0,1.0,1.0,6-11 años,6.271618430009442,1,1,1,0
1,11.0,2.0,2.0,4.0,6.0,2.0,871.9000244140625,1.0,8.0,2.0,1.0,6-11 años,6.771821029710215,1,1,1,0
1,9.0,1.0,2.0,4.0,6.0,2.0,871.9000244140625,1.0,8.0,2.0,1.0,6-11 años,6.771821029710215,1,1,1,0
1,15.0,2.0,2.0,4.0,6.0,1.0,262.5,3.0,5.0,1.0,1.0,15-16 años,5.574053367981417,1,1,1,0
1,13.0,2.0,2.0,4.0,6.0,1.0,262.5,2.0,5.0,1.0,1.0,12-14 años,5.574053367981417,1,1,1,0
0,18.0,1.0,2.0,4.0,6.0,1.0,620.0,0.0,5.0,1.0,1.0,17-19 años,6.431331081933479,1,1,1,1
1,7.0,2.0,2.0,4.0,6.0,1.0,620.0,0.0,5.0,1.0,1.0,6-11 años,6.431331081933479,1,1,1,0
0,18.0,1.0,2.0,4.0,6.0,1.0,668.3333740234375,4.0,8.0,2.0,1.0,17-19 años,6.506282252935496,1,1,1,1
1,15.0,1.0,2.0,4.0,6.0,1.0,668.3333740234375,3.0,8.0,2.0,1.0,15-16 años,6.506282252935496,1,1,1,0
1,16.0,1.0,2.0,4.0,6.0,1.0,491.6666564941406,3.0,5.0,1.0,1.0,15-16 años,6.199832792192149,1,1,1,0
0,15.0,2.0,2.0,4.0,995.0,1.0,491.6666564941406,0.0,5.0,1.0,1.0,15-16 años,6.199832792192149,1,1,1,1
1,12.0,2.0,2.0,4.0,6.0,1.0,491.6666564941406,1.0,5.0,1.0,1.0,12-14 años,6.199832792192149,1,1,1,0
1,8.0,1.0,2.0,4.0,6.0,1.0,491.6666564941406,0.0,5.0,1.0,1.0,6-11 años,6.199832792192149,1,1,1,0
1,14.0,1.0,2.0,4.0,6.0,1.0,505.0,3.0,8.0,1.0,1.0,12-14 años,6.226536669287466,1,1,1,0
1,10.0,1.0,2.0,4.0,6.0,2.0,640.0,1.0,8.0,1.0,1.0,6-11 años,6.46302945692067,1,1,1,0
1,13.0,1.0,2.0,4.0,6.0,1.0,1346.6666259765625,2.0,8.0,1.0,1.0,12-14 años,7.2061299507796575,1,1,1,0
1,11.0,2.0,2.0,4.0,6.0,1.0,966.0,1.0,5.0,2.0,1.0,6-11 años,6.874198495453294,1,1,1,0
1,6.0,2.0,2.0,4.0,6.0,1.0,966.0,0.0,5.0,2.0,1.0,6-11 años,6.874198495453294,1,1,1,0
1,14.0,2.0,2.0,4.0,6.0,2.0,693.0357055664062,3.0,5.0,6.0,1.0,12-14 años,6.542523408126302,1,1,0,0
1,12.0,1.0,2.0,4.0,6.0,2.0,693.0357055664062,2.0,5.0,6.0,1.0,12-14 años,6.542523408126302,1,1,0,0
1,10.0,2.0,2.0,4.0,6.0,2.0,693.0357055664062,1.0,5.0,6.0,1.0,6-11 años,6.542523408126302,1,1,0,0
1,8.0,2.0,2.0,4.0,6.0,2.0,693.0357055664062,1.0,5.0,6.0,1.0,6-11 años,6.542523408126302,1,1,0,0
1,15.0,2.0,2.0,4.0,6.0,2.0,759.25,3.0,8.0,8.0,1.0,15-16 años,6.633647326557474,1,1,0,0
1,11.0,1.0,2.0,4.0,6.0,2.0,759.25,1.0,8.0,8.0,1.0,6-11 años,6.633647326557474,1,1,0,0
1,8.0,1.0,2.0,4.0,6.0,2.0,759.25,1.0,8.0,8.0,1.0,6-11 años,6.633647326557474,1,1,0,0
1,15.0,1.0,2.0,4.0,2.0,2.0,906.0667114257812,3.0,5.0,8.0,1.0,15-16 años,6.810215999147696,1,1,0,0
1,13.0,1.0,2.0,4.0,6.0,2.0,906.0667114257812,2.0,5.0,8.0,1.0,12-14 años,6.810215999147696,1,1,0,0
1,11.0,1.0,2.0,4.0,6.0,2.0,906.0667114257812,1.0,5.0,8.0,1.0,6-11 años,6.810215999147696,1,1,0,0
1,17.0,2.0,2.0,4.0,6.0,2.0,595.0,3.0,5.0,7.0,1.0,17-19 años,6.39024066706535,1,1,0,0
1,15.0,1.0,2.0,4.0,6.0,2.0,595.0,3.0,5.0,7.0,1.0,15-16 años,6.39024066706535,1,1,0,0
1,15.0,1.0,2.0,4.0,27.0,1.0,1258.75,3.0,8.0,7.0,1.0,15-16 años,7.138668567560708,1,1,0,0
1,6.0,2.0,2.0,4.0,6.0,1.0,1258.75,0.0,8.0,7.0,1.0,6-11 años,7.138668567560708,1,1,0,0
1,7.0,2.0,2.0,4.0,6.0,1.0,751.9400024414062,0.0,5.0,5.0,1.0,6-11 años,6.6239855465927695,1,1,0,0
1,12.0,1.0,2.0,4.0,6.0,1.0,484.6666564941406,2.0,5.0,5.0,1.0,12-14 años,6.185522496581606,1,1,0,0
1,11.0,2.0,2.0,4.0,6.0,1.0,484.6666564941406,1.0,5.0,5.0,1.0,6-11 años,6.185522496581606,1,1,0,0
1,12.0,1.0,2.0,4.0,6.0,1.0,1412.916748046875,3.0,5.0,5.0,1.0,12-14 años,7.254118967811518,1,1,0,0
1,15.0,1.0,2.0,4.0,6.0,1.0,666.6666870117188,3.0,7.0,5.0,1.0,15-16 años,6.503789077469579,1,1,0,0
1,16.0,1.0,2.0,4.0,6.0,2.0,947.2023315429688,3.0,8.0,5.0,1.0,15-16 años,6.854567909379748,1,1,0,0
1,13.0,2.0,2.0,4.0,6.0,1.0,947.2023315429688,3.0,8.0,5.0,1.0,12-14 años,6.854567909379748,1,1,0,0
1,12.0,2.0,2.0,4.0,6.0,1.0,947.2023315429688,1.0,8.0,5.0,1.0,12-14 años,6.854567909379748,1,1,0,0
1,6.0,2.0,2.0,4.0,6.0,2.0,947.2023315429688,0.0,8.0,5.0,1.0,6-11 años,6.854567909379748,1,1,0,0
1,10.0,2.0,2.0,4.0,6.0,2.0,438.0208435058594,1.0,8.0,7.0,1.0,6-11 años,6.084546891460263,1,1,0,0
1,12.0,1.0,2.0,4.0,6.0,2.0,1375.0,1.0,8.0,7.0,1.0,12-14 años,7.226936018493289,1,1,0,0
1,8.0,1.0,2.0,4.0,6.0,2.0,1375.0,1.0,8.0,7.0,1.0,6-11 años,7.226936018493289,1,1,0,0
0,18.0,2.0,2.0,4.0,6.0,2.0,2705.5556640625,4.0,8.0,7.0,1.0,17-19 años,7.9034321328323,1,1,0,1
1,11.0,1.0,2.0,4.0,6.0,2.0,2023.033447265625,1.0,6.0,7.0,1.0,6-11 años,7.61284755559968,1,1,0,0
1,9.0,1.0,2.0,4.0,6.0,2.0,2023.033447265625,1.0,6.0,7.0,1.0,6-11 años,7.61284755559968,1,1,0,0
1,12.0,1.0,2.0,4.0,6.0,2.0,369.5625,1.0,5.0,7.0,1.0,12-14 años,5.915022121467587,1,1,0,0
1,10.0,1.0,2.0,4.0,6.0,2.0,369.5625,1.0,5.0,7.0,1.0,6-11 años,5.915022121467587,1,1,0,0
1,13.0,2.0,2.0,4.0,6.0,2.0,187.5,3.0,5.0,7.0,1.0,12-14 años,5.2390980068880655,1,1,0,0
1,16.0,2.0,2.0,4.0,6.0,2.0,1086.666748046875,3.0,5.0,7.0,1.0,15-16 años,6.991790082746117,1,1,0,0
1,13.0,1.0,2.0,4.0,6.0,2.0,1086.666748046875,3.0,5.0,7.0,1.0,12-14 años,6.991790082746117,1,1,0,0
1,16.0,1.0,2.0,4.0,6.0,2.0,2036.6666259765625,3.0,8.0,7.0,1.0,15-16 años,7.619560621391646,1,1,0,0
0,19.0,1.0,2.0,4.0,6.0,1.0,1215.8333740234375,3.0,5.0,7.0,1.0,17-19 años,7.104007168267371,1,1,0,1
1,8.0,1.0,2.0,4.0,6.0,2.0,500.77081298828125,1.0,5.0,7.0,1.0,6-11 años,6.218143467609927,1,1,0,0
1,8.0,1.0,2.0,4.0,6.0,2.0,1148.3333740234375,1.0,5.0,7.0,1.0,6-11 años,7.046937378518696,1,1,0,0
1,6.0,1.0,2.0,4.0,6.0,2.0,1148.3333740234375,0.0,5.0,7.0,1.0,6-11 años,7.046937378518696,1,1,0,0
1,7.0,1.0,2.0,4.0,6.0,2.0,875.0,1.0,5.0,7.0,1.0,6-11 años,6.775366090936392,1,1,0,0
1,17.0,2.0,2.0,4.0,6.0,2.0,1122.5,3.0,5.0,7.0,1.0,17-19 años,7.024204091625384,1,1,0,0
1,15.0,1.0,2.0,4.0,6.0,2.0,1122.5,3.0,5.0,7.0,1.0,15-16 años,7.024204091625384,1,1,0,0
1,8.0,1.0,2.0,4.0,6.0,2.0,1122.5,1.0,5.0,7.0,1.0,6-11 años,7.024204091625384,1,1,0,0
1,7.0,2.0,2.0,4.0,6.0,2.0,700.0,0.0,5.0,7.0,1.0,6-11 años,6.55250788703459,1,1,0,0
1,17.0,2.0,2.0,4.0,6.0,2.0,2088.888916015625,3.0,5.0,7.0,1.0,17-19 años,7.6448661933145745,1,1,0,0
1,13.0,1.0,2.0,4.0,6.0,2.0,2088.888916015625,2.0,5.0,7.0,1.0,12-14 años,7.6448661933145745,1,1,0,0
1,9.0,1.0,2.0,4.0,6.0,2.0,2088.888916015625,1.0,5.0,7.0,1.0,6-11 años,7.6448661933145745,1,1,0,0
1,17.0,2.0,2.0,4.0,2.0,2.0,769.5199584960938,3.0,1.0,7.0,1.0,17-19 años,6.647065557729155,1,1,0,0
1,15.0,1.0,2.0,4.0,2.0,2.0,769.5199584960938,3.0,1.0,7.0,1.0,15-16 años,6.647065557729155,1,1,0,0
0,19.0,1.0,2.0,4.0,2.0,2.0,321.76666259765625,3.0,1.0,7.0,1.0,17-19 años,5.776929655342713,1,1,0,1
1,16.0,2.0,2.0,4.0,2.0,2.0,321.76666259765625,3.0,1.0,7.0,1.0,15-16 años,5.776929655342713,1,1,0,0
1,11.0,1.0,2.0,4.0,6.0,2.0,321.76666259765625,1.0,1.0,7.0,1.0,6-11 años,5.776929655342713,1,1,0,0
1,14.0,2.0,2.0,4.0,6.0,2.0,780.0,3.0,5.0,5.0,1.0,12-14 años,6.660575149839686,1,1,0,0
1,17.0,2.0,2.0,4.0,6.0,1.0,1200.0,3.0,5.0,2.0,1.0,17-19 años,7.0909098220799835,1,1,1,0
1,12.0,1.0,2.0,4.0,6.0,2.0,3405.833251953125,2.0,3.0,5.0,1.0,12-14 años,8.133538473684576,1,1,0,0
1,15.0,2.0,2.0,4.0,2.0,1.0,1550.0,3.0,5.0,5.0,1.0,15-16 años,7.346655163176539,1,1,0,0
1,8.0,1.0,2.0,4.0,6.0,1.0,1550.0,1.0,5.0,5.0,1.0,6-11 años,7.346655163176539,1,1,0,0
1,15.0,1.0,2.0,4.0,6.0,1.0,640.0,3.0,5.0,6.0,1.0,15-16 años,6.46302945692067,1,1,0,0
1,11.0,1.0,2.0,4.0,6.0,1.0,640.0,1.0,5.0,6.0,1.0,6-11 años,6.46302945692067,1,1,0,0
0,17.0,1.0,2.0,4.0,6.0,2.0,650.0,4.0,5.0,5.0,1.0,17-19 años,6.478509642208569,1,1,0,1
1,15.0,1.0,2.0,4.0,6.0,2.0,650.0,3.0,5.0,5.0,1.0,15-16 años,6.478509642208569,1,1,0,0
1,8.0,2.0,2.0,4.0,6.0,2.0,650.0,1.0,5.0,5.0,1.0,6-11 años,6.478509642208569,1,1,0,0
1,18.0,2.0,2.0,4.0,6.0,2.0,337.5,3.0,1.0,1.0,1.0,17-19 años,5.82452409235233,1,1,1,0
1,16.0,2.0,2.0,4.0,6.0,2.0,337.5,3.0,1.0,1.0,1.0,15-16 años,5.82452409235233,1,1,1,0
1,16.0,1.0,2.0,4.0,6.0,2.0,337.5,3.0,1.0,1.0,1.0,15-16 años,5.82452409235233,1,1,1,0
1,13.0,1.0,2.0,4.0,6.0,2.0,337.5,3.0,1.0,1.0,1.0,12-14 años,5.82452409235233,1,1,1,0
1,6.0,1.0,2.0,4.0,6.0,2.0,337.5,0.0,1.0,1.0,1.0,6-11 años,5.82452409235233,1,1,1,0
1,6.0,1.0,2.0,4.0,6.0,2.0,337.5,0.0,1.0,1.0,1.0,6-11 años,5.82452409235233,1,1,1,0
1,15.0,2.0,2.0,4.0,6.0,2.0,833.3333129882812,3.0,8.0,1.0,1.0,15-16 años,6.726632978378864,1,1,1,0
1,12.0,1.0,2.0,4.0,6.0,2.0,833.3333129882812,2.0,8.0,1.0,1.0,12-14 años,6.726632978378864,1,1,1,0
1,9.0,1.0,2.0,4.0,6.0,2.0,1843.8890380859375,1.0,8.0,1.0,1.0,6-11 años,7.520174412707186,1,1,1,0
1,9.0,2.0,2.0,4.0,6.0,1.0,820.625,1.0,5.0,2.0,1.0,6-11 años,6.71128408658374,1,1,1,0
1,10.0,1.0,2.0,4.0,6.0,2.0,921.7766723632812,1.0,5.0,1.0,1.0,6-11 años,6.827387246789872,1,1,1,0
1,8.0,1.0,2.0,4.0,6.0,2.0,921.7766723632812,1.0,5.0,1.0,1.0,6-11 años,6.827387246789872,1,1,1,0
1,9.0,1.0,2.0,4.0,6.0,2.0,562.5,1.0,7.0,9.0,1.0,6-11 años,6.334167333479831,1,1,0,0
1,16.0,2.0,2.0,4.0,6.0,2.0,562.5,3.0,7.0,9.0,1.0,15-16 años,6.334167333479831,1,1,0,0
1,13.0,2.0,2.0,4.0,6.0,2.0,562.5,2.0,7.0,9.0,1.0,12-14 años,6.334167333479831,1,1,0,0
1,15.0,1.0,2.0,4.0,6.0,2.0,562.5,3.0,7.0,9.0,1.0,15-16 años,6.334167333479831,1,1,0,0
1,12.0,2.0,2.0,4.0,6.0,2.0,562.5,1.0,7.0,9.0,1.0,12-14 años,6.334167333479831,1,1,0,0
1,14.0,1.0,2.0,4.0,6.0,2.0,1152.0833740234375,3.0,8.0,9.0,1.0,12-14 años,7.050194828169469,1,1,0,0
1,12.0,1.0,2.0,4.0,6.0,2.0,1152.0833740234375,3.0,8.0,9.0,1.0,12-14 años,7.050194828169469,1,1,0,0
1,7.0,2.0,2.0,4.0,6.0,2.0,1152.0833740234375,1.0,8.0,9.0,1.0,6-11 años,7.050194828169469,1,1,0,0
1,13.0,2.0,2.0,4.0,6.0,2.0,1274.125,3.0,7.0,9.0,1.0,12-14 años,7.150799492002683,1,1,0,0
1,9.0,1.0,2.0,4.0,6.0,2.0,1274.125,1.0,7.0,9.0,1.0,6-11 años,7.150799492002683,1,1,0,0
1,14.0,2.0,2.0,4.0,6.0,2.0,757.75,3.0,7.0,9.0,1.0,12-14 años,6.631672342373708,1,1,0,0
1,13.0,2.0,2.0,4.0,6.0,2.0,757.75,3.0,7.0,9.0,1.0,12-14 años,6.631672342373708,1,1,0,0
1,11.0,2.0,2.0,4.0,2.0,1.0,300.0,1.0,5.0,5.0,1.0,6-11 años,5.707110264748875,1,1,0,0
1,7.0,2.0,2.0,4.0,6.0,1.0,3001.778076171875,1.0,8.0,5.0,1.0,6-11 años,8.007293164543873,1,1,0,0
1,10.0,1.0,2.0,4.0,6.0,2.0,1373.3333740234375,1.0,8.0,5.0,1.0,6-11 años,7.225724073645948,1,1,0,0
1,10.0,1.0,2.0,4.0,6.0,1.0,568.3333129882812,1.0,1.0,8.0,1.0,6-11 años,6.344466049945535,1,1,0,0
1,8.0,1.0,2.0,4.0,6.0,1.0,568.3333129882812,1.0,1.0,8.0,1.0,6-11 años,6.344466049945535,1,1,0,0
1,9.0,2.0,2.0,4.0,6.0,2.0,929.4443969726562,1.0,1.0,8.0,1.0,6-11 años,6.835662318222317,1,1,0,0
0,19.0,1.0,2.0,4.0,6.0,2.0,500.1666564941406,4.0,1.0,8.0,1.0,17-19 años,6.216938693462783,1,1,0,1
1,16.0,2.0,2.0,4.0,2.0,1.0,500.1666564941406,3.0,1.0,8.0,1.0,15-16 años,6.216938693462783,1,1,0,0
1,14.0,2.0,2.0,4.0,6.0,1.0,500.1666564941406,3.0,1.0,8.0,1.0,12-14 años,6.216938693462783,1,1,0,0
1,10.0,2.0,2.0,4.0,6.0,2.0,500.1666564941406,1.0,1.0,8.0,1.0,6-11 años,6.216938693462783,1,1,0,0
1,16.0,1.0,2.0,4.0,6.0,2.0,972.2222290039062,3.0,1.0,8.0,1.0,15-16 años,6.880612451795149,1,1,0,0
1,8.0,2.0,2.0,4.0,2.0,2.0,805.5556030273438,1.0,1.0,8.0,1.0,6-11 años,6.692772838806051,1,1,0,0
1,14.0,1.0,2.0,4.0,6.0,2.0,1044.2999267578125,3.0,7.0,5.0,1.0,12-14 años,6.952059134470557,1,1,0,0
1,7.0,1.0,2.0,4.0,6.0,2.0,1044.2999267578125,0.0,7.0,5.0,1.0,6-11 años,6.952059134470557,1,1,0,0
0,19.0,1.0,2.0,4.0,6.0,1.0,1461.375,4.0,7.0,5.0,1.0,17-19 años,7.287817105367766,1,1,0,1
1,15.0,1.0,2.0,4.0,6.0,1.0,570.0,3.0,5.0,7.0,1.0,15-16 años,6.3473892096560105,1,1,0,0
1,14.0,1.0,2.0,4.0,6.0,1.0,570.0,2.0,5.0,7.0,1.0,12-14 años,6.3473892096560105,1,1,0,0
0,18.0,2.0,2.0,4.0,6.0,1.0,1490.7333984375,3.0,5.0,7.0,1.0,17-19 años,7.307694077422886,1,1,0,1
1,9.0,1.0,2.0,4.0,6.0,2.0,1417.5533447265625,1.0,5.0,4.0,1.0,6-11 años,7.257392859975755,1,1,0,0
1,8.0,1.0,2.0,4.0,6.0,2.0,1417.5533447265625,1.0,5.0,4.0,1.0,6-11 años,7.257392859975755,1,1,0,0
1,11.0,1.0,2.0,4.0,6.0,1.0,436.1111145019531,1.0,5.0,7.0,1.0,6-11 años,6.080187429370176,1,1,0,0
1,11.0,2.0,2.0,4.0,6.0,2.0,391.5,1.0,7.0,7.0,1.0,6-11 años,5.972536537222463,1,1,0,0
1,9.0,2.0,2.0,4.0,6.0,1.0,391.5,1.0,7.0,7.0,1.0,6-11 años,5.972536537222463,1,1,0,0
1,18.0,1.0,2.0,4.0,2.0,1.0,294.7916564941406,3.0,1.0,7.0,1.0,17-19 años,5.6896553433005925,1,1,0,0
1,15.0,1.0,2.0,4.0,2.0,1.0,294.7916564941406,3.0,1.0,7.0,1.0,15-16 años,5.6896553433005925,1,1,0,0
1,16.0,2.0,2.0,4.0,6.0,1.0,704.1666870117188,3.0,7.0,8.0,1.0,15-16 años,6.558434210343421,1,1,0,0
1,12.0,1.0,2.0,4.0,6.0,1.0,704.1666870117188,1.0,7.0,8.0,1.0,12-14 años,6.558434210343421,1,1,0,0
1,6.0,2.0,2.0,4.0,6.0,2.0,704.1666870117188,0.0,7.0,8.0,1.0,6-11 años,6.558434210343421,1,1,0,0
1,12.0,1.0,2.0,4.0,2.0,2.0,443.2166748046875,2.0,7.0,7.0,1.0,12-14 años,6.096312449712731,1,1,0,0
1,9.0,2.0,2.0,4.0,6.0,2.0,443.2166748046875,1.0,7.0,7.0,1.0,6-11 años,6.096312449712731,1,1,0,0
1,7.0,2.0,2.0,4.0,6.0,2.0,1029.9000244140625,1.0,1.0,5.0,1.0,6-11 años,6.938187509784619,1,1,0,0
1,16.0,2.0,2.0,4.0,6.0,2.0,2108.333251953125,3.0,5.0,5.0,1.0,15-16 años,7.65412718219837,1,1,0,0
1,13.0,2.0,2.0,4.0,6.0,2.0,398.0,3.0,5.0,7.0,1.0,12-14 años,5.988961416889864,1,1,0,0
1,14.0,1.0,2.0,4.0,6.0,1.0,90.27777862548828,3.0,5.0,7.0,1.0,12-14 años,4.513907369428255,1,1,0,0
1,13.0,1.0,2.0,4.0,6.0,2.0,90.27777862548828,2.0,5.0,7.0,1.0,12-14 años,4.513907369428255,1,1,0,0
1,6.0,1.0,2.0,4.0,6.0,2.0,90.27777862548828,0.0,5.0,7.0,1.0,6-11 años,4.513907369428255,1,1,0,0
1,17.0,2.0,2.0,4.0,6.0,1.0,1528.3333740234375,3.0,8.0,7.0,1.0,17-19 años,7.332587216187584,1,1,0,0
1,11.0,2.0,2.0,4.0,6.0,1.0,1528.3333740234375,2.0,8.0,7.0,1.0,6-11 años,7.332587216187584,1,1,0,0
1,6.0,2.0,2.0,4.0,6.0,1.0,1528.3333740234375,0.0,8.0,7.0,1.0,6-11 años,7.332587216187584,1,1,0,0
1,16.0,1.0,2.0,4.0,6.0,1.0,233.24075317382812,3.0,1.0,8.0,1.0,15-16 años,5.456349446161511,1,1,0,0
1,14.0,2.0,2.0,4.0,6.0,1.0,233.24075317382812,3.0,1.0,8.0,1.0,12-14 años,5.456349446161511,1,1,0,0
1,11.0,2.0,2.0,4.0,6.0,1.0,233.24075317382812,1.0,1.0,8.0,1.0,6-11 años,5.456349446161511,1,1,0,0
1,7.0,2.0,2.0,4.0,6.0,1.0,233.24075317382812,1.0,1.0,8.0,1.0,6-11 años,5.456349446161511,1,1,0,0
1,6.0,2.0,2.0,4.0,6.0,2.0,395.8333435058594,0.0,5.0,7.0,1.0,6-11 años,5.98351640289306,1,1,0,0
1,9.0,2.0,2.0,4.0,6.0,2.0,104.16667175292969,1.0,1.0,7.0,1.0,6-11 años,4.655546441676989,1,1,0,0
1,6.0,2.0,2.0,4.0,6.0,2.0,104.16667175292969,0.0,1.0,7.0,1.0,6-11 años,4.655546441676989,1,1,0,0
1,12.0,2.0,2.0,4.0,6.0,2.0,208.33334350585938,2.0,5.0,7.0,1.0,12-14 años,5.343927926394957,1,1,0,0
1,13.0,1.0,2.0,4.0,6.0,2.0,4175.0,3.0,5.0,7.0,1.0,12-14 años,8.337109129562474,1,1,0,0
1,10.0,1.0,2.0,4.0,6.0,2.0,759.1666870117188,1.0,8.0,8.0,1.0,6-11 años,6.633537734247581,1,1,0,0
1,16.0,2.0,2.0,4.0,6.0,1.0,1966.0,3.0,8.0,8.0,1.0,15-16 años,7.584264818389059,1,1,0,0
1,12.0,2.0,2.0,4.0,6.0,2.0,1966.0,1.0,8.0,8.0,1.0,12-14 años,7.584264818389059,1,1,0,0
1,19.0,1.0,2.0,4.0,2.0,1.0,468.388916015625,3.0,8.0,8.0,1.0,17-19 años,6.151431670048281,1,1,0,0
1,16.0,1.0,2.0,4.0,2.0,2.0,468.388916015625,3.0,8.0,8.0,1.0,15-16 años,6.151431670048281,1,1,0,0
1,11.0,2.0,2.0,4.0,2.0,1.0,468.388916015625,1.0,8.0,8.0,1.0,6-11 años,6.151431670048281,1,1,0,0
0,9.0,2.0,2.0,4.0,2.0,2.0,468.388916015625,0.0,8.0,8.0,1.0,6-11 años,6.151431670048281,1,1,0,1
1,13.0,2.0,2.0,4.0,2.0,2.0,394.2222595214844,2.0,8.0,8.0,1.0,12-14 años,5.979448288987649,1,1,0,0
1,12.0,2.0,2.0,4.0,6.0,2.0,394.2222595214844,1.0,8.0,8.0,1.0,12-14 años,5.979448288987649,1,1,0,0
1,9.0,2.0,2.0,4.0,2.0,2.0,394.2222595214844,1.0,8.0,8.0,1.0,6-11 años,5.979448288987649,1,1,0,0
1,15.0,1.0,2.0,4.0,2.0,1.0,766.09521484375,3.0,5.0,8.0,1.0,15-16 años,6.642610932963458,1,1,0,0
1,13.0,2.0,2.0,4.0,6.0,2.0,766.09521484375,1.0,5.0,8.0,1.0,12-14 años,6.642610932963458,1,1,0,0
1,10.0,2.0,2.0,4.0,2.0,2.0,766.09521484375,1.0,5.0,8.0,1.0,6-11 años,6.642610932963458,1,1,0,0
1,8.0,2.0,2.0,4.0,2.0,2.0,766.09521484375,1.0,5.0,8.0,1.0,6-11 años,6.642610932963458,1,1,0,0
1,12.0,1.0,2.0,4.0,6.0,2.0,487.1666564941406,2.0,1.0,7.0,1.0,12-14 años,6.190656856761455,1,1,0,0
1,13.0,2.0,2.0,4.0,6.0,2.0,222.9166717529297,3.0,5.0,7.0,1.0,12-14 años,5.411273981542473,1,1,0,0
1,12.0,1.0,2.0,4.0,6.0,2.0,222.9166717529297,1.0,5.0,7.0,1.0,12-14 años,5.411273981542473,1,1,0,0
1,9.0,1.0,2.0,4.0,6.0,2.0,193.50001525878906,1.0,5.0,8.0,1.0,6-11 años,5.270432241509855,1,1,0,0
1,7.0,2.0,2.0,4.0,6.0,2.0,193.50001525878906,1.0,5.0,8.0,1.0,6-11 años,5.270432241509855,1,1,0,0
1,16.0,2.0,2.0,4.0,6.0,2.0,1067.1112060546875,3.0,5.0,8.0,1.0,15-16 años,6.973647139618825,1,1,0,0
1,7.0,1.0,2.0,4.0,6.0,2.0,1067.1112060546875,1.0,5.0,8.0,1.0,6-11 años,6.973647139618825,1,1,0,0
0,17.0,1.0,2.0,4.0,6.0,2.0,1067.0833740234375,4.0,5.0,8.0,1.0,17-19 años,6.973621082038199,1,1,0,1
1,10.0,2.0,2.0,4.0,6.0,1.0,582.0,1.0,5.0,8.0,1.0,6-11 años,6.368187186350492,1,1,0,0
1,8.0,2.0,2.0,4.0,6.0,1.0,582.0,1.0,5.0,8.0,1.0,6-11 años,6.368187186350492,1,1,0,0
1,10.0,1.0,2.0,4.0,6.0,1.0,236.6666717529297,1.0,5.0,8.0,1.0,6-11 años,5.470869153147012,1,1,0,0
1,11.0,1.0,2.0,4.0,6.0,1.0,1850.0,1.0,3.0,8.0,1.0,6-11 años,7.523481312573497,1,1,0,0
1,11.0,1.0,2.0,4.0,6.0,1.0,1850.0,1.0,3.0,8.0,1.0,6-11 años,7.523481312573497,1,1,0,0
1,13.0,2.0,2.0,4.0,6.0,2.0,1615.0,1.0,3.0,7.0,1.0,12-14 años,7.38770923908104,1,1,0,0
1,7.0,2.0,2.0,4.0,6.0,2.0,1615.0,0.0,3.0,7.0,1.0,6-11 años,7.38770923908104,1,1,0,0
1,11.0,1.0,2.0,4.0,6.0,1.0,3060.0,1.0,3.0,7.0,1.0,6-11 años,8.026496938945412,1,1,0,0
1,9.0,2.0,2.0,4.0,6.0,1.0,3060.0,1.0,3.0,7.0,1.0,6-11 años,8.026496938945412,1,1,0,0
1,8.0,1.0,2.0,4.0,6.0,1.0,3060.0,1.0,3.0,7.0,1.0,6-11 años,8.026496938945412,1,1,0,0
1,13.0,2.0,2.0,4.0,6.0,2.0,1440.0,3.0,3.0,2.0,1.0,12-14 años,7.273092595999522,1,1,1,0
1,11.0,2.0,2.0,4.0,6.0,2.0,1440.0,1.0,3.0,2.0,1.0,6-11 años,7.273092595999522,1,1,1,0
1,9.0,2.0,2.0,4.0,6.0,2.0,1366.6666259765625,1.0,3.0,7.0,1.0,6-11 años,7.220861374022598,1,1,0,0
1,13.0,1.0,2.0,4.0,6.0,2.0,2114.28564453125,1.0,3.0,7.0,1.0,12-14 años,7.656945138877026,1,1,0,0
1,11.0,1.0,2.0,4.0,6.0,2.0,2114.28564453125,1.0,3.0,7.0,1.0,6-11 años,7.656945138877026,1,1,0,0
1,8.0,2.0,2.0,4.0,6.0,2.0,2114.28564453125,1.0,3.0,7.0,1.0,6-11 años,7.656945138877026,1,1,0,0
1,6.0,2.0,2.0,4.0,6.0,2.0,2114.28564453125,0.0,3.0,7.0,1.0,6-11 años,7.656945138877026,1,1,0,0
1,10.0,1.0,2.0,4.0,6.0,2.0,743.3333740234375,1.0,3.0,7.0,1.0,6-11 años,6.612489017838555,1,1,0,0
1,9.0,2.0,2.0,4.0,6.0,2.0,743.3333740234375,1.0,3.0,7.0,1.0,6-11 años,6.612489017838555,1,1,0,0
1,11.0,1.0,2.0,4.0,6.0,2.0,1460.0,1.0,3.0,7.0,1.0,6-11 años,7.2868764117507,1,1,0,0
1,10.0,2.0,2.0,4.0,6.0,2.0,1460.0,1.0,3.0,7.0,1.0,6-11 años,7.2868764117507,1,1,0,0
1,6.0,1.0,2.0,4.0,6.0,2.0,1460.0,0.0,3.0,7.0,1.0,6-11 años,7.2868764117507,1,1,0,0
1,13.0,1.0,2.0,4.0,6.0,2.0,960.0,3.0,3.0,7.0,1.0,12-14 años,6.8679744089702925,1,1,0,0
1,10.0,2.0,2.0,4.0,6.0,2.0,960.0,1.0,3.0,7.0,1.0,6-11 años,6.8679744089702925,1,1,0,0
1,7.0,2.0,2.0,4.0,6.0,2.0,960.0,1.0,3.0,7.0,1.0,6-11 años,6.8679744089702925,1,1,0,0
1,14.0,2.0,1.0,5.0,27.0,2.0,646.1904907226562,3.0,1.0,1.0,1.0,12-14 años,6.472640672686179,0,1,1,0
1,13.0,1.0,1.0,5.0,27.0,2.0,646.1904907226562,2.0,1.0,1.0,1.0,12-14 años,6.472640672686179,0,1,1,0
1,11.0,1.0,1.0,5.0,6.0,2.0,646.1904907226562,1.0,1.0,1.0,1.0,6-11 años,6.472640672686179,0,1,1,0
1,9.0,1.0,1.0,5.0,27.0,2.0,646.1904907226562,1.0,1.0,1.0,1.0,6-11 años,6.472640672686179,0,1,1,0
1,7.0,2.0,1.0,5.0,27.0,2.0,1315.25,1.0,8.0,1.0,1.0,6-11 años,7.182542063448185,0,1,1,0
1,6.0,1.0,1.0,5.0,6.0,2.0,2290.75,0.0,5.0,1.0,1.0,6-11 años,7.737070996841885,0,1,1,0
0,17.0,1.0,1.0,5.0,6.0,1.0,1750.5369873046875,3.0,8.0,1.0,1.0,17-19 años,7.468248959916533,0,1,1,1
1,15.0,1.0,1.0,5.0,6.0,1.0,1750.5369873046875,2.0,8.0,1.0,1.0,15-16 años,7.468248959916533,0,1,1,0
1,10.0,1.0,1.0,5.0,6.0,1.0,1750.5369873046875,1.0,8.0,1.0,1.0,6-11 años,7.468248959916533,0,1,1,0
0,16.0,2.0,1.0,5.0,6.0,1.0,1750.5369873046875,3.0,8.0,1.0,1.0,15-16 años,7.468248959916533,0,1,1,1
1,14.0,1.0,1.0,5.0,6.0,1.0,1315.0,3.0,8.0,1.0,1.0,12-14 años,7.182352111885263,0,1,1,0
1,12.0,1.0,1.0,5.0,6.0,1.0,1315.0,2.0,8.0,1.0,1.0,12-14 años,7.182352111885263,0,1,1,0
1,10.0,2.0,1.0,5.0,6.0,2.0,709.5,1.0,5.0,2.0,1.0,6-11 años,6.565968947537155,0,1,1,0
0,19.0,1.0,1.0,5.0,27.0,1.0,4414.45458984375,3.0,5.0,2.0,1.0,17-19 años,8.392866072594565,0,1,1,1
1,17.0,2.0,1.0,5.0,27.0,1.0,4414.45458984375,3.0,5.0,2.0,1.0,17-19 años,8.392866072594565,0,1,1,0
1,14.0,1.0,1.0,5.0,6.0,2.0,4414.45458984375,3.0,5.0,2.0,1.0,12-14 años,8.392866072594565,0,1,1,0
1,12.0,2.0,1.0,5.0,6.0,2.0,4414.45458984375,1.0,5.0,2.0,1.0,12-14 años,8.392866072594565,0,1,1,0
1,19.0,2.0,1.0,5.0,6.0,2.0,2329.738037109375,3.0,5.0,1.0,1.0,17-19 años,7.753940250527945,0,1,1,0
1,16.0,2.0,1.0,5.0,6.0,2.0,2329.738037109375,3.0,5.0,1.0,1.0,15-16 años,7.753940250527945,0,1,1,0
1,11.0,2.0,1.0,5.0,6.0,2.0,2329.738037109375,1.0,5.0,1.0,1.0,6-11 años,7.753940250527945,0,1,1,0
1,9.0,2.0,1.0,5.0,6.0,2.0,2329.738037109375,1.0,5.0,1.0,1.0,6-11 años,7.753940250527945,0,1,1,0
0,19.0,1.0,1.0,5.0,6.0,2.0,2329.738037109375,4.0,5.0,1.0,1.0,17-19 años,7.753940250527945,0,1,1,1
1,19.0,2.0,1.0,5.0,6.0,1.0,1564.927734375,4.0,5.0,1.0,1.0,17-19 años,7.356233728854415,0,1,1,0
1,16.0,1.0,1.0,5.0,6.0,1.0,1564.927734375,3.0,5.0,1.0,1.0,15-16 años,7.356233728854415,0,1,1,0
1,7.0,1.0,1.0,5.0,6.0,1.0,1564.927734375,1.0,5.0,1.0,1.0,6-11 años,7.356233728854415,0,1,1,0
1,13.0,1.0,1.0,5.0,6.0,2.0,1791.85546875,2.0,5.0,1.0,1.0,12-14 años,7.49156486173924,0,1,1,0
1,6.0,1.0,1.0,5.0,6.0,2.0,945.2083129882812,0.0,8.0,1.0,1.0,6-11 años,6.852462748815061,0,1,1,0
1,11.0,2.0,1.0,5.0,6.0,2.0,973.0,1.0,8.0,1.0,1.0,6-11 años,6.881411303642535,0,1,1,0
1,18.0,2.0,1.0,5.0,6.0,2.0,714.6666259765625,3.0,6.0,2.0,1.0,17-19 años,6.573214452354446,0,1,1,0
0,17.0,1.0,1.0,5.0,6.0,2.0,714.6666259765625,3.0,6.0,2.0,1.0,17-19 años,6.573214452354446,0,1,1,1
1,13.0,2.0,1.0,5.0,6.0,2.0,714.6666259765625,1.0,6.0,2.0,1.0,12-14 años,6.573214452354446,0,1,1,0
1,9.0,1.0,1.0,5.0,6.0,2.0,1412.2667236328125,1.0,5.0,2.0,1.0,6-11 años,7.253659128942179,0,1,1,0
1,17.0,1.0,1.0,5.0,6.0,2.0,1387.0833740234375,3.0,5.0,2.0,1.0,17-19 años,7.235679207002984,0,1,1,0
1,15.0,2.0,1.0,5.0,6.0,2.0,2765.583251953125,3.0,8.0,1.0,1.0,15-16 años,7.9253683547656015,0,1,1,0
1,16.0,2.0,1.0,5.0,6.0,2.0,2550.0,3.0,8.0,1.0,1.0,15-16 años,7.844240718141811,0,1,1,0
1,13.0,1.0,1.0,5.0,6.0,2.0,1748.2291259765625,2.0,8.0,1.0,1.0,12-14 años,7.466930470427215,0,1,1,0
1,13.0,2.0,1.0,5.0,6.0,2.0,1499.7916259765625,3.0,5.0,1.0,1.0,12-14 años,7.313747998529945,0,1,1,0
1,12.0,1.0,1.0,5.0,6.0,2.0,1499.7916259765625,2.0,5.0,1.0,1.0,12-14 años,7.313747998529945,0,1,1,0
1,6.0,1.0,1.0,5.0,6.0,2.0,1499.7916259765625,0.0,5.0,1.0,1.0,6-11 años,7.313747998529945,0,1,1,0
1,17.0,2.0,1.0,5.0,6.0,1.0,754.870849609375,3.0,8.0,1.0,1.0,17-19 años,6.627870527735736,0,1,1,0
1,15.0,2.0,1.0,5.0,6.0,1.0,754.870849609375,3.0,8.0,1.0,1.0,15-16 años,6.627870527735736,0,1,1,0
1,8.0,2.0,1.0,5.0,6.0,2.0,521.125,1.0,5.0,2.0,1.0,6-11 años,6.2579070228173395,0,1,1,0
1,13.0,2.0,1.0,5.0,6.0,2.0,1858.8890380859375,3.0,5.0,1.0,1.0,12-14 años,7.528272107984656,0,1,1,0
1,10.0,2.0,1.0,5.0,6.0,2.0,1858.8890380859375,1.0,5.0,1.0,1.0,6-11 años,7.528272107984656,0,1,1,0
1,8.0,2.0,1.0,5.0,6.0,2.0,1858.8890380859375,1.0,5.0,1.0,1.0,6-11 años,7.528272107984656,0,1,1,0
1,10.0,2.0,1.0,5.0,6.0,2.0,950.0,1.0,8.0,1.0,1.0,6-11 años,6.85751406254539,0,1,1,0
1,6.0,1.0,1.0,5.0,6.0,2.0,950.0,0.0,8.0,1.0,1.0,6-11 años,6.85751406254539,0,1,1,0
1,7.0,2.0,1.0,5.0,6.0,2.0,1770.833251953125,1.0,8.0,1.0,1.0,6-11 años,7.479770025130604,0,1,1,0
1,8.0,2.0,1.0,5.0,6.0,2.0,595.8333740234375,1.0,8.0,2.0,1.0,6-11 años,6.391637968947037,0,1,1,0
1,6.0,2.0,1.0,5.0,6.0,2.0,595.8333740234375,0.0,8.0,2.0,1.0,6-11 años,6.391637968947037,0,1,1,0
1,12.0,2.0,1.0,5.0,6.0,2.0,595.8333740234375,1.0,8.0,2.0,1.0,12-14 años,6.391637968947037,0,1,1,0
1,18.0,2.0,1.0,5.0,6.0,2.0,1729.642822265625,3.0,6.0,2.0,1.0,17-19 años,7.456248192039409,0,1,1,0
1,11.0,2.0,1.0,5.0,6.0,2.0,1729.642822265625,1.0,6.0,2.0,1.0,6-11 años,7.456248192039409,0,1,1,0
1,7.0,1.0,1.0,5.0,6.0,2.0,1729.642822265625,0.0,6.0,2.0,1.0,6-11 años,7.456248192039409,0,1,1,0
1,15.0,1.0,1.0,5.0,6.0,2.0,1941.3668212890625,3.0,5.0,2.0,1.0,15-16 años,7.571662519422475,0,1,1,0
1,12.0,2.0,1.0,5.0,6.0,2.0,1941.3668212890625,1.0,5.0,2.0,1.0,12-14 años,7.571662519422475,0,1,1,0
1,6.0,1.0,1.0,5.0,6.0,2.0,1053.199951171875,0.0,5.0,1.0,1.0,6-11 años,6.9605374181034,0,1,1,0
1,11.0,2.0,1.0,5.0,6.0,2.0,2835.324951171875,1.0,8.0,1.0,1.0,6-11 años,7.950264461896275,0,1,1,0
1,7.0,1.0,1.0,5.0,6.0,2.0,2835.324951171875,1.0,8.0,1.0,1.0,6-11 años,7.950264461896275,0,1,1,0
1,10.0,2.0,1.0,5.0,6.0,2.0,980.5,1.0,5.0,1.0,1.0,6-11 años,6.889082013716516,0,1,1,0
1,18.0,2.0,1.0,5.0,6.0,1.0,437.1875,3.0,8.0,1.0,1.0,17-19 años,6.082646900967187,0,1,1,0
0,17.0,2.0,1.0,5.0,6.0,1.0,437.1875,3.0,8.0,1.0,1.0,17-19 años,6.082646900967187,0,1,1,1
1,14.0,1.0,1.0,5.0,6.0,1.0,437.1875,3.0,8.0,1.0,1.0,12-14 años,6.082646900967187,0,1,1,0
1,11.0,1.0,1.0,5.0,6.0,1.0,437.1875,1.0,8.0,1.0,1.0,6-11 años,6.082646900967187,0,1,1,0
1,9.0,1.0,1.0,5.0,6.0,1.0,437.1875,1.0,8.0,1.0,1.0,6-11 años,6.082646900967187,0,1,1,0
1,6.0,2.0,1.0,5.0,6.0,1.0,437.1875,0.0,8.0,1.0,1.0,6-11 años,6.082646900967187,0,1,1,0
1,16.0,1.0,1.0,5.0,6.0,1.0,1982.1666259765625,3.0,5.0,1.0,1.0,15-16 años,7.592450152209355,0,1,1,0
1,14.0,2.0,1.0,5.0,6.0,2.0,148.0,2.0,5.0,1.0,1.0,12-14 años,5.003946305945459,0,1,1,0
1,11.0,2.0,1.0,5.0,6.0,2.0,148.0,1.0,5.0,1.0,1.0,6-11 años,5.003946305945459,0,1,1,0
1,12.0,2.0,1.0,5.0,6.0,1.0,138.2916717529297,2.0,5.0,2.0,1.0,12-14 años,4.936570092587352,0,1,1,0
1,9.0,1.0,1.0,5.0,6.0,2.0,138.2916717529297,1.0,5.0,2.0,1.0,6-11 años,4.936570092587352,0,1,1,0
1,8.0,2.0,1.0,5.0,6.0,1.0,320.1944274902344,1.0,5.0,2.0,1.0,6-11 años,5.772046632887971,0,1,1,0
1,6.0,2.0,1.0,5.0,6.0,2.0,320.1944274902344,0.0,5.0,2.0,1.0,6-11 años,5.772046632887971,0,1,1,0
1,18.0,2.0,1.0,5.0,6.0,2.0,1998.699951171875,3.0,5.0,2.0,1.0,17-19 años,7.600752423873232,0,1,1,0
1,16.0,1.0,1.0,5.0,6.0,2.0,1998.699951171875,3.0,5.0,2.0,1.0,15-16 años,7.600752423873232,0,1,1,0
1,14.0,2.0,1.0,5.0,6.0,2.0,2741.25,2.0,5.0,2.0,1.0,12-14 años,7.9165340302914435,0,1,1,0
1,19.0,2.0,1.0,5.0,6.0,2.0,694.4444580078125,3.0,5.0,1.0,1.0,17-19 años,6.544551149091648,0,1,1,0
1,17.0,2.0,1.0,5.0,6.0,2.0,694.4444580078125,3.0,5.0,1.0,1.0,17-19 años,6.544551149091648,0,1,1,0
1,11.0,2.0,1.0,5.0,6.0,2.0,694.4444580078125,1.0,5.0,1.0,1.0,6-11 años,6.544551149091648,0,1,1,0
1,9.0,2.0,1.0,5.0,6.0,2.0,694.4444580078125,1.0,5.0,1.0,1.0,6-11 años,6.544551149091648,0,1,1,0
1,8.0,1.0,1.0,5.0,6.0,2.0,694.4444580078125,1.0,5.0,1.0,1.0,6-11 años,6.544551149091648,0,1,1,0
1,13.0,2.0,1.0,5.0,6.0,2.0,1437.25,3.0,5.0,1.0,1.0,12-14 años,7.271182375743403,0,1,1,0
1,11.0,2.0,1.0,5.0,6.0,2.0,1437.25,1.0,5.0,1.0,1.0,6-11 años,7.271182375743403,0,1,1,0
1,11.0,1.0,1.0,5.0,6.0,2.0,622.0499877929688,1.0,5.0,1.0,1.0,6-11 años,6.434626752796498,0,1,1,0
1,7.0,2.0,1.0,5.0,6.0,2.0,622.0499877929688,1.0,5.0,1.0,1.0,6-11 años,6.434626752796498,0,1,1,0
0,17.0,2.0,1.0,5.0,6.0,1.0,162.2291717529297,3.0,8.0,1.0,1.0,17-19 años,5.095155175042488,0,1,1,1
1,16.0,1.0,1.0,5.0,6.0,1.0,162.2291717529297,3.0,8.0,1.0,1.0,15-16 años,5.095155175042488,0,1,1,0
1,15.0,2.0,1.0,5.0,6.0,1.0,162.2291717529297,3.0,8.0,1.0,1.0,15-16 años,5.095155175042488,0,1,1,0
1,10.0,1.0,1.0,5.0,6.0,1.0,162.2291717529297,1.0,8.0,1.0,1.0,6-11 años,5.095155175042488,0,1,1,0
1,8.0,1.0,1.0,5.0,6.0,1.0,162.2291717529297,1.0,8.0,1.0,1.0,6-11 años,5.095155175042488,0,1,1,0
1,6.0,2.0,1.0,5.0,6.0,2.0,1100.2083740234375,0.0,8.0,1.0,1.0,6-11 años,7.004163377692351,0,1,1,0
1,12.0,1.0,1.0,5.0,6.0,2.0,1713.8472900390625,2.0,8.0,2.0,1.0,12-14 años,7.447079311926412,0,1,1,0
1,10.0,1.0,1.0,5.0,6.0,2.0,1713.8472900390625,1.0,8.0,2.0,1.0,6-11 años,7.447079311926412,0,1,1,0
1,7.0,2.0,1.0,5.0,6.0,2.0,791.6666870117188,1.0,8.0,2.0,1.0,6-11 años,6.6754028142492094,0,1,1,0
1,6.0,2.0,1.0,5.0,6.0,2.0,791.6666870117188,0.0,8.0,2.0,1.0,6-11 años,6.6754028142492094,0,1,1,0
1,6.0,1.0,1.0,5.0,6.0,2.0,2610.888916015625,0.0,5.0,2.0,1.0,6-11 años,7.8678289611671675,0,1,1,0
1,19.0,2.0,1.0,5.0,6.0,2.0,2863.426513671875,4.0,5.0,2.0,1.0,17-19 años,7.960123439364166,0,1,1,0
1,11.0,2.0,1.0,5.0,6.0,2.0,2408.2666015625,1.0,5.0,2.0,1.0,6-11 años,7.787077665467228,0,1,1,0
1,10.0,2.0,1.0,5.0,6.0,2.0,941.5,1.0,8.0,1.0,1.0,6-11 años,6.848535919322166,0,1,1,0
1,19.0,1.0,1.0,5.0,6.0,2.0,714.4500122070312,5.0,5.0,2.0,1.0,17-19 años,6.572911732414776,0,1,1,0
1,17.0,2.0,1.0,5.0,6.0,2.0,714.4500122070312,3.0,5.0,2.0,1.0,17-19 años,6.572911732414776,0,1,1,0
1,15.0,2.0,1.0,5.0,6.0,2.0,714.4500122070312,3.0,5.0,2.0,1.0,15-16 años,6.572911732414776,0,1,1,0
1,16.0,1.0,1.0,5.0,6.0,2.0,4653.95849609375,3.0,2.0,1.0,1.0,15-16 años,8.445688273687264,0,1,1,0
1,17.0,1.0,1.0,5.0,6.0,2.0,2367.066650390625,3.0,8.0,1.0,1.0,17-19 años,7.769829141887622,0,1,1,0
1,11.0,1.0,1.0,5.0,6.0,2.0,1569.166748046875,1.0,8.0,1.0,1.0,6-11 años,7.358937101649637,0,1,1,0
1,9.0,1.0,1.0,5.0,6.0,2.0,1569.166748046875,1.0,8.0,1.0,1.0,6-11 años,7.358937101649637,0,1,1,0
1,19.0,1.0,1.0,5.0,6.0,2.0,1458.606689453125,3.0,8.0,2.0,1.0,17-19 años,7.2859222876246355,0,1,1,0
1,15.0,1.0,1.0,5.0,6.0,2.0,1458.606689453125,3.0,8.0,2.0,1.0,15-16 años,7.2859222876246355,0,1,1,0
1,13.0,1.0,1.0,5.0,6.0,2.0,1458.606689453125,3.0,8.0,2.0,1.0,12-14 años,7.2859222876246355,0,1,1,0
1,12.0,1.0,1.0,5.0,6.0,2.0,1458.606689453125,2.0,8.0,2.0,1.0,12-14 años,7.2859222876246355,0,1,1,0
1,16.0,1.0,1.0,5.0,6.0,2.0,2185.0,3.0,8.0,1.0,1.0,15-16 años,7.689828668736484,0,1,1,0
1,13.0,2.0,1.0,5.0,6.0,2.0,2185.0,3.0,8.0,1.0,1.0,12-14 años,7.689828668736484,0,1,1,0
1,11.0,1.0,1.0,5.0,6.0,2.0,2185.0,1.0,8.0,1.0,1.0,6-11 años,7.689828668736484,0,1,1,0
1,19.0,2.0,1.0,5.0,6.0,2.0,608.6666259765625,4.0,5.0,1.0,1.0,17-19 años,6.412912292981194,0,1,1,0
1,6.0,1.0,1.0,5.0,6.0,2.0,608.6666259765625,0.0,5.0,1.0,1.0,6-11 años,6.412912292981194,0,1,1,0
1,12.0,1.0,1.0,5.0,6.0,2.0,3185.0,2.0,5.0,1.0,1.0,12-14 años,8.066521490469993,0,1,1,0
1,8.0,2.0,1.0,5.0,6.0,2.0,3574.0,1.0,8.0,1.0,1.0,6-11 años,8.181720455128108,0,1,1,0
1,6.0,2.0,1.0,5.0,6.0,1.0,1346.6666259765625,0.0,8.0,1.0,1.0,6-11 años,7.2061299507796575,0,1,1,0
1,14.0,2.0,1.0,5.0,6.0,2.0,7909.0,3.0,8.0,1.0,1.0,12-14 años,8.9758830607617,0,1,1,0
1,9.0,1.0,1.0,5.0,6.0,2.0,8183.7001953125,1.0,8.0,1.0,1.0,6-11 años,9.010021860583691,0,1,1,0
1,16.0,1.0,1.0,5.0,6.0,2.0,1392.313232421875,3.0,5.0,1.0,1.0,15-16 años,7.239439810255152,0,1,1,0
1,10.0,1.0,1.0,5.0,6.0,2.0,1098.739990234375,1.0,8.0,1.0,1.0,6-11 años,7.002829058331872,0,1,1,0
1,7.0,2.0,1.0,5.0,6.0,2.0,1098.739990234375,0.0,8.0,1.0,1.0,6-11 años,7.002829058331872,0,1,1,0
1,6.0,1.0,1.0,5.0,6.0,2.0,2347.222412109375,0.0,8.0,1.0,1.0,6-11 años,7.761413900528971,0,1,1,0
1,7.0,1.0,1.0,5.0,6.0,1.0,1307.4749755859375,0.0,5.0,1.0,1.0,6-11 años,7.176617597282883,0,1,1,0
1,19.0,2.0,1.0,5.0,6.0,2.0,1214.1666259765625,5.0,8.0,1.0,1.0,17-19 años,7.102636487093171,0,1,1,0
1,10.0,1.0,1.0,5.0,6.0,2.0,1214.1666259765625,1.0,8.0,1.0,1.0,6-11 años,7.102636487093171,0,1,1,0
1,17.0,1.0,1.0,5.0,6.0,2.0,5157.1044921875,3.0,6.0,1.0,1.0,17-19 años,8.548324444512073,0,1,1,0
1,15.0,2.0,1.0,5.0,6.0,2.0,5157.1044921875,3.0,6.0,1.0,1.0,15-16 años,8.548324444512073,0,1,1,0
1,16.0,1.0,1.0,5.0,6.0,2.0,1118.6666259765625,3.0,5.0,2.0,1.0,15-16 años,7.020786264602917,0,1,1,0
1,18.0,1.0,1.0,5.0,6.0,2.0,3721.35009765625,4.0,8.0,1.0,1.0,17-19 años,8.222110494481049,0,1,1,0
1,16.0,1.0,1.0,5.0,6.0,2.0,3721.35009765625,3.0,8.0,1.0,1.0,15-16 años,8.222110494481049,0,1,1,0
1,13.0,1.0,1.0,5.0,6.0,2.0,3721.35009765625,3.0,8.0,1.0,1.0,12-14 años,8.222110494481049,0,1,1,0
1,7.0,2.0,1.0,5.0,6.0,2.0,9296.4443359375,1.0,8.0,2.0,1.0,6-11 años,9.137494838788832,0,1,1,0
1,11.0,1.0,1.0,5.0,6.0,2.0,2915.222412109375,1.0,8.0,2.0,1.0,6-11 años,7.978044363234099,0,1,1,0
1,16.0,2.0,1.0,5.0,6.0,2.0,2500.0,3.0,8.0,1.0,1.0,15-16 años,7.824445930877619,0,1,1,0
1,19.0,1.0,1.0,5.0,6.0,2.0,1211.506591796875,4.0,8.0,1.0,1.0,17-19 años,7.100445059330365,0,1,1,0
1,14.0,2.0,1.0,5.0,6.0,2.0,1211.506591796875,3.0,8.0,1.0,1.0,12-14 años,7.100445059330365,0,1,1,0
1,13.0,1.0,1.0,5.0,6.0,2.0,1211.506591796875,2.0,8.0,1.0,1.0,12-14 años,7.100445059330365,0,1,1,0
1,6.0,2.0,1.0,5.0,6.0,2.0,1514.4000244140625,0.0,5.0,2.0,1.0,6-11 años,7.323434725607912,0,1,1,0
1,18.0,1.0,1.0,5.0,6.0,2.0,634.3944091796875,3.0,5.0,1.0,1.0,17-19 años,6.454245922897882,0,1,1,0
1,18.0,2.0,1.0,5.0,6.0,2.0,634.3944091796875,3.0,5.0,1.0,1.0,17-19 años,6.454245922897882,0,1,1,0
1,13.0,1.0,1.0,5.0,6.0,2.0,634.3944091796875,3.0,5.0,1.0,1.0,12-14 años,6.454245922897882,0,1,1,0
1,13.0,1.0,1.0,5.0,6.0,2.0,634.3944091796875,3.0,5.0,1.0,1.0,12-14 años,6.454245922897882,0,1,1,0
1,14.0,2.0,1.0,5.0,6.0,2.0,1290.0,3.0,5.0,1.0,1.0,12-14 años,7.1631723908466425,0,1,1,0
1,18.0,2.0,1.0,5.0,6.0,2.0,3133.333251953125,4.0,8.0,2.0,1.0,17-19 años,8.050171751644847,0,1,1,0
1,13.0,2.0,1.0,5.0,6.0,2.0,1941.6666259765625,2.0,8.0,1.0,1.0,12-14 años,7.571816857701496,0,1,1,0
1,10.0,1.0,1.0,5.0,6.0,2.0,2585.33349609375,1.0,8.0,2.0,1.0,6-11 años,7.857996513156789,0,1,1,0
1,13.0,1.0,1.0,5.0,6.0,1.0,813.7933349609375,3.0,5.0,2.0,1.0,12-14 años,6.7029345043498,0,1,1,0
1,7.0,2.0,1.0,5.0,6.0,1.0,813.7933349609375,1.0,5.0,2.0,1.0,6-11 años,6.7029345043498,0,1,1,0
1,14.0,2.0,1.0,5.0,6.0,2.0,1131.4610595703125,3.0,8.0,1.0,1.0,12-14 años,7.032148472280654,0,1,1,0
1,7.0,2.0,1.0,5.0,6.0,2.0,1131.4610595703125,1.0,8.0,1.0,1.0,6-11 años,7.032148472280654,0,1,1,0
1,17.0,2.0,1.0,5.0,6.0,2.0,2082.833251953125,3.0,3.0,1.0,1.0,17-19 años,7.641964386213816,0,1,1,0
1,6.0,2.0,1.0,5.0,6.0,2.0,2082.833251953125,0.0,3.0,1.0,1.0,6-11 años,7.641964386213816,0,1,1,0
1,16.0,1.0,1.0,5.0,6.0,2.0,646.0,3.0,5.0,1.0,1.0,15-16 años,6.472346294500901,0,1,1,0
1,10.0,1.0,1.0,5.0,6.0,2.0,646.0,1.0,5.0,1.0,1.0,6-11 años,6.472346294500901,0,1,1,0
1,8.0,1.0,1.0,5.0,6.0,2.0,646.0,1.0,5.0,1.0,1.0,6-11 años,6.472346294500901,0,1,1,0
1,19.0,2.0,1.0,5.0,6.0,2.0,3197.546630859375,4.0,3.0,1.0,1.0,17-19 años,8.070451807761371,0,1,1,0
1,6.0,1.0,1.0,5.0,6.0,1.0,3150.583251953125,0.0,5.0,1.0,1.0,6-11 años,8.055660225216382,0,1,1,0
1,8.0,1.0,1.0,5.0,6.0,2.0,1950.0,1.0,8.0,1.0,1.0,6-11 años,7.576097340623111,0,1,1,0
1,10.0,1.0,1.0,5.0,6.0,2.0,740.8333129882812,1.0,5.0,1.0,1.0,6-11 años,6.609124572362431,0,1,1,0
1,10.0,2.0,1.0,5.0,6.0,2.0,753.861083984375,1.0,5.0,1.0,1.0,6-11 años,6.626533737597237,0,1,1,0
1,6.0,2.0,1.0,5.0,6.0,2.0,753.861083984375,0.0,5.0,1.0,1.0,6-11 años,6.626533737597237,0,1,1,0
1,8.0,1.0,1.0,5.0,6.0,2.0,1864.119873046875,1.0,8.0,1.0,1.0,6-11 años,7.531080605104519,0,1,1,0
1,17.0,2.0,1.0,5.0,6.0,2.0,688.888916015625,3.0,8.0,1.0,1.0,17-19 años,6.536530593349115,0,1,1,0
1,9.0,2.0,1.0,5.0,6.0,2.0,958.3333129882812,1.0,5.0,1.0,1.0,6-11 años,6.866238577571713,0,1,1,0
1,10.0,2.0,1.0,5.0,6.0,2.0,546.2666625976562,1.0,5.0,1.0,1.0,6-11 años,6.304936183810905,0,1,1,0
1,16.0,2.0,1.0,5.0,6.0,2.0,546.2666625976562,3.0,5.0,1.0,1.0,15-16 años,6.304936183810905,0,1,1,0
1,12.0,2.0,1.0,5.0,6.0,2.0,631.5,1.0,8.0,1.0,1.0,12-14 años,6.4496802206016755,0,1,1,0
1,10.0,2.0,1.0,5.0,6.0,2.0,631.5,1.0,8.0,1.0,1.0,6-11 años,6.4496802206016755,0,1,1,0
1,7.0,1.0,1.0,5.0,6.0,2.0,1727.7110595703125,1.0,5.0,1.0,1.0,6-11 años,7.455131357530948,0,1,1,0
1,14.0,2.0,1.0,5.0,6.0,2.0,827.75,3.0,8.0,1.0,1.0,12-14 años,6.719918541500072,0,1,1,0
1,9.0,2.0,1.0,5.0,6.0,2.0,851.443359375,1.0,8.0,2.0,1.0,6-11 años,6.74810676633456,0,1,1,0
1,11.0,1.0,1.0,5.0,6.0,2.0,1472.7777099609375,1.0,8.0,1.0,1.0,6-11 años,7.295584254023208,0,1,1,0
1,7.0,1.0,1.0,5.0,6.0,2.0,1472.7777099609375,0.0,8.0,1.0,1.0,6-11 años,7.295584254023208,0,1,1,0
1,17.0,2.0,1.0,5.0,6.0,2.0,4082.541748046875,3.0,8.0,1.0,1.0,17-19 años,8.31471996634026,0,1,1,0
1,11.0,1.0,1.0,5.0,6.0,2.0,4082.541748046875,1.0,8.0,1.0,1.0,6-11 años,8.31471996634026,0,1,1,0
1,11.0,1.0,1.0,5.0,6.0,2.0,3505.555419921875,1.0,3.0,1.0,1.0,6-11 años,8.162389472763483,0,1,1,0
1,18.0,1.0,1.0,5.0,6.0,2.0,3747.778076171875,3.0,8.0,1.0,1.0,17-19 años,8.229185219510832,0,1,1,0
1,9.0,1.0,1.0,5.0,6.0,2.0,618.7000122070312,1.0,8.0,1.0,1.0,6-11 años,6.429235509666353,0,1,1,0
1,16.0,2.0,1.0,5.0,6.0,2.0,706.9600219726562,3.0,8.0,1.0,1.0,15-16 años,6.562387625959131,0,1,1,0
1,14.0,2.0,1.0,5.0,6.0,2.0,706.9600219726562,3.0,8.0,1.0,1.0,12-14 años,6.562387625959131,0,1,1,0
1,18.0,1.0,1.0,5.0,6.0,1.0,1808.619873046875,4.0,8.0,1.0,1.0,17-19 años,7.500872087312427,0,1,1,0
1,14.0,1.0,1.0,5.0,6.0,1.0,1808.619873046875,2.0,8.0,1.0,1.0,12-14 años,7.500872087312427,0,1,1,0
1,18.0,2.0,1.0,5.0,6.0,2.0,1000.0,4.0,8.0,1.0,1.0,17-19 años,6.90875477931522,0,1,1,0
1,12.0,1.0,1.0,5.0,6.0,2.0,1631.6666259765625,2.0,8.0,1.0,1.0,12-14 años,7.397969923921522,0,1,1,0
1,13.0,2.0,1.0,5.0,6.0,2.0,3943.333251953125,2.0,3.0,1.0,1.0,12-14 años,8.280035208084266,0,1,1,0
1,17.0,2.0,1.0,5.0,6.0,2.0,750.0,3.0,8.0,1.0,1.0,17-19 años,6.621405651764134,0,1,1,0
1,16.0,1.0,1.0,5.0,6.0,2.0,750.0,3.0,8.0,1.0,1.0,15-16 años,6.621405651764134,0,1,1,0
1,10.0,1.0,1.0,5.0,6.0,2.0,750.0,1.0,8.0,1.0,1.0,6-11 años,6.621405651764134,0,1,1,0
1,7.0,2.0,1.0,5.0,6.0,2.0,1589.840087890625,0.0,5.0,1.0,1.0,6-11 años,7.372017512846692,0,1,1,0
1,7.0,1.0,1.0,5.0,6.0,2.0,1589.840087890625,1.0,5.0,1.0,1.0,6-11 años,7.372017512846692,0,1,1,0
1,14.0,1.0,1.0,5.0,6.0,1.0,860.4166870117188,3.0,5.0,1.0,1.0,12-14 años,6.758578344398615,0,1,1,0
1,11.0,2.0,1.0,5.0,6.0,1.0,860.4166870117188,1.0,5.0,1.0,1.0,6-11 años,6.758578344398615,0,1,1,0
1,13.0,2.0,1.0,5.0,6.0,2.0,1329.449951171875,3.0,5.0,1.0,1.0,12-14 años,7.1932724731539475,0,1,1,0
1,19.0,2.0,1.0,5.0,6.0,1.0,2108.738037109375,5.0,5.0,1.0,1.0,17-19 años,7.6543190657337545,0,1,1,0
1,15.0,1.0,1.0,5.0,6.0,2.0,2108.738037109375,3.0,5.0,1.0,1.0,15-16 años,7.6543190657337545,0,1,1,0
1,13.0,1.0,1.0,5.0,6.0,2.0,2108.738037109375,2.0,5.0,1.0,1.0,12-14 años,7.6543190657337545,0,1,1,0
1,7.0,1.0,1.0,5.0,6.0,2.0,2108.738037109375,1.0,5.0,1.0,1.0,6-11 años,7.6543190657337545,0,1,1,0
1,18.0,2.0,1.0,5.0,6.0,1.0,1233.0833740234375,4.0,5.0,1.0,1.0,17-19 años,7.118083766221428,0,1,1,0
1,16.0,2.0,1.0,5.0,6.0,1.0,1233.0833740234375,3.0,5.0,1.0,1.0,15-16 años,7.118083766221428,0,1,1,0
1,12.0,1.0,1.0,5.0,6.0,1.0,1233.0833740234375,2.0,5.0,1.0,1.0,12-14 años,7.118083766221428,0,1,1,0
1,11.0,2.0,1.0,5.0,6.0,1.0,1233.0833740234375,1.0,5.0,1.0,1.0,6-11 años,7.118083766221428,0,1,1,0
1,15.0,1.0,1.0,5.0,6.0,1.0,3201.10009765625,3.0,5.0,1.0,1.0,15-16 años,8.07156215404751,0,1,1,0
1,16.0,1.0,1.0,5.0,6.0,1.0,1372.6041259765625,3.0,5.0,1.0,1.0,15-16 años,7.225193313347364,0,1,1,0
1,14.0,1.0,1.0,5.0,6.0,1.0,1372.6041259765625,3.0,5.0,1.0,1.0,12-14 años,7.225193313347364,0,1,1,0
1,12.0,2.0,1.0,5.0,6.0,1.0,1372.6041259765625,1.0,5.0,1.0,1.0,12-14 años,7.225193313347364,0,1,1,0
1,10.0,2.0,1.0,5.0,27.0,1.0,1372.6041259765625,1.0,5.0,1.0,1.0,6-11 años,7.225193313347364,0,1,1,0
1,7.0,1.0,1.0,5.0,27.0,1.0,1372.6041259765625,1.0,5.0,1.0,1.0,6-11 años,7.225193313347364,0,1,1,0
1,17.0,1.0,1.0,5.0,6.0,2.0,1273.5714111328125,3.0,5.0,1.0,1.0,17-19 años,7.150365252950952,0,1,1,0
1,15.0,1.0,1.0,5.0,6.0,2.0,1273.5714111328125,3.0,5.0,1.0,1.0,15-16 años,7.150365252950952,0,1,1,0
1,12.0,1.0,1.0,5.0,6.0,2.0,1273.5714111328125,3.0,5.0,1.0,1.0,12-14 años,7.150365252950952,0,1,1,0
1,10.0,1.0,1.0,5.0,6.0,2.0,1273.5714111328125,1.0,5.0,1.0,1.0,6-11 años,7.150365252950952,0,1,1,0
1,17.0,1.0,1.0,5.0,6.0,2.0,620.0,3.0,5.0,1.0,1.0,17-19 años,6.431331081933479,0,1,1,0
1,11.0,2.0,1.0,5.0,6.0,2.0,620.0,1.0,5.0,1.0,1.0,6-11 años,6.431331081933479,0,1,1,0
0,18.0,1.0,1.0,5.0,6.0,2.0,1612.6666259765625,4.0,5.0,1.0,1.0,17-19 años,7.386264276055655,0,1,1,1
0,19.0,1.0,1.0,5.0,6.0,2.0,1612.6666259765625,4.0,5.0,1.0,1.0,17-19 años,7.386264276055655,0,1,1,1
1,16.0,1.0,1.0,5.0,6.0,2.0,1612.6666259765625,3.0,5.0,1.0,1.0,15-16 años,7.386264276055655,0,1,1,0
1,18.0,2.0,1.0,5.0,6.0,2.0,1024.4166259765625,3.0,5.0,1.0,1.0,17-19 años,6.932854273355623,0,1,1,0
1,13.0,2.0,1.0,5.0,6.0,2.0,1960.0,2.0,8.0,1.0,1.0,12-14 años,7.581209826196346,0,1,1,0
1,9.0,1.0,1.0,5.0,6.0,2.0,1960.0,1.0,8.0,1.0,1.0,6-11 años,7.581209826196346,0,1,1,0
1,18.0,2.0,1.0,5.0,27.0,1.0,1960.0,3.0,8.0,1.0,1.0,17-19 años,7.581209826196346,0,1,1,0
1,15.0,1.0,1.0,5.0,6.0,2.0,1950.0,3.0,5.0,2.0,1.0,15-16 años,7.576097340623111,0,1,1,0
1,8.0,1.0,1.0,5.0,6.0,2.0,1950.0,1.0,5.0,2.0,1.0,6-11 años,7.576097340623111,0,1,1,0
1,14.0,1.0,1.0,5.0,6.0,2.0,693.3333129882812,2.0,5.0,2.0,1.0,12-14 años,6.542952123291299,0,1,1,0
1,13.0,2.0,1.0,5.0,6.0,2.0,693.3333129882812,2.0,5.0,2.0,1.0,12-14 años,6.542952123291299,0,1,1,0
1,17.0,2.0,1.0,5.0,6.0,2.0,751.6666870117188,3.0,5.0,1.0,1.0,17-19 años,6.623622483072125,0,1,1,0
1,17.0,1.0,1.0,5.0,6.0,2.0,1025.0,3.0,5.0,2.0,1.0,17-19 años,6.933423025730715,0,1,1,0
1,17.0,2.0,1.0,5.0,6.0,2.0,3314.0,3.0,8.0,1.0,1.0,17-19 años,8.106212902619962,0,1,1,0
1,14.0,2.0,1.0,5.0,6.0,2.0,3314.0,3.0,8.0,1.0,1.0,12-14 años,8.106212902619962,0,1,1,0
1,15.0,1.0,1.0,5.0,6.0,2.0,1016.6666870117188,3.0,5.0,1.0,1.0,15-16 años,6.925267724058631,0,1,1,0
1,10.0,2.0,1.0,5.0,6.0,2.0,1016.6666870117188,1.0,5.0,1.0,1.0,6-11 años,6.925267724058631,0,1,1,0
1,11.0,1.0,1.0,5.0,6.0,2.0,1033.3333740234375,1.0,5.0,1.0,1.0,6-11 años,6.941512415119719,0,1,1,0
1,12.0,2.0,1.0,5.0,6.0,2.0,1660.4166259765625,3.0,5.0,1.0,1.0,12-14 años,7.415425906563616,0,1,1,0
1,6.0,1.0,1.0,5.0,6.0,2.0,1660.4166259765625,0.0,5.0,1.0,1.0,6-11 años,7.415425906563616,0,1,1,0
1,6.0,1.0,1.0,5.0,6.0,2.0,1177.7777099609375,0.0,5.0,1.0,1.0,6-11 años,7.072233341591562,0,1,1,0
1,16.0,1.0,1.0,5.0,6.0,2.0,1391.6666259765625,3.0,6.0,1.0,1.0,15-16 años,7.2389756242309975,0,1,1,0
1,13.0,1.0,1.0,5.0,6.0,2.0,842.22216796875,2.0,6.0,1.0,1.0,12-14 años,6.737230467727034,0,1,1,0
1,6.0,1.0,1.0,5.0,6.0,2.0,842.22216796875,0.0,6.0,1.0,1.0,6-11 años,6.737230467727034,0,1,1,0
1,19.0,1.0,1.0,5.0,6.0,2.0,2060.0,3.0,5.0,2.0,1.0,17-19 años,7.630946580890459,0,1,1,0
1,17.0,2.0,1.0,5.0,6.0,2.0,2060.0,3.0,5.0,2.0,1.0,17-19 años,7.630946580890459,0,1,1,0
1,7.0,2.0,1.0,5.0,6.0,2.0,1466.6666259765625,0.0,5.0,2.0,1.0,6-11 años,7.291429089363294,0,1,1,0
1,8.0,1.0,1.0,5.0,6.0,2.0,1100.199951171875,1.0,5.0,1.0,1.0,6-11 años,7.004155728927619,0,1,1,0
1,7.0,1.0,1.0,5.0,6.0,2.0,542.6500244140625,1.0,5.0,1.0,1.0,6-11 años,6.298305702351442,0,1,1,0
1,13.0,2.0,1.0,5.0,6.0,2.0,542.6500244140625,2.0,5.0,1.0,1.0,12-14 años,6.298305702351442,0,1,1,0
1,18.0,1.0,1.0,5.0,6.0,1.0,956.25,3.0,5.0,1.0,1.0,17-19 años,6.864064590357404,0,1,1,0
1,7.0,2.0,1.0,5.0,6.0,2.0,8864.1669921875,1.0,5.0,1.0,1.0,6-11 años,9.089885055577083,0,1,1,0
1,14.0,1.0,1.0,5.0,6.0,2.0,2329.566650390625,3.0,5.0,1.0,1.0,12-14 años,7.753866714584548,0,1,1,0
1,19.0,1.0,1.0,5.0,6.0,2.0,1013.3333129882812,5.0,5.0,1.0,1.0,17-19 años,6.921986841171301,0,1,1,0
1,11.0,1.0,1.0,5.0,6.0,2.0,1013.3333129882812,1.0,5.0,1.0,1.0,6-11 años,6.921986841171301,0,1,1,0
1,18.0,2.0,1.0,5.0,6.0,2.0,641.6666870117188,4.0,5.0,1.0,1.0,17-19 años,6.46562621815962,0,1,1,0
1,9.0,2.0,1.0,5.0,6.0,2.0,1011.111083984375,1.0,5.0,1.0,1.0,6-11 años,6.919793610606457,0,1,1,0
1,18.0,1.0,1.0,5.0,6.0,2.0,1480.083251953125,5.0,6.0,1.0,1.0,17-19 años,7.300529026025583,0,1,1,0
1,9.0,1.0,1.0,5.0,6.0,2.0,613.3333740234375,1.0,5.0,1.0,1.0,6-11 años,6.420537735236281,0,1,1,0
1,18.0,2.0,1.0,5.0,6.0,2.0,613.3333740234375,3.0,5.0,1.0,1.0,17-19 años,6.420537735236281,0,1,1,0
1,17.0,2.0,1.0,5.0,6.0,2.0,810.8333740234375,3.0,6.0,1.0,1.0,17-19 años,6.69929511469974,0,1,1,0
1,10.0,2.0,1.0,5.0,6.0,2.0,1877.083251953125,1.0,5.0,2.0,1.0,6-11 años,7.538006988899143,0,1,1,0
1,7.0,2.0,1.0,5.0,6.0,2.0,1877.083251953125,1.0,5.0,2.0,1.0,6-11 años,7.538006988899143,0,1,1,0
1,6.0,2.0,1.0,5.0,6.0,2.0,1080.5555419921875,0.0,5.0,2.0,1.0,6-11 años,6.986155600516569,0,1,1,0
1,17.0,2.0,1.0,5.0,6.0,2.0,772.2222290039062,3.0,5.0,1.0,1.0,17-19 años,6.65056649627931,0,1,1,0
1,14.0,2.0,1.0,5.0,6.0,2.0,772.2222290039062,3.0,5.0,1.0,1.0,12-14 años,6.65056649627931,0,1,1,0
1,10.0,1.0,1.0,5.0,6.0,2.0,772.2222290039062,1.0,5.0,1.0,1.0,6-11 años,6.65056649627931,0,1,1,0
1,6.0,2.0,1.0,5.0,6.0,2.0,772.2222290039062,0.0,5.0,1.0,1.0,6-11 años,6.65056649627931,0,1,1,0
1,17.0,1.0,1.0,5.0,6.0,2.0,1322.1944580078125,3.0,6.0,1.0,1.0,17-19 años,7.187804135935242,0,1,1,0
1,15.0,1.0,1.0,5.0,6.0,2.0,1322.1944580078125,3.0,6.0,1.0,1.0,15-16 años,7.187804135935242,0,1,1,0
1,10.0,1.0,1.0,5.0,6.0,2.0,733.9866333007812,1.0,6.0,1.0,1.0,6-11 años,6.599852313062138,0,1,1,0
1,13.0,1.0,1.0,5.0,6.0,2.0,483.3333435058594,3.0,8.0,1.0,1.0,12-14 años,6.182773395905324,0,1,1,0
1,10.0,1.0,1.0,5.0,6.0,2.0,483.3333435058594,1.0,8.0,1.0,1.0,6-11 años,6.182773395905324,0,1,1,0
1,14.0,2.0,1.0,5.0,6.0,2.0,3281.666748046875,3.0,6.0,1.0,1.0,12-14 años,8.096411403987064,0,1,1,0
1,9.0,1.0,1.0,5.0,6.0,2.0,3281.666748046875,1.0,6.0,1.0,1.0,6-11 años,8.096411403987064,0,1,1,0
1,16.0,2.0,1.0,5.0,6.0,2.0,233.0,3.0,5.0,1.0,1.0,15-16 años,5.455321115357702,0,1,1,0
1,15.0,2.0,1.0,5.0,6.0,2.0,233.0,3.0,5.0,1.0,1.0,15-16 años,5.455321115357702,0,1,1,0
1,13.0,2.0,1.0,5.0,6.0,2.0,233.0,2.0,5.0,1.0,1.0,12-14 años,5.455321115357702,0,1,1,0
1,10.0,2.0,1.0,5.0,6.0,2.0,233.0,1.0,5.0,1.0,1.0,6-11 años,5.455321115357702,0,1,1,0
1,17.0,2.0,1.0,5.0,6.0,2.0,397.0,3.0,5.0,2.0,1.0,17-19 años,5.986452005284438,0,1,1,0
1,8.0,1.0,1.0,5.0,6.0,2.0,397.0,1.0,5.0,2.0,1.0,6-11 años,5.986452005284438,0,1,1,0
1,12.0,2.0,1.0,5.0,6.0,2.0,3640.416748046875,1.0,8.0,2.0,1.0,12-14 años,8.200128101402088,0,1,1,0
1,18.0,1.0,1.0,5.0,6.0,2.0,1668.3333740234375,3.0,5.0,1.0,1.0,17-19 años,7.4201796484868865,0,1,1,0
1,14.0,2.0,1.0,5.0,6.0,2.0,1668.3333740234375,3.0,5.0,1.0,1.0,12-14 años,7.4201796484868865,0,1,1,0
1,10.0,2.0,1.0,5.0,6.0,2.0,1668.3333740234375,1.0,5.0,1.0,1.0,6-11 años,7.4201796484868865,0,1,1,0
1,14.0,2.0,1.0,5.0,6.0,2.0,631.11669921875,3.0,3.0,1.0,1.0,12-14 años,6.449074027763602,0,1,1,0
1,7.0,2.0,1.0,5.0,6.0,2.0,631.11669921875,1.0,3.0,1.0,1.0,6-11 años,6.449074027763602,0,1,1,0
1,14.0,2.0,1.0,5.0,6.0,2.0,1404.4444580078125,3.0,5.0,1.0,1.0,12-14 años,7.248108871961913,0,1,1,0
1,18.0,2.0,1.0,5.0,6.0,2.0,484.8333435058594,4.0,3.0,1.0,1.0,17-19 años,6.185865650494842,0,1,1,0
1,10.0,1.0,1.0,5.0,6.0,2.0,484.8333435058594,1.0,3.0,1.0,1.0,6-11 años,6.185865650494842,0,1,1,0
1,19.0,1.0,1.0,5.0,6.0,2.0,1315.3714599609375,3.0,5.0,2.0,1.0,17-19 años,7.182634336464166,0,1,1,0
1,17.0,1.0,1.0,5.0,6.0,2.0,1315.3714599609375,3.0,5.0,2.0,1.0,17-19 años,7.182634336464166,0,1,1,0
1,16.0,1.0,1.0,5.0,6.0,2.0,1315.3714599609375,3.0,5.0,2.0,1.0,15-16 años,7.182634336464166,0,1,1,0
1,12.0,2.0,1.0,5.0,6.0,2.0,1315.3714599609375,2.0,5.0,2.0,1.0,12-14 años,7.182634336464166,0,1,1,0
1,11.0,1.0,1.0,5.0,6.0,2.0,1315.3714599609375,1.0,5.0,2.0,1.0,6-11 años,7.182634336464166,0,1,1,0
1,6.0,1.0,1.0,5.0,6.0,2.0,827.8333129882812,0.0,5.0,2.0,1.0,6-11 años,6.720019064940069,0,1,1,0
1,19.0,1.0,1.0,5.0,6.0,2.0,2993.06689453125,4.0,8.0,1.0,1.0,17-19 años,8.004387907592784,0,1,1,0
1,12.0,2.0,1.0,5.0,6.0,2.0,2993.06689453125,1.0,8.0,1.0,1.0,12-14 años,8.004387907592784,0,1,1,0
1,14.0,2.0,1.0,5.0,6.0,2.0,794.4000244140625,3.0,5.0,1.0,1.0,12-14 años,6.678845163467659,0,1,1,0
1,10.0,1.0,1.0,5.0,6.0,2.0,794.4000244140625,1.0,5.0,1.0,1.0,6-11 años,6.678845163467659,0,1,1,0
0,19.0,2.0,1.0,5.0,6.0,2.0,1066.3541259765625,3.0,5.0,1.0,1.0,17-19 años,6.9729380856262475,0,1,1,1
1,13.0,1.0,1.0,5.0,6.0,2.0,3013.095458984375,3.0,8.0,1.0,1.0,12-14 años,8.011055050544346,0,1,1,0
1,7.0,1.0,1.0,5.0,6.0,2.0,3013.095458984375,1.0,8.0,1.0,1.0,6-11 años,8.011055050544346,0,1,1,0
0,18.0,2.0,1.0,5.0,6.0,2.0,1000.0,4.0,5.0,1.0,1.0,17-19 años,6.90875477931522,0,1,1,1
1,10.0,2.0,1.0,5.0,6.0,2.0,913.75,1.0,6.0,1.0,1.0,6-11 años,6.818650803899316,0,1,1,0
1,10.0,1.0,1.0,5.0,6.0,2.0,720.8333129882812,1.0,5.0,2.0,1.0,6-11 años,6.581794243801323,0,1,1,0
1,9.0,2.0,1.0,5.0,6.0,2.0,720.8333129882812,1.0,5.0,2.0,1.0,6-11 años,6.581794243801323,0,1,1,0
1,6.0,1.0,1.0,5.0,6.0,2.0,720.8333129882812,0.0,5.0,2.0,1.0,6-11 años,6.581794243801323,0,1,1,0
1,11.0,2.0,1.0,5.0,6.0,2.0,5470.83349609375,1.0,8.0,1.0,1.0,6-11 años,8.607369030493995,0,1,1,0
1,17.0,2.0,1.0,5.0,6.0,2.0,814.72216796875,3.0,5.0,1.0,1.0,17-19 años,6.704073816557031,0,1,1,0
1,13.0,1.0,1.0,5.0,6.0,2.0,814.72216796875,3.0,5.0,1.0,1.0,12-14 años,6.704073816557031,0,1,1,0
1,9.0,2.0,1.0,5.0,6.0,1.0,672.7083740234375,1.0,5.0,1.0,1.0,6-11 años,6.5127973377890775,0,1,1,0
1,6.0,1.0,1.0,5.0,6.0,1.0,672.7083740234375,0.0,5.0,1.0,1.0,6-11 años,6.5127973377890775,0,1,1,0
1,19.0,2.0,1.0,5.0,6.0,2.0,1749.9166259765625,4.0,3.0,1.0,1.0,17-19 años,7.467894716061734,0,1,1,0
1,19.0,1.0,1.0,5.0,6.0,2.0,1127.5,4.0,5.0,1.0,1.0,17-19 años,7.028644596257591,0,1,1,0
1,8.0,1.0,1.0,5.0,6.0,2.0,1127.5,1.0,5.0,1.0,1.0,6-11 años,7.028644596257591,0,1,1,0
1,17.0,2.0,1.0,5.0,6.0,2.0,1217.2222900390625,3.0,5.0,1.0,1.0,17-19 años,7.1051479357551495,0,1,1,0
1,8.0,1.0,1.0,5.0,6.0,2.0,1217.2222900390625,1.0,5.0,1.0,1.0,6-11 años,7.1051479357551495,0,1,1,0
1,15.0,2.0,1.0,5.0,6.0,2.0,1452.0,3.0,5.0,1.0,1.0,15-16 años,7.2813856635702825,0,1,1,0
1,13.0,2.0,1.0,5.0,6.0,2.0,1452.0,2.0,5.0,1.0,1.0,12-14 años,7.2813856635702825,0,1,1,0
1,10.0,1.0,1.0,5.0,6.0,2.0,1452.0,1.0,5.0,1.0,1.0,6-11 años,7.2813856635702825,0,1,1,0
1,12.0,2.0,1.0,5.0,6.0,2.0,1349.1666259765625,1.0,5.0,1.0,1.0,12-14 años,7.2079832904653385,0,1,1,0
1,10.0,1.0,1.0,5.0,6.0,2.0,1349.1666259765625,1.0,5.0,1.0,1.0,6-11 años,7.2079832904653385,0,1,1,0
1,9.0,2.0,1.0,5.0,6.0,2.0,4755.41650390625,1.0,5.0,1.0,1.0,6-11 años,8.46724982838884,0,1,1,0
1,7.0,1.0,1.0,5.0,6.0,2.0,1726.875,1.0,5.0,1.0,1.0,6-11 años,7.454647608784521,0,1,1,0
0,19.0,2.0,1.0,5.0,2.0,1.0,7050.0,4.0,5.0,8.0,1.0,17-19 años,8.860924729719041,0,1,0,1
1,7.0,1.0,1.0,5.0,27.0,1.0,383.3333435058594,1.0,5.0,8.0,1.0,6-11 años,5.951510258068927,0,1,0,0
1,12.0,2.0,1.0,5.0,6.0,2.0,1723.9285888671875,1.0,5.0,8.0,1.0,12-14 años,7.4529409308503975,0,1,0,0
1,11.0,2.0,1.0,5.0,6.0,2.0,1723.9285888671875,1.0,5.0,8.0,1.0,6-11 años,7.4529409308503975,0,1,0,0
1,8.0,2.0,1.0,5.0,6.0,2.0,1723.9285888671875,1.0,5.0,8.0,1.0,6-11 años,7.4529409308503975,0,1,0,0
1,17.0,1.0,1.0,5.0,6.0,2.0,1139.7777099609375,3.0,6.0,7.0,1.0,17-19 años,7.039465510514846,0,1,0,0
1,13.0,2.0,1.0,5.0,27.0,1.0,666.0714111328125,3.0,5.0,7.0,1.0,12-14 años,6.502897103352407,0,1,0,0
1,11.0,1.0,1.0,5.0,27.0,1.0,666.0714111328125,1.0,5.0,7.0,1.0,6-11 años,6.502897103352407,0,1,0,0
1,9.0,2.0,1.0,5.0,6.0,1.0,666.0714111328125,1.0,5.0,7.0,1.0,6-11 años,6.502897103352407,0,1,0,0
1,6.0,1.0,1.0,5.0,6.0,2.0,2049.574951171875,0.0,5.0,8.0,1.0,6-11 años,7.625875496796063,0,1,0,0
1,17.0,2.0,1.0,5.0,6.0,1.0,3465.169921875,3.0,5.0,2.0,1.0,17-19 años,8.150805494427281,0,1,1,0
1,12.0,2.0,1.0,5.0,6.0,1.0,3465.169921875,2.0,5.0,2.0,1.0,12-14 años,8.150805494427281,0,1,1,0
1,6.0,1.0,1.0,5.0,6.0,1.0,3465.169921875,0.0,5.0,2.0,1.0,6-11 años,8.150805494427281,0,1,1,0
0,18.0,2.0,1.0,5.0,6.0,1.0,4000.0,4.0,5.0,2.0,1.0,17-19 años,8.294299608857235,0,1,1,1
1,7.0,2.0,1.0,5.0,6.0,2.0,1108.86669921875,1.0,5.0,2.0,1.0,6-11 años,7.011995196300984,0,1,1,0
1,12.0,1.0,1.0,5.0,6.0,2.0,1954.2857666015625,2.0,5.0,1.0,1.0,12-14 años,7.578291633912067,0,1,1,0
1,10.0,1.0,1.0,5.0,6.0,2.0,1954.2857666015625,1.0,5.0,1.0,1.0,6-11 años,7.578291633912067,0,1,1,0
1,9.0,2.0,1.0,5.0,6.0,1.0,1954.2857666015625,1.0,5.0,1.0,1.0,6-11 años,7.578291633912067,0,1,1,0
1,7.0,2.0,1.0,5.0,6.0,2.0,1954.2857666015625,1.0,5.0,1.0,1.0,6-11 años,7.578291633912067,0,1,1,0
1,6.0,2.0,1.0,5.0,27.0,1.0,2262.13330078125,1.0,3.0,2.0,1.0,6-11 años,7.724505548353554,0,1,1,0
1,16.0,2.0,1.0,5.0,6.0,1.0,3056.33349609375,3.0,5.0,1.0,1.0,15-16 años,8.025298408545755,0,1,1,0
1,16.0,2.0,1.0,5.0,6.0,1.0,1463.3333740234375,3.0,3.0,1.0,1.0,15-16 años,7.28915538309513,0,1,1,0
1,9.0,2.0,1.0,5.0,6.0,1.0,1463.3333740234375,1.0,3.0,1.0,1.0,6-11 años,7.28915538309513,0,1,1,0
0,18.0,1.0,1.0,5.0,27.0,1.0,3982.791748046875,4.0,5.0,1.0,1.0,17-19 años,8.289989345261668,0,1,1,1
1,13.0,2.0,1.0,5.0,6.0,1.0,3982.791748046875,2.0,5.0,1.0,1.0,12-14 años,8.289989345261668,0,1,1,0
1,16.0,1.0,1.0,5.0,6.0,1.0,1729.1666259765625,3.0,5.0,8.0,1.0,15-16 años,7.455972998447164,0,1,0,0
1,15.0,1.0,1.0,5.0,6.0,2.0,667.9166870117188,3.0,3.0,8.0,1.0,15-16 años,6.505659518758504,0,1,0,0
1,12.0,1.0,1.0,5.0,6.0,2.0,667.9166870117188,3.0,3.0,8.0,1.0,12-14 años,6.505659518758504,0,1,0,0
1,17.0,2.0,1.0,5.0,6.0,2.0,5354.97216796875,3.0,5.0,8.0,1.0,17-19 años,8.585967510376491,0,1,0,0
1,15.0,1.0,1.0,5.0,6.0,2.0,881.2037353515625,3.0,5.0,8.0,1.0,15-16 años,6.782423021794229,0,1,0,0
1,12.0,1.0,1.0,5.0,6.0,2.0,881.2037353515625,2.0,5.0,8.0,1.0,12-14 años,6.782423021794229,0,1,0,0
1,10.0,2.0,1.0,5.0,6.0,2.0,881.2037353515625,1.0,5.0,8.0,1.0,6-11 años,6.782423021794229,0,1,0,0
1,8.0,1.0,1.0,5.0,6.0,2.0,881.2037353515625,1.0,5.0,8.0,1.0,6-11 años,6.782423021794229,0,1,0,0
1,17.0,2.0,1.0,5.0,27.0,1.0,881.2037353515625,3.0,5.0,8.0,1.0,17-19 años,6.782423021794229,0,1,0,0
1,15.0,2.0,1.0,5.0,6.0,1.0,663.5,3.0,5.0,8.0,1.0,15-16 años,6.4990348781533,0,1,0,0
1,10.0,2.0,1.0,5.0,6.0,2.0,663.5,1.0,5.0,8.0,1.0,6-11 años,6.4990348781533,0,1,0,0
1,7.0,1.0,1.0,5.0,6.0,2.0,663.5,1.0,5.0,8.0,1.0,6-11 años,6.4990348781533,0,1,0,0
1,17.0,1.0,1.0,5.0,27.0,1.0,676.5,3.0,5.0,7.0,1.0,17-19 años,6.518409552753856,0,1,0,0
0,14.0,2.0,1.0,5.0,27.0,1.0,676.5,3.0,5.0,7.0,1.0,12-14 años,6.518409552753856,0,1,0,1
1,11.0,2.0,1.0,5.0,27.0,1.0,676.5,1.0,5.0,7.0,1.0,6-11 años,6.518409552753856,0,1,0,0
1,10.0,1.0,1.0,5.0,27.0,1.0,1052.5333251953125,1.0,8.0,7.0,1.0,6-11 años,6.959904865582391,0,1,0,0
1,11.0,2.0,1.0,5.0,6.0,2.0,535.5999755859375,1.0,5.0,7.0,1.0,6-11 años,6.285252892493829,0,1,0,0
1,11.0,2.0,1.0,5.0,27.0,2.0,535.5999755859375,1.0,5.0,7.0,1.0,6-11 años,6.285252892493829,0,1,0,0
1,12.0,1.0,1.0,5.0,27.0,2.0,185.55555725097656,1.0,5.0,7.0,1.0,12-14 años,5.228729088829343,0,1,0,0
1,8.0,1.0,1.0,5.0,27.0,2.0,185.55555725097656,1.0,5.0,7.0,1.0,6-11 años,5.228729088829343,0,1,0,0
1,6.0,1.0,1.0,5.0,6.0,2.0,185.55555725097656,0.0,5.0,7.0,1.0,6-11 años,5.228729088829343,0,1,0,0
1,18.0,1.0,1.0,5.0,6.0,2.0,1753.75,3.0,5.0,2.0,1.0,17-19 años,7.470081675610531,0,1,1,0
1,10.0,1.0,1.0,5.0,6.0,2.0,1753.75,1.0,5.0,2.0,1.0,6-11 años,7.470081675610531,0,1,1,0
1,7.0,1.0,1.0,5.0,6.0,1.0,1789.583251953125,0.0,5.0,2.0,1.0,6-11 años,7.490296684840734,0,1,1,0
1,14.0,1.0,1.0,5.0,6.0,2.0,523.0555419921875,3.0,5.0,2.0,1.0,12-14 años,6.261597674872142,0,1,1,0
1,12.0,1.0,1.0,5.0,6.0,2.0,523.0555419921875,1.0,5.0,2.0,1.0,12-14 años,6.261597674872142,0,1,1,0
1,7.0,1.0,1.0,5.0,6.0,2.0,523.0555419921875,1.0,5.0,2.0,1.0,6-11 años,6.261597674872142,0,1,1,0
1,9.0,2.0,1.0,5.0,6.0,2.0,2999.16650390625,1.0,5.0,1.0,1.0,6-11 años,8.00642306741219,0,1,1,0
1,18.0,1.0,1.0,5.0,6.0,1.0,723.875,3.0,5.0,1.0,1.0,17-19 años,6.585999226196605,0,1,1,0
1,6.0,1.0,1.0,5.0,6.0,1.0,723.875,0.0,5.0,1.0,1.0,6-11 años,6.585999226196605,0,1,1,0
1,18.0,1.0,1.0,5.0,6.0,1.0,881.8333129882812,3.0,5.0,1.0,1.0,17-19 años,6.783136409271292,0,1,1,0
1,7.0,2.0,1.0,5.0,6.0,1.0,1186.0,1.0,5.0,1.0,1.0,6-11 años,7.079184394609668,0,1,1,0
1,15.0,1.0,1.0,5.0,6.0,2.0,4026.66650390625,3.0,5.0,1.0,1.0,15-16 años,8.3009424559486,0,1,1,0
1,8.0,1.0,1.0,5.0,6.0,2.0,2130.0,1.0,5.0,1.0,1.0,6-11 años,7.664346632098617,0,1,1,0
1,14.0,2.0,1.0,5.0,6.0,2.0,447.2083435058594,3.0,5.0,1.0,1.0,12-14 años,6.105258176780037,0,1,1,0
1,10.0,2.0,1.0,5.0,6.0,2.0,447.2083435058594,1.0,5.0,1.0,1.0,6-11 años,6.105258176780037,0,1,1,0
1,16.0,2.0,1.0,5.0,6.0,2.0,2579.125,3.0,5.0,1.0,1.0,15-16 años,7.855593126354422,0,1,1,0
1,10.0,1.0,1.0,5.0,6.0,2.0,2579.125,1.0,5.0,1.0,1.0,6-11 años,7.855593126354422,0,1,1,0
1,18.0,1.0,1.0,5.0,6.0,2.0,592.9444580078125,3.0,5.0,1.0,1.0,17-19 años,6.386785809953424,0,1,1,0
1,15.0,1.0,1.0,5.0,6.0,2.0,592.9444580078125,3.0,5.0,1.0,1.0,15-16 años,6.386785809953424,0,1,1,0
1,16.0,1.0,1.0,5.0,6.0,2.0,2556.041748046875,3.0,5.0,1.0,1.0,15-16 años,7.846606302121875,0,1,1,0
0,19.0,1.0,1.0,5.0,6.0,2.0,775.375,4.0,5.0,1.0,1.0,17-19 años,6.654635650879467,0,1,1,1
1,13.0,2.0,1.0,5.0,6.0,2.0,775.375,3.0,5.0,1.0,1.0,12-14 años,6.654635650879467,0,1,1,0
0,19.0,1.0,1.0,5.0,6.0,2.0,750.0,4.0,5.0,1.0,1.0,17-19 años,6.621405651764134,0,1,1,1
1,18.0,1.0,1.0,5.0,6.0,2.0,750.0,3.0,5.0,1.0,1.0,17-19 años,6.621405651764134,0,1,1,0
1,19.0,2.0,1.0,5.0,6.0,1.0,582.5999755859375,5.0,1.0,2.0,1.0,17-19 años,6.369215774815075,0,1,1,0
1,18.0,1.0,1.0,5.0,6.0,1.0,582.5999755859375,3.0,1.0,2.0,1.0,17-19 años,6.369215774815075,0,1,1,0
1,14.0,1.0,1.0,5.0,6.0,1.0,582.5999755859375,3.0,1.0,2.0,1.0,12-14 años,6.369215774815075,0,1,1,0
1,14.0,1.0,1.0,5.0,6.0,1.0,1022.6666870117188,3.0,2.0,1.0,1.0,12-14 años,6.931146251647397,0,1,1,0
1,9.0,1.0,1.0,5.0,6.0,2.0,1022.6666870117188,1.0,2.0,1.0,1.0,6-11 años,6.931146251647397,0,1,1,0
1,11.0,1.0,1.0,5.0,6.0,2.0,1010.0,1.0,8.0,1.0,1.0,6-11 años,6.918695219020472,0,1,1,0
1,7.0,2.0,1.0,5.0,6.0,2.0,1010.0,1.0,8.0,1.0,1.0,6-11 años,6.918695219020472,0,1,1,0
1,11.0,2.0,1.0,5.0,6.0,1.0,1010.0,1.0,8.0,1.0,1.0,6-11 años,6.918695219020472,0,1,1,0
1,10.0,2.0,1.0,5.0,6.0,1.0,1010.0,1.0,8.0,1.0,1.0,6-11 años,6.918695219020472,0,1,1,0
1,19.0,1.0,1.0,5.0,6.0,2.0,2305.555419921875,4.0,8.0,1.0,1.0,17-19 años,7.743510530423012,0,1,1,0
1,15.0,1.0,1.0,5.0,6.0,2.0,904.8333129882812,3.0,8.0,1.0,1.0,15-16 años,6.808855307867216,0,1,1,0
1,6.0,2.0,1.0,5.0,6.0,2.0,904.8333129882812,0.0,8.0,1.0,1.0,6-11 años,6.808855307867216,0,1,1,0
1,12.0,2.0,1.0,5.0,6.0,2.0,1582.5,2.0,3.0,1.0,1.0,12-14 años,7.367392865978695,0,1,1,0
1,9.0,1.0,1.0,5.0,6.0,2.0,1582.5,1.0,3.0,1.0,1.0,6-11 años,7.367392865978695,0,1,1,0
1,12.0,1.0,1.0,5.0,6.0,2.0,3260.827880859375,1.0,3.0,1.0,1.0,12-14 años,8.090043016877553,0,1,1,0
1,16.0,1.0,1.0,5.0,6.0,2.0,2696.25,3.0,4.0,1.0,1.0,15-16 años,7.899988014431449,0,1,1,0
1,10.0,2.0,1.0,5.0,6.0,2.0,2696.25,1.0,4.0,1.0,1.0,6-11 años,7.899988014431449,0,1,1,0
1,15.0,1.0,1.0,5.0,6.0,2.0,833.3333129882812,3.0,3.0,3.0,1.0,15-16 años,6.726632978378864,0,1,0,0
1,12.0,1.0,1.0,5.0,6.0,2.0,3947.5,1.0,3.0,3.0,1.0,12-14 años,8.281091038937635,0,1,0,0
1,9.0,1.0,1.0,5.0,6.0,2.0,3947.5,1.0,3.0,3.0,1.0,6-11 años,8.281091038937635,0,1,0,0
1,11.0,1.0,1.0,5.0,6.0,2.0,700.0,1.0,3.0,3.0,1.0,6-11 años,6.55250788703459,0,1,0,0
1,7.0,1.0,1.0,5.0,6.0,2.0,700.0,0.0,3.0,3.0,1.0,6-11 años,6.55250788703459,0,1,0,0
1,7.0,2.0,1.0,5.0,6.0,2.0,700.0,0.0,3.0,3.0,1.0,6-11 años,6.55250788703459,0,1,0,0
1,11.0,2.0,1.0,5.0,6.0,2.0,2243.333251953125,1.0,3.0,3.0,1.0,6-11 años,7.7161637636168665,0,1,0,0
1,14.0,1.0,1.0,5.0,6.0,2.0,755.0,3.0,3.0,3.0,1.0,12-14 años,6.628041376179533,0,1,0,0
1,15.0,1.0,2.0,5.0,6.0,2.0,2500.966552734375,3.0,5.0,7.0,1.0,15-16 años,7.82483232272582,1,1,0,0
1,8.0,2.0,2.0,5.0,6.0,2.0,2500.966552734375,1.0,5.0,7.0,1.0,6-11 años,7.82483232272582,1,1,0,0
1,17.0,1.0,2.0,5.0,27.0,1.0,5.333333492279053,3.0,8.0,7.0,1.0,17-19 años,1.845826715595023,1,1,0,0
1,14.0,2.0,2.0,5.0,27.0,2.0,5.333333492279053,3.0,8.0,7.0,1.0,12-14 años,1.845826715595023,1,1,0,0
1,11.0,1.0,2.0,5.0,27.0,2.0,5.333333492279053,1.0,8.0,7.0,1.0,6-11 años,1.845826715595023,1,1,0,0
1,10.0,2.0,2.0,5.0,27.0,2.0,441.1111145019531,1.0,1.0,8.0,1.0,6-11 años,6.091561240760369,1,1,0,0
1,10.0,2.0,2.0,5.0,27.0,2.0,153.33334350585938,1.0,5.0,8.0,1.0,6-11 años,5.039114831330818,1,1,0,0
1,7.0,1.0,2.0,5.0,27.0,2.0,322.5,0.0,5.0,8.0,1.0,6-11 años,5.7791991139409555,1,1,0,0
1,14.0,1.0,2.0,5.0,27.0,1.0,266.6666564941406,3.0,5.0,8.0,1.0,12-14 años,5.589742387274195,1,1,0,0
1,7.0,1.0,2.0,5.0,27.0,1.0,494.4444580078125,0.0,5.0,8.0,1.0,6-11 años,6.20545525466742,1,1,0,0
1,11.0,1.0,2.0,5.0,27.0,2.0,329.7222595214844,1.0,1.0,8.0,1.0,6-11 años,5.8012789280384585,1,1,0,0
1,16.0,2.0,2.0,5.0,27.0,2.0,209.375,3.0,1.0,8.0,1.0,15-16 años,5.34889165251097,1,1,0,0
1,13.0,2.0,2.0,5.0,27.0,2.0,209.375,3.0,1.0,8.0,1.0,12-14 años,5.34889165251097,1,1,0,0
1,15.0,2.0,2.0,5.0,27.0,2.0,699.375,3.0,1.0,8.0,1.0,15-16 años,6.551615905885448,1,1,0,0
1,11.0,2.0,2.0,5.0,27.0,2.0,699.375,1.0,1.0,8.0,1.0,6-11 años,6.551615905885448,1,1,0,0
1,14.0,2.0,2.0,5.0,27.0,2.0,204.7619171142578,2.0,1.0,8.0,1.0,12-14 años,5.326719758240773,1,1,0,0
1,9.0,1.0,2.0,5.0,27.0,2.0,204.7619171142578,1.0,1.0,8.0,1.0,6-11 años,5.326719758240773,1,1,0,0
0,7.0,2.0,2.0,5.0,995.0,2.0,204.7619171142578,0.0,1.0,8.0,1.0,6-11 años,5.326719758240773,1,1,0,1
1,9.0,2.0,2.0,5.0,27.0,2.0,204.7619171142578,1.0,1.0,8.0,1.0,6-11 años,5.326719758240773,1,1,0,0
1,16.0,1.0,2.0,5.0,6.0,2.0,186.6666717529297,3.0,1.0,8.0,1.0,15-16 años,5.234667366574225,1,1,0,0
1,10.0,1.0,2.0,5.0,6.0,2.0,186.6666717529297,1.0,1.0,8.0,1.0,6-11 años,5.234667366574225,1,1,0,0
1,13.0,2.0,2.0,5.0,6.0,2.0,342.7778015136719,1.0,5.0,7.0,1.0,12-14 años,5.839995522841084,1,1,0,0
1,15.0,2.0,2.0,5.0,6.0,1.0,213.0,3.0,5.0,7.0,1.0,15-16 años,5.365976015021851,1,1,0,0
1,10.0,2.0,2.0,5.0,6.0,1.0,213.0,1.0,5.0,7.0,1.0,6-11 años,5.365976015021851,1,1,0,0
1,7.0,2.0,2.0,5.0,6.0,1.0,213.0,0.0,5.0,7.0,1.0,6-11 años,5.365976015021851,1,1,0,0
1,15.0,2.0,2.0,5.0,27.0,1.0,176.4629669189453,3.0,1.0,7.0,1.0,15-16 años,5.1787619500713635,1,1,0,0
1,12.0,2.0,2.0,5.0,6.0,1.0,176.4629669189453,1.0,1.0,7.0,1.0,12-14 años,5.1787619500713635,1,1,0,0
1,9.0,1.0,2.0,5.0,6.0,1.0,176.4629669189453,1.0,1.0,7.0,1.0,6-11 años,5.1787619500713635,1,1,0,0
1,7.0,1.0,2.0,5.0,6.0,1.0,176.4629669189453,1.0,1.0,7.0,1.0,6-11 años,5.1787619500713635,1,1,0,0
1,15.0,1.0,2.0,5.0,27.0,1.0,282.91668701171875,3.0,1.0,7.0,1.0,15-16 años,5.648680839531497,1,1,0,0
1,10.0,2.0,2.0,5.0,6.0,1.0,282.91668701171875,1.0,1.0,7.0,1.0,6-11 años,5.648680839531497,1,1,0,0
0,19.0,2.0,2.0,5.0,6.0,1.0,179.1666717529297,6.0,5.0,7.0,1.0,17-19 años,5.19388237664203,1,1,0,1
1,13.0,2.0,2.0,5.0,6.0,2.0,359.0,3.0,5.0,8.0,1.0,12-14 años,5.886104031450156,1,1,0,0
1,11.0,1.0,2.0,5.0,6.0,2.0,359.0,1.0,5.0,8.0,1.0,6-11 años,5.886104031450156,1,1,0,0
1,7.0,2.0,2.0,5.0,6.0,2.0,359.0,0.0,5.0,8.0,1.0,6-11 años,5.886104031450156,1,1,0,0
1,7.0,2.0,2.0,5.0,6.0,2.0,359.0,0.0,5.0,8.0,1.0,6-11 años,5.886104031450156,1,1,0,0
1,18.0,2.0,2.0,5.0,6.0,1.0,487.41943359375,3.0,5.0,8.0,1.0,17-19 años,6.191174531767929,1,1,0,0
1,7.0,1.0,2.0,5.0,6.0,2.0,1842.166748046875,0.0,5.0,5.0,1.0,6-11 años,7.519240429999691,1,1,0,0
1,14.0,2.0,2.0,5.0,6.0,2.0,877.7777709960938,3.0,5.0,5.0,1.0,12-14 años,6.7785320454660205,1,1,0,0
1,8.0,2.0,2.0,5.0,6.0,2.0,877.7777709960938,1.0,5.0,5.0,1.0,6-11 años,6.7785320454660205,1,1,0,0
1,9.0,2.0,2.0,5.0,6.0,2.0,417.6875,1.0,8.0,5.0,1.0,6-11 años,6.037124818268486,1,1,0,0
1,6.0,1.0,2.0,5.0,6.0,2.0,417.6875,0.0,8.0,5.0,1.0,6-11 años,6.037124818268486,1,1,0,0
1,14.0,1.0,2.0,5.0,6.0,2.0,902.0556030273438,3.0,1.0,5.0,1.0,12-14 años,6.805784127409799,1,1,0,0
1,10.0,1.0,2.0,5.0,6.0,2.0,902.0556030273438,1.0,1.0,5.0,1.0,6-11 años,6.805784127409799,1,1,0,0
1,15.0,1.0,2.0,5.0,6.0,2.0,390.0,3.0,5.0,5.0,1.0,15-16 años,5.968707559985366,1,1,0,0
1,14.0,2.0,2.0,5.0,6.0,2.0,390.0,3.0,5.0,5.0,1.0,12-14 años,5.968707559985366,1,1,0,0
1,11.0,2.0,2.0,5.0,6.0,2.0,390.0,1.0,5.0,5.0,1.0,6-11 años,5.968707559985366,1,1,0,0
1,18.0,2.0,2.0,5.0,6.0,2.0,187.5,3.0,5.0,5.0,1.0,17-19 años,5.2390980068880655,1,1,0,0
1,15.0,1.0,2.0,5.0,6.0,2.0,187.5,3.0,5.0,5.0,1.0,15-16 años,5.2390980068880655,1,1,0,0
1,9.0,1.0,2.0,5.0,6.0,2.0,670.5,1.0,5.0,8.0,1.0,6-11 años,6.509514015963292,1,1,0,0
1,7.0,1.0,2.0,5.0,6.0,2.0,670.5,1.0,5.0,8.0,1.0,6-11 años,6.509514015963292,1,1,0,0
1,13.0,2.0,2.0,5.0,6.0,2.0,736.0,1.0,8.0,8.0,1.0,12-14 años,6.602587892189336,1,1,0,0
1,10.0,2.0,2.0,5.0,27.0,1.0,546.6666259765625,1.0,5.0,8.0,1.0,6-11 años,6.305666755071948,1,1,0,0
1,7.0,1.0,2.0,5.0,27.0,1.0,546.6666259765625,1.0,5.0,8.0,1.0,6-11 años,6.305666755071948,1,1,0,0
1,17.0,1.0,2.0,5.0,6.0,2.0,1255.0,3.0,5.0,1.0,1.0,17-19 años,7.135687347028144,1,1,1,0
1,14.0,2.0,2.0,5.0,6.0,2.0,1255.0,3.0,5.0,1.0,1.0,12-14 años,7.135687347028144,1,1,1,0
1,13.0,2.0,2.0,5.0,6.0,2.0,1255.0,2.0,5.0,1.0,1.0,12-14 años,7.135687347028144,1,1,1,0
1,10.0,2.0,2.0,5.0,6.0,2.0,1255.0,1.0,5.0,1.0,1.0,6-11 años,7.135687347028144,1,1,1,0
1,8.0,2.0,2.0,5.0,6.0,2.0,1255.0,1.0,5.0,1.0,1.0,6-11 años,7.135687347028144,1,1,1,0
0,19.0,2.0,2.0,5.0,6.0,1.0,1745.7833251953125,4.0,5.0,1.0,1.0,17-19 años,7.465531275650634,1,1,1,1
1,6.0,1.0,2.0,5.0,6.0,2.0,1444.8499755859375,0.0,5.0,1.0,1.0,6-11 años,7.2764526460124745,1,1,1,0
0,19.0,1.0,2.0,5.0,27.0,1.0,1923.77783203125,3.0,5.0,1.0,1.0,17-19 años,7.562565828129597,1,1,1,1
0,18.0,1.0,2.0,5.0,27.0,2.0,1923.77783203125,3.0,5.0,1.0,1.0,17-19 años,7.562565828129597,1,1,1,1
1,13.0,2.0,2.0,5.0,27.0,1.0,1923.77783203125,2.0,5.0,1.0,1.0,12-14 años,7.562565828129597,1,1,1,0
1,11.0,2.0,2.0,5.0,6.0,1.0,792.6979370117188,1.0,5.0,1.0,1.0,6-11 años,6.676702956889368,1,1,1,0
1,9.0,2.0,2.0,5.0,6.0,1.0,792.6979370117188,1.0,5.0,1.0,1.0,6-11 años,6.676702956889368,1,1,1,0
1,8.0,1.0,2.0,5.0,6.0,1.0,792.6979370117188,1.0,5.0,1.0,1.0,6-11 años,6.676702956889368,1,1,1,0
1,8.0,2.0,2.0,5.0,27.0,1.0,2228.125,1.0,8.0,1.0,1.0,6-11 años,7.709364410772677,1,1,1,0
1,11.0,1.0,2.0,5.0,27.0,2.0,142.7777862548828,1.0,5.0,3.0,1.0,6-11 años,4.968268956684397,1,1,0,0
1,9.0,1.0,2.0,5.0,6.0,2.0,1008.3333129882812,1.0,5.0,1.0,1.0,6-11 años,6.917045305732309,1,1,1,0
0,19.0,1.0,2.0,5.0,6.0,2.0,2033.3333740234375,4.0,5.0,2.0,1.0,17-19 años,7.617923463878075,1,1,1,1
1,10.0,2.0,2.0,5.0,6.0,2.0,928.0208129882812,1.0,5.0,1.0,1.0,6-11 años,6.834131142210116,1,1,1,0
1,9.0,1.0,2.0,5.0,6.0,2.0,3202.778076171875,1.0,5.0,2.0,1.0,6-11 años,8.072086041173826,1,1,1,0
1,14.0,1.0,2.0,5.0,6.0,2.0,1520.8333740234375,3.0,8.0,1.0,1.0,12-14 años,7.327671054125841,1,1,1,0
1,11.0,1.0,2.0,5.0,6.0,2.0,1520.8333740234375,1.0,8.0,1.0,1.0,6-11 años,7.327671054125841,1,1,1,0
1,15.0,1.0,2.0,5.0,6.0,2.0,2343.75,3.0,5.0,1.0,1.0,15-16 años,7.759934065389048,1,1,1,0
1,10.0,2.0,2.0,5.0,6.0,2.0,2343.75,1.0,5.0,1.0,1.0,6-11 años,7.759934065389048,1,1,1,0
1,18.0,1.0,2.0,5.0,6.0,2.0,1677.77783203125,3.0,5.0,2.0,1.0,17-19 años,7.4258213267208655,1,1,1,0
1,12.0,1.0,2.0,5.0,6.0,2.0,723.8167114257812,1.0,8.0,7.0,1.0,12-14 años,6.585918811065869,1,1,0,0
1,10.0,1.0,2.0,5.0,6.0,2.0,723.8167114257812,1.0,8.0,7.0,1.0,6-11 años,6.585918811065869,1,1,0,0
1,18.0,1.0,2.0,5.0,6.0,2.0,1545.8800048828125,3.0,5.0,7.0,1.0,17-19 años,7.343995281231619,1,1,0,0
1,16.0,2.0,2.0,5.0,6.0,2.0,1545.8800048828125,3.0,5.0,7.0,1.0,15-16 años,7.343995281231619,1,1,0,0
1,10.0,2.0,2.0,5.0,6.0,2.0,1545.8800048828125,1.0,5.0,7.0,1.0,6-11 años,7.343995281231619,1,1,0,0
1,11.0,1.0,2.0,5.0,6.0,2.0,1378.4000244140625,1.0,5.0,7.0,1.0,6-11 años,7.229403918696236,1,1,0,0
1,9.0,2.0,2.0,5.0,6.0,2.0,1378.4000244140625,1.0,5.0,7.0,1.0,6-11 años,7.229403918696236,1,1,0,0
1,6.0,1.0,2.0,5.0,6.0,2.0,1378.4000244140625,0.0,5.0,7.0,1.0,6-11 años,7.229403918696236,1,1,0,0
1,12.0,2.0,2.0,5.0,27.0,2.0,1640.0,1.0,5.0,7.0,1.0,12-14 años,7.403061091090091,1,1,0,0
1,7.0,2.0,2.0,5.0,6.0,2.0,1640.0,0.0,5.0,7.0,1.0,6-11 años,7.403061091090091,1,1,0,0
1,7.0,1.0,2.0,5.0,6.0,2.0,1640.0,0.0,5.0,7.0,1.0,6-11 años,7.403061091090091,1,1,0,0
1,18.0,1.0,2.0,5.0,6.0,2.0,110.0,3.0,5.0,1.0,1.0,17-19 años,4.709530201312334,1,1,1,0
1,13.0,2.0,2.0,5.0,6.0,2.0,110.0,2.0,5.0,1.0,1.0,12-14 años,4.709530201312334,1,1,1,0
1,9.0,1.0,2.0,5.0,6.0,2.0,1681.0208740234375,1.0,5.0,1.0,1.0,6-11 años,7.427751250695743,1,1,1,0
1,16.0,1.0,2.0,5.0,6.0,2.0,2388.388916015625,3.0,8.0,2.0,1.0,15-16 años,7.778792928557442,1,1,1,0
1,12.0,2.0,2.0,5.0,6.0,2.0,2388.388916015625,1.0,8.0,2.0,1.0,12-14 años,7.778792928557442,1,1,1,0
1,9.0,2.0,2.0,5.0,6.0,2.0,2388.388916015625,1.0,8.0,2.0,1.0,6-11 años,7.778792928557442,1,1,1,0
1,10.0,2.0,2.0,5.0,6.0,2.0,1058.3333740234375,1.0,8.0,1.0,1.0,6-11 años,6.9653950968395995,1,1,1,0
1,10.0,1.0,2.0,5.0,6.0,2.0,101.66666412353516,1.0,5.0,2.0,1.0,6-11 años,4.631487469534703,1,1,1,0
1,15.0,1.0,2.0,5.0,27.0,2.0,111.25,3.0,5.0,2.0,1.0,15-16 años,4.720728526622364,1,1,1,0
1,13.0,1.0,2.0,5.0,6.0,2.0,111.25,3.0,5.0,2.0,1.0,12-14 años,4.720728526622364,1,1,1,0
0,18.0,1.0,2.0,5.0,6.0,2.0,772.9166870117188,4.0,5.0,1.0,1.0,17-19 años,6.651464228276435,1,1,1,1
0,18.0,1.0,2.0,5.0,6.0,2.0,636.6666259765625,3.0,5.0,2.0,1.0,17-19 años,6.457815616961209,1,1,1,1
1,13.0,1.0,2.0,5.0,6.0,2.0,636.6666259765625,2.0,5.0,2.0,1.0,12-14 años,6.457815616961209,1,1,1,0
1,17.0,1.0,2.0,5.0,6.0,2.0,866.6666870117188,3.0,5.0,2.0,1.0,17-19 años,6.76580763977446,1,1,1,0
1,15.0,2.0,2.0,5.0,6.0,2.0,866.6666870117188,3.0,5.0,2.0,1.0,15-16 años,6.76580763977446,1,1,1,0
1,15.0,2.0,2.0,5.0,27.0,1.0,454.1666564941406,3.0,1.0,7.0,1.0,15-16 años,6.120663629896636,1,1,0,0
1,8.0,1.0,2.0,5.0,6.0,2.0,268.6111145019531,1.0,5.0,7.0,1.0,6-11 años,5.59698060408584,1,1,0,0
1,11.0,1.0,2.0,5.0,6.0,2.0,922.2000122070312,1.0,5.0,7.0,1.0,6-11 años,6.8278459089763555,1,1,0,0
1,7.0,1.0,2.0,5.0,6.0,2.0,922.2000122070312,1.0,5.0,7.0,1.0,6-11 años,6.8278459089763555,1,1,0,0
1,12.0,2.0,2.0,5.0,27.0,1.0,1396.2667236328125,3.0,5.0,7.0,1.0,12-14 años,7.242273267040651,1,1,0,0
1,13.0,2.0,2.0,5.0,27.0,1.0,659.3333129882812,2.0,5.0,7.0,1.0,12-14 años,6.492744727220165,1,1,0,0
1,11.0,2.0,2.0,5.0,27.0,1.0,659.3333129882812,1.0,5.0,7.0,1.0,6-11 años,6.492744727220165,1,1,0,0
1,8.0,1.0,2.0,5.0,6.0,1.0,659.3333129882812,1.0,5.0,7.0,1.0,6-11 años,6.492744727220165,1,1,0,0
1,17.0,1.0,2.0,5.0,6.0,2.0,925.0,3.0,5.0,7.0,1.0,17-19 años,6.8308742346461795,1,1,0,0
1,6.0,2.0,2.0,5.0,6.0,2.0,141.6666717529297,0.0,5.0,7.0,1.0,6-11 años,4.960510942565063,1,1,0,0
1,16.0,2.0,2.0,5.0,6.0,2.0,183.33334350585938,3.0,1.0,7.0,1.0,15-16 años,5.216745768039718,1,1,0,0
1,11.0,2.0,2.0,5.0,6.0,2.0,151.2083282470703,1.0,5.0,7.0,1.0,6-11 años,5.025250163030881,1,1,0,0
1,15.0,1.0,2.0,5.0,27.0,2.0,66.11111450195312,3.0,1.0,7.0,1.0,15-16 años,4.206349671124386,1,1,0,0
1,12.0,2.0,2.0,5.0,27.0,2.0,66.11111450195312,2.0,1.0,7.0,1.0,12-14 años,4.206349671124386,1,1,0,0
1,7.0,1.0,2.0,5.0,6.0,2.0,40.83333206176758,1.0,5.0,8.0,1.0,6-11 años,3.7336934395077344,1,1,0,0
1,7.0,1.0,2.0,5.0,6.0,2.0,3139.074951171875,0.0,5.0,8.0,1.0,6-11 años,8.05200194841738,1,1,0,0
1,14.0,1.0,2.0,5.0,6.0,2.0,832.7400512695312,3.0,5.0,8.0,1.0,12-14 años,6.725921664648333,1,1,0,0
1,11.0,2.0,2.0,5.0,6.0,2.0,832.7400512695312,1.0,5.0,8.0,1.0,6-11 años,6.725921664648333,1,1,0,0
1,10.0,1.0,2.0,5.0,6.0,2.0,832.7400512695312,1.0,5.0,8.0,1.0,6-11 años,6.725921664648333,1,1,0,0
1,11.0,1.0,2.0,5.0,6.0,2.0,8806.9775390625,1.0,5.0,8.0,1.0,6-11 años,9.08341312833824,1,1,0,0
1,14.0,1.0,2.0,5.0,6.0,2.0,6427.388671875,3.0,5.0,8.0,1.0,12-14 años,8.768479190473592,1,1,0,0
1,13.0,1.0,2.0,5.0,6.0,2.0,3084.375,3.0,8.0,2.0,1.0,12-14 años,8.034428484867888,1,1,1,0
1,15.0,1.0,2.0,5.0,6.0,2.0,1172.2222900390625,3.0,5.0,1.0,1.0,15-16 años,7.0675093362742105,1,1,1,0
1,13.0,2.0,2.0,5.0,6.0,2.0,1172.2222900390625,3.0,5.0,1.0,1.0,12-14 años,7.0675093362742105,1,1,1,0
1,13.0,2.0,2.0,5.0,6.0,2.0,677.2916259765625,2.0,5.0,1.0,1.0,12-14 años,6.519577322271466,1,1,1,0
1,8.0,2.0,2.0,5.0,6.0,2.0,677.2916259765625,1.0,5.0,1.0,1.0,6-11 años,6.519577322271466,1,1,1,0
1,15.0,1.0,2.0,5.0,6.0,2.0,703.7714233398438,3.0,3.0,7.0,1.0,15-16 años,6.557873528027896,1,1,0,0
1,12.0,1.0,2.0,5.0,6.0,2.0,703.7714233398438,2.0,3.0,7.0,1.0,12-14 años,6.557873528027896,1,1,0,0
1,8.0,2.0,2.0,5.0,6.0,2.0,703.7714233398438,1.0,3.0,7.0,1.0,6-11 años,6.557873528027896,1,1,0,0
1,6.0,1.0,2.0,5.0,6.0,2.0,703.7714233398438,0.0,3.0,7.0,1.0,6-11 años,6.557873528027896,1,1,0,0
1,14.0,1.0,2.0,5.0,6.0,2.0,1820.0,3.0,3.0,7.0,1.0,12-14 años,7.507141079727608,1,1,0,0
1,7.0,1.0,2.0,5.0,6.0,2.0,1820.0,1.0,3.0,7.0,1.0,6-11 años,7.507141079727608,1,1,0,0
1,10.0,1.0,2.0,5.0,6.0,2.0,858.3333129882812,1.0,3.0,7.0,1.0,6-11 años,6.756156871155633,1,1,0,0
1,6.0,1.0,2.0,5.0,6.0,2.0,858.3333129882812,0.0,3.0,7.0,1.0,6-11 años,6.756156871155633,1,1,0,0
1,13.0,1.0,2.0,5.0,6.0,2.0,1341.6666259765625,3.0,3.0,7.0,1.0,12-14 años,7.202412934864903,1,1,0,0
1,17.0,2.0,2.0,5.0,6.0,2.0,3020.0,3.0,3.0,7.0,1.0,17-19 años,8.013343181386672,1,1,0,0
1,9.0,1.0,2.0,5.0,6.0,2.0,3020.0,1.0,3.0,7.0,1.0,6-11 años,8.013343181386672,1,1,0,0
1,18.0,2.0,2.0,5.0,6.0,2.0,510.0,3.0,3.0,7.0,1.0,17-19 años,6.236369590203704,1,1,0,0
0,18.0,2.0,2.0,5.0,27.0,1.0,821.1904296875,4.0,5.0,1.0,1.0,17-19 años,6.711972034512186,1,1,1,1
1,17.0,2.0,2.0,5.0,6.0,1.0,821.1904296875,3.0,5.0,1.0,1.0,17-19 años,6.711972034512186,1,1,1,0
1,16.0,2.0,2.0,5.0,6.0,1.0,821.1904296875,3.0,5.0,1.0,1.0,15-16 años,6.711972034512186,1,1,1,0
1,14.0,1.0,2.0,5.0,6.0,1.0,821.1904296875,3.0,5.0,1.0,1.0,12-14 años,6.711972034512186,1,1,1,0
1,9.0,1.0,2.0,5.0,6.0,1.0,821.1904296875,1.0,5.0,1.0,1.0,6-11 años,6.711972034512186,1,1,1,0
1,8.0,2.0,2.0,5.0,27.0,1.0,835.5277709960938,1.0,5.0,1.0,1.0,6-11 años,6.729259718914768,1,1,1,0
1,12.0,2.0,2.0,5.0,6.0,2.0,1220.5556640625,1.0,6.0,2.0,1.0,12-14 años,7.107880459911242,1,1,1,0
1,10.0,2.0,2.0,5.0,6.0,2.0,1220.5556640625,1.0,6.0,2.0,1.0,6-11 años,7.107880459911242,1,1,1,0
1,19.0,2.0,2.0,5.0,27.0,1.0,1082.5,4.0,5.0,2.0,1.0,17-19 años,6.987951820976414,1,1,1,0
1,13.0,2.0,2.0,5.0,6.0,2.0,927.9666748046875,3.0,5.0,1.0,1.0,12-14 años,6.834072866054905,1,1,1,0
1,11.0,2.0,2.0,5.0,6.0,2.0,927.9666748046875,1.0,5.0,1.0,1.0,6-11 años,6.834072866054905,1,1,1,0
1,6.0,2.0,2.0,5.0,6.0,2.0,927.9666748046875,0.0,5.0,1.0,1.0,6-11 años,6.834072866054905,1,1,1,0
1,7.0,2.0,2.0,5.0,6.0,2.0,380.625,1.0,5.0,1.0,1.0,6-11 años,5.944438451055042,1,1,1,0
1,13.0,1.0,2.0,5.0,6.0,2.0,1413.3333740234375,1.0,8.0,2.0,1.0,12-14 años,7.254413585304027,1,1,1,0
1,7.0,2.0,2.0,5.0,6.0,2.0,2178.888916015625,0.0,8.0,2.0,1.0,6-11 años,7.687029198528701,1,1,1,0
1,14.0,1.0,2.0,5.0,6.0,2.0,2049.16650390625,3.0,8.0,2.0,1.0,12-14 años,7.625676290251856,1,1,1,0
1,6.0,1.0,2.0,5.0,6.0,2.0,2049.16650390625,0.0,8.0,2.0,1.0,6-11 años,7.625676290251856,1,1,1,0
1,18.0,2.0,2.0,5.0,6.0,1.0,1515.5,4.0,8.0,1.0,1.0,17-19 años,7.324160327128636,1,1,1,0
1,11.0,2.0,2.0,5.0,6.0,2.0,1674.9998779296875,1.0,8.0,1.0,1.0,6-11 años,7.42416520820771,1,1,1,0
1,9.0,1.0,2.0,5.0,6.0,2.0,1202.666748046875,1.0,8.0,1.0,1.0,6-11 años,7.093127800219599,1,1,1,0
1,6.0,2.0,2.0,5.0,6.0,2.0,1202.666748046875,0.0,8.0,1.0,1.0,6-11 años,7.093127800219599,1,1,1,0
1,10.0,2.0,2.0,5.0,6.0,2.0,837.5,1.0,8.0,8.0,1.0,6-11 años,6.731614581263264,1,1,0,0
1,11.0,2.0,2.0,5.0,6.0,2.0,98.75,1.0,5.0,2.0,1.0,6-11 años,4.602667055769973,1,1,1,0
1,7.0,2.0,2.0,5.0,6.0,2.0,105.5555648803711,1.0,5.0,8.0,1.0,6-11 años,4.668666585058518,1,1,0,0
1,14.0,2.0,2.0,5.0,27.0,2.0,305.5555725097656,3.0,5.0,8.0,1.0,12-14 años,5.725399052186571,1,1,0,0
1,14.0,2.0,2.0,5.0,6.0,2.0,2355.555419921875,3.0,8.0,7.0,1.0,12-14 años,7.7649562639832235,1,1,0,0
1,18.0,1.0,2.0,5.0,6.0,2.0,654.1428833007812,3.0,1.0,7.0,1.0,17-19 años,6.48485335428959,1,1,0,0
1,13.0,1.0,2.0,5.0,6.0,2.0,654.1428833007812,3.0,1.0,7.0,1.0,12-14 años,6.48485335428959,1,1,0,0
1,10.0,2.0,2.0,5.0,6.0,2.0,654.1428833007812,1.0,1.0,7.0,1.0,6-11 años,6.48485335428959,1,1,0,0
1,9.0,2.0,2.0,5.0,6.0,2.0,1516.6666259765625,1.0,8.0,7.0,1.0,6-11 años,7.324929319855709,1,1,0,0
1,15.0,1.0,2.0,5.0,6.0,2.0,1040.0,3.0,5.0,7.0,1.0,15-16 años,6.947937068614969,1,1,0,0
1,13.0,2.0,2.0,5.0,6.0,2.0,1040.0,3.0,5.0,7.0,1.0,12-14 años,6.947937068614969,1,1,0,0
1,12.0,2.0,2.0,5.0,6.0,2.0,1307.666748046875,1.0,8.0,7.0,1.0,12-14 años,7.176764148353884,1,1,0,0
1,7.0,2.0,2.0,5.0,6.0,2.0,1307.666748046875,1.0,8.0,7.0,1.0,6-11 años,7.176764148353884,1,1,0,0
1,6.0,2.0,2.0,5.0,6.0,2.0,1355.5555419921875,0.0,5.0,7.0,1.0,6-11 años,7.212704076334249,1,1,0,0
1,15.0,2.0,2.0,5.0,6.0,2.0,437.3133239746094,3.0,1.0,6.0,1.0,15-16 años,6.0829340061746935,1,1,0,0
1,12.0,2.0,2.0,5.0,6.0,2.0,437.3133239746094,2.0,1.0,6.0,1.0,12-14 años,6.0829340061746935,1,1,0,0
1,9.0,1.0,2.0,5.0,6.0,2.0,437.3133239746094,1.0,1.0,6.0,1.0,6-11 años,6.0829340061746935,1,1,0,0
0,18.0,1.0,2.0,5.0,27.0,2.0,719.7222290039062,1.0,1.0,6.0,1.0,17-19 años,6.580253805084415,1,1,0,1
1,15.0,1.0,2.0,5.0,27.0,1.0,74.0,3.0,5.0,8.0,1.0,15-16 años,4.31748811353631,1,1,0,0
1,13.0,1.0,2.0,5.0,27.0,1.0,74.0,3.0,5.0,8.0,1.0,12-14 años,4.31748811353631,1,1,0,0
1,10.0,1.0,2.0,5.0,27.0,1.0,74.0,1.0,5.0,8.0,1.0,6-11 años,4.31748811353631,1,1,0,0
1,9.0,1.0,2.0,5.0,27.0,1.0,74.0,1.0,5.0,8.0,1.0,6-11 años,4.31748811353631,1,1,0,0
1,7.0,1.0,2.0,5.0,6.0,1.0,74.0,1.0,5.0,8.0,1.0,6-11 años,4.31748811353631,1,1,0,0
1,16.0,1.0,2.0,5.0,27.0,1.0,333.3333435058594,3.0,1.0,8.0,1.0,15-16 años,5.812138529720125,1,1,0,0
1,14.0,2.0,2.0,5.0,27.0,1.0,333.3333435058594,3.0,1.0,8.0,1.0,12-14 años,5.812138529720125,1,1,0,0
1,11.0,1.0,2.0,5.0,27.0,1.0,333.3333435058594,2.0,1.0,8.0,1.0,6-11 años,5.812138529720125,1,1,0,0
0,18.0,2.0,2.0,5.0,6.0,1.0,452.7778015136719,3.0,1.0,8.0,1.0,17-19 años,6.117607654255644,1,1,0,1
1,13.0,1.0,2.0,5.0,27.0,1.0,452.7778015136719,2.0,1.0,8.0,1.0,12-14 años,6.117607654255644,1,1,0,0
1,16.0,2.0,2.0,5.0,6.0,1.0,73.47222137451172,3.0,1.0,7.0,1.0,15-16 años,4.31042618839694,1,1,0,0
1,13.0,2.0,2.0,5.0,27.0,1.0,73.47222137451172,3.0,1.0,7.0,1.0,12-14 años,4.31042618839694,1,1,0,0
1,10.0,1.0,2.0,5.0,6.0,1.0,73.47222137451172,1.0,1.0,7.0,1.0,6-11 años,4.31042618839694,1,1,0,0
0,15.0,2.0,2.0,5.0,6.0,1.0,82.29166412353516,2.0,1.0,7.0,1.0,15-16 años,4.42234847361961,1,1,0,1
1,17.0,1.0,2.0,5.0,27.0,1.0,73.83332824707031,3.0,1.0,7.0,1.0,17-19 años,4.315263350546317,1,1,0,0
1,15.0,1.0,2.0,5.0,6.0,1.0,73.83332824707031,3.0,1.0,7.0,1.0,15-16 años,4.315263350546317,1,1,0,0
1,10.0,2.0,2.0,5.0,27.0,2.0,28.571428298950195,1.0,1.0,7.0,1.0,6-11 años,3.3868086349958113,1,1,0,0
1,6.0,1.0,2.0,5.0,27.0,2.0,28.571428298950195,0.0,1.0,7.0,1.0,6-11 años,3.3868086349958113,1,1,0,0
1,16.0,2.0,2.0,5.0,27.0,2.0,28.571428298950195,3.0,1.0,7.0,1.0,15-16 años,3.3868086349958113,1,1,0,0
1,9.0,1.0,2.0,5.0,27.0,1.0,84.72222137451172,1.0,1.0,8.0,1.0,6-11 años,4.4511120845779555,1,1,0,0
1,6.0,1.0,2.0,5.0,27.0,1.0,84.72222137451172,0.0,1.0,8.0,1.0,6-11 años,4.4511120845779555,1,1,0,0
1,11.0,2.0,2.0,5.0,27.0,1.0,84.72222137451172,1.0,1.0,8.0,1.0,6-11 años,4.4511120845779555,1,1,0,0
1,12.0,1.0,2.0,5.0,6.0,2.0,1758.6666259765625,1.0,1.0,7.0,1.0,12-14 años,7.472879653031749,1,1,0,0
1,8.0,1.0,2.0,5.0,6.0,1.0,1758.6666259765625,1.0,1.0,7.0,1.0,6-11 años,7.472879653031749,1,1,0,0
1,6.0,2.0,2.0,5.0,27.0,2.0,295.0,0.0,1.0,7.0,1.0,6-11 años,5.69035945432406,1,1,0,0
1,11.0,2.0,2.0,5.0,27.0,1.0,67.77777862548828,1.0,1.0,7.0,1.0,6-11 años,4.230880707673731,1,1,0,0
1,10.0,1.0,2.0,5.0,6.0,1.0,52.222225189208984,1.0,1.0,7.0,1.0,6-11 años,3.974476075821836,1,1,0,0
1,8.0,2.0,2.0,5.0,6.0,1.0,52.222225189208984,1.0,1.0,7.0,1.0,6-11 años,3.974476075821836,1,1,0,0
1,10.0,2.0,2.0,5.0,27.0,2.0,30.33333396911621,1.0,5.0,7.0,2.0,6-11 años,3.444682513892837,1,0,0,0
1,8.0,1.0,2.0,5.0,27.0,2.0,30.33333396911621,1.0,5.0,7.0,2.0,6-11 años,3.444682513892837,1,0,0,0
1,10.0,1.0,2.0,5.0,27.0,2.0,691.2916870117188,1.0,1.0,7.0,1.0,6-11 años,6.540007379828726,1,1,0,0
1,6.0,1.0,2.0,5.0,6.0,2.0,691.2916870117188,0.0,1.0,7.0,1.0,6-11 años,6.540007379828726,1,1,0,0
1,8.0,1.0,2.0,5.0,27.0,2.0,267.6666564941406,1.0,1.0,7.0,1.0,6-11 años,5.593471415975518,1,1,0,0
1,8.0,2.0,2.0,5.0,27.0,2.0,267.6666564941406,1.0,1.0,7.0,1.0,6-11 años,5.593471415975518,1,1,0,0
1,12.0,1.0,2.0,5.0,27.0,2.0,146.01190185546875,1.0,1.0,7.0,1.0,12-14 años,4.9905135485044365,1,1,0,0
1,9.0,2.0,2.0,5.0,27.0,2.0,146.01190185546875,1.0,1.0,7.0,1.0,6-11 años,4.9905135485044365,1,1,0,0
1,7.0,1.0,2.0,5.0,27.0,2.0,146.01190185546875,1.0,1.0,7.0,1.0,6-11 años,4.9905135485044365,1,1,0,0
1,7.0,1.0,2.0,5.0,27.0,2.0,463.1111145019531,1.0,1.0,7.0,1.0,6-11 años,6.140123994467055,1,1,0,0
1,12.0,2.0,2.0,5.0,27.0,1.0,101.66667175292969,1.0,1.0,7.0,1.0,12-14 años,4.631487543846987,1,1,0,0
1,9.0,1.0,2.0,5.0,27.0,1.0,101.66667175292969,1.0,1.0,7.0,1.0,6-11 años,4.631487543846987,1,1,0,0
0,14.0,2.0,2.0,5.0,27.0,2.0,421.3888854980469,0.0,1.0,8.0,1.0,12-14 años,6.045926419304499,1,1,0,1
1,10.0,1.0,2.0,5.0,27.0,2.0,1043.0,1.0,1.0,7.0,1.0,6-11 años,6.950814768442584,1,1,0,0
1,7.0,2.0,2.0,5.0,27.0,2.0,1043.0,1.0,1.0,7.0,1.0,6-11 años,6.950814768442584,1,1,0,0
1,12.0,2.0,2.0,5.0,27.0,2.0,1181.833251953125,3.0,1.0,8.0,1.0,12-14 años,7.075667900495848,1,1,0,0
1,6.0,2.0,2.0,5.0,6.0,2.0,1102.5,0.0,5.0,2.0,1.0,6-11 años,7.006242225696791,1,1,1,0
1,10.0,2.0,2.0,5.0,6.0,2.0,890.0,1.0,5.0,2.0,1.0,6-11 años,6.792344427470809,1,1,1,0
1,7.0,1.0,2.0,5.0,6.0,2.0,890.0,1.0,5.0,2.0,1.0,6-11 años,6.792344427470809,1,1,1,0
1,8.0,1.0,2.0,5.0,6.0,2.0,989.25,1.0,5.0,2.0,1.0,6-11 años,6.897957436502026,1,1,1,0
1,6.0,2.0,2.0,5.0,6.0,2.0,989.25,0.0,5.0,2.0,1.0,6-11 años,6.897957436502026,1,1,1,0
0,19.0,1.0,2.0,5.0,27.0,1.0,169.7916717529297,4.0,1.0,7.0,1.0,17-19 años,5.140444519936902,1,1,0,1
1,14.0,1.0,2.0,5.0,27.0,1.0,169.7916717529297,3.0,1.0,7.0,1.0,12-14 años,5.140444519936902,1,1,0,0
1,13.0,1.0,2.0,5.0,27.0,1.0,436.3888854980469,2.0,1.0,7.0,1.0,12-14 años,6.0808226975358375,1,1,0,0
1,18.0,2.0,2.0,5.0,27.0,1.0,586.6666870117188,3.0,8.0,1.0,1.0,17-19 años,6.376159928349814,1,1,1,0
1,14.0,2.0,2.0,5.0,27.0,1.0,586.6666870117188,3.0,8.0,1.0,1.0,12-14 años,6.376159928349814,1,1,1,0
1,11.0,1.0,2.0,5.0,27.0,1.0,586.6666870117188,1.0,8.0,1.0,1.0,6-11 años,6.376159928349814,1,1,1,0
1,10.0,1.0,2.0,5.0,6.0,1.0,2883.333251953125,1.0,5.0,1.0,1.0,6-11 años,7.967049043724065,1,1,1,0
1,7.0,1.0,2.0,5.0,6.0,1.0,518.75,1.0,8.0,7.0,1.0,6-11 años,6.2533479267381225,1,1,0,0
1,12.0,1.0,2.0,5.0,6.0,1.0,1039.0333251953125,2.0,1.0,8.0,1.0,12-14 años,6.947008035079069,1,1,0,0
1,9.0,1.0,2.0,5.0,27.0,1.0,463.0833435058594,1.0,1.0,8.0,1.0,6-11 años,6.140064155721279,1,1,0,0
1,18.0,2.0,2.0,5.0,6.0,1.0,401.66668701171875,3.0,5.0,8.0,1.0,17-19 años,5.998109140352441,1,1,0,0
0,19.0,2.0,2.0,5.0,6.0,1.0,1214.1666259765625,3.0,5.0,5.0,1.0,17-19 años,7.102636487093171,1,1,0,1
1,17.0,2.0,2.0,5.0,6.0,1.0,1214.1666259765625,3.0,5.0,5.0,1.0,17-19 años,7.102636487093171,1,1,0,0
1,11.0,2.0,2.0,5.0,6.0,2.0,1214.1666259765625,1.0,5.0,5.0,1.0,6-11 años,7.102636487093171,1,1,0,0
1,8.0,2.0,2.0,5.0,6.0,2.0,1214.1666259765625,1.0,5.0,5.0,1.0,6-11 años,7.102636487093171,1,1,0,0
1,6.0,1.0,2.0,5.0,6.0,1.0,207.9166717529297,0.0,1.0,5.0,1.0,6-11 años,5.3419354727161865,1,1,0,0
1,15.0,1.0,2.0,5.0,6.0,1.0,207.9166717529297,3.0,1.0,5.0,1.0,15-16 años,5.3419354727161865,1,1,0,0
1,9.0,1.0,2.0,5.0,6.0,2.0,330.0,1.0,8.0,5.0,1.0,6-11 años,5.802118375377063,1,1,0,0
1,7.0,2.0,2.0,5.0,6.0,2.0,330.0,1.0,8.0,5.0,1.0,6-11 años,5.802118375377063,1,1,0,0
1,15.0,1.0,2.0,5.0,27.0,1.0,1678.7999267578125,3.0,5.0,7.0,1.0,15-16 años,7.426429974089795,1,1,0,0
1,15.0,2.0,2.0,5.0,6.0,1.0,3121.66650390625,3.0,5.0,7.0,1.0,15-16 años,8.04644256448719,1,1,0,0
1,18.0,2.0,2.0,5.0,6.0,1.0,111.11111450195312,3.0,1.0,7.0,1.0,17-19 años,4.719490473262759,1,1,0,0
1,16.0,2.0,2.0,5.0,6.0,1.0,111.11111450195312,3.0,1.0,7.0,1.0,15-16 años,4.719490473262759,1,1,0,0
1,13.0,1.0,2.0,5.0,6.0,1.0,111.11111450195312,3.0,1.0,7.0,1.0,12-14 años,4.719490473262759,1,1,0,0
1,14.0,1.0,2.0,5.0,6.0,1.0,111.11111450195312,3.0,1.0,7.0,1.0,12-14 años,4.719490473262759,1,1,0,0
1,15.0,2.0,2.0,5.0,27.0,2.0,206.022216796875,3.0,1.0,7.0,1.0,15-16 años,5.332826115027318,1,1,0,0
1,11.0,1.0,2.0,5.0,27.0,2.0,206.022216796875,1.0,1.0,7.0,1.0,6-11 años,5.332826115027318,1,1,0,0
1,18.0,2.0,2.0,5.0,27.0,1.0,151.3333282470703,3.0,1.0,7.0,1.0,17-19 años,5.02607106883706,1,1,0,0
1,17.0,1.0,2.0,5.0,27.0,2.0,151.3333282470703,3.0,1.0,7.0,1.0,17-19 años,5.02607106883706,1,1,0,0
1,14.0,1.0,2.0,5.0,27.0,2.0,151.3333282470703,3.0,1.0,7.0,1.0,12-14 años,5.02607106883706,1,1,0,0
1,10.0,2.0,2.0,5.0,6.0,2.0,402.2221984863281,1.0,1.0,8.0,2.0,6-11 años,5.999487771011308,1,0,0,0
0,16.0,2.0,2.0,5.0,27.0,2.0,58.92856979370117,2.0,1.0,7.0,1.0,15-16 años,4.093153349571633,1,1,0,1
0,14.0,2.0,2.0,5.0,27.0,2.0,58.92856979370117,2.0,1.0,7.0,1.0,12-14 años,4.093153349571633,1,1,0,1
0,12.0,1.0,2.0,5.0,27.0,2.0,58.92856979370117,2.0,1.0,7.0,1.0,12-14 años,4.093153349571633,1,1,0,1
1,10.0,1.0,2.0,5.0,27.0,2.0,58.92856979370117,1.0,1.0,7.0,1.0,6-11 años,4.093153349571633,1,1,0,0
1,8.0,2.0,2.0,5.0,27.0,2.0,58.92856979370117,0.0,1.0,7.0,1.0,6-11 años,4.093153349571633,1,1,0,0
1,14.0,1.0,2.0,5.0,27.0,2.0,225.20834350585938,2.0,1.0,8.0,1.0,12-14 años,5.421456448527227,1,1,0,0
1,12.0,1.0,2.0,5.0,27.0,2.0,225.20834350585938,1.0,1.0,8.0,1.0,12-14 años,5.421456448527227,1,1,0,0
1,9.0,1.0,2.0,5.0,6.0,2.0,1815.02783203125,1.0,8.0,7.0,1.0,6-11 años,7.5044068850521946,1,1,0,0
1,7.0,1.0,2.0,5.0,6.0,2.0,1815.02783203125,1.0,8.0,7.0,1.0,6-11 años,7.5044068850521946,1,1,0,0
1,12.0,1.0,2.0,5.0,6.0,2.0,708.2000122070312,1.0,8.0,7.0,1.0,12-14 años,6.5641375914124485,1,1,0,0
1,8.0,1.0,2.0,5.0,6.0,2.0,708.2000122070312,1.0,8.0,7.0,1.0,6-11 años,6.5641375914124485,1,1,0,0
1,19.0,1.0,2.0,5.0,6.0,2.0,3050.0,3.0,8.0,7.0,1.0,17-19 años,8.02322468471667,1,1,0,0
1,17.0,1.0,2.0,5.0,6.0,2.0,3050.0,3.0,8.0,7.0,1.0,17-19 años,8.02322468471667,1,1,0,0
1,14.0,1.0,2.0,5.0,6.0,2.0,3050.0,3.0,8.0,7.0,1.0,12-14 años,8.02322468471667,1,1,0,0
1,14.0,1.0,2.0,5.0,27.0,1.0,156.25,3.0,1.0,7.0,1.0,12-14 años,5.05783689558055,1,1,0,0
1,6.0,2.0,2.0,5.0,27.0,2.0,156.25,0.0,1.0,7.0,1.0,6-11 años,5.05783689558055,1,1,0,0
1,16.0,1.0,2.0,5.0,27.0,2.0,118.75,3.0,1.0,7.0,1.0,15-16 años,4.785406236291025,1,1,0,0
1,7.0,2.0,2.0,5.0,27.0,2.0,118.75,0.0,1.0,7.0,1.0,6-11 años,4.785406236291025,1,1,0,0
1,9.0,2.0,2.0,5.0,27.0,2.0,46.13095474243164,1.0,8.0,7.0,1.0,6-11 años,3.8529299983674528,1,1,0,0
1,7.0,2.0,2.0,5.0,27.0,2.0,46.13095474243164,0.0,8.0,7.0,1.0,6-11 años,3.8529299983674528,1,1,0,0
1,14.0,1.0,2.0,5.0,27.0,1.0,562.7380981445312,3.0,8.0,7.0,1.0,12-14 años,6.334589778655281,1,1,0,0
1,10.0,2.0,2.0,5.0,27.0,1.0,562.7380981445312,1.0,8.0,7.0,1.0,6-11 años,6.334589778655281,1,1,0,0
1,9.0,2.0,2.0,5.0,27.0,1.0,562.7380981445312,1.0,8.0,7.0,1.0,6-11 años,6.334589778655281,1,1,0,0
1,14.0,1.0,2.0,5.0,27.0,1.0,54.4444465637207,3.0,8.0,7.0,1.0,12-14 años,4.015381556638718,1,1,0,0
1,12.0,2.0,2.0,5.0,27.0,1.0,54.4444465637207,1.0,8.0,7.0,1.0,12-14 años,4.015381556638718,1,1,0,0
1,9.0,1.0,2.0,5.0,27.0,1.0,54.4444465637207,1.0,8.0,7.0,1.0,6-11 años,4.015381556638718,1,1,0,0
1,9.0,2.0,2.0,5.0,27.0,2.0,112.6333236694336,1.0,8.0,7.0,1.0,6-11 años,4.732976805431159,1,1,0,0
1,6.0,2.0,2.0,5.0,27.0,2.0,112.6333236694336,0.0,8.0,7.0,1.0,6-11 años,4.732976805431159,1,1,0,0
1,13.0,2.0,2.0,5.0,6.0,2.0,57.29166793823242,3.0,8.0,7.0,1.0,12-14 años,4.065459166131387,1,1,0,0
1,11.0,1.0,2.0,5.0,6.0,2.0,57.29166793823242,1.0,8.0,7.0,1.0,6-11 años,4.065459166131387,1,1,0,0
1,16.0,2.0,2.0,5.0,27.0,2.0,166.6666717529297,3.0,5.0,7.0,1.0,15-16 años,5.1219779117671935,1,1,0,0
1,14.0,1.0,2.0,5.0,27.0,2.0,166.6666717529297,3.0,5.0,7.0,1.0,12-14 años,5.1219779117671935,1,1,0,0
1,10.0,2.0,2.0,5.0,27.0,2.0,166.6666717529297,1.0,5.0,7.0,1.0,6-11 años,5.1219779117671935,1,1,0,0
0,17.0,2.0,2.0,5.0,6.0,1.0,111.11111450195312,3.0,8.0,6.0,1.0,17-19 años,4.719490473262759,1,1,0,1
1,19.0,2.0,2.0,5.0,27.0,1.0,470.8333435058594,3.0,1.0,6.0,1.0,17-19 años,6.1566258374434195,1,1,0,0
0,17.0,2.0,2.0,5.0,27.0,1.0,136.0416717529297,3.0,5.0,6.0,1.0,17-19 años,4.92028505295583,1,1,0,1
1,10.0,1.0,2.0,5.0,6.0,1.0,136.0416717529297,1.0,5.0,6.0,1.0,6-11 años,4.92028505295583,1,1,0,0
0,19.0,2.0,2.0,5.0,6.0,2.0,167.0833282470703,3.0,1.0,6.0,1.0,17-19 años,5.124459857905846,1,1,0,1
1,8.0,1.0,2.0,5.0,6.0,2.0,352.5000305175781,1.0,5.0,6.0,1.0,6-11 años,5.867883571666407,1,1,0,0
0,18.0,2.0,2.0,5.0,27.0,2.0,588.4583129882812,1.0,5.0,7.0,1.0,17-19 años,6.379204001596162,1,1,0,1
1,8.0,2.0,2.0,5.0,6.0,2.0,154.41665649414062,1.0,5.0,7.0,1.0,6-11 años,5.046109616836663,1,1,0,0
1,6.0,1.0,2.0,5.0,6.0,2.0,154.41665649414062,0.0,5.0,7.0,1.0,6-11 años,5.046109616836663,1,1,0,0
1,12.0,1.0,2.0,5.0,27.0,1.0,268.5416564941406,1.0,5.0,7.0,1.0,12-14 años,5.596722947955952,1,1,0,0
1,9.0,2.0,2.0,5.0,27.0,1.0,268.5416564941406,1.0,5.0,7.0,1.0,6-11 años,5.596722947955952,1,1,0,0
1,8.0,2.0,2.0,5.0,27.0,1.0,254.1666717529297,1.0,5.0,7.0,1.0,6-11 años,5.54191694636273,1,1,0,0
1,12.0,1.0,2.0,5.0,6.0,2.0,456.09332275390625,1.0,5.0,7.0,1.0,12-14 años,6.124887577385688,1,1,0,0
1,14.0,1.0,2.0,5.0,27.0,2.0,195.1666717529297,3.0,5.0,7.0,1.0,12-14 años,5.278964663960495,1,1,0,0
1,10.0,1.0,2.0,5.0,27.0,2.0,195.1666717529297,1.0,5.0,7.0,1.0,6-11 años,5.278964663960495,1,1,0,0
1,7.0,2.0,2.0,5.0,27.0,2.0,195.1666717529297,0.0,5.0,7.0,1.0,6-11 años,5.278964663960495,1,1,0,0
1,9.0,2.0,2.0,5.0,6.0,2.0,862.5,1.0,5.0,7.0,1.0,6-11 años,6.760993897586733,1,1,0,0
1,12.0,1.0,2.0,5.0,27.0,2.0,405.0000305175781,2.0,6.0,7.0,1.0,12-14 años,6.006353234768178,1,1,0,0
1,9.0,2.0,2.0,5.0,27.0,2.0,405.0000305175781,1.0,6.0,7.0,1.0,6-11 años,6.006353234768178,1,1,0,0
1,10.0,2.0,2.0,5.0,6.0,1.0,414.16668701171875,1.0,5.0,7.0,1.0,6-11 años,6.028680095038665,1,1,0,0
1,14.0,1.0,2.0,5.0,6.0,2.0,419.5,3.0,5.0,8.0,1.0,12-14 años,6.041444479413003,1,1,0,0
1,12.0,1.0,2.0,5.0,6.0,2.0,419.5,2.0,5.0,8.0,1.0,12-14 años,6.041444479413003,1,1,0,0
1,6.0,1.0,2.0,5.0,6.0,2.0,579.1666870117188,0.0,5.0,8.0,1.0,6-11 años,6.363315453650983,1,1,0,0
1,15.0,2.0,2.0,5.0,6.0,2.0,1789.5833740234375,3.0,5.0,7.0,1.0,15-16 años,7.490296753014224,1,1,0,0
1,13.0,2.0,2.0,5.0,6.0,2.0,1789.5833740234375,3.0,5.0,7.0,1.0,12-14 años,7.490296753014224,1,1,0,0
1,6.0,2.0,2.0,5.0,6.0,2.0,1789.5833740234375,1.0,5.0,7.0,1.0,6-11 años,7.490296753014224,1,1,0,0
0,16.0,1.0,2.0,5.0,6.0,2.0,2058.7998046875,1.0,5.0,2.0,1.0,15-16 años,7.630364074870598,1,1,1,1
1,16.0,1.0,2.0,5.0,6.0,2.0,1173.3333740234375,3.0,1.0,8.0,1.0,15-16 años,7.068455924322662,1,1,0,0
1,15.0,1.0,2.0,5.0,6.0,2.0,1557.5,3.0,5.0,8.0,1.0,15-16 años,7.351479099207392,1,1,0,0
1,13.0,1.0,2.0,5.0,6.0,2.0,1557.5,2.0,5.0,8.0,1.0,12-14 años,7.351479099207392,1,1,0,0
1,16.0,2.0,2.0,5.0,27.0,1.0,534.0,3.0,5.0,6.0,1.0,15-16 años,6.282266746896006,1,1,0,0
1,14.0,1.0,2.0,5.0,6.0,2.0,534.0,3.0,5.0,6.0,1.0,12-14 años,6.282266746896006,1,1,0,0
1,8.0,1.0,2.0,5.0,6.0,2.0,534.0,1.0,5.0,6.0,1.0,6-11 años,6.282266746896006,1,1,0,0
1,14.0,1.0,2.0,5.0,27.0,1.0,740.4166870117188,3.0,5.0,8.0,1.0,12-14 años,6.608562797897547,1,1,0,0
1,9.0,1.0,2.0,5.0,6.0,2.0,159.58334350585938,1.0,5.0,5.0,1.0,6-11 años,5.078813081973698,1,1,0,0
1,7.0,2.0,2.0,5.0,6.0,2.0,159.58334350585938,1.0,5.0,5.0,1.0,6-11 años,5.078813081973698,1,1,0,0
1,18.0,2.0,2.0,5.0,6.0,2.0,304.4444580078125,3.0,5.0,5.0,1.0,17-19 años,5.721767955234378,1,1,0,0
0,19.0,1.0,2.0,5.0,6.0,2.0,150.0,4.0,5.0,5.0,1.0,17-19 años,5.017279836814924,1,1,0,1
1,17.0,2.0,2.0,5.0,6.0,2.0,150.0,3.0,5.0,5.0,1.0,17-19 años,5.017279836814924,1,1,0,0
1,14.0,2.0,2.0,5.0,6.0,2.0,150.0,3.0,5.0,5.0,1.0,12-14 años,5.017279836814924,1,1,0,0
1,12.0,2.0,2.0,5.0,6.0,2.0,150.0,2.0,5.0,5.0,1.0,12-14 años,5.017279836814924,1,1,0,0
1,10.0,2.0,2.0,5.0,6.0,2.0,150.0,1.0,5.0,5.0,1.0,6-11 años,5.017279836814924,1,1,0,0
1,9.0,2.0,2.0,5.0,6.0,2.0,5330.85400390625,1.0,5.0,7.0,1.0,6-11 años,8.581454299810874,1,1,0,0
1,10.0,1.0,2.0,5.0,6.0,2.0,2179.813232421875,1.0,5.0,7.0,1.0,6-11 años,7.687453128615475,1,1,0,0
1,18.0,1.0,2.0,5.0,6.0,2.0,1249.300048828125,3.0,5.0,7.0,1.0,17-19 años,7.1311388405540805,1,1,0,0
1,14.0,2.0,2.0,5.0,6.0,2.0,1249.300048828125,3.0,5.0,7.0,1.0,12-14 años,7.1311388405540805,1,1,0,0
1,7.0,1.0,2.0,5.0,6.0,2.0,249.63333129882812,1.0,1.0,7.0,1.0,6-11 años,5.523991039598415,1,1,0,0
1,16.0,2.0,2.0,5.0,6.0,2.0,516.6666259765625,3.0,5.0,7.0,1.0,15-16 años,6.249331455877669,1,1,0,0
1,10.0,1.0,2.0,5.0,6.0,2.0,516.6666259765625,1.0,5.0,7.0,1.0,6-11 años,6.249331455877669,1,1,0,0
1,19.0,2.0,2.0,5.0,6.0,2.0,511.8388671875,4.0,5.0,7.0,1.0,17-19 años,6.239961696781624,1,1,0,0
1,12.0,1.0,2.0,5.0,6.0,2.0,511.8388671875,1.0,5.0,7.0,1.0,12-14 años,6.239961696781624,1,1,0,0
1,10.0,2.0,2.0,5.0,6.0,2.0,511.8388671875,1.0,5.0,7.0,1.0,6-11 años,6.239961696781624,1,1,0,0
1,8.0,2.0,2.0,5.0,6.0,2.0,511.8388671875,1.0,5.0,7.0,1.0,6-11 años,6.239961696781624,1,1,0,0
1,12.0,1.0,2.0,5.0,6.0,2.0,630.0000610351562,2.0,1.0,6.0,1.0,12-14 años,6.447305959268873,1,1,0,0
1,10.0,2.0,2.0,5.0,6.0,2.0,630.0000610351562,1.0,1.0,6.0,1.0,6-11 años,6.447305959268873,1,1,0,0
1,8.0,1.0,2.0,5.0,6.0,2.0,630.0000610351562,1.0,1.0,6.0,1.0,6-11 años,6.447305959268873,1,1,0,0
1,6.0,2.0,2.0,5.0,6.0,2.0,630.0000610351562,0.0,1.0,6.0,1.0,6-11 años,6.447305959268873,1,1,0,0
1,8.0,2.0,2.0,5.0,27.0,2.0,874.5833129882812,1.0,8.0,6.0,1.0,6-11 años,6.774890307664777,1,1,0,0
1,7.0,2.0,2.0,5.0,6.0,1.0,401.2500305175781,0.0,1.0,6.0,1.0,6-11 años,5.997073861739682,1,1,0,0
1,11.0,2.0,2.0,5.0,6.0,2.0,508.3333435058594,1.0,5.0,6.0,1.0,6-11 años,6.233102701030593,1,1,0,0
1,8.0,1.0,2.0,5.0,6.0,1.0,508.3333435058594,1.0,5.0,6.0,1.0,6-11 años,6.233102701030593,1,1,0,0
1,10.0,2.0,2.0,5.0,6.0,1.0,1025.0,1.0,1.0,6.0,1.0,6-11 años,6.933423025730715,1,1,0,0
1,16.0,1.0,2.0,5.0,6.0,1.0,1115.27783203125,3.0,5.0,6.0,1.0,15-16 años,7.017755065390512,1,1,0,0
1,7.0,1.0,2.0,5.0,6.0,2.0,726.9443969726562,1.0,5.0,6.0,1.0,6-11 años,6.590224667494941,1,1,0,0
1,17.0,1.0,2.0,5.0,6.0,2.0,733.3333129882812,3.0,5.0,6.0,1.0,17-19 años,6.59896303042876,1,1,0,0
1,18.0,1.0,1.0,6.0,6.0,2.0,2583.75,3.0,6.0,1.0,1.0,17-19 años,7.857384070466803,0,1,1,0
1,16.0,2.0,1.0,6.0,6.0,2.0,2583.75,3.0,6.0,1.0,1.0,15-16 años,7.857384070466803,0,1,1,0
1,14.0,1.0,1.0,6.0,6.0,2.0,666.6666870117188,3.0,6.0,1.0,1.0,12-14 años,6.503789077469579,0,1,1,0
1,12.0,2.0,1.0,6.0,6.0,2.0,666.6666870117188,1.0,6.0,1.0,1.0,12-14 años,6.503789077469579,0,1,1,0
1,9.0,1.0,1.0,6.0,6.0,2.0,666.6666870117188,1.0,6.0,1.0,1.0,6-11 años,6.503789077469579,0,1,1,0
1,11.0,2.0,1.0,6.0,6.0,2.0,918.9299926757812,1.0,5.0,1.0,1.0,6-11 años,6.824297572230091,0,1,1,0
1,9.0,1.0,1.0,6.0,6.0,2.0,2958.333251953125,1.0,6.0,1.0,1.0,6-11 años,7.992719269226363,0,1,1,0
1,6.0,1.0,1.0,6.0,6.0,2.0,2958.333251953125,1.0,6.0,1.0,1.0,6-11 años,7.992719269226363,0,1,1,0
1,17.0,1.0,1.0,6.0,6.0,2.0,1290.416748046875,3.0,6.0,1.0,1.0,17-19 años,7.163495149015562,0,1,1,0
1,12.0,1.0,1.0,6.0,6.0,2.0,1290.416748046875,1.0,6.0,1.0,1.0,12-14 años,7.163495149015562,0,1,1,0
1,10.0,2.0,1.0,6.0,6.0,2.0,624.0,1.0,5.0,1.0,1.0,6-11 años,6.437751649736401,0,1,1,0
1,8.0,2.0,1.0,6.0,6.0,2.0,624.0,1.0,5.0,1.0,1.0,6-11 años,6.437751649736401,0,1,1,0
1,11.0,2.0,1.0,6.0,6.0,2.0,1279.6666259765625,1.0,6.0,1.0,1.0,6-11 años,7.155136022887796,0,1,1,0
1,7.0,2.0,1.0,6.0,6.0,2.0,1279.6666259765625,1.0,6.0,1.0,1.0,6-11 años,7.155136022887796,0,1,1,0
1,18.0,1.0,1.0,6.0,6.0,2.0,1324.0,4.0,5.0,1.0,1.0,17-19 años,7.1891677384203225,0,1,1,0
1,11.0,2.0,1.0,6.0,6.0,2.0,1324.0,1.0,5.0,1.0,1.0,6-11 años,7.1891677384203225,0,1,1,0
1,7.0,2.0,1.0,6.0,6.0,2.0,1324.0,0.0,5.0,1.0,1.0,6-11 años,7.1891677384203225,0,1,1,0
1,13.0,2.0,1.0,6.0,6.0,2.0,5330.83349609375,3.0,6.0,1.0,1.0,12-14 años,8.581450453521773,0,1,1,0
1,10.0,1.0,1.0,6.0,6.0,2.0,1265.0,1.0,8.0,1.0,1.0,6-11 años,7.143617602704121,0,1,1,0
1,17.0,1.0,1.0,6.0,6.0,2.0,2000.0,3.0,8.0,1.0,1.0,17-19 años,7.601402334583733,0,1,1,0
1,14.0,1.0,1.0,6.0,6.0,2.0,2000.0,3.0,8.0,1.0,1.0,12-14 años,7.601402334583733,0,1,1,0
1,17.0,1.0,1.0,6.0,6.0,2.0,2000.0,3.0,8.0,1.0,1.0,17-19 años,7.601402334583733,0,1,1,0
1,17.0,1.0,1.0,6.0,6.0,2.0,953.0556030273438,3.0,8.0,1.0,1.0,17-19 años,6.860721953845583,0,1,1,0
1,14.0,2.0,1.0,6.0,6.0,2.0,927.3999633789062,3.0,5.0,1.0,1.0,12-14 años,6.833462634954898,0,1,1,0
1,12.0,1.0,1.0,6.0,6.0,2.0,927.3999633789062,2.0,5.0,1.0,1.0,12-14 años,6.833462634954898,0,1,1,0
1,10.0,1.0,1.0,6.0,6.0,2.0,927.3999633789062,1.0,5.0,1.0,1.0,6-11 años,6.833462634954898,0,1,1,0
1,6.0,1.0,1.0,6.0,6.0,2.0,2346.666748046875,0.0,5.0,1.0,1.0,6-11 años,7.761177240741595,0,1,1,0
1,12.0,2.0,1.0,6.0,6.0,2.0,457.5,2.0,5.0,1.0,1.0,12-14 años,6.127960291696519,0,1,1,0
1,11.0,2.0,1.0,6.0,6.0,2.0,457.5,1.0,5.0,1.0,1.0,6-11 años,6.127960291696519,0,1,1,0
1,15.0,2.0,1.0,6.0,6.0,2.0,1243.3333740234375,3.0,8.0,1.0,1.0,15-16 años,7.126355222946798,0,1,1,0
1,15.0,1.0,1.0,6.0,6.0,2.0,3250.0,3.0,8.0,1.0,1.0,15-16 años,8.086717920303906,0,1,1,0
1,15.0,1.0,1.0,6.0,6.0,2.0,2937.510986328125,3.0,5.0,1.0,1.0,15-16 años,7.985658264799545,0,1,1,0
1,17.0,1.0,1.0,6.0,6.0,2.0,2442.5,3.0,8.0,1.0,1.0,17-19 años,7.80118671671021,0,1,1,0
1,13.0,1.0,1.0,6.0,6.0,2.0,2442.5,3.0,8.0,1.0,1.0,12-14 años,7.80118671671021,0,1,1,0
1,9.0,1.0,1.0,6.0,6.0,2.0,2276.05419921875,1.0,8.0,1.0,1.0,6-11 años,7.73063786868724,0,1,1,0
1,14.0,1.0,1.0,6.0,6.0,2.0,1699.7916259765625,3.0,8.0,1.0,1.0,12-14 años,7.438849083996401,0,1,1,0
1,9.0,1.0,1.0,6.0,6.0,2.0,1699.7916259765625,1.0,8.0,1.0,1.0,6-11 años,7.438849083996401,0,1,1,0
1,15.0,1.0,1.0,6.0,6.0,2.0,1721.6875,3.0,8.0,1.0,1.0,15-16 años,7.451640850374451,0,1,1,0
1,10.0,1.0,1.0,6.0,6.0,2.0,1571.333251953125,1.0,8.0,1.0,1.0,6-11 años,7.360315942858545,0,1,1,0
1,13.0,1.0,1.0,6.0,6.0,2.0,1765.0,3.0,5.0,1.0,1.0,12-14 años,7.476472381163905,0,1,1,0
1,11.0,1.0,1.0,6.0,6.0,2.0,882.5,1.0,5.0,1.0,1.0,6-11 años,6.783891291759751,0,1,1,0
1,7.0,2.0,1.0,6.0,6.0,2.0,882.5,0.0,5.0,1.0,1.0,6-11 años,6.783891291759751,0,1,1,0
1,14.0,2.0,1.0,6.0,6.0,2.0,2215.029052734375,3.0,8.0,1.0,1.0,12-14 años,7.703472158220933,0,1,1,0
1,13.0,1.0,1.0,6.0,6.0,2.0,2215.029052734375,3.0,8.0,1.0,1.0,12-14 años,7.703472158220933,0,1,1,0
1,6.0,2.0,1.0,6.0,6.0,2.0,2500.0,0.0,6.0,1.0,1.0,6-11 años,7.824445930877619,0,1,1,0
1,19.0,2.0,1.0,6.0,6.0,2.0,1416.5,5.0,5.0,1.0,1.0,17-19 años,7.256650035601907,0,1,1,0
1,6.0,1.0,1.0,6.0,6.0,2.0,1009.7999877929688,0.0,5.0,1.0,1.0,6-11 años,6.918497363437435,0,1,1,0
1,12.0,2.0,1.0,6.0,6.0,2.0,871.4791870117188,1.0,8.0,1.0,1.0,12-14 años,6.771338799364232,0,1,1,0
1,9.0,2.0,1.0,6.0,6.0,2.0,871.4791870117188,1.0,8.0,1.0,1.0,6-11 años,6.771338799364232,0,1,1,0
1,7.0,2.0,1.0,6.0,6.0,2.0,3082.67333984375,0.0,8.0,1.0,1.0,6-11 años,8.033876808140565,0,1,1,0
1,15.0,1.0,1.0,6.0,6.0,2.0,1498.0,3.0,5.0,1.0,1.0,15-16 años,7.312553498102598,0,1,1,0
1,18.0,2.0,1.0,6.0,6.0,2.0,497.5,3.0,5.0,1.0,1.0,17-19 años,6.211603589401893,0,1,1,0
1,13.0,1.0,1.0,6.0,6.0,2.0,2302.422119140625,3.0,5.0,1.0,1.0,12-14 años,7.742151174010887,0,1,1,0
1,8.0,2.0,1.0,6.0,6.0,2.0,2151.31982421875,1.0,5.0,1.0,1.0,6-11 años,7.674301527441254,0,1,1,0
0,19.0,1.0,1.0,6.0,6.0,2.0,1717.245849609375,4.0,5.0,1.0,1.0,17-19 años,7.449059194523386,0,1,1,1
1,10.0,2.0,1.0,6.0,6.0,2.0,1717.245849609375,1.0,5.0,1.0,1.0,6-11 años,7.449059194523386,0,1,1,0
1,16.0,2.0,1.0,6.0,6.0,2.0,1013.0999755859375,3.0,5.0,1.0,1.0,15-16 años,6.92175677454334,0,1,1,0
1,9.0,2.0,1.0,6.0,6.0,2.0,1045.0,1.0,8.0,1.0,1.0,6-11 años,6.952728644624869,0,1,1,0
1,8.0,2.0,1.0,6.0,6.0,2.0,1045.0,1.0,8.0,1.0,1.0,6-11 años,6.952728644624869,0,1,1,0
1,17.0,2.0,1.0,6.0,6.0,2.0,2026.25,3.0,5.0,1.0,1.0,17-19 años,7.614435473824667,0,1,1,0
1,9.0,1.0,1.0,6.0,6.0,2.0,2026.25,1.0,5.0,1.0,1.0,6-11 años,7.614435473824667,0,1,1,0
1,6.0,1.0,1.0,6.0,6.0,2.0,2026.25,0.0,5.0,1.0,1.0,6-11 años,7.614435473824667,0,1,1,0
1,13.0,2.0,1.0,6.0,6.0,2.0,717.8571166992188,3.0,8.0,1.0,1.0,12-14 años,6.577662612936753,0,1,1,0
1,12.0,2.0,1.0,6.0,6.0,2.0,717.8571166992188,2.0,8.0,1.0,1.0,12-14 años,6.577662612936753,0,1,1,0
1,9.0,1.0,1.0,6.0,6.0,2.0,717.8571166992188,1.0,8.0,1.0,1.0,6-11 años,6.577662612936753,0,1,1,0
1,6.0,1.0,1.0,6.0,6.0,2.0,717.8571166992188,0.0,8.0,1.0,1.0,6-11 años,6.577662612936753,0,1,1,0
1,11.0,1.0,1.0,6.0,6.0,2.0,2531.625,1.0,5.0,1.0,1.0,6-11 años,7.837011593246316,0,1,1,0
1,14.0,2.0,1.0,6.0,6.0,2.0,1148.0,3.0,5.0,1.0,1.0,12-14 años,7.046647277848756,0,1,1,0
1,13.0,1.0,1.0,6.0,6.0,2.0,833.2099609375,2.0,5.0,2.0,1.0,12-14 años,6.72648512239822,0,1,1,0
1,10.0,2.0,1.0,6.0,6.0,2.0,833.2099609375,1.0,5.0,2.0,1.0,6-11 años,6.72648512239822,0,1,1,0
1,6.0,1.0,1.0,6.0,6.0,2.0,833.2099609375,0.0,5.0,2.0,1.0,6-11 años,6.72648512239822,0,1,1,0
1,15.0,1.0,1.0,6.0,6.0,2.0,3172.78125,3.0,8.0,1.0,1.0,15-16 años,8.062678979366632,0,1,1,0
1,13.0,1.0,1.0,6.0,6.0,2.0,3172.78125,3.0,8.0,1.0,1.0,12-14 años,8.062678979366632,0,1,1,0
1,12.0,2.0,1.0,6.0,6.0,2.0,1151.833251953125,2.0,8.0,1.0,1.0,12-14 años,7.04997788878105,0,1,1,0
1,11.0,2.0,1.0,6.0,6.0,2.0,1151.833251953125,1.0,8.0,1.0,1.0,6-11 años,7.04997788878105,0,1,1,0
1,18.0,1.0,1.0,6.0,6.0,2.0,4970.0,3.0,6.0,1.0,1.0,17-19 años,8.511376306094673,0,1,1,0
1,19.0,2.0,1.0,6.0,6.0,2.0,297.5,5.0,8.0,1.0,1.0,17-19 años,5.698769932832657,0,1,1,0
1,15.0,2.0,1.0,6.0,6.0,2.0,297.5,3.0,8.0,1.0,1.0,15-16 años,5.698769932832657,0,1,1,0
1,11.0,1.0,1.0,6.0,6.0,2.0,3554.733154296875,1.0,8.0,1.0,1.0,6-11 años,8.176316552844199,0,1,1,0
1,10.0,1.0,1.0,6.0,6.0,2.0,3554.733154296875,1.0,8.0,1.0,1.0,6-11 años,8.176316552844199,0,1,1,0
1,13.0,2.0,1.0,6.0,6.0,2.0,872.3333129882812,3.0,8.0,10.0,1.0,12-14 años,6.772317284791171,0,1,0,0
1,7.0,1.0,1.0,6.0,6.0,2.0,872.3333129882812,1.0,8.0,10.0,1.0,6-11 años,6.772317284791171,0,1,0,0
1,13.0,1.0,1.0,6.0,6.0,2.0,872.3333129882812,3.0,8.0,10.0,1.0,12-14 años,6.772317284791171,0,1,0,0
1,11.0,2.0,1.0,6.0,6.0,2.0,735.5999755859375,1.0,5.0,1.0,2.0,6-11 años,6.602044970866704,0,0,1,0
1,8.0,2.0,1.0,6.0,6.0,2.0,735.5999755859375,1.0,5.0,1.0,2.0,6-11 años,6.602044970866704,0,0,1,0
1,16.0,1.0,1.0,6.0,6.0,2.0,2617.708251953125,3.0,8.0,1.0,1.0,15-16 años,7.870436441568433,0,1,1,0
1,10.0,2.0,1.0,6.0,6.0,2.0,3513.333251953125,1.0,8.0,1.0,1.0,6-11 años,8.164605099752183,0,1,1,0
1,9.0,2.0,1.0,6.0,6.0,2.0,346.6666564941406,1.0,8.0,1.0,1.0,6-11 años,5.851244137073239,0,1,1,0
1,14.0,1.0,1.0,6.0,6.0,2.0,719.38330078125,3.0,5.0,1.0,1.0,12-14 años,6.5797834325518,0,1,1,0
1,16.0,1.0,1.0,6.0,6.0,2.0,620.8800048828125,3.0,6.0,1.0,1.0,15-16 años,6.432747155933235,0,1,1,0
1,10.0,1.0,1.0,6.0,6.0,2.0,620.8800048828125,1.0,6.0,1.0,1.0,6-11 años,6.432747155933235,0,1,1,0
1,8.0,1.0,1.0,6.0,6.0,2.0,620.8800048828125,1.0,6.0,1.0,1.0,6-11 años,6.432747155933235,0,1,1,0
1,8.0,2.0,1.0,6.0,6.0,2.0,620.8800048828125,1.0,6.0,1.0,1.0,6-11 años,6.432747155933235,0,1,1,0
1,19.0,2.0,1.0,6.0,6.0,2.0,1146.6666259765625,5.0,6.0,1.0,1.0,17-19 años,7.045486139215777,0,1,1,0
1,11.0,1.0,1.0,6.0,6.0,2.0,1146.6666259765625,1.0,6.0,1.0,1.0,6-11 años,7.045486139215777,0,1,1,0
1,12.0,2.0,1.0,6.0,6.0,2.0,1140.0,2.0,6.0,1.0,1.0,12-14 años,7.039660349862076,0,1,1,0
1,7.0,2.0,1.0,6.0,6.0,2.0,3365.833251953125,0.0,8.0,1.0,1.0,6-11 años,8.121727893715263,0,1,1,0
1,15.0,1.0,1.0,6.0,6.0,2.0,1496.6666259765625,2.0,8.0,1.0,1.0,15-16 años,7.3116635932330505,0,1,1,0
1,10.0,1.0,1.0,6.0,6.0,2.0,1524.5833740234375,1.0,8.0,1.0,1.0,6-11 años,7.330132156234847,0,1,1,0
1,8.0,2.0,1.0,6.0,6.0,2.0,3275.408203125,1.0,6.0,1.0,1.0,6-11 años,8.09450304133902,0,1,1,0
1,12.0,2.0,1.0,6.0,6.0,2.0,1030.375,2.0,5.0,1.0,1.0,12-14 años,6.9386481424245074,0,1,1,0
1,10.0,1.0,1.0,6.0,6.0,2.0,1030.375,0.0,5.0,1.0,1.0,6-11 años,6.9386481424245074,0,1,1,0
1,9.0,2.0,1.0,6.0,6.0,2.0,1520.0,1.0,5.0,1.0,1.0,6-11 años,7.327123292259293,0,1,1,0
1,8.0,1.0,1.0,6.0,6.0,2.0,1520.0,1.0,5.0,1.0,1.0,6-11 años,7.327123292259293,0,1,1,0
1,15.0,1.0,1.0,6.0,6.0,2.0,1329.0,3.0,5.0,1.0,1.0,15-16 años,7.1929342212158,0,1,1,0
1,12.0,2.0,1.0,6.0,6.0,2.0,1329.0,2.0,5.0,1.0,1.0,12-14 años,7.1929342212158,0,1,1,0
1,17.0,2.0,1.0,6.0,6.0,2.0,640.0,3.0,6.0,1.0,1.0,17-19 años,6.46302945692067,0,1,1,0
1,11.0,1.0,1.0,6.0,6.0,2.0,640.0,1.0,6.0,1.0,1.0,6-11 años,6.46302945692067,0,1,1,0
1,15.0,1.0,1.0,6.0,6.0,2.0,1856.1112060546875,3.0,6.0,1.0,1.0,15-16 años,7.526777444349499,0,1,1,0
0,19.0,1.0,1.0,6.0,6.0,2.0,2624.0,4.0,8.0,1.0,1.0,17-19 años,7.872836175025724,0,1,1,1
1,18.0,1.0,1.0,6.0,6.0,2.0,507.5,5.0,6.0,1.0,1.0,17-19 años,6.2314652154886145,0,1,1,0
1,15.0,2.0,1.0,6.0,6.0,2.0,507.5,3.0,6.0,1.0,1.0,15-16 años,6.2314652154886145,0,1,1,0
1,8.0,2.0,1.0,6.0,6.0,2.0,507.5,1.0,6.0,1.0,1.0,6-11 años,6.2314652154886145,0,1,1,0
1,12.0,2.0,1.0,6.0,6.0,2.0,1118.0,1.0,8.0,1.0,1.0,12-14 años,7.020190708311925,0,1,1,0
1,8.0,2.0,1.0,6.0,6.0,2.0,1118.0,1.0,8.0,1.0,1.0,6-11 años,7.020190708311925,0,1,1,0
0,18.0,1.0,1.0,6.0,6.0,2.0,3420.699951171875,3.0,5.0,1.0,1.0,17-19 años,8.137892768308545,0,1,1,1
1,19.0,1.0,1.0,6.0,6.0,2.0,920.0,5.0,5.0,1.0,1.0,17-19 años,6.825460036255307,0,1,1,0
1,14.0,1.0,1.0,6.0,6.0,2.0,1593.7999267578125,3.0,5.0,2.0,1.0,12-14 años,7.374503569581574,0,1,1,0
1,12.0,2.0,1.0,6.0,6.0,2.0,896.0,1.0,6.0,1.0,1.0,12-14 años,6.799055862058796,0,1,1,0
1,7.0,1.0,1.0,6.0,6.0,2.0,896.0,1.0,6.0,1.0,1.0,6-11 años,6.799055862058796,0,1,1,0
1,18.0,1.0,1.0,6.0,6.0,2.0,5572.39990234375,3.0,5.0,2.0,1.0,17-19 años,8.625760542099686,0,1,1,0
1,12.0,2.0,1.0,6.0,6.0,2.0,5572.39990234375,2.0,5.0,2.0,1.0,12-14 años,8.625760542099686,0,1,1,0
1,12.0,1.0,1.0,6.0,6.0,2.0,9476.7197265625,2.0,8.0,2.0,1.0,12-14 años,9.156699031143111,0,1,1,0
1,16.0,2.0,1.0,6.0,6.0,2.0,385.0559997558594,3.0,5.0,1.0,1.0,15-16 años,5.9559824360298865,0,1,1,0
1,12.0,2.0,1.0,6.0,6.0,2.0,385.0559997558594,3.0,5.0,1.0,1.0,12-14 años,5.9559824360298865,0,1,1,0
1,11.0,2.0,1.0,6.0,6.0,2.0,385.0559997558594,1.0,5.0,1.0,1.0,6-11 años,5.9559824360298865,0,1,1,0
1,11.0,1.0,1.0,6.0,6.0,2.0,1104.5833740234375,1.0,8.0,1.0,1.0,6-11 años,7.00812841493311,0,1,1,0
1,7.0,1.0,1.0,6.0,6.0,2.0,1104.5833740234375,1.0,8.0,1.0,1.0,6-11 años,7.00812841493311,0,1,1,0
1,14.0,2.0,1.0,6.0,6.0,2.0,2850.822265625,3.0,5.0,2.0,1.0,12-14 años,7.955713460386444,0,1,1,0
1,12.0,2.0,1.0,6.0,6.0,2.0,1265.2874755859375,1.0,5.0,2.0,1.0,12-14 años,7.143844650849282,0,1,1,0
1,17.0,2.0,1.0,6.0,6.0,2.0,1398.7750244140625,3.0,8.0,1.0,1.0,17-19 años,7.24406680584313,0,1,1,0
1,11.0,2.0,1.0,6.0,6.0,2.0,1398.7750244140625,2.0,8.0,1.0,1.0,6-11 años,7.24406680584313,0,1,1,0
1,11.0,2.0,1.0,6.0,6.0,2.0,908.6666870117188,1.0,6.0,1.0,1.0,6-11 años,6.813078254405621,0,1,1,0
1,9.0,1.0,1.0,6.0,6.0,2.0,908.6666870117188,1.0,6.0,1.0,1.0,6-11 años,6.813078254405621,0,1,1,0
1,16.0,1.0,1.0,6.0,6.0,2.0,1383.0,3.0,1.0,2.0,1.0,15-16 años,7.232733136177615,0,1,1,0
1,14.0,2.0,1.0,6.0,6.0,2.0,1780.0,3.0,1.0,1.0,1.0,12-14 años,7.484930283289661,0,1,1,0
1,6.0,2.0,1.0,6.0,6.0,2.0,1780.0,0.0,1.0,1.0,1.0,6-11 años,7.484930283289661,0,1,1,0
1,8.0,2.0,1.0,6.0,6.0,2.0,736.0999755859375,1.0,5.0,1.0,1.0,6-11 años,6.602723535073465,0,1,1,0
1,6.0,1.0,1.0,6.0,6.0,2.0,736.0999755859375,0.0,5.0,1.0,1.0,6-11 años,6.602723535073465,0,1,1,0
1,16.0,1.0,1.0,6.0,6.0,2.0,5223.38916015625,3.0,5.0,1.0,1.0,15-16 años,8.561093162851709,0,1,1,0
1,17.0,1.0,1.0,6.0,6.0,2.0,3311.625,3.0,8.0,1.0,1.0,17-19 años,8.105496205431555,0,1,1,0
1,17.0,1.0,1.0,6.0,6.0,2.0,994.25,3.0,5.0,1.0,1.0,17-19 años,6.902993961880426,0,1,1,0
1,13.0,2.0,1.0,6.0,6.0,2.0,994.25,2.0,5.0,1.0,1.0,12-14 años,6.902993961880426,0,1,1,0
1,9.0,1.0,1.0,6.0,6.0,2.0,2624.4443359375,1.0,6.0,1.0,1.0,6-11 años,7.8730054315343665,0,1,1,0
1,13.0,1.0,1.0,6.0,6.0,2.0,932.4000244140625,3.0,8.0,1.0,1.0,12-14 años,6.83883385967177,0,1,1,0
1,9.0,1.0,1.0,6.0,6.0,2.0,992.625,1.0,8.0,1.0,1.0,6-11 años,6.901359871893277,0,1,1,0
1,12.0,2.0,1.0,6.0,6.0,2.0,1201.666748046875,1.0,5.0,1.0,1.0,12-14 años,7.092296660180873,0,1,1,0
1,15.0,2.0,1.0,6.0,6.0,2.0,962.4166870117188,3.0,8.0,1.0,1.0,15-16 años,6.870486015004926,0,1,1,0
1,10.0,1.0,1.0,6.0,6.0,2.0,962.4166870117188,1.0,8.0,1.0,1.0,6-11 años,6.870486015004926,0,1,1,0
1,17.0,2.0,1.0,6.0,6.0,2.0,1653.05859375,3.0,5.0,1.0,1.0,17-19 años,7.410987300439845,0,1,1,0
1,13.0,2.0,1.0,6.0,6.0,2.0,1653.05859375,3.0,5.0,1.0,1.0,12-14 años,7.410987300439845,0,1,1,0
1,15.0,1.0,1.0,6.0,6.0,2.0,1095.0,3.0,5.0,1.0,1.0,15-16 años,6.999422467507961,0,1,1,0
1,19.0,2.0,1.0,6.0,6.0,2.0,888.3333129882812,4.0,5.0,1.0,1.0,17-19 años,6.790472095490659,0,1,1,0
1,15.0,2.0,1.0,6.0,6.0,2.0,888.3333129882812,3.0,5.0,1.0,1.0,15-16 años,6.790472095490659,0,1,1,0
1,8.0,2.0,1.0,6.0,6.0,2.0,888.3333129882812,1.0,5.0,1.0,1.0,6-11 años,6.790472095490659,0,1,1,0
1,15.0,2.0,1.0,6.0,6.0,2.0,984.0,3.0,5.0,1.0,1.0,15-16 años,6.892641641172089,0,1,1,0
1,8.0,1.0,1.0,6.0,6.0,2.0,984.0,1.0,5.0,1.0,1.0,6-11 años,6.892641641172089,0,1,1,0
1,11.0,2.0,1.0,6.0,6.0,2.0,966.0,1.0,5.0,1.0,1.0,6-11 años,6.874198495453294,0,1,1,0
1,6.0,2.0,1.0,6.0,6.0,2.0,916.111083984375,0.0,5.0,2.0,1.0,6-11 años,6.821228603397845,0,1,1,0
1,7.0,2.0,1.0,6.0,6.0,2.0,634.3499755859375,1.0,5.0,1.0,1.0,6-11 años,6.45417598972438,0,1,1,0
1,7.0,2.0,1.0,6.0,6.0,2.0,1442.2333984375,0.0,5.0,2.0,1.0,6-11 años,7.274641290973446,0,1,1,0
1,17.0,2.0,1.0,6.0,6.0,2.0,2897.791748046875,3.0,8.0,1.0,1.0,17-19 años,7.972049290552061,0,1,1,0
1,19.0,2.0,1.0,6.0,6.0,2.0,2147.679931640625,5.0,8.0,1.0,1.0,17-19 años,7.672608947272126,0,1,1,0
1,15.0,2.0,1.0,6.0,6.0,2.0,2672.5,3.0,8.0,1.0,1.0,15-16 años,7.891143754388787,0,1,1,0
1,17.0,1.0,1.0,6.0,6.0,2.0,1647.5533447265625,3.0,5.0,2.0,1.0,17-19 años,7.407653421543315,0,1,1,0
1,11.0,1.0,1.0,6.0,6.0,2.0,2860.555419921875,1.0,8.0,2.0,1.0,6-11 años,7.959120609098925,0,1,1,0
1,15.0,2.0,1.0,6.0,6.0,2.0,1845.8958740234375,3.0,8.0,1.0,1.0,15-16 años,7.521261602878308,0,1,1,0
1,10.0,1.0,1.0,6.0,6.0,2.0,2013.3333740234375,1.0,5.0,1.0,1.0,6-11 años,7.608043587893732,0,1,1,0
1,14.0,2.0,1.0,6.0,6.0,2.0,1359.3333740234375,3.0,8.0,1.0,1.0,12-14 años,7.215485076649559,0,1,1,0
1,17.0,2.0,1.0,6.0,6.0,2.0,2153.333251953125,3.0,8.0,1.0,1.0,17-19 años,7.675236558819662,0,1,1,0
1,9.0,2.0,1.0,6.0,6.0,2.0,2153.333251953125,1.0,8.0,1.0,1.0,6-11 años,7.675236558819662,0,1,1,0
1,6.0,1.0,1.0,6.0,6.0,2.0,2013.3333740234375,0.0,8.0,2.0,1.0,6-11 años,7.608043587893732,0,1,1,0
1,10.0,1.0,1.0,6.0,6.0,2.0,1401.6666259765625,1.0,8.0,2.0,1.0,6-11 años,7.246130436740331,0,1,1,0
1,8.0,1.0,1.0,6.0,6.0,2.0,1401.6666259765625,1.0,8.0,2.0,1.0,6-11 años,7.246130436740331,0,1,1,0
1,16.0,1.0,1.0,6.0,6.0,2.0,2293.25,3.0,8.0,1.0,1.0,15-16 años,7.738161271699123,0,1,1,0
1,6.0,2.0,1.0,6.0,6.0,2.0,2293.25,0.0,8.0,1.0,1.0,6-11 años,7.738161271699123,0,1,1,0
1,18.0,2.0,1.0,6.0,6.0,2.0,832.785400390625,3.0,8.0,2.0,1.0,17-19 años,6.725976055567596,0,1,1,0
1,14.0,2.0,1.0,6.0,6.0,2.0,832.785400390625,3.0,8.0,2.0,1.0,12-14 años,6.725976055567596,0,1,1,0
1,10.0,1.0,1.0,6.0,6.0,2.0,832.785400390625,1.0,8.0,2.0,1.0,6-11 años,6.725976055567596,0,1,1,0
1,8.0,1.0,1.0,6.0,6.0,2.0,832.785400390625,1.0,8.0,2.0,1.0,6-11 años,6.725976055567596,0,1,1,0
1,6.0,1.0,1.0,6.0,6.0,2.0,832.785400390625,0.0,8.0,2.0,1.0,6-11 años,6.725976055567596,0,1,1,0
1,16.0,2.0,1.0,6.0,6.0,2.0,2477.083251953125,3.0,8.0,2.0,1.0,15-16 años,7.815240658054573,0,1,1,0
1,10.0,1.0,1.0,6.0,6.0,2.0,2477.083251953125,1.0,8.0,2.0,1.0,6-11 años,7.815240658054573,0,1,1,0
1,8.0,1.0,1.0,6.0,6.0,2.0,2010.02783203125,1.0,8.0,1.0,1.0,6-11 años,7.606401229573078,0,1,1,0
1,7.0,1.0,1.0,6.0,6.0,2.0,2010.02783203125,0.0,8.0,1.0,1.0,6-11 años,7.606401229573078,0,1,1,0
1,17.0,2.0,1.0,6.0,6.0,2.0,1140.157470703125,3.0,8.0,2.0,1.0,17-19 años,7.039798351472742,0,1,1,0
1,14.0,2.0,1.0,6.0,6.0,2.0,1140.157470703125,3.0,8.0,2.0,1.0,12-14 años,7.039798351472742,0,1,1,0
1,13.0,1.0,1.0,6.0,6.0,2.0,1201.574951171875,3.0,8.0,1.0,1.0,12-14 años,7.092220329494377,0,1,1,0
1,14.0,1.0,1.0,6.0,6.0,2.0,1920.0,3.0,5.0,1.0,1.0,12-14 años,7.560601162768557,0,1,1,0
1,17.0,1.0,1.0,6.0,6.0,2.0,1108.679931640625,3.0,5.0,1.0,1.0,17-19 años,7.011826902852251,0,1,1,0
1,12.0,1.0,1.0,6.0,6.0,2.0,2818.60009765625,2.0,8.0,1.0,1.0,12-14 años,7.9443503445345085,0,1,1,0
1,11.0,2.0,1.0,6.0,6.0,2.0,994.25,1.0,8.0,1.0,1.0,6-11 años,6.902993961880426,0,1,1,0
1,7.0,1.0,1.0,6.0,6.0,2.0,994.25,1.0,8.0,1.0,1.0,6-11 años,6.902993961880426,0,1,1,0
1,13.0,2.0,1.0,6.0,6.0,2.0,1331.2666015625,3.0,8.0,2.0,1.0,12-14 años,7.194636982395929,0,1,1,0
1,18.0,2.0,1.0,6.0,6.0,2.0,5298.33349609375,3.0,8.0,1.0,1.0,17-19 años,8.575336336178324,0,1,1,0
1,12.0,1.0,1.0,6.0,6.0,2.0,5298.33349609375,2.0,8.0,1.0,1.0,12-14 años,8.575336336178324,0,1,1,0
1,19.0,2.0,1.0,6.0,6.0,2.0,4333.33349609375,4.0,8.0,1.0,1.0,17-19 años,8.37432312793464,0,1,1,0
1,6.0,1.0,1.0,6.0,6.0,2.0,3069.4443359375,0.0,4.0,1.0,1.0,6-11 años,8.02957756494123,0,1,1,0
1,14.0,1.0,1.0,6.0,6.0,2.0,3069.4443359375,3.0,4.0,1.0,1.0,12-14 años,8.02957756494123,0,1,1,0
1,8.0,2.0,1.0,6.0,6.0,2.0,1887.550048828125,1.0,6.0,1.0,1.0,6-11 años,7.543564643696034,0,1,1,0
1,14.0,2.0,1.0,6.0,6.0,2.0,799.3999633789062,3.0,8.0,1.0,1.0,12-14 años,6.685111556956087,0,1,1,0
1,19.0,1.0,1.0,6.0,6.0,2.0,2045.4166259765625,4.0,8.0,1.0,1.0,17-19 años,7.623845555291458,0,1,1,0
1,18.0,1.0,1.0,6.0,6.0,2.0,2045.4166259765625,3.0,8.0,1.0,1.0,17-19 años,7.623845555291458,0,1,1,0
1,10.0,1.0,1.0,6.0,6.0,2.0,3105.0,1.0,8.0,1.0,1.0,6-11 años,8.041091003708633,0,1,1,0
1,19.0,2.0,1.0,6.0,6.0,2.0,2420.875,4.0,6.0,1.0,1.0,17-19 años,7.792297312541712,0,1,1,0
1,13.0,2.0,1.0,6.0,6.0,2.0,2420.875,3.0,6.0,1.0,1.0,12-14 años,7.792297312541712,0,1,1,0
1,8.0,1.0,1.0,6.0,6.0,2.0,2063.333251953125,1.0,8.0,1.0,1.0,6-11 años,7.632562572847921,0,1,1,0
1,19.0,2.0,1.0,6.0,5.0,2.0,744.0,5.0,8.0,1.0,1.0,17-19 años,6.61338421837956,0,1,1,0
1,17.0,2.0,1.0,6.0,6.0,2.0,744.0,3.0,8.0,1.0,1.0,17-19 años,6.61338421837956,0,1,1,0
1,9.0,2.0,1.0,6.0,6.0,2.0,744.0,1.0,8.0,1.0,1.0,6-11 años,6.61338421837956,0,1,1,0
1,7.0,1.0,1.0,6.0,6.0,2.0,744.0,1.0,8.0,1.0,1.0,6-11 años,6.61338421837956,0,1,1,0
1,12.0,2.0,1.0,6.0,6.0,2.0,1594.4444580078125,1.0,8.0,1.0,1.0,12-14 años,7.374907633459467,0,1,1,0
1,17.0,1.0,1.0,6.0,6.0,2.0,1276.6666259765625,3.0,8.0,1.0,1.0,17-19 años,7.152790744865246,0,1,1,0
1,14.0,1.0,1.0,6.0,6.0,2.0,1030.0,3.0,5.0,1.0,1.0,12-14 años,6.93828448401696,0,1,1,0
1,15.0,2.0,1.0,6.0,6.0,2.0,4182.5,3.0,8.0,1.0,1.0,15-16 años,8.338903495735654,0,1,1,0
1,17.0,1.0,1.0,6.0,6.0,2.0,1630.0,3.0,6.0,1.0,1.0,17-19 años,7.396948602621014,0,1,1,0
1,13.0,1.0,1.0,6.0,6.0,2.0,1630.0,2.0,6.0,1.0,1.0,12-14 años,7.396948602621014,0,1,1,0
1,16.0,2.0,1.0,6.0,6.0,2.0,3246.111328125,3.0,8.0,1.0,1.0,15-16 años,8.085521057971809,0,1,1,0
1,15.0,2.0,1.0,6.0,6.0,2.0,3246.111328125,3.0,8.0,1.0,1.0,15-16 años,8.085521057971809,0,1,1,0
1,10.0,2.0,1.0,6.0,6.0,2.0,978.1666870117188,1.0,8.0,1.0,1.0,6-11 años,6.88670189056223,0,1,1,0
1,8.0,1.0,1.0,6.0,6.0,2.0,978.1666870117188,1.0,8.0,1.0,1.0,6-11 años,6.88670189056223,0,1,1,0
1,7.0,1.0,1.0,6.0,6.0,2.0,3001.666748046875,1.0,6.0,1.0,1.0,6-11 años,8.007256088814007,0,1,1,0
1,6.0,2.0,1.0,6.0,6.0,2.0,3001.666748046875,0.0,6.0,1.0,1.0,6-11 años,8.007256088814007,0,1,1,0
1,16.0,2.0,1.0,6.0,6.0,2.0,1473.3333740234375,3.0,5.0,1.0,1.0,15-16 años,7.295961216799202,0,1,1,0
1,13.0,2.0,1.0,6.0,6.0,2.0,1473.3333740234375,3.0,5.0,1.0,1.0,12-14 años,7.295961216799202,0,1,1,0
1,8.0,1.0,1.0,6.0,6.0,2.0,800.0,1.0,5.0,1.0,1.0,6-11 años,6.68586094706836,0,1,1,0
1,17.0,1.0,1.0,6.0,6.0,2.0,1693.300048828125,3.0,5.0,1.0,1.0,17-19 años,7.435024983983115,0,1,1,0
1,17.0,1.0,1.0,6.0,6.0,2.0,750.0,3.0,8.0,1.0,1.0,17-19 años,6.621405651764134,0,1,1,0
1,9.0,2.0,1.0,6.0,6.0,2.0,750.0,1.0,8.0,1.0,1.0,6-11 años,6.621405651764134,0,1,1,0
1,7.0,1.0,1.0,6.0,6.0,2.0,700.0,0.0,5.0,1.0,1.0,6-11 años,6.55250788703459,0,1,1,0
1,17.0,2.0,1.0,6.0,6.0,2.0,646.0,3.0,6.0,1.0,1.0,17-19 años,6.472346294500901,0,1,1,0
1,10.0,2.0,1.0,6.0,6.0,2.0,646.0,1.0,6.0,1.0,1.0,6-11 años,6.472346294500901,0,1,1,0
1,8.0,2.0,1.0,6.0,6.0,2.0,646.0,0.0,6.0,1.0,1.0,6-11 años,6.472346294500901,0,1,1,0
1,16.0,1.0,1.0,6.0,6.0,2.0,1686.25,3.0,8.0,1.0,1.0,15-16 años,7.430855263623516,0,1,1,0
1,11.0,1.0,1.0,6.0,6.0,2.0,1686.25,1.0,8.0,1.0,1.0,6-11 años,7.430855263623516,0,1,1,0
1,15.0,1.0,1.0,6.0,6.0,2.0,732.7999877929688,3.0,8.0,1.0,1.0,15-16 años,6.598236495285816,0,1,1,0
1,11.0,2.0,1.0,6.0,6.0,2.0,732.7999877929688,1.0,8.0,1.0,1.0,6-11 años,6.598236495285816,0,1,1,0
1,9.0,2.0,1.0,6.0,6.0,2.0,690.0,1.0,5.0,1.0,1.0,6-11 años,6.53813982376767,0,1,1,0
1,10.0,1.0,1.0,6.0,6.0,2.0,1755.0,1.0,6.0,1.0,1.0,6-11 años,7.470793774195062,0,1,1,0
1,18.0,1.0,1.0,6.0,6.0,2.0,3576.666748046875,4.0,6.0,1.0,1.0,17-19 años,8.182466120560141,0,1,1,0
1,12.0,2.0,1.0,6.0,6.0,2.0,1780.0,2.0,8.0,1.0,1.0,12-14 años,7.484930283289661,0,1,1,0
1,10.0,2.0,1.0,6.0,6.0,2.0,1610.1923828125,1.0,5.0,1.0,1.0,6-11 años,7.384729794304476,0,1,1,0
1,7.0,1.0,1.0,6.0,6.0,2.0,1610.1923828125,1.0,5.0,1.0,1.0,6-11 años,7.384729794304476,0,1,1,0
1,18.0,1.0,1.0,6.0,6.0,2.0,485.6466369628906,3.0,6.0,1.0,1.0,17-19 años,6.1875382682617355,0,1,1,0
1,14.0,1.0,1.0,6.0,6.0,2.0,485.6466369628906,3.0,6.0,1.0,1.0,12-14 años,6.1875382682617355,0,1,1,0
1,8.0,1.0,1.0,6.0,6.0,2.0,485.6466369628906,1.0,6.0,1.0,1.0,6-11 años,6.1875382682617355,0,1,1,0
1,17.0,1.0,1.0,6.0,6.0,2.0,485.6466369628906,3.0,6.0,1.0,1.0,17-19 años,6.1875382682617355,0,1,1,0
1,18.0,2.0,1.0,6.0,6.0,2.0,896.8250122070312,3.0,5.0,1.0,1.0,17-19 años,6.7999751854017685,0,1,1,0
1,10.0,1.0,1.0,6.0,6.0,2.0,896.8250122070312,1.0,5.0,1.0,1.0,6-11 años,6.7999751854017685,0,1,1,0
1,8.0,1.0,1.0,6.0,6.0,2.0,896.8250122070312,1.0,5.0,1.0,1.0,6-11 años,6.7999751854017685,0,1,1,0
1,19.0,1.0,1.0,6.0,6.0,2.0,3841.111083984375,3.0,8.0,1.0,1.0,17-19 años,8.253777255972572,0,1,1,0
1,18.0,1.0,1.0,6.0,6.0,2.0,1922.5198974609375,4.0,8.0,1.0,1.0,17-19 años,7.5619120665427655,0,1,1,0
1,12.0,2.0,1.0,6.0,6.0,2.0,9515.8330078125,2.0,8.0,1.0,1.0,12-14 años,9.160817405192802,0,1,1,0
1,19.0,1.0,1.0,6.0,6.0,2.0,2665.733154296875,5.0,8.0,1.0,1.0,17-19 años,7.8886094645443725,0,1,1,0
1,15.0,2.0,1.0,6.0,6.0,2.0,2665.733154296875,3.0,8.0,1.0,1.0,15-16 años,7.8886094645443725,0,1,1,0
1,6.0,2.0,1.0,6.0,6.0,2.0,2238.75,0.0,8.0,1.0,1.0,6-11 años,7.714119531477688,0,1,1,0
1,12.0,1.0,1.0,6.0,6.0,2.0,523.3333129882812,1.0,6.0,2.0,1.0,12-14 años,6.262127575588416,0,1,1,0
1,11.0,2.0,1.0,6.0,6.0,2.0,1750.0,1.0,6.0,1.0,1.0,6-11 años,7.467942332285852,0,1,1,0
1,19.0,1.0,1.0,6.0,6.0,2.0,2175.0,5.0,6.0,1.0,1.0,17-19 años,7.685243607975833,0,1,1,0
1,12.0,1.0,1.0,6.0,6.0,2.0,2175.0,2.0,6.0,1.0,1.0,12-14 años,7.685243607975833,0,1,1,0
1,15.0,2.0,1.0,6.0,6.0,2.0,3366.666748046875,3.0,8.0,1.0,1.0,15-16 años,8.121975423924784,0,1,1,0
1,12.0,1.0,1.0,6.0,6.0,2.0,3366.666748046875,3.0,8.0,1.0,1.0,12-14 años,8.121975423924784,0,1,1,0
1,8.0,2.0,1.0,6.0,6.0,2.0,3366.666748046875,1.0,8.0,1.0,1.0,6-11 años,8.121975423924784,0,1,1,0
1,11.0,1.0,1.0,6.0,6.0,2.0,1124.2332763671875,1.0,6.0,1.0,1.0,6-11 años,7.02574564991391,0,1,1,0
1,15.0,2.0,1.0,6.0,6.0,2.0,1102.9246826171875,3.0,5.0,2.0,1.0,15-16 años,7.006627002242755,0,1,1,0
1,11.0,2.0,1.0,6.0,6.0,2.0,1102.9246826171875,1.0,5.0,2.0,1.0,6-11 años,7.006627002242755,0,1,1,0
1,10.0,2.0,1.0,6.0,6.0,2.0,1102.9246826171875,1.0,5.0,2.0,1.0,6-11 años,7.006627002242755,0,1,1,0
1,16.0,2.0,1.0,6.0,6.0,2.0,1384.300048828125,1.0,6.0,2.0,1.0,15-16 años,7.233672036911162,0,1,1,0
1,15.0,1.0,1.0,6.0,6.0,2.0,1384.300048828125,3.0,6.0,2.0,1.0,15-16 años,7.233672036911162,0,1,1,0
1,7.0,1.0,1.0,6.0,6.0,2.0,1384.300048828125,0.0,6.0,2.0,1.0,6-11 años,7.233672036911162,0,1,1,0
1,19.0,1.0,1.0,6.0,6.0,2.0,2602.77783203125,5.0,5.0,2.0,1.0,17-19 años,7.864718681728326,0,1,1,0
1,17.0,1.0,1.0,6.0,6.0,2.0,2602.77783203125,3.0,5.0,2.0,1.0,17-19 años,7.864718681728326,0,1,1,0
1,19.0,2.0,1.0,6.0,6.0,2.0,1626.875,5.0,6.0,2.0,1.0,17-19 años,7.395030762287868,0,1,1,0
1,14.0,2.0,1.0,6.0,6.0,2.0,1626.875,3.0,6.0,2.0,1.0,12-14 años,7.395030762287868,0,1,1,0
1,16.0,2.0,1.0,6.0,6.0,2.0,1990.0,3.0,1.0,1.0,1.0,15-16 años,7.596392304064196,0,1,1,0
1,18.0,2.0,1.0,6.0,6.0,2.0,760.6207885742188,3.0,1.0,5.0,1.0,17-19 años,6.635448779026659,0,1,0,0
1,14.0,2.0,1.0,6.0,6.0,2.0,760.6207885742188,3.0,1.0,5.0,1.0,12-14 años,6.635448779026659,0,1,0,0
1,12.0,1.0,1.0,6.0,6.0,2.0,760.6207885742188,2.0,1.0,5.0,1.0,12-14 años,6.635448779026659,0,1,0,0
1,14.0,2.0,1.0,6.0,6.0,2.0,951.25,3.0,6.0,1.0,1.0,12-14 años,6.858827605358713,0,1,1,0
1,8.0,1.0,1.0,6.0,6.0,2.0,951.25,1.0,6.0,1.0,1.0,6-11 años,6.858827605358713,0,1,1,0
1,11.0,1.0,1.0,6.0,6.0,2.0,2262.69091796875,1.0,6.0,1.0,1.0,6-11 años,7.7247519096715,0,1,1,0
0,19.0,1.0,1.0,6.0,6.0,2.0,2416.608154296875,4.0,8.0,1.0,1.0,17-19 años,7.790533964401964,0,1,1,1
1,16.0,1.0,1.0,6.0,6.0,2.0,1155.5,3.0,8.0,1.0,1.0,15-16 años,7.053153481671494,0,1,1,0
1,11.0,1.0,1.0,6.0,6.0,2.0,1155.5,1.0,8.0,1.0,1.0,6-11 años,7.053153481671494,0,1,1,0
1,8.0,1.0,1.0,6.0,6.0,2.0,1155.5,1.0,8.0,1.0,1.0,6-11 años,7.053153481671494,0,1,1,0
1,10.0,1.0,1.0,6.0,6.0,2.0,5630.76220703125,1.0,8.0,1.0,1.0,6-11 años,8.636177675183598,0,1,1,0
1,14.0,2.0,1.0,6.0,6.0,2.0,1801.04345703125,3.0,5.0,1.0,1.0,12-14 años,7.496676553877081,0,1,1,0
1,7.0,2.0,1.0,6.0,6.0,2.0,810.9833374023438,1.0,5.0,1.0,1.0,6-11 años,6.6994798195106675,0,1,1,0
1,13.0,1.0,1.0,6.0,6.0,2.0,3286.366455078125,2.0,5.0,1.0,1.0,12-14 años,8.097842053631455,0,1,1,0
1,8.0,1.0,1.0,6.0,6.0,2.0,457.5,1.0,8.0,1.0,1.0,6-11 años,6.127960291696519,0,1,1,0
1,15.0,1.0,1.0,6.0,6.0,2.0,2843.625,3.0,8.0,1.0,1.0,15-16 años,7.9531865276793825,0,1,1,0
1,15.0,1.0,1.0,6.0,6.0,2.0,1001.1832885742188,3.0,8.0,1.0,1.0,15-16 años,6.909936187645249,0,1,1,0
1,8.0,2.0,1.0,6.0,6.0,2.0,2761.666748046875,1.0,5.0,2.0,1.0,6-11 años,7.9239517052882755,0,1,1,0
0,6.0,2.0,1.0,6.0,6.0,2.0,772.0,0.0,8.0,1.0,1.0,6-11 años,6.650279048587422,0,1,1,1
1,12.0,1.0,1.0,6.0,6.0,2.0,612.5,1.0,5.0,1.0,1.0,12-14 años,6.419180264150966,0,1,1,0
1,6.0,2.0,1.0,6.0,6.0,2.0,612.5,0.0,5.0,1.0,1.0,6-11 años,6.419180264150966,0,1,1,0
1,9.0,2.0,1.0,6.0,6.0,2.0,627.2916870117188,1.0,5.0,1.0,1.0,6-11 años,6.44300452839939,0,1,1,0
1,15.0,1.0,1.0,6.0,6.0,2.0,1228.3388671875,3.0,6.0,1.0,1.0,15-16 años,7.1142317975065135,0,1,1,0
1,19.0,1.0,1.0,6.0,6.0,2.0,1406.103271484375,3.0,5.0,1.0,1.0,17-19 años,7.2492884527750725,0,1,1,0
1,19.0,1.0,1.0,6.0,6.0,2.0,789.5,3.0,5.0,1.0,1.0,17-19 años,6.672665656649527,0,1,1,0
1,12.0,2.0,1.0,6.0,6.0,2.0,789.5,1.0,5.0,1.0,1.0,12-14 años,6.672665656649527,0,1,1,0
1,7.0,2.0,1.0,6.0,6.0,2.0,789.5,1.0,5.0,1.0,1.0,6-11 años,6.672665656649527,0,1,1,0
1,11.0,1.0,1.0,6.0,6.0,2.0,1396.375,1.0,8.0,1.0,1.0,6-11 años,7.24235075559049,0,1,1,0
0,18.0,1.0,1.0,6.0,6.0,2.0,3897.0,2.0,8.0,2.0,1.0,17-19 años,8.268218880067506,0,1,1,1
1,15.0,2.0,1.0,6.0,6.0,2.0,452.4640197753906,3.0,5.0,2.0,1.0,15-16 años,6.116915927433908,0,1,1,0
1,12.0,2.0,1.0,6.0,6.0,2.0,452.4640197753906,2.0,5.0,2.0,1.0,12-14 años,6.116915927433908,0,1,1,0
0,18.0,2.0,1.0,6.0,6.0,2.0,770.9091186523438,4.0,5.0,1.0,1.0,17-19 años,6.6488668211420805,0,1,1,1
1,16.0,1.0,1.0,6.0,6.0,2.0,770.9091186523438,3.0,5.0,1.0,1.0,15-16 años,6.6488668211420805,0,1,1,0
1,13.0,2.0,1.0,6.0,6.0,2.0,770.9091186523438,3.0,5.0,1.0,1.0,12-14 años,6.6488668211420805,0,1,1,0
1,10.0,1.0,1.0,6.0,6.0,2.0,770.9091186523438,1.0,5.0,1.0,1.0,6-11 años,6.6488668211420805,0,1,1,0
1,8.0,1.0,1.0,6.0,6.0,2.0,770.9091186523438,1.0,5.0,1.0,1.0,6-11 años,6.6488668211420805,0,1,1,0
0,19.0,2.0,1.0,6.0,6.0,2.0,540.120849609375,4.0,5.0,1.0,1.0,17-19 años,6.293642635803185,0,1,1,1
1,13.0,1.0,1.0,6.0,6.0,2.0,540.120849609375,3.0,5.0,1.0,1.0,12-14 años,6.293642635803185,0,1,1,0
1,8.0,2.0,1.0,6.0,6.0,2.0,540.120849609375,1.0,5.0,1.0,1.0,6-11 años,6.293642635803185,0,1,1,0
1,7.0,1.0,1.0,6.0,6.0,2.0,540.120849609375,1.0,5.0,1.0,1.0,6-11 años,6.293642635803185,0,1,1,0
1,6.0,2.0,1.0,6.0,6.0,2.0,540.120849609375,0.0,5.0,1.0,1.0,6-11 años,6.293642635803185,0,1,1,0
1,19.0,1.0,1.0,6.0,6.0,2.0,1015.5333862304688,5.0,8.0,1.0,1.0,17-19 años,6.9241534768285655,0,1,1,0
1,17.0,1.0,1.0,6.0,6.0,2.0,1015.5333862304688,3.0,8.0,1.0,1.0,17-19 años,6.9241534768285655,0,1,1,0
1,10.0,2.0,1.0,6.0,6.0,2.0,739.0016479492188,1.0,5.0,2.0,1.0,6-11 años,6.60665241315414,0,1,1,0
1,7.0,2.0,1.0,6.0,6.0,2.0,739.0016479492188,1.0,5.0,2.0,1.0,6-11 años,6.60665241315414,0,1,1,0
1,13.0,1.0,1.0,6.0,6.0,2.0,1060.5999755859375,2.0,8.0,2.0,1.0,12-14 años,6.967532460020577,0,1,1,0
1,11.0,2.0,1.0,6.0,6.0,2.0,1060.5999755859375,1.0,8.0,2.0,1.0,6-11 años,6.967532460020577,0,1,1,0
0,7.0,2.0,1.0,6.0,995.0,2.0,1060.5999755859375,0.0,8.0,2.0,1.0,6-11 años,6.967532460020577,0,1,1,1
1,17.0,2.0,1.0,6.0,6.0,2.0,6444.44384765625,3.0,8.0,1.0,1.0,17-19 años,8.771128779977435,0,1,1,0
1,14.0,1.0,1.0,6.0,6.0,2.0,1522.3665771484375,3.0,5.0,1.0,1.0,12-14 años,7.328678018055394,0,1,1,0
1,13.0,1.0,1.0,6.0,6.0,2.0,999.1666870117188,3.0,8.0,1.0,1.0,12-14 años,6.90792195210312,0,1,1,0
1,15.0,2.0,1.0,6.0,6.0,2.0,221.5,3.0,6.0,2.0,1.0,15-16 años,5.404927101606295,0,1,1,0
1,9.0,2.0,1.0,6.0,6.0,2.0,221.5,1.0,6.0,2.0,1.0,6-11 años,5.404927101606295,0,1,1,0
1,8.0,2.0,1.0,6.0,6.0,2.0,221.5,1.0,6.0,2.0,1.0,6-11 años,5.404927101606295,0,1,1,0
1,9.0,2.0,1.0,6.0,6.0,2.0,693.5416259765625,1.0,6.0,2.0,1.0,6-11 años,6.543252097009592,0,1,1,0
1,8.0,2.0,1.0,6.0,6.0,2.0,429.7916564941406,1.0,8.0,1.0,1.0,6-11 años,6.065624577625185,0,1,1,0
1,18.0,2.0,1.0,6.0,6.0,2.0,938.0,4.0,6.0,2.0,1.0,17-19 años,6.844815479208263,0,1,1,0
1,14.0,1.0,1.0,6.0,6.0,2.0,1119.699951171875,3.0,5.0,2.0,1.0,12-14 años,7.021708725488672,0,1,1,0
1,8.0,1.0,1.0,6.0,6.0,2.0,1119.699951171875,1.0,5.0,2.0,1.0,6-11 años,7.021708725488672,0,1,1,0
1,13.0,2.0,1.0,6.0,6.0,2.0,1228.941650390625,3.0,6.0,2.0,1.0,12-14 años,7.114722008534403,0,1,1,0
1,17.0,2.0,1.0,6.0,6.0,2.0,2030.0,3.0,5.0,1.0,1.0,17-19 años,7.616283561580385,0,1,1,0
1,12.0,1.0,1.0,6.0,6.0,2.0,1609.1666259765625,2.0,5.0,1.0,1.0,12-14 años,7.384092947018714,0,1,1,0
1,10.0,1.0,1.0,6.0,6.0,2.0,1609.1666259765625,1.0,5.0,1.0,1.0,6-11 años,7.384092947018714,0,1,1,0
1,18.0,2.0,1.0,6.0,6.0,2.0,513.9285888671875,3.0,5.0,1.0,1.0,17-19 años,6.244028228655407,0,1,1,0
1,18.0,2.0,1.0,6.0,6.0,2.0,513.9285888671875,3.0,5.0,1.0,1.0,17-19 años,6.244028228655407,0,1,1,0
1,10.0,1.0,1.0,6.0,6.0,2.0,513.9285888671875,1.0,5.0,1.0,1.0,6-11 años,6.244028228655407,0,1,1,0
1,13.0,2.0,1.0,6.0,6.0,2.0,513.9285888671875,3.0,5.0,1.0,1.0,12-14 años,6.244028228655407,0,1,1,0
1,6.0,1.0,1.0,6.0,6.0,2.0,513.9285888671875,0.0,5.0,1.0,1.0,6-11 años,6.244028228655407,0,1,1,0
1,17.0,2.0,1.0,6.0,6.0,2.0,886.0,3.0,5.0,1.0,1.0,17-19 años,6.787844982309579,0,1,1,0
1,15.0,2.0,1.0,6.0,6.0,2.0,886.0,3.0,5.0,1.0,1.0,15-16 años,6.787844982309579,0,1,1,0
1,15.0,2.0,1.0,6.0,6.0,2.0,1912.7066650390625,3.0,5.0,2.0,1.0,15-16 años,7.556797302712412,0,1,1,0
1,10.0,2.0,1.0,6.0,6.0,2.0,1912.7066650390625,1.0,5.0,2.0,1.0,6-11 años,7.556797302712412,0,1,1,0
1,17.0,2.0,1.0,6.0,6.0,2.0,1004.25,3.0,8.0,1.0,1.0,17-19 años,6.912991545777383,0,1,1,0
1,8.0,1.0,1.0,6.0,6.0,2.0,1004.25,1.0,8.0,1.0,1.0,6-11 años,6.912991545777383,0,1,1,0
1,14.0,1.0,1.0,6.0,6.0,2.0,2179.473876953125,3.0,5.0,2.0,1.0,12-14 años,7.687297506909807,0,1,1,0
1,12.0,2.0,1.0,6.0,6.0,2.0,2179.473876953125,1.0,5.0,2.0,1.0,12-14 años,7.687297506909807,0,1,1,0
1,10.0,2.0,1.0,6.0,6.0,2.0,1052.5333251953125,1.0,1.0,1.0,1.0,6-11 años,6.959904865582391,0,1,1,0
1,12.0,1.0,1.0,6.0,6.0,2.0,494.8566589355469,1.0,1.0,1.0,1.0,12-14 años,6.206286890876532,0,1,1,0
1,11.0,2.0,1.0,6.0,6.0,2.0,494.8566589355469,1.0,1.0,1.0,1.0,6-11 años,6.206286890876532,0,1,1,0
1,13.0,2.0,1.0,6.0,6.0,2.0,2723.177734375,2.0,1.0,10.0,1.0,12-14 años,7.909921912708787,0,1,0,0
1,10.0,2.0,1.0,6.0,6.0,2.0,851.0833129882812,1.0,5.0,2.0,1.0,6-11 años,6.7476843072461685,0,1,1,0
1,8.0,2.0,1.0,6.0,6.0,2.0,851.0833129882812,1.0,5.0,2.0,1.0,6-11 años,6.7476843072461685,0,1,1,0
1,10.0,1.0,1.0,6.0,6.0,2.0,986.0,1.0,5.0,2.0,1.0,6-11 años,6.894670039433482,0,1,1,0
1,16.0,1.0,1.0,6.0,6.0,2.0,986.0,3.0,5.0,2.0,1.0,15-16 años,6.894670039433482,0,1,1,0
1,17.0,1.0,1.0,6.0,6.0,2.0,2598.300048828125,3.0,5.0,2.0,1.0,17-19 años,7.862997475776338,0,1,1,0
1,13.0,2.0,1.0,6.0,6.0,2.0,3701.294921875,3.0,8.0,2.0,1.0,12-14 años,8.216708155512716,0,1,1,0
1,9.0,2.0,1.0,6.0,6.0,2.0,3701.294921875,1.0,8.0,2.0,1.0,6-11 años,8.216708155512716,0,1,1,0
0,19.0,1.0,1.0,6.0,6.0,2.0,4700.0,3.0,5.0,1.0,1.0,17-19 años,8.45553053102413,0,1,1,1
1,10.0,1.0,1.0,6.0,6.0,2.0,895.5606689453125,1.0,5.0,1.0,1.0,6-11 años,6.798565963867917,0,1,1,0
1,7.0,1.0,1.0,6.0,6.0,2.0,895.5606689453125,1.0,5.0,1.0,1.0,6-11 años,6.798565963867917,0,1,1,0
1,13.0,1.0,1.0,6.0,6.0,2.0,1199.1666259765625,3.0,6.0,1.0,1.0,12-14 años,7.0902156811171,0,1,1,0
1,10.0,2.0,1.0,6.0,6.0,2.0,1572.13330078125,1.0,5.0,1.0,1.0,6-11 años,7.3608246424946495,0,1,1,0
1,16.0,1.0,1.0,6.0,6.0,2.0,1672.77001953125,3.0,1.0,1.0,1.0,15-16 años,7.422833857818841,0,1,1,0
1,14.0,1.0,1.0,6.0,6.0,2.0,2415.699951171875,3.0,5.0,1.0,1.0,12-14 años,7.790158231984472,0,1,1,0
1,7.0,2.0,1.0,6.0,6.0,2.0,2415.699951171875,1.0,5.0,1.0,1.0,6-11 años,7.790158231984472,0,1,1,0
1,14.0,2.0,1.0,6.0,6.0,2.0,3511.133544921875,3.0,5.0,1.0,1.0,12-14 años,8.163978979351503,0,1,1,0
1,7.0,1.0,1.0,6.0,6.0,2.0,3511.133544921875,0.0,5.0,1.0,1.0,6-11 años,8.163978979351503,0,1,1,0
1,18.0,1.0,1.0,6.0,6.0,2.0,961.0466918945312,3.0,8.0,2.0,1.0,17-19 años,6.8690629857607615,0,1,1,0
1,14.0,2.0,1.0,6.0,6.0,2.0,961.0466918945312,3.0,8.0,2.0,1.0,12-14 años,6.8690629857607615,0,1,1,0
1,19.0,1.0,1.0,6.0,6.0,2.0,455.85498046875,3.0,5.0,1.0,1.0,17-19 años,6.124366011144536,0,1,1,0
1,9.0,1.0,1.0,6.0,6.0,2.0,455.85498046875,1.0,5.0,1.0,1.0,6-11 años,6.124366011144536,0,1,1,0
1,14.0,1.0,1.0,6.0,6.0,2.0,1710.2191162109375,3.0,6.0,1.0,1.0,12-14 años,7.444961328937061,0,1,1,0
1,11.0,1.0,1.0,6.0,6.0,2.0,1710.2191162109375,1.0,6.0,1.0,1.0,6-11 años,7.444961328937061,0,1,1,0
1,18.0,1.0,1.0,6.0,6.0,2.0,1948.5,3.0,8.0,1.0,1.0,17-19 años,7.575328208422652,0,1,1,0
1,14.0,2.0,1.0,6.0,6.0,2.0,1948.5,3.0,8.0,1.0,1.0,12-14 años,7.575328208422652,0,1,1,0
1,14.0,1.0,1.0,6.0,6.0,2.0,1948.5,3.0,8.0,1.0,1.0,12-14 años,7.575328208422652,0,1,1,0
1,15.0,2.0,1.0,6.0,6.0,2.0,1352.5,3.0,6.0,1.0,1.0,15-16 años,7.210449109054355,0,1,1,0
1,15.0,1.0,1.0,6.0,6.0,2.0,1352.5,3.0,6.0,1.0,1.0,15-16 años,7.210449109054355,0,1,1,0
1,7.0,2.0,1.0,6.0,6.0,2.0,1317.0,1.0,5.0,2.0,1.0,6-11 años,7.183870715062453,0,1,1,0
1,13.0,2.0,1.0,6.0,6.0,2.0,1317.0,2.0,5.0,2.0,1.0,12-14 años,7.183870715062453,0,1,1,0
1,9.0,2.0,1.0,6.0,6.0,2.0,2265.733154296875,1.0,8.0,2.0,1.0,6-11 años,7.726094934843924,0,1,1,0
1,16.0,2.0,1.0,6.0,6.0,2.0,6024.8125,3.0,8.0,1.0,1.0,15-16 años,8.703807604038552,0,1,1,0
1,14.0,2.0,1.0,6.0,6.0,2.0,6024.8125,3.0,8.0,1.0,1.0,12-14 años,8.703807604038552,0,1,1,0
1,10.0,1.0,1.0,6.0,6.0,2.0,2100.603271484375,1.0,5.0,1.0,1.0,6-11 años,7.650455795033792,0,1,1,0
1,12.0,2.0,1.0,6.0,6.0,2.0,1916.0250244140625,1.0,8.0,1.0,1.0,12-14 años,7.558529796906224,0,1,1,0
1,19.0,1.0,1.0,6.0,6.0,2.0,672.8666381835938,3.0,8.0,1.0,1.0,17-19 años,6.51303222513776,0,1,1,0
1,15.0,2.0,1.0,6.0,6.0,2.0,672.8666381835938,3.0,8.0,1.0,1.0,15-16 años,6.51303222513776,0,1,1,0
1,9.0,1.0,1.0,6.0,6.0,2.0,672.8666381835938,1.0,8.0,1.0,1.0,6-11 años,6.51303222513776,0,1,1,0
1,8.0,2.0,1.0,6.0,6.0,2.0,2182.333251953125,1.0,8.0,1.0,1.0,6-11 años,7.688608002687809,0,1,1,0
0,16.0,1.0,1.0,6.0,6.0,2.0,2182.333251953125,1.0,8.0,1.0,1.0,15-16 años,7.688608002687809,0,1,1,1
1,12.0,2.0,1.0,6.0,6.0,2.0,868.8866577148438,2.0,6.0,2.0,1.0,12-14 años,6.768362924672965,0,1,1,0
0,19.0,2.0,1.0,6.0,6.0,2.0,891.066650390625,3.0,8.0,2.0,1.0,17-19 años,6.793540849957458,0,1,1,1
1,9.0,1.0,1.0,6.0,6.0,2.0,2274.5,1.0,8.0,2.0,1.0,6-11 años,7.7299550874566965,0,1,1,0
1,14.0,1.0,1.0,6.0,6.0,2.0,1113.066650390625,3.0,8.0,1.0,1.0,12-14 años,7.015772248491596,0,1,1,0
1,12.0,1.0,1.0,6.0,6.0,2.0,1113.066650390625,2.0,8.0,1.0,1.0,12-14 años,7.015772248491596,0,1,1,0
0,19.0,2.0,1.0,6.0,6.0,2.0,719.861083984375,4.0,5.0,1.0,1.0,17-19 años,6.580446447409901,0,1,1,1
1,6.0,1.0,1.0,6.0,6.0,2.0,719.861083984375,0.0,5.0,1.0,1.0,6-11 años,6.580446447409901,0,1,1,0
1,14.0,2.0,1.0,6.0,6.0,2.0,2615.0,3.0,5.0,1.0,1.0,12-14 años,7.86940171257709,0,1,1,0
1,11.0,1.0,1.0,6.0,6.0,2.0,232.5,1.0,5.0,2.0,1.0,6-11 años,5.453182077108952,0,1,1,0
1,8.0,2.0,1.0,6.0,6.0,2.0,232.5,1.0,5.0,2.0,1.0,6-11 años,5.453182077108952,0,1,1,0
1,16.0,2.0,1.0,6.0,6.0,2.0,590.5,3.0,5.0,1.0,1.0,15-16 años,6.3826616834184415,0,1,1,0
1,11.0,1.0,1.0,6.0,6.0,2.0,2003.1666259765625,1.0,5.0,1.0,1.0,6-11 años,7.602983605443152,0,1,1,0
1,18.0,1.0,1.0,6.0,6.0,2.0,597.5,3.0,5.0,1.0,1.0,17-19 años,6.394426524998027,0,1,1,0
1,11.0,2.0,1.0,6.0,6.0,2.0,597.5,1.0,5.0,1.0,1.0,6-11 años,6.394426524998027,0,1,1,0
1,18.0,2.0,1.0,6.0,6.0,2.0,829.0,3.0,5.0,1.0,1.0,17-19 años,6.721425700790643,0,1,1,0
1,15.0,2.0,1.0,6.0,6.0,2.0,829.0,3.0,5.0,1.0,1.0,15-16 años,6.721425700790643,0,1,1,0
1,11.0,2.0,1.0,6.0,6.0,2.0,829.0,1.0,5.0,1.0,1.0,6-11 años,6.721425700790643,0,1,1,0
1,18.0,2.0,1.0,6.0,6.0,2.0,709.0,3.0,8.0,1.0,1.0,17-19 años,6.565264970035361,0,1,1,0
1,10.0,2.0,1.0,6.0,6.0,2.0,457.0724792480469,1.0,6.0,1.0,1.0,6-11 años,6.127027423227006,0,1,1,0
1,18.0,1.0,1.0,6.0,6.0,2.0,951.2919921875,3.0,5.0,1.0,1.0,17-19 años,6.858871702246762,0,1,1,0
1,16.0,2.0,1.0,6.0,6.0,2.0,951.2919921875,3.0,5.0,1.0,1.0,15-16 años,6.858871702246762,0,1,1,0
1,12.0,2.0,1.0,6.0,6.0,2.0,951.2919921875,2.0,5.0,1.0,1.0,12-14 años,6.858871702246762,0,1,1,0
1,19.0,2.0,1.0,6.0,6.0,2.0,1219.0,4.0,5.0,1.0,1.0,17-19 años,7.106606137727303,0,1,1,0
1,17.0,2.0,1.0,6.0,6.0,2.0,1219.0,3.0,5.0,1.0,1.0,17-19 años,7.106606137727303,0,1,1,0
1,13.0,1.0,1.0,6.0,6.0,2.0,1326.7667236328125,3.0,8.0,2.0,1.0,12-14 años,7.191253654691319,0,1,1,0
1,15.0,2.0,1.0,6.0,6.0,2.0,3222.52001953125,3.0,6.0,1.0,1.0,15-16 años,8.078229215226582,0,1,1,0
1,10.0,1.0,1.0,6.0,6.0,2.0,3222.52001953125,1.0,6.0,1.0,1.0,6-11 años,8.078229215226582,0,1,1,0
1,7.0,2.0,1.0,6.0,6.0,2.0,500.0,1.0,8.0,1.0,1.0,6-11 años,6.2166061010848646,0,1,1,0
1,10.0,1.0,1.0,6.0,6.0,2.0,593.0555419921875,1.0,5.0,1.0,1.0,6-11 años,6.386972820028674,0,1,1,0
1,17.0,1.0,1.0,6.0,6.0,2.0,1367.973388671875,3.0,5.0,2.0,1.0,17-19 años,7.221816386583722,0,1,1,0
1,15.0,2.0,1.0,6.0,6.0,2.0,1367.973388671875,3.0,5.0,2.0,1.0,15-16 años,7.221816386583722,0,1,1,0
1,10.0,1.0,1.0,6.0,6.0,2.0,1283.3333740234375,1.0,6.0,2.0,1.0,6-11 años,7.157995087639935,0,1,1,0
1,11.0,2.0,1.0,6.0,6.0,2.0,428.3122253417969,1.0,5.0,2.0,1.0,6-11 años,6.062184452211012,0,1,1,0
1,6.0,1.0,1.0,6.0,6.0,2.0,428.3122253417969,0.0,5.0,2.0,1.0,6-11 años,6.062184452211012,0,1,1,0
1,16.0,2.0,1.0,6.0,6.0,2.0,2357.221923828125,3.0,8.0,1.0,1.0,15-16 años,7.765663191947854,0,1,1,0
1,8.0,1.0,1.0,6.0,6.0,2.0,2357.221923828125,1.0,8.0,1.0,1.0,6-11 años,7.765663191947854,0,1,1,0
1,17.0,1.0,1.0,6.0,6.0,2.0,2433.333251953125,3.0,6.0,1.0,1.0,17-19 años,7.797428179521817,0,1,1,0
1,10.0,2.0,1.0,6.0,6.0,2.0,959.0,1.0,5.0,1.0,1.0,6-11 años,6.866933284461882,0,1,1,0
1,13.0,1.0,1.0,6.0,6.0,2.0,4250.0,2.0,6.0,1.0,1.0,12-14 años,8.35490952835879,0,1,1,0
1,10.0,1.0,1.0,6.0,6.0,2.0,4250.0,1.0,6.0,1.0,1.0,6-11 años,8.35490952835879,0,1,1,0
1,12.0,2.0,1.0,6.0,6.0,2.0,430.93328857421875,2.0,5.0,1.0,1.0,12-14 años,6.068271151722689,0,1,1,0
1,12.0,2.0,1.0,6.0,6.0,2.0,430.93328857421875,2.0,5.0,1.0,1.0,12-14 años,6.068271151722689,0,1,1,0
1,10.0,2.0,1.0,6.0,6.0,2.0,430.93328857421875,1.0,5.0,1.0,1.0,6-11 años,6.068271151722689,0,1,1,0
1,18.0,2.0,1.0,6.0,6.0,2.0,1587.3333740234375,3.0,5.0,1.0,1.0,17-19 años,7.370440553038306,0,1,1,0
1,14.0,1.0,1.0,6.0,6.0,2.0,1329.0,3.0,5.0,1.0,1.0,12-14 años,7.1929342212158,0,1,1,0
1,8.0,2.0,1.0,6.0,6.0,2.0,1156.7166748046875,1.0,5.0,2.0,1.0,6-11 años,7.054204960498028,0,1,1,0
1,18.0,1.0,1.0,6.0,6.0,2.0,1372.0875244140625,4.0,5.0,2.0,1.0,17-19 años,7.224817150578225,0,1,1,0
1,10.0,1.0,1.0,6.0,6.0,2.0,4636.111328125,1.0,6.0,1.0,1.0,6-11 años,8.441846892756482,0,1,1,0
1,10.0,1.0,1.0,6.0,6.0,2.0,2108.39990234375,1.0,8.0,1.0,1.0,6-11 años,7.654158779546766,0,1,1,0
1,8.0,1.0,1.0,6.0,6.0,2.0,2108.39990234375,1.0,8.0,1.0,1.0,6-11 años,7.654158779546766,0,1,1,0
1,15.0,1.0,1.0,6.0,6.0,2.0,789.4200439453125,3.0,6.0,1.0,1.0,15-16 años,6.67256450535467,0,1,1,0
1,14.0,2.0,1.0,6.0,6.0,2.0,789.4200439453125,3.0,6.0,1.0,1.0,12-14 años,6.67256450535467,0,1,1,0
1,14.0,2.0,1.0,6.0,6.0,2.0,789.4200439453125,3.0,6.0,1.0,1.0,12-14 años,6.67256450535467,0,1,1,0
1,8.0,1.0,1.0,6.0,6.0,2.0,9820.2333984375,1.0,8.0,2.0,1.0,6-11 años,9.19230199411696,0,1,1,0
1,18.0,2.0,1.0,6.0,6.0,2.0,3076.149169921875,4.0,8.0,1.0,1.0,17-19 años,8.031758853159607,0,1,1,0
1,16.0,1.0,1.0,6.0,6.0,2.0,1953.3333740234375,3.0,5.0,1.0,1.0,15-16 años,7.577804429116558,0,1,1,0
1,10.0,1.0,1.0,6.0,6.0,2.0,1123.375,1.0,5.0,1.0,1.0,6-11 años,7.024982604704798,0,1,1,0
1,17.0,2.0,1.0,6.0,6.0,2.0,1291.875,3.0,8.0,1.0,1.0,17-19 años,7.164623699697968,0,1,1,0
1,11.0,1.0,1.0,6.0,6.0,2.0,1291.875,1.0,8.0,1.0,1.0,6-11 años,7.164623699697968,0,1,1,0
1,13.0,2.0,1.0,6.0,6.0,2.0,2109.0,2.0,8.0,1.0,1.0,12-14 años,7.6544432264701125,0,1,1,0
1,9.0,1.0,1.0,6.0,6.0,2.0,2109.0,1.0,8.0,1.0,1.0,6-11 años,7.6544432264701125,0,1,1,0
1,7.0,2.0,1.0,6.0,6.0,2.0,2109.0,1.0,8.0,1.0,1.0,6-11 años,7.6544432264701125,0,1,1,0
1,9.0,1.0,1.0,6.0,6.0,2.0,2485.666748046875,1.0,6.0,1.0,1.0,6-11 años,7.818698437256321,0,1,1,0
1,6.0,2.0,1.0,6.0,6.0,2.0,2485.666748046875,0.0,6.0,1.0,1.0,6-11 años,7.818698437256321,0,1,1,0
1,15.0,1.0,1.0,6.0,6.0,2.0,2485.666748046875,3.0,6.0,1.0,1.0,15-16 años,7.818698437256321,0,1,1,0
1,15.0,1.0,1.0,6.0,6.0,2.0,1222.5,3.0,6.0,2.0,1.0,15-16 años,7.109470882882726,0,1,1,0
1,18.0,1.0,1.0,6.0,6.0,2.0,1495.1624755859375,3.0,5.0,2.0,1.0,17-19 años,7.310658759312236,0,1,1,0
1,15.0,2.0,1.0,6.0,6.0,2.0,1495.1624755859375,3.0,5.0,2.0,1.0,15-16 años,7.310658759312236,0,1,1,0
1,11.0,2.0,1.0,6.0,6.0,2.0,1113.2999267578125,1.0,5.0,1.0,1.0,6-11 años,7.01598161832368,0,1,1,0
1,16.0,2.0,1.0,6.0,6.0,2.0,624.7499389648438,3.0,1.0,1.0,1.0,15-16 años,6.438950832772676,0,1,1,0
1,9.0,2.0,1.0,6.0,6.0,2.0,3465.0,1.0,8.0,1.0,1.0,6-11 años,8.150756470275551,0,1,1,0
1,8.0,2.0,1.0,6.0,6.0,2.0,1503.8890380859375,1.0,8.0,1.0,1.0,6-11 años,7.316474445618318,0,1,1,0
1,8.0,1.0,1.0,6.0,6.0,1.0,5806.88916015625,1.0,8.0,1.0,1.0,6-11 años,8.666972472327394,0,1,1,0
1,16.0,1.0,1.0,6.0,6.0,2.0,3812.5,3.0,6.0,2.0,1.0,15-16 años,8.246302681604293,0,1,1,0
1,17.0,2.0,1.0,6.0,6.0,2.0,1790.8160400390625,3.0,8.0,1.0,1.0,17-19 años,7.490984932037163,0,1,1,0
1,14.0,1.0,1.0,6.0,6.0,2.0,1790.8160400390625,3.0,8.0,1.0,1.0,12-14 años,7.490984932037163,0,1,1,0
1,17.0,1.0,1.0,6.0,6.0,2.0,2733.4375,3.0,5.0,1.0,1.0,17-19 años,7.913681026427616,0,1,1,0
1,8.0,1.0,1.0,6.0,6.0,2.0,2733.4375,1.0,5.0,1.0,1.0,6-11 años,7.913681026427616,0,1,1,0
1,9.0,1.0,1.0,6.0,6.0,2.0,1785.8333740234375,1.0,8.0,1.0,1.0,6-11 años,7.488200267400372,0,1,1,0
1,19.0,1.0,1.0,6.0,6.0,2.0,1013.3333129882812,4.0,8.0,1.0,1.0,17-19 años,6.921986841171301,0,1,1,0
1,16.0,1.0,1.0,6.0,6.0,2.0,1013.3333129882812,3.0,8.0,1.0,1.0,15-16 años,6.921986841171301,0,1,1,0
1,14.0,1.0,1.0,6.0,6.0,2.0,930.0,3.0,5.0,2.0,1.0,12-14 años,6.836259277277067,0,1,1,0
1,16.0,1.0,1.0,6.0,6.0,2.0,899.8333129882812,3.0,8.0,1.0,1.0,15-16 años,6.803320238260552,0,1,1,0
1,11.0,1.0,1.0,6.0,6.0,2.0,899.8333129882812,1.0,8.0,1.0,1.0,6-11 años,6.803320238260552,0,1,1,0
1,11.0,1.0,1.0,6.0,6.0,2.0,5980.10009765625,1.0,5.0,1.0,1.0,6-11 años,8.696359792844364,0,1,1,0
1,10.0,1.0,1.0,6.0,6.0,2.0,2139.6416015625,1.0,5.0,1.0,1.0,6-11 años,7.6688608768949695,0,1,1,0
1,7.0,1.0,1.0,6.0,6.0,2.0,2139.6416015625,1.0,5.0,1.0,1.0,6-11 años,7.6688608768949695,0,1,1,0
1,17.0,2.0,1.0,6.0,6.0,2.0,1663.4599609375,3.0,6.0,1.0,1.0,17-19 años,7.417256002017139,0,1,1,0
1,12.0,1.0,1.0,6.0,6.0,2.0,1663.4599609375,2.0,6.0,1.0,1.0,12-14 años,7.417256002017139,0,1,1,0
1,9.0,2.0,1.0,6.0,6.0,2.0,1784.5,1.0,5.0,1.0,1.0,6-11 años,7.487453767034503,0,1,1,0
1,12.0,2.0,1.0,6.0,6.0,2.0,2069.966552734375,1.0,5.0,1.0,1.0,12-14 años,7.635770710967907,0,1,1,0
1,12.0,2.0,1.0,6.0,6.0,2.0,1485.7999267578125,1.0,5.0,1.0,1.0,12-14 años,7.304381389161469,0,1,1,0
1,13.0,2.0,1.0,6.0,6.0,2.0,691.47998046875,3.0,5.0,1.0,1.0,12-14 años,6.540279328573221,0,1,1,0
0,17.0,1.0,1.0,6.0,995.0,2.0,1316.8228759765625,0.0,5.0,2.0,1.0,17-19 años,7.183736317546353,0,1,1,1
1,14.0,1.0,1.0,6.0,6.0,2.0,1316.8228759765625,3.0,5.0,2.0,1.0,12-14 años,7.183736317546353,0,1,1,0
1,11.0,2.0,1.0,6.0,6.0,2.0,1316.8228759765625,1.0,5.0,2.0,1.0,6-11 años,7.183736317546353,0,1,1,0
1,7.0,2.0,1.0,6.0,6.0,2.0,1316.8228759765625,1.0,5.0,2.0,1.0,6-11 años,7.183736317546353,0,1,1,0
0,19.0,1.0,1.0,6.0,6.0,2.0,758.25,4.0,6.0,1.0,1.0,17-19 años,6.632331103925858,0,1,1,1
1,16.0,2.0,1.0,6.0,6.0,2.0,758.25,3.0,6.0,1.0,1.0,15-16 años,6.632331103925858,0,1,1,0
1,12.0,1.0,1.0,6.0,6.0,2.0,1417.2041015625,1.0,6.0,2.0,1.0,12-14 años,7.25714663295604,0,1,1,0
1,10.0,2.0,1.0,6.0,6.0,2.0,1417.2041015625,1.0,6.0,2.0,1.0,6-11 años,7.25714663295604,0,1,1,0
1,10.0,2.0,1.0,6.0,6.0,2.0,186.6666717529297,1.0,6.0,1.0,1.0,6-11 años,5.234667366574225,0,1,1,0
1,8.0,1.0,1.0,6.0,6.0,2.0,186.6666717529297,1.0,6.0,1.0,1.0,6-11 años,5.234667366574225,0,1,1,0
1,12.0,1.0,1.0,6.0,6.0,2.0,482.97998046875,2.0,5.0,2.0,1.0,12-14 años,6.182043543193301,0,1,1,0
1,10.0,2.0,1.0,6.0,6.0,2.0,482.97998046875,1.0,5.0,2.0,1.0,6-11 años,6.182043543193301,0,1,1,0
1,6.0,2.0,1.0,6.0,6.0,2.0,482.97998046875,0.0,5.0,2.0,1.0,6-11 años,6.182043543193301,0,1,1,0
1,13.0,1.0,1.0,6.0,6.0,2.0,152.5,3.0,6.0,1.0,1.0,12-14 años,5.033700567027251,0,1,1,0
1,6.0,2.0,1.0,6.0,6.0,2.0,152.5,0.0,6.0,1.0,1.0,6-11 años,5.033700567027251,0,1,1,0
1,10.0,1.0,1.0,6.0,6.0,2.0,580.6944580078125,1.0,8.0,1.0,1.0,6-11 años,6.36594532363704,0,1,1,0
1,8.0,2.0,1.0,6.0,6.0,2.0,580.6944580078125,1.0,8.0,1.0,1.0,6-11 años,6.36594532363704,0,1,1,0
1,17.0,1.0,1.0,6.0,6.0,2.0,2102.5,3.0,5.0,1.0,1.0,17-19 años,7.651357903030576,0,1,1,0
1,14.0,2.0,1.0,6.0,6.0,2.0,795.0,3.0,5.0,2.0,1.0,12-14 años,6.679599185844383,0,1,1,0
1,10.0,2.0,1.0,6.0,6.0,2.0,795.0,1.0,5.0,2.0,1.0,6-11 años,6.679599185844383,0,1,1,0
1,9.0,1.0,1.0,6.0,6.0,2.0,795.0,1.0,5.0,2.0,1.0,6-11 años,6.679599185844383,0,1,1,0
1,12.0,1.0,1.0,6.0,6.0,1.0,708.7579956054688,3.0,5.0,2.0,1.0,12-14 años,6.564924060672464,0,1,1,0
1,10.0,1.0,1.0,6.0,6.0,1.0,708.7579956054688,1.0,5.0,2.0,1.0,6-11 años,6.564924060672464,0,1,1,0
1,8.0,1.0,1.0,6.0,6.0,1.0,708.7579956054688,1.0,5.0,2.0,1.0,6-11 años,6.564924060672464,0,1,1,0
1,15.0,2.0,1.0,6.0,6.0,2.0,1417.5,3.0,6.0,1.0,1.0,15-16 años,7.257355254248906,0,1,1,0
1,12.0,2.0,1.0,6.0,6.0,2.0,1417.5,2.0,6.0,1.0,1.0,12-14 años,7.257355254248906,0,1,1,0
1,10.0,2.0,1.0,6.0,6.0,2.0,1417.5,1.0,6.0,1.0,1.0,6-11 años,7.257355254248906,0,1,1,0
1,19.0,2.0,1.0,6.0,6.0,2.0,1888.8890380859375,5.0,8.0,1.0,1.0,17-19 años,7.5442733963227475,0,1,1,0
1,14.0,2.0,1.0,6.0,6.0,2.0,1888.8890380859375,3.0,8.0,1.0,1.0,12-14 años,7.5442733963227475,0,1,1,0
1,7.0,1.0,1.0,6.0,6.0,2.0,208.3333282470703,0.0,5.0,1.0,1.0,6-11 años,5.343927853502654,0,1,1,0
1,14.0,1.0,1.0,6.0,6.0,2.0,2563.199951171875,3.0,5.0,7.0,1.0,12-14 años,7.849401799076355,0,1,0,0
1,15.0,2.0,1.0,6.0,6.0,2.0,1294.0999755859375,3.0,5.0,5.0,1.0,15-16 años,7.166343172378439,0,1,0,0
1,14.0,1.0,2.0,6.0,6.0,2.0,175.83334350585938,3.0,5.0,8.0,1.0,12-14 años,5.175207726911992,1,1,0,0
1,7.0,2.0,2.0,6.0,6.0,2.0,175.83334350585938,0.0,5.0,8.0,1.0,6-11 años,5.175207726911992,1,1,0,0
1,16.0,2.0,2.0,6.0,6.0,2.0,679.1666870117188,3.0,6.0,7.0,1.0,15-16 años,6.5223378960896135,1,1,0,0
1,11.0,1.0,2.0,6.0,6.0,2.0,679.1666870117188,1.0,6.0,7.0,1.0,6-11 años,6.5223378960896135,1,1,0,0
1,9.0,2.0,2.0,6.0,6.0,2.0,228.63333129882812,1.0,6.0,7.0,1.0,6-11 años,5.4364838250712415,1,1,0,0
0,19.0,2.0,2.0,6.0,6.0,2.0,1100.0,4.0,5.0,8.0,1.0,17-19 años,7.00397413672268,1,1,0,1
1,17.0,1.0,2.0,6.0,6.0,2.0,1100.0,3.0,5.0,8.0,1.0,17-19 años,7.00397413672268,1,1,0,0
1,12.0,2.0,2.0,6.0,6.0,2.0,1100.0,2.0,5.0,8.0,1.0,12-14 años,7.00397413672268,1,1,0,0
1,11.0,1.0,2.0,6.0,6.0,2.0,469.28570556640625,1.0,6.0,8.0,2.0,6-11 años,6.153340394201199,1,0,0,0
1,8.0,2.0,2.0,6.0,6.0,2.0,469.28570556640625,1.0,6.0,8.0,2.0,6-11 años,6.153340394201199,1,0,0,0
1,6.0,1.0,2.0,6.0,6.0,2.0,469.28570556640625,0.0,6.0,8.0,2.0,6-11 años,6.153340394201199,1,0,0,0
1,12.0,2.0,2.0,6.0,6.0,2.0,1118.7799072265625,1.0,1.0,1.0,1.0,12-14 años,7.020887433573389,1,1,1,0
1,14.0,2.0,2.0,6.0,6.0,2.0,1622.9166259765625,3.0,1.0,1.0,1.0,12-14 años,7.392596180719365,1,1,1,0
1,11.0,1.0,2.0,6.0,6.0,2.0,1622.9166259765625,1.0,1.0,1.0,1.0,6-11 años,7.392596180719365,1,1,1,0
1,6.0,1.0,2.0,6.0,6.0,2.0,1622.9166259765625,0.0,1.0,1.0,1.0,6-11 años,7.392596180719365,1,1,1,0
1,14.0,2.0,2.0,6.0,6.0,2.0,2078.39990234375,3.0,5.0,2.0,1.0,12-14 años,7.639834622580201,1,1,1,0
1,6.0,1.0,2.0,6.0,6.0,2.0,2078.39990234375,0.0,5.0,2.0,1.0,6-11 años,7.639834622580201,1,1,1,0
1,14.0,1.0,2.0,6.0,6.0,2.0,1299.0,3.0,8.0,1.0,1.0,12-14 años,7.170119543449628,1,1,1,0
1,7.0,1.0,2.0,6.0,6.0,2.0,1299.0,0.0,8.0,1.0,1.0,6-11 años,7.170119543449628,1,1,1,0
1,10.0,1.0,2.0,6.0,6.0,2.0,436.3333435058594,1.0,8.0,1.0,1.0,6-11 años,6.080695704096273,1,1,1,0
1,8.0,2.0,2.0,6.0,6.0,2.0,436.3333435058594,1.0,8.0,1.0,1.0,6-11 años,6.080695704096273,1,1,1,0
1,14.0,2.0,2.0,6.0,6.0,2.0,436.3333435058594,3.0,8.0,1.0,1.0,12-14 años,6.080695704096273,1,1,1,0
1,15.0,1.0,2.0,6.0,6.0,2.0,214.2857208251953,3.0,5.0,1.0,1.0,15-16 años,5.371966079947006,1,1,1,0
1,13.0,2.0,2.0,6.0,6.0,2.0,214.2857208251953,2.0,5.0,1.0,1.0,12-14 años,5.371966079947006,1,1,1,0
1,8.0,1.0,2.0,6.0,6.0,2.0,214.2857208251953,1.0,5.0,1.0,1.0,6-11 años,5.371966079947006,1,1,1,0
1,8.0,1.0,2.0,6.0,6.0,2.0,214.2857208251953,1.0,5.0,1.0,1.0,6-11 años,5.371966079947006,1,1,1,0
1,9.0,1.0,2.0,6.0,6.0,2.0,98.33333587646484,1.0,5.0,7.0,2.0,6-11 años,4.59848122343929,1,0,0,0
1,7.0,1.0,2.0,6.0,6.0,2.0,98.33333587646484,0.0,5.0,7.0,2.0,6-11 años,4.59848122343929,1,0,0,0
1,17.0,2.0,2.0,6.0,6.0,2.0,290.2778015136719,3.0,6.0,7.0,1.0,17-19 años,5.674277456165225,1,1,0,0
1,16.0,1.0,2.0,6.0,6.0,2.0,515.2777709960938,3.0,5.0,7.0,1.0,15-16 años,6.246644936525447,1,1,0,0
0,18.0,1.0,2.0,6.0,6.0,2.0,1060.9666748046875,0.0,8.0,7.0,1.0,17-19 años,6.967877821652929,1,1,0,1
1,10.0,1.0,2.0,6.0,6.0,2.0,1060.9666748046875,1.0,8.0,7.0,1.0,6-11 años,6.967877821652929,1,1,0,0
1,9.0,2.0,2.0,6.0,6.0,2.0,805.933349609375,1.0,5.0,10.0,2.0,6-11 años,6.693241074536225,1,0,0,0
0,12.0,2.0,2.0,6.0,6.0,2.0,805.933349609375,2.0,5.0,10.0,2.0,12-14 años,6.693241074536225,1,0,0,1
1,8.0,2.0,2.0,6.0,6.0,2.0,590.2777709960938,1.0,5.0,10.0,1.0,6-11 años,6.38228590867534,1,1,0,0
0,14.0,1.0,2.0,6.0,6.0,2.0,1386.041748046875,3.0,5.0,7.0,1.0,12-14 años,7.23492851939096,1,1,0,1
1,7.0,1.0,2.0,6.0,6.0,2.0,1386.041748046875,1.0,5.0,7.0,1.0,6-11 años,7.23492851939096,1,1,0,0
1,17.0,2.0,2.0,6.0,6.0,2.0,435.625,3.0,5.0,7.0,1.0,17-19 años,6.079074703126996,1,1,0,0
1,16.0,2.0,2.0,6.0,6.0,2.0,1660.2249755859375,1.0,8.0,7.0,1.0,15-16 años,7.415310546308843,1,1,0,0
1,7.0,1.0,2.0,6.0,6.0,2.0,1660.2249755859375,0.0,8.0,7.0,1.0,6-11 años,7.415310546308843,1,1,0,0
1,10.0,1.0,2.0,6.0,6.0,2.0,3376.80615234375,1.0,8.0,7.0,1.0,6-11 años,8.124981710387736,1,1,0,0
0,13.0,1.0,2.0,6.0,6.0,2.0,268.3333435058594,0.0,6.0,5.0,1.0,12-14 años,5.595949807622265,1,1,0,1
1,9.0,1.0,2.0,6.0,6.0,2.0,268.3333435058594,1.0,6.0,5.0,1.0,6-11 años,5.595949807622265,1,1,0,0
1,9.0,2.0,2.0,6.0,6.0,2.0,102.5,1.0,6.0,5.0,1.0,6-11 años,4.639571612705423,1,1,0,0
1,6.0,2.0,2.0,6.0,6.0,2.0,102.5,0.0,6.0,5.0,1.0,6-11 años,4.639571612705423,1,1,0,0
1,6.0,2.0,2.0,6.0,6.0,2.0,644.5833129882812,0.0,6.0,5.0,1.0,6-11 años,6.4701542693296865,1,1,0,0
1,14.0,2.0,2.0,6.0,6.0,2.0,1561.0712890625,3.0,8.0,5.0,1.0,12-14 años,7.35376796896285,1,1,0,0
1,6.0,1.0,2.0,6.0,6.0,2.0,4966.111328125,0.0,1.0,5.0,1.0,6-11 años,8.51059372841063,1,1,0,0
1,13.0,1.0,2.0,6.0,6.0,2.0,2539.32666015625,3.0,8.0,5.0,1.0,12-14 años,7.840047958104222,1,1,0,0
1,8.0,1.0,2.0,6.0,6.0,2.0,1491.1458740234375,1.0,8.0,7.0,1.0,6-11 años,7.307970546777643,1,1,0,0
1,13.0,1.0,2.0,6.0,6.0,2.0,938.6900634765625,3.0,8.0,5.0,1.0,12-14 años,6.845550101188771,1,1,0,0
1,10.0,2.0,2.0,6.0,6.0,2.0,479.4444580078125,1.0,5.0,5.0,1.0,6-11 años,6.174711629653756,1,1,0,0
1,12.0,2.0,2.0,6.0,6.0,2.0,477.52264404296875,1.0,6.0,2.0,1.0,12-14 años,6.170703532747123,1,1,1,0
1,15.0,1.0,2.0,6.0,6.0,2.0,812.2916870117188,3.0,8.0,1.0,1.0,15-16 años,6.701089823814355,1,1,1,0
1,12.0,1.0,2.0,6.0,6.0,2.0,426.4444580078125,1.0,1.0,1.0,1.0,12-14 años,6.057824357147376,1,1,1,0
1,15.0,2.0,2.0,6.0,6.0,2.0,136.25,3.0,5.0,2.0,1.0,15-16 años,4.92180408038964,1,1,1,0
1,9.0,2.0,2.0,6.0,6.0,2.0,136.25,1.0,5.0,2.0,1.0,6-11 años,4.92180408038964,1,1,1,0
1,11.0,2.0,2.0,6.0,6.0,2.0,1016.6666259765625,1.0,5.0,1.0,1.0,6-11 años,6.925267664083043,1,1,1,0
1,15.0,1.0,2.0,6.0,6.0,1.0,732.8333129882812,3.0,6.0,2.0,2.0,15-16 años,6.598281908803348,1,0,1,0
0,19.0,1.0,2.0,6.0,6.0,2.0,477.5555419921875,3.0,1.0,1.0,1.0,17-19 años,6.170772279375584,1,1,1,1
1,11.0,2.0,2.0,6.0,6.0,2.0,477.5555419921875,1.0,1.0,1.0,1.0,6-11 años,6.170772279375584,1,1,1,0
1,15.0,2.0,2.0,6.0,6.0,2.0,477.5555419921875,3.0,1.0,1.0,1.0,15-16 años,6.170772279375584,1,1,1,0
1,12.0,2.0,2.0,6.0,6.0,2.0,477.5555419921875,1.0,1.0,1.0,1.0,12-14 años,6.170772279375584,1,1,1,0
1,10.0,2.0,2.0,6.0,6.0,2.0,780.0,1.0,5.0,1.0,1.0,6-11 años,6.660575149839686,1,1,1,0
1,13.0,1.0,2.0,6.0,6.0,2.0,1050.8133544921875,3.0,8.0,1.0,1.0,12-14 años,6.9582709578726885,1,1,1,0
1,8.0,2.0,2.0,6.0,6.0,2.0,1050.8133544921875,1.0,8.0,1.0,1.0,6-11 años,6.9582709578726885,1,1,1,0
1,13.0,1.0,2.0,6.0,6.0,2.0,1050.8133544921875,3.0,8.0,1.0,1.0,12-14 años,6.9582709578726885,1,1,1,0
1,10.0,2.0,2.0,6.0,6.0,2.0,1050.8133544921875,1.0,8.0,1.0,1.0,6-11 años,6.9582709578726885,1,1,1,0
1,16.0,2.0,2.0,6.0,6.0,2.0,750.0,3.0,8.0,1.0,1.0,15-16 años,6.621405651764134,1,1,1,0
0,18.0,2.0,2.0,6.0,6.0,1.0,176.38890075683594,3.0,5.0,1.0,1.0,17-19 años,5.178344501722169,1,1,1,1
1,17.0,1.0,2.0,6.0,6.0,1.0,649.5,3.0,8.0,1.0,1.0,17-19 años,6.47774129795256,1,1,1,0
1,15.0,2.0,2.0,6.0,6.0,1.0,649.5,3.0,8.0,1.0,1.0,15-16 años,6.47774129795256,1,1,1,0
1,7.0,1.0,2.0,6.0,6.0,2.0,2164.7666015625,0.0,5.0,1.0,1.0,6-11 años,7.680529666243583,1,1,1,0
1,15.0,2.0,2.0,6.0,6.0,1.0,992.2311401367188,3.0,5.0,1.0,1.0,15-16 años,6.9009634064819325,1,1,1,0
1,16.0,2.0,2.0,6.0,6.0,2.0,2233.541748046875,3.0,1.0,1.0,1.0,15-16 años,7.7117914515943085,1,1,1,0
1,16.0,2.0,2.0,6.0,6.0,2.0,2233.541748046875,3.0,1.0,1.0,1.0,15-16 años,7.7117914515943085,1,1,1,0
0,19.0,2.0,2.0,6.0,6.0,2.0,492.0133361816406,3.0,5.0,2.0,1.0,17-19 años,6.2005362247551945,1,1,1,1
1,9.0,2.0,2.0,6.0,6.0,2.0,492.0133361816406,1.0,5.0,2.0,1.0,6-11 años,6.2005362247551945,1,1,1,0
1,8.0,2.0,2.0,6.0,6.0,2.0,492.0133361816406,1.0,5.0,2.0,1.0,6-11 años,6.2005362247551945,1,1,1,0
0,19.0,2.0,2.0,6.0,6.0,1.0,652.3333129882812,3.0,5.0,2.0,1.0,17-19 años,6.482087432416067,1,1,1,1
0,19.0,1.0,2.0,6.0,6.0,1.0,320.11907958984375,4.0,8.0,1.0,1.0,17-19 años,5.771812018794057,1,1,1,1
1,17.0,1.0,2.0,6.0,6.0,1.0,320.11907958984375,3.0,8.0,1.0,1.0,17-19 años,5.771812018794057,1,1,1,0
1,15.0,2.0,2.0,6.0,6.0,1.0,320.11907958984375,3.0,8.0,1.0,1.0,15-16 años,5.771812018794057,1,1,1,0
1,13.0,1.0,2.0,6.0,6.0,1.0,320.11907958984375,2.0,8.0,1.0,1.0,12-14 años,5.771812018794057,1,1,1,0
1,7.0,2.0,2.0,6.0,6.0,2.0,320.11907958984375,0.0,8.0,1.0,1.0,6-11 años,5.771812018794057,1,1,1,0
1,18.0,1.0,2.0,6.0,6.0,2.0,798.3333740234375,3.0,5.0,7.0,1.0,17-19 años,6.6837780978243995,1,1,0,0
1,9.0,2.0,2.0,6.0,6.0,2.0,798.3333740234375,1.0,5.0,7.0,1.0,6-11 años,6.6837780978243995,1,1,0,0
1,14.0,1.0,2.0,6.0,6.0,2.0,320.0,3.0,5.0,7.0,1.0,12-14 años,5.771441123130016,1,1,0,0
1,7.0,2.0,2.0,6.0,6.0,2.0,320.0,1.0,5.0,7.0,1.0,6-11 años,5.771441123130016,1,1,0,0
1,14.0,1.0,2.0,6.0,6.0,2.0,1435.841796875,3.0,8.0,7.0,1.0,12-14 años,7.270202787377467,1,1,0,0
1,16.0,1.0,2.0,6.0,6.0,2.0,227.08334350585938,3.0,8.0,7.0,1.0,15-16 años,5.429711103852719,1,1,0,0
1,12.0,1.0,2.0,6.0,6.0,2.0,227.08334350585938,2.0,8.0,7.0,1.0,12-14 años,5.429711103852719,1,1,0,0
1,19.0,1.0,2.0,6.0,6.0,2.0,340.8333435058594,5.0,5.0,7.0,1.0,17-19 años,5.834323318603055,1,1,0,0
1,11.0,2.0,2.0,6.0,6.0,2.0,340.8333435058594,1.0,5.0,7.0,1.0,6-11 años,5.834323318603055,1,1,0,0
1,17.0,2.0,2.0,6.0,6.0,2.0,435.3333435058594,3.0,5.0,7.0,1.0,17-19 años,6.078406500555448,1,1,0,0
1,9.0,2.0,2.0,6.0,6.0,2.0,435.3333435058594,1.0,5.0,7.0,1.0,6-11 años,6.078406500555448,1,1,0,0
1,6.0,2.0,2.0,6.0,6.0,2.0,958.5,0.0,6.0,1.0,1.0,6-11 años,6.8664123154477545,1,1,1,0
1,19.0,1.0,2.0,6.0,6.0,2.0,1510.4166259765625,3.0,6.0,1.0,1.0,17-19 años,7.320802652907592,1,1,1,0
1,14.0,2.0,2.0,6.0,6.0,2.0,1510.4166259765625,3.0,6.0,1.0,1.0,12-14 años,7.320802652907592,1,1,1,0
1,13.0,2.0,2.0,6.0,6.0,2.0,2770.0,3.0,6.0,7.0,1.0,12-14 años,7.9269635448629785,1,1,0,0
1,8.0,1.0,2.0,6.0,6.0,2.0,2770.0,1.0,6.0,7.0,1.0,6-11 años,7.9269635448629785,1,1,0,0
1,14.0,2.0,2.0,6.0,6.0,2.0,201.55555725097656,3.0,8.0,5.0,1.0,12-14 años,5.311014205712596,1,1,0,0
0,17.0,1.0,2.0,6.0,6.0,2.0,130.9375,2.0,5.0,5.0,1.0,17-19 años,4.8823283256085395,1,1,0,1
1,12.0,1.0,2.0,6.0,6.0,2.0,865.27783203125,2.0,8.0,5.0,1.0,12-14 años,6.764205679316982,1,1,0,0
1,11.0,2.0,2.0,6.0,6.0,2.0,383.0833435058594,1.0,8.0,5.0,1.0,6-11 años,5.950859569417713,1,1,0,0
1,14.0,2.0,2.0,6.0,6.0,2.0,166.6666717529297,3.0,5.0,5.0,1.0,12-14 años,5.1219779117671935,1,1,0,0
1,12.0,2.0,2.0,6.0,6.0,2.0,166.6666717529297,1.0,5.0,5.0,1.0,12-14 años,5.1219779117671935,1,1,0,0
1,10.0,2.0,2.0,6.0,6.0,2.0,166.6666717529297,1.0,5.0,5.0,1.0,6-11 años,5.1219779117671935,1,1,0,0
1,16.0,1.0,2.0,6.0,6.0,2.0,402.91668701171875,3.0,5.0,5.0,1.0,15-16 años,6.001208636426804,1,1,0,0
1,14.0,1.0,2.0,6.0,6.0,2.0,402.91668701171875,3.0,5.0,5.0,1.0,12-14 años,6.001208636426804,1,1,0,0
1,10.0,1.0,2.0,6.0,6.0,2.0,627.5,1.0,5.0,7.0,1.0,6-11 años,6.443336028030302,1,1,0,0
1,6.0,2.0,2.0,6.0,6.0,2.0,335.9583435058594,1.0,5.0,7.0,1.0,6-11 años,5.819959312937145,1,1,0,0
1,7.0,2.0,2.0,6.0,6.0,2.0,272.5,0.0,8.0,7.0,1.0,6-11 años,5.611301621862036,1,1,0,0
1,7.0,2.0,2.0,6.0,6.0,2.0,272.5,0.0,8.0,7.0,1.0,6-11 años,5.611301621862036,1,1,0,0
1,15.0,1.0,2.0,6.0,6.0,2.0,1435.933349609375,3.0,7.0,5.0,1.0,15-16 años,7.270266503381496,1,1,0,0
0,15.0,2.0,2.0,6.0,6.0,2.0,2825.237548828125,3.0,1.0,5.0,2.0,15-16 años,7.946701618037363,1,0,0,1
0,18.0,1.0,2.0,6.0,6.0,2.0,2825.237548828125,3.0,1.0,5.0,2.0,17-19 años,7.946701618037363,1,0,0,1
1,11.0,2.0,2.0,6.0,6.0,1.0,1800.0,1.0,1.0,5.0,1.0,6-11 años,7.496097345175956,1,1,0,0
1,10.0,1.0,2.0,6.0,6.0,1.0,1800.0,1.0,1.0,5.0,1.0,6-11 años,7.496097345175956,1,1,0,0
1,11.0,2.0,2.0,6.0,6.0,2.0,2200.0,1.0,6.0,5.0,1.0,6-11 años,7.696667081526462,1,1,0,0
1,8.0,2.0,2.0,6.0,6.0,2.0,2200.0,1.0,6.0,5.0,1.0,6-11 años,7.696667081526462,1,1,0,0
0,15.0,1.0,2.0,6.0,6.0,2.0,150.0,2.0,5.0,8.0,1.0,15-16 años,5.017279836814924,1,1,0,1
1,9.0,2.0,2.0,6.0,6.0,2.0,261.51666259765625,1.0,5.0,8.0,1.0,6-11 años,5.570314556579627,1,1,0,0
0,18.0,1.0,2.0,6.0,6.0,2.0,144.44444274902344,2.0,6.0,8.0,1.0,17-19 años,4.979794176916852,1,1,0,1
0,14.0,1.0,2.0,6.0,6.0,2.0,144.44444274902344,2.0,6.0,8.0,1.0,12-14 años,4.979794176916852,1,1,0,1
1,9.0,2.0,2.0,6.0,6.0,2.0,144.44444274902344,1.0,6.0,8.0,1.0,6-11 años,4.979794176916852,1,1,0,0
1,13.0,1.0,2.0,6.0,6.0,2.0,41.66666793823242,1.0,6.0,6.0,1.0,12-14 años,3.7534180050538293,1,1,0,0
0,13.0,1.0,2.0,6.0,6.0,2.0,33.333335876464844,2.0,5.0,8.0,1.0,12-14 años,3.536116773633315,1,1,0,1
1,11.0,1.0,2.0,6.0,6.0,2.0,33.333335876464844,1.0,5.0,8.0,1.0,6-11 años,3.536116773633315,1,1,0,0
1,11.0,2.0,2.0,6.0,6.0,2.0,35.0,1.0,1.0,8.0,1.0,6-11 años,3.58351893845611,1,1,0,0
0,15.0,1.0,2.0,6.0,6.0,2.0,403.6111145019531,2.0,8.0,6.0,1.0,15-16 años,6.002926394702247,1,1,0,1
1,7.0,1.0,2.0,6.0,6.0,2.0,771.5599975585938,1.0,8.0,6.0,1.0,6-11 años,6.649709672498512,1,1,0,0
1,16.0,1.0,2.0,6.0,6.0,2.0,461.39166259765625,3.0,8.0,7.0,1.0,15-16 años,6.136412286481201,1,1,0,0
1,14.0,2.0,2.0,6.0,6.0,2.0,461.39166259765625,3.0,8.0,7.0,1.0,12-14 años,6.136412286481201,1,1,0,0
1,12.0,1.0,2.0,6.0,6.0,2.0,461.39166259765625,1.0,8.0,7.0,1.0,12-14 años,6.136412286481201,1,1,0,0
1,9.0,2.0,2.0,6.0,6.0,2.0,461.39166259765625,1.0,8.0,7.0,1.0,6-11 años,6.136412286481201,1,1,0,0
1,8.0,1.0,2.0,6.0,6.0,2.0,461.39166259765625,1.0,8.0,7.0,1.0,6-11 años,6.136412286481201,1,1,0,0
1,8.0,2.0,2.0,6.0,6.0,2.0,1337.5,1.0,8.0,7.0,1.0,6-11 años,7.199304862960407,1,1,0,0
0,19.0,1.0,2.0,6.0,6.0,2.0,936.2667236328125,4.0,5.0,7.0,1.0,17-19 años,6.8429678987567115,1,1,0,1
1,9.0,2.0,2.0,6.0,6.0,2.0,70.3125,1.0,8.0,7.0,1.0,6-11 años,4.267071627622294,1,1,0,0
1,11.0,1.0,2.0,6.0,6.0,2.0,281.25,1.0,8.0,7.0,1.0,6-11 años,5.642793203029772,1,1,0,0
1,9.0,1.0,2.0,6.0,6.0,2.0,281.25,1.0,8.0,7.0,1.0,6-11 años,5.642793203029772,1,1,0,0
1,8.0,1.0,2.0,6.0,6.0,2.0,281.25,1.0,8.0,7.0,1.0,6-11 años,5.642793203029772,1,1,0,0
1,6.0,2.0,2.0,6.0,6.0,2.0,281.25,0.0,8.0,7.0,1.0,6-11 años,5.642793203029772,1,1,0,0
0,13.0,2.0,2.0,6.0,27.0,2.0,181.6666717529297,2.0,5.0,8.0,1.0,12-14 años,5.207663026124411,1,1,0,1
1,11.0,2.0,2.0,6.0,6.0,1.0,181.6666717529297,1.0,5.0,8.0,1.0,6-11 años,5.207663026124411,1,1,0,0
1,9.0,1.0,2.0,6.0,6.0,2.0,272.3958435058594,1.0,5.0,8.0,1.0,6-11 años,5.610920721196446,1,1,0,0
1,17.0,1.0,2.0,6.0,6.0,2.0,675.6666259765625,3.0,5.0,7.0,1.0,17-19 años,6.517178723234562,1,1,0,0
1,11.0,1.0,2.0,6.0,6.0,2.0,675.6666259765625,1.0,5.0,7.0,1.0,6-11 años,6.517178723234562,1,1,0,0
1,15.0,2.0,2.0,6.0,6.0,2.0,2357.611083984375,3.0,6.0,7.0,1.0,15-16 años,7.76582820103615,1,1,0,0
1,10.0,2.0,2.0,6.0,6.0,2.0,2025.0,1.0,5.0,8.0,1.0,6-11 años,7.613818684808629,1,1,0,0
1,12.0,1.0,2.0,6.0,6.0,2.0,1144.4444580078125,2.0,5.0,8.0,1.0,12-14 años,7.043548013601305,1,1,0,0
1,10.0,2.0,2.0,6.0,6.0,2.0,1144.4444580078125,1.0,5.0,8.0,1.0,6-11 años,7.043548013601305,1,1,0,0
1,12.0,1.0,2.0,6.0,6.0,2.0,869.7667236328125,3.0,5.0,8.0,1.0,12-14 años,6.769374115071224,1,1,0,0
1,10.0,1.0,2.0,6.0,6.0,2.0,869.7667236328125,1.0,5.0,8.0,1.0,6-11 años,6.769374115071224,1,1,0,0
1,12.0,1.0,2.0,6.0,6.0,2.0,805.25830078125,2.0,5.0,7.0,1.0,12-14 años,6.692404163599619,1,1,0,0
1,7.0,1.0,2.0,6.0,6.0,2.0,805.25830078125,1.0,5.0,7.0,1.0,6-11 años,6.692404163599619,1,1,0,0
1,15.0,1.0,2.0,6.0,6.0,2.0,1580.0,3.0,5.0,8.0,1.0,15-16 años,7.3658128372094716,1,1,0,0
0,14.0,1.0,2.0,6.0,6.0,2.0,501.3416442871094,2.0,5.0,7.0,1.0,12-14 años,6.21928045452048,1,1,0,1
1,9.0,2.0,2.0,6.0,6.0,2.0,501.3416442871094,1.0,5.0,7.0,1.0,6-11 años,6.21928045452048,1,1,0,0
1,7.0,2.0,2.0,6.0,6.0,2.0,501.3416442871094,1.0,5.0,7.0,1.0,6-11 años,6.21928045452048,1,1,0,0
1,17.0,1.0,2.0,6.0,6.0,2.0,797.0238037109375,3.0,5.0,7.0,1.0,17-19 años,6.6821384262166275,1,1,0,0
1,14.0,1.0,2.0,6.0,6.0,2.0,797.0238037109375,2.0,5.0,7.0,1.0,12-14 años,6.6821384262166275,1,1,0,0
1,11.0,2.0,2.0,6.0,6.0,2.0,797.0238037109375,1.0,5.0,7.0,1.0,6-11 años,6.6821384262166275,1,1,0,0
1,10.0,2.0,2.0,6.0,6.0,2.0,797.0238037109375,1.0,5.0,7.0,1.0,6-11 años,6.6821384262166275,1,1,0,0
0,19.0,1.0,2.0,6.0,6.0,2.0,1528.0,3.0,6.0,7.0,1.0,17-19 años,7.332369205929062,1,1,0,1
1,8.0,2.0,2.0,6.0,6.0,2.0,1528.0,1.0,6.0,7.0,1.0,6-11 años,7.332369205929062,1,1,0,0
1,17.0,2.0,2.0,6.0,6.0,2.0,1150.086669921875,3.0,5.0,8.0,1.0,17-19 años,7.048461705558486,1,1,0,0
1,11.0,1.0,2.0,6.0,6.0,2.0,1150.086669921875,1.0,5.0,8.0,1.0,6-11 años,7.048461705558486,1,1,0,0
1,19.0,1.0,2.0,6.0,6.0,2.0,983.1500244140625,3.0,5.0,5.0,1.0,17-19 años,6.891778349266254,1,1,0,0
1,11.0,2.0,2.0,6.0,6.0,2.0,983.1500244140625,1.0,5.0,5.0,1.0,6-11 años,6.891778349266254,1,1,0,0
1,11.0,1.0,2.0,6.0,6.0,2.0,877.4445190429688,1.0,1.0,5.0,2.0,6-11 años,6.778152751441572,1,0,0,0
0,19.0,1.0,2.0,6.0,995.0,2.0,2647.916748046875,1.0,8.0,1.0,1.0,17-19 años,7.881906061087336,1,1,1,1
1,12.0,2.0,2.0,6.0,6.0,2.0,460.0,2.0,5.0,7.0,1.0,12-14 años,6.133398042996649,1,1,0,0
1,10.0,1.0,2.0,6.0,6.0,2.0,460.0,1.0,5.0,7.0,1.0,6-11 años,6.133398042996649,1,1,0,0
1,7.0,2.0,2.0,6.0,6.0,2.0,460.0,1.0,5.0,7.0,1.0,6-11 años,6.133398042996649,1,1,0,0
0,18.0,1.0,2.0,6.0,6.0,2.0,2758.494384765625,4.0,7.0,5.0,1.0,17-19 años,7.92280274800364,1,1,0,1
1,10.0,1.0,2.0,6.0,6.0,2.0,321.0416564941406,1.0,5.0,5.0,1.0,6-11 años,5.774680905171317,1,1,0,0
0,19.0,1.0,2.0,6.0,6.0,2.0,2375.0,4.0,5.0,5.0,1.0,17-19 años,7.773173680482536,1,1,0,1
1,11.0,1.0,2.0,6.0,6.0,2.0,457.5000305175781,1.0,8.0,5.0,1.0,6-11 años,6.127960358256121,1,1,0,0
0,18.0,2.0,2.0,6.0,6.0,2.0,2580.27783203125,3.0,5.0,9.0,1.0,17-19 años,7.856039839036201,1,1,0,1
1,17.0,1.0,2.0,6.0,6.0,2.0,1148.1666259765625,3.0,5.0,5.0,1.0,17-19 años,7.046792285590989,1,1,0,0
1,14.0,1.0,2.0,6.0,6.0,2.0,1148.1666259765625,3.0,5.0,5.0,1.0,12-14 años,7.046792285590989,1,1,0,0
1,10.0,1.0,2.0,6.0,6.0,2.0,1148.1666259765625,1.0,5.0,5.0,1.0,6-11 años,7.046792285590989,1,1,0,0
1,17.0,2.0,2.0,6.0,6.0,2.0,286.6666564941406,1.0,5.0,5.0,1.0,17-19 años,5.661802367053118,1,1,0,0
1,15.0,2.0,2.0,6.0,6.0,2.0,90.33333587646484,3.0,8.0,5.0,1.0,15-16 años,4.514515845564466,1,1,0,0
1,16.0,1.0,2.0,6.0,6.0,2.0,474.66668701171875,3.0,8.0,8.0,1.0,15-16 años,6.164717371580384,1,1,0,0
1,14.0,2.0,2.0,6.0,6.0,2.0,474.66668701171875,3.0,8.0,8.0,1.0,12-14 años,6.164717371580384,1,1,0,0
1,7.0,1.0,2.0,6.0,6.0,2.0,474.66668701171875,1.0,8.0,8.0,1.0,6-11 años,6.164717371580384,1,1,0,0
1,6.0,2.0,2.0,6.0,6.0,2.0,1465.75,0.0,5.0,5.0,1.0,6-11 años,7.290804347805969,1,1,0,0
1,7.0,1.0,2.0,6.0,6.0,2.0,1535.074951171875,1.0,5.0,10.0,1.0,6-11 años,7.336985708852971,1,1,0,0
1,17.0,1.0,2.0,6.0,6.0,2.0,1258.074951171875,3.0,6.0,7.0,1.0,17-19 años,7.138132564577274,1,1,0,0
1,18.0,1.0,2.0,6.0,6.0,2.0,1516.2166748046875,3.0,5.0,5.0,1.0,17-19 años,7.32463280026627,1,1,0,0
1,13.0,1.0,2.0,6.0,6.0,2.0,1516.2166748046875,3.0,5.0,5.0,1.0,12-14 años,7.32463280026627,1,1,0,0
1,15.0,2.0,2.0,6.0,6.0,2.0,1441.7467041015625,3.0,6.0,7.0,1.0,15-16 años,7.274304009132782,1,1,0,0
1,17.0,2.0,2.0,6.0,6.0,2.0,1896.8095703125,3.0,6.0,5.0,1.0,17-19 años,7.548455642372606,1,1,0,0
1,11.0,2.0,2.0,6.0,6.0,2.0,1896.8095703125,1.0,6.0,5.0,1.0,6-11 años,7.548455642372606,1,1,0,0
1,17.0,2.0,1.0,7.0,6.0,2.0,6033.33349609375,3.0,8.0,2.0,1.0,17-19 años,8.705220687680228,0,1,1,0
1,11.0,2.0,1.0,7.0,6.0,2.0,116.0,1.0,8.0,1.0,1.0,6-11 años,4.762173934797756,0,1,1,0
1,7.0,1.0,1.0,7.0,6.0,2.0,116.0,0.0,8.0,1.0,1.0,6-11 años,4.762173934797756,0,1,1,0
1,15.0,1.0,1.0,7.0,6.0,2.0,384.75,3.0,8.0,2.0,1.0,15-16 años,5.95518949124327,0,1,1,0
1,13.0,1.0,1.0,7.0,6.0,2.0,384.75,3.0,8.0,2.0,1.0,12-14 años,5.95518949124327,0,1,1,0
1,8.0,2.0,1.0,7.0,6.0,2.0,384.75,1.0,8.0,2.0,1.0,6-11 años,5.95518949124327,0,1,1,0
1,19.0,2.0,1.0,7.0,6.0,1.0,1371.8665771484375,5.0,5.0,1.0,1.0,17-19 años,7.224656224897802,0,1,1,0
1,8.0,1.0,1.0,7.0,6.0,2.0,614.7222290039062,1.0,5.0,1.0,1.0,6-11 años,6.422795934893682,0,1,1,0
1,17.0,1.0,1.0,7.0,6.0,2.0,614.7222290039062,3.0,5.0,1.0,1.0,17-19 años,6.422795934893682,0,1,1,0
1,15.0,1.0,1.0,7.0,6.0,2.0,614.7222290039062,3.0,5.0,1.0,1.0,15-16 años,6.422795934893682,0,1,1,0
1,9.0,2.0,1.0,7.0,6.0,2.0,1262.933349609375,1.0,8.0,1.0,1.0,6-11 años,7.141983843577123,0,1,1,0
1,8.0,2.0,1.0,7.0,6.0,2.0,1262.933349609375,1.0,8.0,1.0,1.0,6-11 años,7.141983843577123,0,1,1,0
1,14.0,2.0,1.0,7.0,6.0,2.0,2059.10009765625,3.0,5.0,1.0,1.0,12-14 años,7.630509851698385,0,1,1,0
1,9.0,2.0,1.0,7.0,6.0,2.0,2059.10009765625,1.0,5.0,1.0,1.0,6-11 años,7.630509851698385,0,1,1,0
0,19.0,1.0,1.0,7.0,6.0,2.0,2086.43994140625,4.0,5.0,1.0,1.0,17-19 años,7.643693685727297,0,1,1,1
1,13.0,2.0,1.0,7.0,6.0,2.0,2086.43994140625,3.0,5.0,1.0,1.0,12-14 años,7.643693685727297,0,1,1,0
1,8.0,1.0,1.0,7.0,6.0,2.0,2086.43994140625,0.0,5.0,1.0,1.0,6-11 años,7.643693685727297,0,1,1,0
1,18.0,2.0,1.0,7.0,6.0,2.0,2172.8349609375,3.0,5.0,1.0,1.0,17-19 años,7.684248149867318,0,1,1,0
1,10.0,1.0,1.0,7.0,6.0,2.0,1235.0,1.0,8.0,1.0,1.0,6-11 años,7.119635638017636,0,1,1,0
1,6.0,1.0,1.0,7.0,6.0,2.0,1235.0,0.0,8.0,1.0,1.0,6-11 años,7.119635638017636,0,1,1,0
1,14.0,1.0,1.0,7.0,6.0,2.0,1645.1666259765625,3.0,8.0,1.0,1.0,12-14 años,7.406204606961977,0,1,1,0
1,16.0,2.0,1.0,7.0,6.0,2.0,5262.66650390625,3.0,8.0,1.0,1.0,15-16 años,8.568583116877043,0,1,1,0
1,8.0,1.0,1.0,7.0,6.0,2.0,5262.66650390625,1.0,8.0,1.0,1.0,6-11 años,8.568583116877043,0,1,1,0
1,19.0,1.0,1.0,7.0,6.0,2.0,4981.66650390625,4.0,8.0,1.0,1.0,17-19 años,8.513720469271941,0,1,1,0
1,18.0,2.0,1.0,7.0,6.0,2.0,845.8214111328125,3.0,1.0,1.0,1.0,17-19 años,6.741489823698747,0,1,1,0
1,13.0,2.0,1.0,7.0,6.0,2.0,845.8214111328125,3.0,1.0,1.0,1.0,12-14 años,6.741489823698747,0,1,1,0
1,11.0,2.0,1.0,7.0,6.0,2.0,845.8214111328125,1.0,1.0,1.0,1.0,6-11 años,6.741489823698747,0,1,1,0
1,8.0,2.0,1.0,7.0,6.0,2.0,845.8214111328125,1.0,1.0,1.0,1.0,6-11 años,6.741489823698747,0,1,1,0
1,15.0,2.0,1.0,7.0,6.0,2.0,2980.388916015625,3.0,6.0,1.0,1.0,15-16 años,8.00014455011815,0,1,1,0
1,9.0,2.0,1.0,7.0,6.0,2.0,2980.388916015625,1.0,6.0,1.0,1.0,6-11 años,8.00014455011815,0,1,1,0
1,10.0,1.0,1.0,7.0,6.0,2.0,721.6666870117188,1.0,1.0,2.0,1.0,6-11 años,6.582948102044174,0,1,1,0
1,6.0,1.0,1.0,7.0,6.0,2.0,721.6666870117188,0.0,1.0,2.0,1.0,6-11 años,6.582948102044174,0,1,1,0
1,7.0,2.0,1.0,7.0,6.0,2.0,1558.7999267578125,1.0,1.0,1.0,1.0,6-11 años,7.352312839940256,0,1,1,0
0,19.0,1.0,1.0,7.0,6.0,2.0,2650.04150390625,4.0,8.0,1.0,1.0,17-19 años,7.882707862109984,0,1,1,1
1,13.0,2.0,1.0,7.0,6.0,2.0,899.5,3.0,5.0,1.0,1.0,12-14 años,6.802950164616011,0,1,1,0
1,7.0,1.0,1.0,7.0,6.0,2.0,899.5,1.0,5.0,1.0,1.0,6-11 años,6.802950164616011,0,1,1,0
1,6.0,2.0,1.0,7.0,6.0,2.0,1750.0,0.0,1.0,1.0,1.0,6-11 años,7.467942332285852,0,1,1,0
0,14.0,1.0,1.0,7.0,6.0,2.0,906.6666870117188,3.0,1.0,1.0,1.0,12-14 años,6.810877226420323,0,1,1,1
0,11.0,1.0,1.0,7.0,6.0,2.0,906.6666870117188,1.0,1.0,1.0,1.0,6-11 años,6.810877226420323,0,1,1,1
1,14.0,2.0,1.0,7.0,6.0,2.0,3000.0,3.0,5.0,1.0,1.0,12-14 años,8.006700845440367,0,1,1,0
0,18.0,2.0,1.0,7.0,6.0,2.0,1916.3333740234375,4.0,5.0,1.0,1.0,17-19 años,7.5586906319550105,0,1,1,1
1,19.0,1.0,1.0,7.0,6.0,2.0,3825.0,3.0,8.0,1.0,1.0,17-19 años,8.249575150000199,0,1,1,0
1,7.0,1.0,1.0,7.0,6.0,2.0,3281.333251953125,1.0,7.0,1.0,1.0,6-11 años,8.09630980578629,0,1,1,0
1,14.0,1.0,1.0,7.0,6.0,2.0,790.2249755859375,3.0,8.0,1.0,1.0,12-14 años,6.673582346526585,0,1,1,0
1,11.0,2.0,1.0,7.0,6.0,2.0,790.2249755859375,1.0,8.0,1.0,1.0,6-11 años,6.673582346526585,0,1,1,0
1,10.0,1.0,1.0,7.0,6.0,2.0,790.2249755859375,1.0,8.0,1.0,1.0,6-11 años,6.673582346526585,0,1,1,0
1,8.0,1.0,1.0,7.0,6.0,2.0,790.2249755859375,1.0,8.0,1.0,1.0,6-11 años,6.673582346526585,0,1,1,0
1,6.0,1.0,1.0,7.0,6.0,2.0,790.2249755859375,0.0,8.0,1.0,1.0,6-11 años,6.673582346526585,0,1,1,0
1,15.0,1.0,1.0,7.0,6.0,2.0,1200.0,3.0,8.0,1.0,1.0,15-16 años,7.0909098220799835,0,1,1,0
1,14.0,2.0,1.0,7.0,6.0,2.0,2279.916748046875,3.0,5.0,1.0,1.0,12-14 años,7.732332723611688,0,1,1,0
1,16.0,1.0,1.0,7.0,6.0,2.0,1383.6400146484375,3.0,7.0,1.0,1.0,15-16 años,7.233195467615759,0,1,1,0
1,14.0,1.0,1.0,7.0,6.0,2.0,1383.6400146484375,3.0,7.0,1.0,1.0,12-14 años,7.233195467615759,0,1,1,0
0,12.0,1.0,1.0,7.0,6.0,2.0,1383.6400146484375,1.0,7.0,1.0,1.0,12-14 años,7.233195467615759,0,1,1,1
1,15.0,2.0,1.0,7.0,6.0,2.0,1299.0,3.0,5.0,1.0,1.0,15-16 años,7.170119543449628,0,1,1,0
1,12.0,2.0,1.0,7.0,6.0,2.0,1299.0,1.0,5.0,1.0,1.0,12-14 años,7.170119543449628,0,1,1,0
1,15.0,1.0,1.0,7.0,6.0,2.0,1277.739990234375,3.0,1.0,1.0,1.0,15-16 años,7.153630489461494,0,1,1,0
1,13.0,2.0,1.0,7.0,6.0,2.0,1277.739990234375,2.0,1.0,1.0,1.0,12-14 años,7.153630489461494,0,1,1,0
1,14.0,1.0,1.0,7.0,6.0,2.0,1152.0833740234375,3.0,1.0,1.0,1.0,12-14 años,7.050194828169469,0,1,1,0
1,14.0,2.0,1.0,7.0,6.0,2.0,1082.5,3.0,6.0,1.0,1.0,12-14 años,6.987951820976414,0,1,1,0
1,10.0,1.0,1.0,7.0,6.0,2.0,1082.5,1.0,6.0,1.0,1.0,6-11 años,6.987951820976414,0,1,1,0
1,9.0,2.0,1.0,7.0,6.0,2.0,1082.5,1.0,6.0,1.0,1.0,6-11 años,6.987951820976414,0,1,1,0
1,17.0,2.0,1.0,7.0,6.0,2.0,700.0,3.0,5.0,1.0,1.0,17-19 años,6.55250788703459,0,1,1,0
1,12.0,2.0,1.0,7.0,6.0,2.0,700.0,3.0,5.0,1.0,1.0,12-14 años,6.55250788703459,0,1,1,0
1,10.0,1.0,1.0,7.0,6.0,2.0,700.0,1.0,5.0,1.0,1.0,6-11 años,6.55250788703459,0,1,1,0
1,15.0,1.0,1.0,7.0,6.0,2.0,1082.5,3.0,5.0,1.0,1.0,15-16 años,6.987951820976414,0,1,1,0
1,12.0,1.0,1.0,7.0,6.0,2.0,1082.5,1.0,5.0,1.0,1.0,12-14 años,6.987951820976414,0,1,1,0
1,18.0,2.0,1.0,7.0,6.0,2.0,1228.0888671875,3.0,5.0,1.0,1.0,17-19 años,7.114028415485259,0,1,1,0
1,15.0,1.0,1.0,7.0,6.0,2.0,1228.0888671875,3.0,5.0,1.0,1.0,15-16 años,7.114028415485259,0,1,1,0
1,12.0,1.0,1.0,7.0,6.0,2.0,2350.166748046875,1.0,5.0,1.0,1.0,12-14 años,7.762666972459139,0,1,1,0
1,9.0,1.0,1.0,7.0,6.0,2.0,2397.533203125,1.0,5.0,1.0,1.0,6-11 años,7.782612664133772,0,1,1,0
0,18.0,2.0,1.0,7.0,6.0,2.0,4736.08349609375,3.0,1.0,1.0,1.0,17-19 años,8.463176929133988,0,1,1,1
1,17.0,1.0,1.0,7.0,6.0,2.0,1919.25,3.0,5.0,1.0,1.0,17-19 años,7.560210664878792,0,1,1,0
1,7.0,1.0,1.0,7.0,6.0,2.0,1919.25,0.0,5.0,1.0,1.0,6-11 años,7.560210664878792,0,1,1,0
0,17.0,2.0,1.0,7.0,6.0,2.0,580.1111450195312,3.0,5.0,2.0,1.0,17-19 años,6.364942038073758,0,1,1,1
1,17.0,2.0,1.0,7.0,6.0,2.0,2576.35009765625,3.0,8.0,1.0,1.0,17-19 años,7.8545170561615585,0,1,1,0
1,17.0,1.0,1.0,7.0,6.0,2.0,625.0,3.0,1.0,1.0,1.0,17-19 años,6.439350371100098,0,1,1,0
1,12.0,1.0,1.0,7.0,6.0,2.0,1375.0,3.0,5.0,1.0,1.0,12-14 años,7.226936018493289,0,1,1,0
1,6.0,1.0,1.0,7.0,6.0,2.0,1375.0,0.0,5.0,1.0,1.0,6-11 años,7.226936018493289,0,1,1,0
1,12.0,1.0,1.0,7.0,6.0,2.0,1195.375,1.0,5.0,1.0,1.0,12-14 años,7.087051430516071,0,1,1,0
1,10.0,1.0,1.0,7.0,6.0,2.0,1195.375,1.0,5.0,1.0,1.0,6-11 años,7.087051430516071,0,1,1,0
1,11.0,1.0,1.0,7.0,6.0,2.0,1463.3055419921875,1.0,5.0,1.0,1.0,6-11 años,7.289136376292277,0,1,1,0
1,18.0,2.0,1.0,7.0,6.0,2.0,1463.3055419921875,3.0,5.0,1.0,1.0,17-19 años,7.289136376292277,0,1,1,0
0,14.0,2.0,1.0,7.0,6.0,2.0,277.0833435058594,1.0,2.0,2.0,1.0,12-14 años,5.627920865544228,0,1,1,1
1,11.0,1.0,1.0,7.0,6.0,2.0,277.0833435058594,1.0,2.0,2.0,1.0,6-11 años,5.627920865544228,0,1,1,0
0,10.0,1.0,1.0,7.0,995.0,2.0,277.0833435058594,0.0,2.0,2.0,1.0,6-11 años,5.627920865544228,0,1,1,1
0,19.0,2.0,1.0,7.0,6.0,2.0,277.0833435058594,3.0,2.0,2.0,1.0,17-19 años,5.627920865544228,0,1,1,1
1,14.0,1.0,1.0,7.0,6.0,2.0,939.5333862304688,2.0,5.0,2.0,1.0,12-14 años,6.846447146495369,0,1,1,0
1,11.0,2.0,1.0,7.0,6.0,2.0,939.5333862304688,1.0,5.0,2.0,1.0,6-11 años,6.846447146495369,0,1,1,0
1,15.0,1.0,1.0,7.0,6.0,2.0,1264.172119140625,3.0,5.0,1.0,1.0,15-16 años,7.142963454467709,0,1,1,0
1,14.0,1.0,1.0,7.0,6.0,2.0,1264.172119140625,3.0,5.0,1.0,1.0,12-14 años,7.142963454467709,0,1,1,0
1,6.0,1.0,1.0,7.0,6.0,2.0,2364.344482421875,0.0,8.0,2.0,1.0,6-11 años,7.768678948848194,0,1,1,0
1,16.0,2.0,1.0,7.0,6.0,2.0,1305.6666259765625,3.0,5.0,2.0,1.0,15-16 años,7.175234612976012,0,1,1,0
1,7.0,1.0,1.0,7.0,6.0,2.0,1305.6666259765625,0.0,5.0,2.0,1.0,6-11 años,7.175234612976012,0,1,1,0
1,16.0,1.0,1.0,7.0,6.0,2.0,824.0166625976562,3.0,8.0,2.0,1.0,15-16 años,6.715403583218791,0,1,1,0
1,8.0,2.0,1.0,7.0,6.0,2.0,824.0166625976562,1.0,8.0,2.0,1.0,6-11 años,6.715403583218791,0,1,1,0
1,13.0,1.0,1.0,7.0,6.0,2.0,1862.7083740234375,2.0,5.0,2.0,1.0,12-14 años,7.530323531301527,0,1,1,0
1,7.0,1.0,1.0,7.0,6.0,2.0,1862.7083740234375,0.0,5.0,2.0,1.0,6-11 años,7.530323531301527,0,1,1,0
1,18.0,1.0,1.0,7.0,6.0,2.0,1101.5999755859375,3.0,5.0,2.0,1.0,17-19 años,7.005426284013317,0,1,1,0
1,16.0,1.0,1.0,7.0,6.0,2.0,1101.5999755859375,3.0,5.0,2.0,1.0,15-16 años,7.005426284013317,0,1,1,0
1,11.0,2.0,1.0,7.0,6.0,2.0,1739.1666259765625,1.0,8.0,2.0,1.0,6-11 años,7.461736149679178,0,1,1,0
1,7.0,1.0,1.0,7.0,6.0,2.0,624.8666381835938,0.0,8.0,2.0,1.0,6-11 años,6.439137310358893,0,1,1,0
1,8.0,1.0,1.0,7.0,6.0,2.0,1565.466552734375,1.0,8.0,2.0,1.0,6-11 años,7.356577758574368,0,1,1,0
0,18.0,2.0,1.0,7.0,6.0,2.0,1695.614990234375,4.0,8.0,1.0,1.0,17-19 años,7.43639036279044,0,1,1,1
1,17.0,2.0,1.0,7.0,6.0,2.0,1695.614990234375,3.0,8.0,1.0,1.0,17-19 años,7.43639036279044,0,1,1,0
1,15.0,1.0,1.0,7.0,6.0,2.0,1695.614990234375,3.0,8.0,1.0,1.0,15-16 años,7.43639036279044,0,1,1,0
1,16.0,2.0,1.0,7.0,6.0,2.0,1497.97216796875,3.0,8.0,1.0,1.0,15-16 años,7.312534930864684,0,1,1,0
1,12.0,2.0,1.0,7.0,6.0,2.0,1497.97216796875,1.0,8.0,1.0,1.0,12-14 años,7.312534930864684,0,1,1,0
1,17.0,2.0,1.0,7.0,6.0,2.0,1497.97216796875,3.0,8.0,1.0,1.0,17-19 años,7.312534930864684,0,1,1,0
1,8.0,1.0,1.0,7.0,6.0,2.0,1098.3333740234375,1.0,8.0,2.0,1.0,6-11 años,7.00245925146487,0,1,1,0
1,7.0,2.0,1.0,7.0,6.0,2.0,1098.3333740234375,0.0,8.0,2.0,1.0,6-11 años,7.00245925146487,0,1,1,0
1,19.0,1.0,1.0,7.0,6.0,2.0,3745.41650390625,5.0,5.0,2.0,1.0,17-19 años,8.228555063130356,0,1,1,0
0,19.0,1.0,1.0,7.0,6.0,2.0,994.7999877929688,4.0,8.0,2.0,1.0,17-19 años,6.9035464219495655,0,1,1,1
1,12.0,2.0,1.0,7.0,6.0,2.0,994.7999877929688,1.0,8.0,2.0,1.0,12-14 años,6.9035464219495655,0,1,1,0
1,16.0,1.0,1.0,7.0,6.0,2.0,673.6666259765625,3.0,5.0,2.0,1.0,15-16 años,6.514218681427826,0,1,1,0
1,13.0,1.0,1.0,7.0,6.0,2.0,673.6666259765625,2.0,5.0,2.0,1.0,12-14 años,6.514218681427826,0,1,1,0
1,15.0,1.0,1.0,7.0,6.0,2.0,3254.17919921875,3.0,8.0,2.0,1.0,15-16 años,8.088002606650706,0,1,1,0
1,8.0,1.0,1.0,7.0,6.0,2.0,3254.17919921875,1.0,8.0,2.0,1.0,6-11 años,8.088002606650706,0,1,1,0
1,13.0,2.0,1.0,7.0,6.0,2.0,1349.0,3.0,8.0,2.0,1.0,12-14 años,7.2078598714324755,0,1,1,0
1,18.0,2.0,1.0,7.0,6.0,2.0,1012.9833374023438,3.0,5.0,1.0,1.0,17-19 años,6.921641751474046,0,1,1,0
1,16.0,2.0,1.0,7.0,6.0,2.0,1012.9833374023438,3.0,5.0,1.0,1.0,15-16 años,6.921641751474046,0,1,1,0
1,15.0,2.0,1.0,7.0,6.0,2.0,1012.9833374023438,3.0,5.0,1.0,1.0,15-16 años,6.921641751474046,0,1,1,0
1,6.0,1.0,1.0,7.0,6.0,2.0,1929.7916259765625,0.0,5.0,1.0,1.0,6-11 años,7.565685366702437,0,1,1,0
1,6.0,2.0,1.0,7.0,6.0,2.0,1499.0,0.0,8.0,1.0,1.0,6-11 años,7.313220387090301,0,1,1,0
1,18.0,1.0,1.0,7.0,6.0,2.0,1363.10546875,3.0,8.0,1.0,1.0,17-19 años,7.218254158544627,0,1,1,0
1,10.0,1.0,1.0,7.0,6.0,2.0,1363.10546875,1.0,8.0,1.0,1.0,6-11 años,7.218254158544627,0,1,1,0
1,9.0,2.0,1.0,7.0,6.0,2.0,1887.913330078125,1.0,8.0,2.0,1.0,6-11 años,7.5437569850715445,0,1,1,0
1,7.0,2.0,1.0,7.0,6.0,2.0,1887.913330078125,1.0,8.0,2.0,1.0,6-11 años,7.5437569850715445,0,1,1,0
1,6.0,2.0,1.0,7.0,6.0,2.0,1887.913330078125,0.0,8.0,2.0,1.0,6-11 años,7.5437569850715445,0,1,1,0
0,18.0,2.0,1.0,7.0,6.0,2.0,1476.3665771484375,4.0,8.0,1.0,1.0,17-19 años,7.298016442088257,0,1,1,1
1,6.0,1.0,1.0,7.0,6.0,2.0,1476.3665771484375,0.0,8.0,1.0,1.0,6-11 años,7.298016442088257,0,1,1,0
1,9.0,1.0,1.0,7.0,6.0,2.0,1340.2508544921875,1.0,8.0,1.0,1.0,6-11 años,7.201357931031145,0,1,1,0
1,9.0,1.0,1.0,7.0,6.0,2.0,1340.2508544921875,1.0,8.0,1.0,1.0,6-11 años,7.201357931031145,0,1,1,0
1,13.0,2.0,1.0,7.0,6.0,2.0,1383.316650390625,3.0,5.0,1.0,1.0,12-14 años,7.232961903643187,0,1,1,0
1,7.0,1.0,1.0,7.0,6.0,2.0,1383.316650390625,1.0,5.0,1.0,1.0,6-11 años,7.232961903643187,0,1,1,0
1,7.0,2.0,1.0,7.0,6.0,2.0,559.5833740234375,0.0,8.0,1.0,1.0,6-11 años,6.328977980822893,0,1,1,0
0,19.0,1.0,1.0,7.0,6.0,2.0,634.2799682617188,4.0,5.0,1.0,1.0,17-19 años,6.454065796627439,0,1,1,1
1,11.0,2.0,1.0,7.0,6.0,2.0,634.2799682617188,1.0,5.0,1.0,1.0,6-11 años,6.454065796627439,0,1,1,0
1,9.0,1.0,1.0,7.0,6.0,2.0,634.2799682617188,1.0,5.0,1.0,1.0,6-11 años,6.454065796627439,0,1,1,0
1,8.0,2.0,1.0,7.0,6.0,2.0,634.2799682617188,1.0,5.0,1.0,1.0,6-11 años,6.454065796627439,0,1,1,0
1,7.0,2.0,1.0,7.0,6.0,2.0,1894.4443359375,0.0,8.0,2.0,1.0,6-11 años,7.547208568098124,0,1,1,0
1,10.0,2.0,1.0,7.0,6.0,2.0,2271.183349609375,1.0,8.0,2.0,1.0,6-11 años,7.728496476237014,0,1,1,0
1,7.0,2.0,1.0,7.0,6.0,2.0,2271.183349609375,1.0,8.0,2.0,1.0,6-11 años,7.728496476237014,0,1,1,0
1,19.0,1.0,1.0,7.0,6.0,2.0,870.3333129882812,3.0,5.0,1.0,1.0,17-19 años,6.770024582166724,0,1,1,0
1,11.0,1.0,1.0,7.0,6.0,2.0,870.3333129882812,1.0,5.0,1.0,1.0,6-11 años,6.770024582166724,0,1,1,0
1,12.0,2.0,1.0,7.0,6.0,2.0,1419.3333740234375,1.0,8.0,1.0,1.0,12-14 años,7.25864689348008,0,1,1,0
1,14.0,1.0,1.0,7.0,6.0,2.0,499.75,3.0,5.0,1.0,1.0,12-14 años,6.216106974545927,0,1,1,0
1,7.0,2.0,1.0,7.0,6.0,2.0,986.75,1.0,8.0,1.0,1.0,6-11 años,6.8954296292915,0,1,1,0
1,11.0,2.0,1.0,7.0,6.0,2.0,989.25,1.0,8.0,2.0,1.0,6-11 años,6.897957436502026,0,1,1,0
1,13.0,1.0,1.0,7.0,6.0,2.0,837.875,2.0,8.0,1.0,1.0,12-14 años,6.732061708478404,0,1,1,0
1,11.0,1.0,1.0,7.0,6.0,2.0,1378.9932861328125,1.0,6.0,1.0,1.0,6-11 años,7.229833913018266,0,1,1,0
1,7.0,1.0,1.0,7.0,6.0,2.0,1378.9932861328125,0.0,6.0,1.0,1.0,6-11 años,7.229833913018266,0,1,1,0
1,16.0,2.0,1.0,7.0,6.0,2.0,1378.9932861328125,3.0,6.0,1.0,1.0,15-16 años,7.229833913018266,0,1,1,0
1,7.0,1.0,1.0,7.0,6.0,2.0,2210.0,1.0,8.0,1.0,1.0,6-11 años,7.701200180857446,0,1,1,0
0,6.0,1.0,1.0,7.0,6.0,2.0,1153.47216796875,0.0,1.0,1.0,1.0,6-11 años,7.05139852107109,0,1,1,1
1,15.0,1.0,1.0,7.0,6.0,2.0,1650.4166259765625,3.0,8.0,1.0,1.0,15-16 años,7.409388759739699,0,1,1,0
1,8.0,1.0,1.0,7.0,6.0,2.0,1650.4166259765625,1.0,8.0,1.0,1.0,6-11 años,7.409388759739699,0,1,1,0
1,13.0,1.0,1.0,7.0,6.0,2.0,3124.583251953125,3.0,8.0,2.0,1.0,12-14 años,8.047376185380307,0,1,1,0
1,17.0,1.0,1.0,7.0,6.0,2.0,1339.1475830078125,3.0,8.0,1.0,1.0,17-19 años,7.200535023453364,0,1,1,0
1,14.0,1.0,1.0,7.0,6.0,2.0,1339.1475830078125,3.0,8.0,1.0,1.0,12-14 años,7.200535023453364,0,1,1,0
1,13.0,1.0,1.0,7.0,6.0,2.0,1339.1475830078125,1.0,8.0,1.0,1.0,12-14 años,7.200535023453364,0,1,1,0
1,8.0,2.0,1.0,7.0,6.0,2.0,1339.1475830078125,1.0,8.0,1.0,1.0,6-11 años,7.200535023453364,0,1,1,0
1,14.0,2.0,1.0,7.0,6.0,2.0,886.0,2.0,8.0,2.0,1.0,12-14 años,6.787844982309579,0,1,1,0
1,12.0,2.0,1.0,7.0,6.0,2.0,886.0,1.0,8.0,2.0,1.0,12-14 años,6.787844982309579,0,1,1,0
1,17.0,2.0,1.0,7.0,6.0,2.0,1565.4666748046875,3.0,8.0,1.0,1.0,17-19 años,7.35657783650154,0,1,1,0
1,12.0,1.0,1.0,7.0,6.0,2.0,1565.4666748046875,2.0,8.0,1.0,1.0,12-14 años,7.35657783650154,0,1,1,0
1,16.0,1.0,1.0,7.0,6.0,2.0,422.02996826171875,3.0,5.0,1.0,1.0,15-16 años,6.0474430234911685,0,1,1,0
1,14.0,2.0,1.0,7.0,6.0,2.0,422.02996826171875,1.0,5.0,1.0,1.0,12-14 años,6.0474430234911685,0,1,1,0
1,11.0,2.0,1.0,7.0,6.0,2.0,422.02996826171875,1.0,5.0,1.0,1.0,6-11 años,6.0474430234911685,0,1,1,0
1,9.0,1.0,1.0,7.0,6.0,2.0,422.02996826171875,1.0,5.0,1.0,1.0,6-11 años,6.0474430234911685,0,1,1,0
1,8.0,1.0,1.0,7.0,6.0,2.0,363.83331298828125,1.0,5.0,1.0,1.0,6-11 años,5.899440572529474,0,1,1,0
1,14.0,1.0,1.0,7.0,6.0,2.0,3180.0,3.0,8.0,1.0,1.0,12-14 años,8.064950891749143,0,1,1,0
1,14.0,1.0,1.0,7.0,6.0,2.0,3180.0,3.0,8.0,1.0,1.0,12-14 años,8.064950891749143,0,1,1,0
1,8.0,2.0,1.0,7.0,6.0,2.0,3180.0,1.0,8.0,1.0,1.0,6-11 años,8.064950891749143,0,1,1,0
1,7.0,2.0,1.0,7.0,6.0,2.0,586.3333129882812,0.0,8.0,1.0,1.0,6-11 años,6.375592483188312,0,1,1,0
1,10.0,1.0,1.0,7.0,6.0,2.0,586.3333129882812,1.0,8.0,1.0,1.0,6-11 años,6.375592483188312,0,1,1,0
1,9.0,2.0,1.0,7.0,6.0,2.0,1533.3333740234375,1.0,6.0,2.0,1.0,6-11 años,7.335851281668861,0,1,1,0
1,11.0,2.0,1.0,7.0,6.0,2.0,2733.333251953125,1.0,8.0,1.0,1.0,6-11 años,7.913642901572281,0,1,1,0
1,8.0,1.0,1.0,7.0,6.0,2.0,1219.5833740234375,1.0,8.0,2.0,1.0,6-11 años,7.107084198866911,0,1,1,0
1,17.0,1.0,1.0,7.0,6.0,2.0,1390.5167236328125,3.0,8.0,1.0,1.0,17-19 años,7.238149599314719,0,1,1,0
1,10.0,2.0,1.0,7.0,6.0,2.0,1390.5167236328125,1.0,8.0,1.0,1.0,6-11 años,7.238149599314719,0,1,1,0
1,8.0,2.0,1.0,7.0,6.0,2.0,2478.666748046875,1.0,8.0,1.0,1.0,6-11 años,7.815879454342243,0,1,1,0
0,9.0,1.0,1.0,7.0,6.0,2.0,768.5750122070312,1.0,8.0,2.0,1.0,6-11 años,6.645838430278425,0,1,1,1
1,9.0,1.0,1.0,7.0,6.0,2.0,1318.875,1.0,1.0,1.0,1.0,6-11 años,7.185292314126679,0,1,1,0
1,17.0,1.0,1.0,7.0,6.0,2.0,747.4400024414062,3.0,5.0,1.0,1.0,17-19 años,6.617991043588025,0,1,1,0
1,11.0,2.0,1.0,7.0,6.0,2.0,747.4400024414062,1.0,5.0,1.0,1.0,6-11 años,6.617991043588025,0,1,1,0
1,11.0,1.0,1.0,7.0,6.0,2.0,1319.0,1.0,8.0,1.0,1.0,6-11 años,7.1853870155804165,0,1,1,0
1,13.0,1.0,1.0,7.0,6.0,2.0,1025.0,3.0,8.0,1.0,1.0,12-14 años,6.933423025730715,0,1,1,0
1,12.0,1.0,1.0,7.0,6.0,2.0,1025.0,1.0,8.0,1.0,1.0,12-14 años,6.933423025730715,0,1,1,0
1,11.0,1.0,1.0,7.0,6.0,2.0,1025.0,1.0,8.0,1.0,1.0,6-11 años,6.933423025730715,0,1,1,0
1,17.0,2.0,1.0,7.0,6.0,2.0,1098.1944580078125,3.0,8.0,1.0,1.0,17-19 años,7.002332879613865,0,1,1,0
1,15.0,1.0,1.0,7.0,6.0,2.0,1098.1944580078125,3.0,8.0,1.0,1.0,15-16 años,7.002332879613865,0,1,1,0
1,17.0,2.0,1.0,7.0,6.0,2.0,2032.0,3.0,8.0,1.0,1.0,17-19 años,7.617267813628347,0,1,1,0
1,12.0,1.0,1.0,7.0,6.0,2.0,1080.0,2.0,8.0,1.0,1.0,12-14 años,6.985641817639208,0,1,1,0
1,7.0,2.0,1.0,7.0,6.0,2.0,1080.0,1.0,8.0,1.0,1.0,6-11 años,6.985641817639208,0,1,1,0
1,8.0,2.0,1.0,7.0,6.0,2.0,963.2999877929688,1.0,8.0,1.0,1.0,6-11 años,6.871402436857383,0,1,1,0
1,8.0,1.0,1.0,7.0,6.0,2.0,963.2999877929688,1.0,8.0,1.0,1.0,6-11 años,6.871402436857383,0,1,1,0
1,13.0,2.0,1.0,7.0,6.0,2.0,753.625,3.0,8.0,1.0,1.0,12-14 años,6.6262209371165905,0,1,1,0
1,6.0,2.0,1.0,7.0,6.0,2.0,753.625,0.0,8.0,1.0,1.0,6-11 años,6.6262209371165905,0,1,1,0
1,19.0,2.0,1.0,7.0,6.0,2.0,1299.916748046875,4.0,5.0,1.0,1.0,17-19 años,7.170824485724714,0,1,1,0
1,16.0,1.0,1.0,7.0,6.0,2.0,2552.97998046875,3.0,8.0,1.0,1.0,15-16 años,7.845408198060882,0,1,1,0
1,18.0,2.0,1.0,7.0,6.0,2.0,2552.97998046875,4.0,8.0,1.0,1.0,17-19 años,7.845408198060882,0,1,1,0
1,14.0,1.0,1.0,7.0,6.0,2.0,1672.9332275390625,3.0,5.0,1.0,1.0,12-14 años,7.422931362284378,0,1,1,0
1,12.0,1.0,1.0,7.0,6.0,2.0,1672.9332275390625,2.0,5.0,1.0,1.0,12-14 años,7.422931362284378,0,1,1,0
1,7.0,2.0,1.0,7.0,6.0,2.0,1672.9332275390625,1.0,5.0,1.0,1.0,6-11 años,7.422931362284378,0,1,1,0
1,15.0,1.0,1.0,7.0,6.0,2.0,3159.25,3.0,8.0,1.0,1.0,15-16 años,8.058406417375666,0,1,1,0
1,10.0,1.0,1.0,7.0,6.0,2.0,3159.25,1.0,8.0,1.0,1.0,6-11 años,8.058406417375666,0,1,1,0
1,11.0,2.0,1.0,7.0,6.0,2.0,1475.0,1.0,1.0,1.0,1.0,6-11 años,7.297091005160418,0,1,1,0
1,6.0,1.0,1.0,7.0,6.0,2.0,1475.0,0.0,1.0,1.0,1.0,6-11 años,7.297091005160418,0,1,1,0
1,9.0,2.0,1.0,7.0,6.0,2.0,1114.7733154296875,1.0,8.0,1.0,1.0,6-11 años,7.017302999934281,0,1,1,0
1,7.0,2.0,1.0,7.0,6.0,2.0,1114.7733154296875,1.0,8.0,1.0,1.0,6-11 años,7.017302999934281,0,1,1,0
1,6.0,2.0,1.0,7.0,6.0,2.0,1133.3333740234375,0.0,1.0,1.0,1.0,6-11 años,7.033800421704178,0,1,1,0
1,6.0,2.0,1.0,7.0,6.0,2.0,1133.3333740234375,0.0,1.0,1.0,1.0,6-11 años,7.033800421704178,0,1,1,0
1,8.0,1.0,1.0,7.0,6.0,2.0,1095.833251953125,1.0,1.0,1.0,1.0,6-11 años,7.00018244503246,0,1,1,0
1,10.0,1.0,1.0,7.0,6.0,2.0,1302.5,1.0,5.0,1.0,1.0,6-11 años,7.172808233373557,0,1,1,0
1,14.0,2.0,1.0,7.0,6.0,2.0,5091.10009765625,3.0,8.0,1.0,1.0,12-14 años,8.535445617311314,0,1,1,0
1,8.0,1.0,1.0,7.0,6.0,2.0,4116.033203125,1.0,8.0,1.0,1.0,6-11 años,8.322888086620795,0,1,1,0
1,16.0,2.0,1.0,7.0,6.0,2.0,4771.38330078125,3.0,8.0,1.0,1.0,15-16 años,8.470601102871655,0,1,1,0
1,12.0,2.0,1.0,7.0,6.0,2.0,4771.38330078125,3.0,8.0,1.0,1.0,12-14 años,8.470601102871655,0,1,1,0
1,10.0,1.0,1.0,7.0,6.0,2.0,2155.79443359375,1.0,8.0,1.0,1.0,6-11 años,7.676378339851226,0,1,1,0
1,8.0,2.0,1.0,7.0,6.0,2.0,2155.79443359375,1.0,8.0,1.0,1.0,6-11 años,7.676378339851226,0,1,1,0
1,16.0,2.0,1.0,7.0,6.0,2.0,1791.666748046875,3.0,8.0,2.0,1.0,15-16 años,7.491459593556874,0,1,1,0
1,6.0,2.0,1.0,7.0,6.0,2.0,830.0,0.0,8.0,2.0,1.0,6-11 años,6.7226297948554485,0,1,1,0
1,13.0,2.0,1.0,7.0,6.0,2.0,2227.577880859375,3.0,8.0,2.0,1.0,12-14 años,7.709118939435536,0,1,1,0
1,7.0,2.0,1.0,7.0,6.0,2.0,680.0,1.0,8.0,2.0,1.0,6-11 años,6.523562306149512,0,1,1,0
1,9.0,1.0,1.0,7.0,6.0,2.0,1260.4000244140625,1.0,5.0,2.0,1.0,6-11 años,7.139977513584285,0,1,1,0
1,8.0,1.0,1.0,7.0,6.0,2.0,1260.4000244140625,1.0,5.0,2.0,1.0,6-11 años,7.139977513584285,0,1,1,0
1,6.0,1.0,1.0,7.0,6.0,2.0,1260.4000244140625,0.0,5.0,2.0,1.0,6-11 años,7.139977513584285,0,1,1,0
1,19.0,1.0,1.0,7.0,6.0,2.0,2000.0,5.0,5.0,1.0,1.0,17-19 años,7.601402334583733,0,1,1,0
1,17.0,2.0,1.0,7.0,6.0,2.0,2208.546630859375,3.0,6.0,1.0,1.0,17-19 años,7.700542629059283,0,1,1,0
1,12.0,1.0,1.0,7.0,6.0,2.0,1875.7216796875,3.0,8.0,2.0,1.0,12-14 años,7.5372817462566655,0,1,1,0
1,10.0,1.0,1.0,7.0,6.0,2.0,2020.6666259765625,1.0,8.0,2.0,1.0,6-11 años,7.611677512583031,0,1,1,0
1,17.0,1.0,1.0,7.0,6.0,2.0,2375.0,3.0,8.0,1.0,1.0,17-19 años,7.773173680482536,0,1,1,0
1,16.0,2.0,1.0,7.0,6.0,2.0,959.7222290039062,3.0,8.0,1.0,1.0,15-16 años,6.867685323488701,0,1,1,0
1,12.0,1.0,1.0,7.0,6.0,2.0,959.7222290039062,1.0,8.0,1.0,1.0,12-14 años,6.867685323488701,0,1,1,0
1,15.0,2.0,1.0,7.0,6.0,2.0,1284.300048828125,3.0,8.0,1.0,1.0,15-16 años,7.158747471105757,0,1,1,0
1,13.0,2.0,1.0,7.0,6.0,2.0,1284.300048828125,2.0,8.0,1.0,1.0,12-14 años,7.158747471105757,0,1,1,0
1,9.0,1.0,1.0,7.0,6.0,2.0,1284.300048828125,1.0,8.0,1.0,1.0,6-11 años,7.158747471105757,0,1,1,0
1,17.0,1.0,1.0,7.0,6.0,2.0,2466.666748046875,3.0,8.0,1.0,1.0,17-19 años,7.811028346753595,0,1,1,0
1,17.0,1.0,1.0,7.0,6.0,2.0,2466.666748046875,3.0,8.0,1.0,1.0,17-19 años,7.811028346753595,0,1,1,0
1,16.0,1.0,1.0,7.0,6.0,2.0,1324.0,3.0,5.0,1.0,1.0,15-16 años,7.1891677384203225,0,1,1,0
1,8.0,2.0,1.0,7.0,6.0,2.0,1324.0,1.0,5.0,1.0,1.0,6-11 años,7.1891677384203225,0,1,1,0
1,11.0,1.0,1.0,7.0,6.0,2.0,1772.0,1.0,8.0,1.0,1.0,6-11 años,7.480428306074208,0,1,1,0
0,19.0,1.0,1.0,7.0,6.0,2.0,1872.5999755859375,3.0,5.0,1.0,1.0,17-19 años,7.53561697981289,0,1,1,1
1,14.0,2.0,1.0,7.0,6.0,2.0,1872.5999755859375,3.0,5.0,1.0,1.0,12-14 años,7.53561697981289,0,1,1,0
1,12.0,2.0,1.0,7.0,6.0,2.0,1872.5999755859375,2.0,5.0,1.0,1.0,12-14 años,7.53561697981289,0,1,1,0
1,15.0,1.0,1.0,7.0,6.0,2.0,1832.969970703125,3.0,1.0,2.0,1.0,15-16 años,7.514238279019942,0,1,1,0
1,18.0,2.0,1.0,7.0,6.0,2.0,904.4000244140625,4.0,6.0,1.0,1.0,17-19 años,6.808376861966805,0,1,1,0
1,14.0,1.0,1.0,7.0,6.0,2.0,904.4000244140625,3.0,6.0,1.0,1.0,12-14 años,6.808376861966805,0,1,1,0
1,9.0,1.0,1.0,7.0,6.0,2.0,904.4000244140625,1.0,6.0,1.0,1.0,6-11 años,6.808376861966805,0,1,1,0
1,11.0,1.0,1.0,7.0,6.0,2.0,837.5,1.0,6.0,1.0,1.0,6-11 años,6.731614581263264,0,1,1,0
1,16.0,1.0,1.0,7.0,6.0,2.0,1722.5,3.0,8.0,2.0,1.0,15-16 años,7.45211238595692,0,1,1,0
1,6.0,1.0,1.0,7.0,6.0,2.0,1722.5,0.0,8.0,2.0,1.0,6-11 años,7.45211238595692,0,1,1,0
1,9.0,1.0,1.0,7.0,6.0,2.0,1504.0,1.0,8.0,1.0,1.0,6-11 años,7.316548177182976,0,1,1,0
1,12.0,1.0,1.0,7.0,6.0,2.0,2432.0,2.0,5.0,1.0,1.0,12-14 años,7.796880342783522,0,1,1,0
1,8.0,1.0,1.0,7.0,6.0,2.0,2500.0,1.0,5.0,2.0,1.0,6-11 años,7.824445930877619,0,1,1,0
1,15.0,1.0,1.0,7.0,6.0,2.0,666.1666870117188,3.0,5.0,2.0,1.0,15-16 años,6.5030399202592255,0,1,1,0
1,13.0,1.0,1.0,7.0,6.0,2.0,666.1666870117188,2.0,5.0,2.0,1.0,12-14 años,6.5030399202592255,0,1,1,0
1,6.0,2.0,1.0,7.0,6.0,2.0,1156.151611328125,0.0,8.0,2.0,1.0,6-11 años,7.053716756921893,0,1,1,0
1,6.0,1.0,1.0,7.0,6.0,2.0,1835.5,0.0,5.0,2.0,1.0,6-11 años,7.515616865259722,0,1,1,0
1,6.0,2.0,1.0,7.0,6.0,2.0,739.7753295898438,0.0,8.0,2.0,1.0,6-11 años,6.607697380387913,0,1,1,0
1,8.0,2.0,1.0,7.0,6.0,2.0,739.7753295898438,1.0,8.0,2.0,1.0,6-11 años,6.607697380387913,0,1,1,0
1,18.0,2.0,1.0,7.0,6.0,2.0,1391.5692138671875,4.0,8.0,2.0,1.0,17-19 años,7.238905675318218,0,1,1,0
0,19.0,1.0,1.0,7.0,27.0,2.0,2756.637451171875,3.0,5.0,2.0,1.0,17-19 años,7.922129596185236,0,1,1,1
1,9.0,2.0,1.0,7.0,6.0,2.0,2756.637451171875,1.0,5.0,2.0,1.0,6-11 años,7.922129596185236,0,1,1,0
1,10.0,1.0,1.0,7.0,6.0,2.0,2541.666748046875,1.0,8.0,1.0,1.0,6-11 años,7.84096871005805,0,1,1,0
0,17.0,2.0,1.0,7.0,6.0,2.0,1050.3458251953125,2.0,1.0,1.0,1.0,17-19 años,6.957826360707537,0,1,1,1
1,18.0,1.0,1.0,7.0,6.0,2.0,2750.2998046875,3.0,8.0,1.0,1.0,17-19 años,7.919828735243837,0,1,1,0
1,13.0,1.0,1.0,7.0,6.0,2.0,2695.0,3.0,8.0,1.0,1.0,12-14 años,7.899524472032198,0,1,1,0
1,8.0,2.0,1.0,7.0,6.0,2.0,2695.0,1.0,8.0,1.0,1.0,6-11 años,7.899524472032198,0,1,1,0
1,7.0,2.0,1.0,7.0,6.0,2.0,1065.0400390625,1.0,8.0,1.0,1.0,6-11 años,6.971706164116581,0,1,1,0
1,16.0,1.0,1.0,7.0,6.0,2.0,895.0,3.0,5.0,1.0,1.0,15-16 años,6.79794041297493,0,1,1,0
1,12.0,1.0,1.0,7.0,6.0,2.0,895.0,1.0,5.0,1.0,1.0,12-14 años,6.79794041297493,0,1,1,0
1,6.0,2.0,1.0,7.0,6.0,2.0,895.0,0.0,5.0,1.0,1.0,6-11 años,6.79794041297493,0,1,1,0
1,12.0,2.0,1.0,7.0,6.0,2.0,715.5799560546875,1.0,5.0,2.0,1.0,12-14 años,6.574489833581932,0,1,1,0
1,10.0,2.0,1.0,7.0,6.0,2.0,715.5799560546875,1.0,5.0,2.0,1.0,6-11 años,6.574489833581932,0,1,1,0
1,8.0,2.0,1.0,7.0,6.0,2.0,715.5799560546875,1.0,5.0,2.0,1.0,6-11 años,6.574489833581932,0,1,1,0
1,6.0,1.0,1.0,7.0,6.0,2.0,3987.777587890625,0.0,8.0,1.0,1.0,6-11 años,8.291240093993636,0,1,1,0
1,15.0,1.0,1.0,7.0,6.0,2.0,713.2333374023438,3.0,5.0,2.0,1.0,15-16 años,6.571209712035603,0,1,1,0
1,14.0,1.0,1.0,7.0,6.0,2.0,713.2333374023438,3.0,5.0,2.0,1.0,12-14 años,6.571209712035603,0,1,1,0
1,9.0,2.0,1.0,7.0,6.0,2.0,713.2333374023438,1.0,5.0,2.0,1.0,6-11 años,6.571209712035603,0,1,1,0
1,7.0,1.0,1.0,7.0,6.0,2.0,713.2333374023438,1.0,5.0,2.0,1.0,6-11 años,6.571209712035603,0,1,1,0
1,6.0,2.0,1.0,7.0,6.0,2.0,1723.7889404296875,0.0,5.0,1.0,1.0,6-11 años,7.452859968605582,0,1,1,0
0,18.0,1.0,1.0,7.0,6.0,2.0,666.6666870117188,4.0,8.0,1.0,1.0,17-19 años,6.503789077469579,0,1,1,1
1,16.0,2.0,1.0,7.0,6.0,2.0,666.6666870117188,3.0,8.0,1.0,1.0,15-16 años,6.503789077469579,0,1,1,0
1,12.0,1.0,1.0,7.0,6.0,2.0,666.6666870117188,2.0,8.0,1.0,1.0,12-14 años,6.503789077469579,0,1,1,0
1,17.0,2.0,1.0,7.0,6.0,2.0,1501.066650390625,3.0,7.0,2.0,1.0,17-19 años,7.31459720576741,0,1,1,0
1,15.0,2.0,1.0,7.0,6.0,2.0,1501.066650390625,2.0,7.0,2.0,1.0,15-16 años,7.31459720576741,0,1,1,0
1,13.0,2.0,1.0,7.0,6.0,2.0,1501.066650390625,1.0,7.0,2.0,1.0,12-14 años,7.31459720576741,0,1,1,0
0,18.0,1.0,1.0,7.0,6.0,2.0,1501.066650390625,1.0,7.0,2.0,1.0,17-19 años,7.31459720576741,0,1,1,1
1,16.0,2.0,1.0,7.0,6.0,2.0,1542.7110595703125,3.0,7.0,1.0,1.0,15-16 años,7.341944575488305,0,1,1,0
1,16.0,2.0,1.0,7.0,6.0,2.0,366.6666564941406,3.0,5.0,1.0,1.0,15-16 años,5.907176702917597,0,1,1,0
1,9.0,2.0,1.0,7.0,6.0,2.0,1070.0618896484375,1.0,5.0,2.0,1.0,6-11 años,6.976405855564747,0,1,1,0
1,7.0,2.0,1.0,7.0,6.0,2.0,1070.0618896484375,0.0,5.0,2.0,1.0,6-11 años,6.976405855564747,0,1,1,0
1,17.0,2.0,1.0,7.0,6.0,2.0,3137.367919921875,3.0,8.0,2.0,1.0,17-19 años,8.051458173049152,0,1,1,0
1,14.0,2.0,1.0,7.0,6.0,2.0,3137.367919921875,3.0,8.0,2.0,1.0,12-14 años,8.051458173049152,0,1,1,0
1,11.0,1.0,1.0,7.0,6.0,2.0,2125.97802734375,1.0,8.0,1.0,1.0,6-11 años,7.6624574847960325,0,1,1,0
1,9.0,2.0,1.0,7.0,6.0,2.0,932.135009765625,1.0,5.0,2.0,1.0,6-11 años,6.838549895379255,0,1,1,0
1,6.0,1.0,1.0,7.0,6.0,2.0,932.135009765625,0.0,5.0,2.0,1.0,6-11 años,6.838549895379255,0,1,1,0
1,13.0,2.0,1.0,7.0,6.0,2.0,1792.6666259765625,3.0,8.0,2.0,1.0,12-14 años,7.492017198135877,0,1,1,0
1,18.0,2.0,1.0,7.0,6.0,2.0,1735.4444580078125,4.0,8.0,1.0,1.0,17-19 años,7.459594886649742,0,1,1,0
0,19.0,1.0,1.0,7.0,6.0,2.0,1160.5208740234375,3.0,8.0,2.0,1.0,17-19 años,7.057485523657618,0,1,1,1
1,18.0,2.0,1.0,7.0,6.0,2.0,9031.388671875,3.0,8.0,1.0,1.0,17-19 años,9.10857213766214,0,1,1,0
1,10.0,2.0,1.0,7.0,6.0,2.0,1388.8890380859375,1.0,5.0,2.0,1.0,6-11 años,7.236979194223103,0,1,1,0
1,9.0,1.0,1.0,7.0,6.0,2.0,1388.8890380859375,1.0,5.0,2.0,1.0,6-11 años,7.236979194223103,0,1,1,0
0,19.0,2.0,1.0,7.0,6.0,2.0,2035.0999755859375,3.0,5.0,2.0,1.0,17-19 años,7.618791480387221,0,1,1,1
1,19.0,1.0,1.0,7.0,6.0,2.0,4186.5,5.0,8.0,2.0,1.0,17-19 años,8.339859176133322,0,1,1,0
0,17.0,2.0,1.0,7.0,995.0,2.0,4186.5,0.0,8.0,2.0,1.0,17-19 años,8.339859176133322,0,1,1,1
1,13.0,1.0,1.0,7.0,6.0,2.0,2645.411865234375,2.0,5.0,1.0,1.0,12-14 años,7.880959988357099,0,1,1,0
1,11.0,1.0,1.0,7.0,6.0,2.0,2645.411865234375,1.0,5.0,1.0,1.0,6-11 años,7.880959988357099,0,1,1,0
1,9.0,1.0,1.0,7.0,6.0,2.0,2645.411865234375,1.0,5.0,1.0,1.0,6-11 años,7.880959988357099,0,1,1,0
1,14.0,1.0,1.0,7.0,6.0,2.0,600.0,3.0,5.0,2.0,1.0,12-14 años,6.398594934535208,0,1,1,0
1,11.0,2.0,1.0,7.0,6.0,2.0,600.0,1.0,5.0,2.0,1.0,6-11 años,6.398594934535208,0,1,1,0
1,9.0,1.0,1.0,7.0,6.0,2.0,600.0,1.0,5.0,2.0,1.0,6-11 años,6.398594934535208,0,1,1,0
1,10.0,2.0,1.0,7.0,6.0,2.0,1087.5,1.0,8.0,1.0,1.0,6-11 años,6.992555880674602,0,1,1,0
1,7.0,1.0,1.0,7.0,6.0,2.0,1087.5,0.0,8.0,1.0,1.0,6-11 años,6.992555880674602,0,1,1,0
1,9.0,1.0,1.0,7.0,6.0,2.0,2544.06689453125,1.0,8.0,1.0,1.0,6-11 años,7.8419122133273005,0,1,1,0
1,6.0,1.0,1.0,7.0,6.0,2.0,1083.3333740234375,0.0,5.0,1.0,1.0,6-11 años,6.988720675330699,0,1,1,0
1,11.0,2.0,1.0,7.0,6.0,2.0,858.3333129882812,1.0,5.0,1.0,1.0,6-11 años,6.756156871155633,0,1,1,0
1,10.0,2.0,1.0,7.0,6.0,2.0,858.3333129882812,1.0,5.0,1.0,1.0,6-11 años,6.756156871155633,0,1,1,0
1,6.0,1.0,1.0,7.0,6.0,2.0,1159.13330078125,0.0,5.0,2.0,1.0,6-11 años,7.056290191964844,0,1,1,0
1,14.0,2.0,1.0,7.0,6.0,2.0,1440.183349609375,3.0,6.0,2.0,1.0,12-14 años,7.273219825663553,0,1,1,0
1,9.0,1.0,1.0,7.0,6.0,2.0,1440.183349609375,1.0,6.0,2.0,1.0,6-11 años,7.273219825663553,0,1,1,0
1,16.0,2.0,1.0,7.0,6.0,2.0,1819.0,3.0,1.0,1.0,1.0,15-16 años,7.506591780070841,0,1,1,0
1,14.0,1.0,1.0,7.0,6.0,2.0,1819.0,3.0,1.0,1.0,1.0,12-14 años,7.506591780070841,0,1,1,0
1,12.0,1.0,1.0,7.0,6.0,2.0,2303.25,2.0,5.0,2.0,1.0,12-14 años,7.742510522873774,0,1,1,0
1,10.0,1.0,1.0,7.0,6.0,2.0,2303.25,1.0,5.0,2.0,1.0,6-11 años,7.742510522873774,0,1,1,0
1,13.0,2.0,1.0,7.0,6.0,2.0,2379.70654296875,2.0,5.0,1.0,1.0,12-14 años,7.775152589402885,0,1,1,0
1,10.0,2.0,1.0,7.0,6.0,2.0,2379.70654296875,1.0,5.0,1.0,1.0,6-11 años,7.775152589402885,0,1,1,0
1,9.0,1.0,1.0,7.0,6.0,2.0,1425.0,1.0,6.0,1.0,1.0,6-11 años,7.262628600974241,0,1,1,0
1,17.0,2.0,1.0,7.0,6.0,2.0,1693.333251953125,3.0,5.0,1.0,1.0,17-19 años,7.435044580747978,0,1,1,0
1,17.0,2.0,1.0,7.0,6.0,2.0,2190.427978515625,3.0,5.0,1.0,1.0,17-19 años,7.692308655305883,0,1,1,0
1,11.0,2.0,1.0,7.0,6.0,2.0,2190.427978515625,1.0,5.0,1.0,1.0,6-11 años,7.692308655305883,0,1,1,0
1,8.0,2.0,1.0,7.0,6.0,2.0,2190.427978515625,1.0,5.0,1.0,1.0,6-11 años,7.692308655305883,0,1,1,0
1,15.0,2.0,1.0,7.0,6.0,2.0,4350.0,3.0,8.0,2.0,1.0,15-16 años,8.37816098272068,0,1,1,0
1,8.0,1.0,1.0,7.0,6.0,2.0,3076.808349609375,1.0,8.0,1.0,1.0,6-11 años,8.031973047875956,0,1,1,0
1,16.0,2.0,1.0,7.0,6.0,2.0,2759.166748046875,3.0,8.0,1.0,1.0,15-16 años,7.923046372845238,0,1,1,0
1,7.0,1.0,1.0,7.0,6.0,2.0,1415.5999755859375,1.0,5.0,1.0,1.0,6-11 años,7.256014896085255,0,1,1,0
1,11.0,2.0,1.0,7.0,6.0,2.0,1626.5,1.0,8.0,2.0,1.0,6-11 años,7.394800374082724,0,1,1,0
1,15.0,2.0,1.0,7.0,6.0,2.0,2483.43994140625,3.0,5.0,1.0,1.0,15-16 años,7.817802537438162,0,1,1,0
1,8.0,1.0,1.0,7.0,6.0,2.0,2483.43994140625,1.0,5.0,1.0,1.0,6-11 años,7.817802537438162,0,1,1,0
1,6.0,1.0,1.0,7.0,6.0,2.0,1594.625,1.0,5.0,1.0,1.0,6-11 años,7.375020787995748,0,1,1,0
1,14.0,2.0,1.0,7.0,6.0,2.0,1471.193359375,3.0,8.0,2.0,1.0,12-14 años,7.294508648933139,0,1,1,0
1,16.0,1.0,1.0,7.0,6.0,2.0,1391.77001953125,3.0,5.0,2.0,1.0,15-16 años,7.239049862900114,0,1,1,0
1,6.0,2.0,1.0,7.0,6.0,2.0,1391.77001953125,0.0,5.0,2.0,1.0,6-11 años,7.239049862900114,0,1,1,0
1,16.0,2.0,1.0,7.0,6.0,2.0,2368.2666015625,3.0,1.0,1.0,1.0,15-16 años,7.770335735421882,0,1,1,0
1,17.0,1.0,1.0,7.0,6.0,2.0,6137.5,3.0,8.0,1.0,1.0,17-19 años,8.722335691620895,0,1,1,0
1,15.0,1.0,1.0,7.0,6.0,2.0,2687.949951171875,3.0,5.0,1.0,1.0,15-16 años,7.896906043664218,0,1,1,0
1,10.0,2.0,1.0,7.0,6.0,2.0,2687.949951171875,1.0,5.0,1.0,1.0,6-11 años,7.896906043664218,0,1,1,0
1,14.0,2.0,1.0,7.0,6.0,2.0,1877.142822265625,3.0,8.0,1.0,1.0,12-14 años,7.538038707071228,0,1,1,0
1,8.0,1.0,1.0,7.0,6.0,2.0,1877.142822265625,1.0,8.0,1.0,1.0,6-11 años,7.538038707071228,0,1,1,0
1,6.0,2.0,1.0,7.0,6.0,2.0,1877.142822265625,0.0,8.0,1.0,1.0,6-11 años,7.538038707071228,0,1,1,0
1,6.0,2.0,1.0,7.0,6.0,2.0,1160.2222900390625,1.0,8.0,1.0,1.0,6-11 años,7.057228427659542,0,1,1,0
1,11.0,1.0,1.0,7.0,6.0,2.0,1905.5556640625,1.0,5.0,2.0,1.0,6-11 años,7.553053575861953,0,1,1,0
0,19.0,2.0,1.0,7.0,6.0,2.0,1905.5556640625,4.0,5.0,2.0,1.0,17-19 años,7.553053575861953,0,1,1,1
1,18.0,2.0,1.0,7.0,6.0,2.0,4488.00830078125,3.0,8.0,1.0,1.0,17-19 años,8.409387087918393,0,1,1,0
1,18.0,2.0,1.0,7.0,6.0,2.0,4488.00830078125,3.0,8.0,1.0,1.0,17-19 años,8.409387087918393,0,1,1,0
1,7.0,1.0,1.0,7.0,6.0,2.0,1024.0555419921875,0.0,8.0,2.0,1.0,6-11 años,6.93250207741388,0,1,1,0
1,8.0,1.0,1.0,7.0,6.0,2.0,1990.0,1.0,5.0,1.0,1.0,6-11 años,7.596392304064196,0,1,1,0
1,9.0,2.0,1.0,7.0,6.0,2.0,2452.4443359375,1.0,5.0,2.0,1.0,6-11 años,7.805248167657958,0,1,1,0
1,14.0,2.0,1.0,7.0,6.0,2.0,939.4000244140625,3.0,7.0,1.0,1.0,12-14 años,6.846305342627273,0,1,1,0
1,12.0,2.0,1.0,7.0,6.0,2.0,939.4000244140625,3.0,7.0,1.0,1.0,12-14 años,6.846305342627273,0,1,1,0
1,9.0,1.0,1.0,7.0,6.0,2.0,939.4000244140625,1.0,7.0,1.0,1.0,6-11 años,6.846305342627273,0,1,1,0
1,7.0,2.0,1.0,7.0,6.0,2.0,939.4000244140625,1.0,7.0,1.0,1.0,6-11 años,6.846305342627273,0,1,1,0
1,18.0,1.0,1.0,7.0,6.0,2.0,5698.3330078125,4.0,5.0,1.0,1.0,17-19 años,8.64810443080247,0,1,1,0
0,19.0,1.0,1.0,7.0,6.0,2.0,954.3333129882812,3.0,1.0,2.0,1.0,17-19 años,6.862060298423721,0,1,1,1
1,11.0,1.0,1.0,7.0,6.0,2.0,954.3333129882812,1.0,1.0,2.0,1.0,6-11 años,6.862060298423721,0,1,1,0
1,10.0,2.0,1.0,7.0,6.0,2.0,954.3333129882812,1.0,1.0,2.0,1.0,6-11 años,6.862060298423721,0,1,1,0
1,6.0,2.0,1.0,7.0,6.0,2.0,954.3333129882812,0.0,1.0,2.0,1.0,6-11 años,6.862060298423721,0,1,1,0
1,10.0,2.0,1.0,7.0,6.0,2.0,954.3333129882812,1.0,1.0,2.0,1.0,6-11 años,6.862060298423721,0,1,1,0
0,18.0,2.0,1.0,7.0,6.0,2.0,1540.9443359375,3.0,8.0,1.0,1.0,17-19 años,7.3407994548578905,0,1,1,1
1,14.0,2.0,1.0,7.0,6.0,2.0,1188.1357421875,3.0,5.0,2.0,1.0,12-14 años,7.080982055176556,0,1,1,0
0,19.0,2.0,1.0,7.0,6.0,2.0,1188.1357421875,4.0,5.0,2.0,1.0,17-19 años,7.080982055176556,0,1,1,1
1,15.0,2.0,1.0,7.0,6.0,2.0,1533.9200439453125,3.0,8.0,1.0,1.0,15-16 años,7.336233570029662,0,1,1,0
1,17.0,2.0,1.0,7.0,6.0,2.0,1664.9500732421875,3.0,8.0,1.0,1.0,17-19 años,7.418150854235833,0,1,1,0
1,19.0,2.0,1.0,7.0,6.0,2.0,1333.3333740234375,5.0,8.0,1.0,1.0,17-19 años,7.196187100819171,0,1,1,0
1,13.0,2.0,1.0,7.0,6.0,2.0,1333.3333740234375,3.0,8.0,1.0,1.0,12-14 años,7.196187100819171,0,1,1,0
1,18.0,2.0,1.0,7.0,6.0,2.0,2410.416748046875,5.0,8.0,1.0,1.0,17-19 años,7.787969716021485,0,1,1,0
1,16.0,2.0,1.0,7.0,6.0,2.0,765.0,3.0,1.0,1.0,1.0,15-16 años,6.641182169740591,0,1,1,0
1,11.0,2.0,1.0,7.0,6.0,2.0,765.0,1.0,1.0,1.0,1.0,6-11 años,6.641182169740591,0,1,1,0
1,7.0,2.0,1.0,7.0,6.0,2.0,765.0,1.0,1.0,1.0,1.0,6-11 años,6.641182169740591,0,1,1,0
1,13.0,2.0,1.0,7.0,6.0,2.0,2332.31884765625,2.0,5.0,1.0,1.0,12-14 años,7.755046931202749,0,1,1,0
1,9.0,2.0,1.0,7.0,6.0,2.0,2332.31884765625,1.0,5.0,1.0,1.0,6-11 años,7.755046931202749,0,1,1,0
1,9.0,2.0,1.0,7.0,6.0,2.0,1811.1248779296875,1.0,8.0,2.0,1.0,6-11 años,7.502255401407984,0,1,1,0
1,17.0,1.0,1.0,7.0,6.0,2.0,1630.56005859375,3.0,8.0,1.0,1.0,17-19 años,7.397291927242901,0,1,1,0
1,13.0,2.0,1.0,7.0,6.0,2.0,1630.56005859375,1.0,8.0,1.0,1.0,12-14 años,7.397291927242901,0,1,1,0
1,11.0,1.0,1.0,7.0,6.0,2.0,447.9166564941406,1.0,8.0,1.0,1.0,6-11 años,6.106837250232368,0,1,1,0
1,8.0,2.0,1.0,7.0,6.0,2.0,952.6000366210938,1.0,5.0,1.0,1.0,6-11 años,6.860244334714078,0,1,1,0
1,6.0,1.0,1.0,7.0,6.0,2.0,378.875,0.0,5.0,1.0,1.0,6-11 años,5.939842251236957,0,1,1,0
1,13.0,2.0,1.0,7.0,6.0,2.0,713.47998046875,2.0,8.0,1.0,1.0,12-14 años,6.571554978039316,0,1,1,0
1,9.0,1.0,1.0,7.0,6.0,2.0,713.47998046875,1.0,8.0,1.0,1.0,6-11 años,6.571554978039316,0,1,1,0
1,7.0,2.0,1.0,7.0,6.0,2.0,713.47998046875,1.0,8.0,1.0,1.0,6-11 años,6.571554978039316,0,1,1,0
1,9.0,2.0,1.0,7.0,6.0,2.0,521.316650390625,1.0,8.0,2.0,1.0,6-11 años,6.258274013912925,0,1,1,0
1,10.0,2.0,1.0,7.0,6.0,2.0,2769.875732421875,1.0,8.0,2.0,1.0,6-11 años,7.926918698105618,0,1,1,0
1,8.0,2.0,1.0,7.0,6.0,2.0,822.699951171875,1.0,8.0,2.0,1.0,6-11 años,6.713806326668186,0,1,1,0
1,6.0,2.0,1.0,7.0,6.0,2.0,1446.2198486328125,0.0,8.0,2.0,1.0,6-11 años,7.2773996491838355,0,1,1,0
1,8.0,1.0,1.0,7.0,6.0,2.0,2403.14990234375,1.0,5.0,2.0,1.0,6-11 años,7.784951649095337,0,1,1,0
1,11.0,1.0,1.0,7.0,6.0,2.0,2403.14990234375,1.0,5.0,2.0,1.0,6-11 años,7.784951649095337,0,1,1,0
1,18.0,2.0,1.0,7.0,6.0,2.0,2782.566650390625,3.0,6.0,1.0,1.0,17-19 años,7.931488352151198,0,1,1,0
1,11.0,1.0,1.0,7.0,6.0,2.0,1204.925048828125,1.0,6.0,2.0,1.0,6-11 años,7.095002226788768,0,1,1,0
0,18.0,1.0,1.0,7.0,6.0,2.0,1204.925048828125,3.0,6.0,2.0,1.0,17-19 años,7.095002226788768,0,1,1,1
1,13.0,1.0,1.0,7.0,6.0,2.0,1782.6666259765625,3.0,5.0,1.0,1.0,12-14 años,7.486426426830578,0,1,1,0
1,11.0,1.0,1.0,7.0,6.0,2.0,3021.958251953125,1.0,5.0,2.0,1.0,6-11 años,8.013991184546196,0,1,1,0
1,10.0,1.0,1.0,7.0,6.0,2.0,3021.958251953125,1.0,5.0,2.0,1.0,6-11 años,8.013991184546196,0,1,1,0
1,14.0,2.0,1.0,7.0,6.0,2.0,4893.88916015625,3.0,6.0,1.0,1.0,12-14 años,8.495946911226374,0,1,1,0
1,12.0,1.0,1.0,7.0,6.0,2.0,4893.88916015625,1.0,6.0,1.0,1.0,12-14 años,8.495946911226374,0,1,1,0
0,19.0,1.0,1.0,7.0,6.0,2.0,3121.86669921875,4.0,5.0,1.0,1.0,17-19 años,8.046506672804625,0,1,1,1
1,15.0,1.0,1.0,7.0,6.0,2.0,3121.86669921875,3.0,5.0,1.0,1.0,15-16 años,8.046506672804625,0,1,1,0
1,18.0,1.0,1.0,7.0,6.0,2.0,3166.083251953125,3.0,8.0,1.0,1.0,17-19 años,8.060566333516508,0,1,1,0
1,12.0,2.0,1.0,7.0,6.0,2.0,3166.083251953125,3.0,8.0,1.0,1.0,12-14 años,8.060566333516508,0,1,1,0
1,12.0,2.0,1.0,7.0,6.0,2.0,1932.5198974609375,2.0,5.0,1.0,1.0,12-14 años,7.567097401897394,0,1,1,0
1,15.0,1.0,1.0,7.0,6.0,2.0,2977.0,3.0,8.0,1.0,1.0,15-16 años,7.999007213243955,0,1,1,0
1,12.0,2.0,1.0,7.0,6.0,2.0,2977.0,2.0,8.0,1.0,1.0,12-14 años,7.999007213243955,0,1,1,0
1,16.0,1.0,1.0,7.0,6.0,2.0,1444.046630859375,3.0,8.0,1.0,1.0,15-16 años,7.275896870516768,0,1,1,0
1,10.0,1.0,1.0,7.0,6.0,2.0,1444.046630859375,1.0,8.0,1.0,1.0,6-11 años,7.275896870516768,0,1,1,0
1,9.0,1.0,1.0,7.0,6.0,2.0,1444.046630859375,1.0,8.0,1.0,1.0,6-11 años,7.275896870516768,0,1,1,0
1,12.0,2.0,1.0,7.0,6.0,2.0,3719.138916015625,2.0,8.0,1.0,1.0,12-14 años,8.221516289584912,0,1,1,0
1,16.0,1.0,1.0,7.0,6.0,2.0,4764.2666015625,3.0,8.0,1.0,1.0,15-16 años,8.469108764483812,0,1,1,0
1,8.0,1.0,1.0,7.0,6.0,2.0,2006.2083740234375,1.0,1.0,2.0,1.0,6-11 años,7.604500167036055,0,1,1,0
1,19.0,2.0,1.0,7.0,6.0,2.0,795.0,4.0,8.0,2.0,1.0,17-19 años,6.679599185844383,0,1,1,0
1,15.0,2.0,1.0,7.0,6.0,2.0,795.0,3.0,8.0,2.0,1.0,15-16 años,6.679599185844383,0,1,1,0
1,17.0,2.0,1.0,7.0,6.0,2.0,1880.25,3.0,5.0,2.0,1.0,17-19 años,7.539691728497186,0,1,1,0
1,15.0,1.0,1.0,7.0,6.0,2.0,1096.0745849609375,3.0,5.0,2.0,1.0,15-16 años,7.000402447901063,0,1,1,0
1,9.0,1.0,1.0,7.0,6.0,2.0,1096.0745849609375,1.0,5.0,2.0,1.0,6-11 años,7.000402447901063,0,1,1,0
0,19.0,1.0,1.0,7.0,6.0,2.0,941.8777465820312,4.0,1.0,2.0,1.0,17-19 años,6.84893663115593,0,1,1,1
1,12.0,1.0,1.0,7.0,6.0,2.0,941.8777465820312,2.0,1.0,2.0,1.0,12-14 años,6.84893663115593,0,1,1,0
1,11.0,2.0,1.0,7.0,6.0,2.0,941.8777465820312,1.0,1.0,2.0,1.0,6-11 años,6.84893663115593,0,1,1,0
1,6.0,2.0,1.0,7.0,6.0,2.0,941.8777465820312,0.0,1.0,2.0,1.0,6-11 años,6.84893663115593,0,1,1,0
1,16.0,1.0,1.0,7.0,6.0,2.0,801.9500122070312,3.0,5.0,2.0,1.0,15-16 años,6.688292460710229,0,1,1,0
1,11.0,1.0,1.0,7.0,6.0,2.0,801.9500122070312,1.0,5.0,2.0,1.0,6-11 años,6.688292460710229,0,1,1,0
1,7.0,1.0,1.0,7.0,6.0,2.0,801.9500122070312,0.0,5.0,2.0,1.0,6-11 años,6.688292460710229,0,1,1,0
1,14.0,1.0,1.0,7.0,6.0,2.0,2628.0,3.0,8.0,1.0,1.0,12-14 años,7.874358824729881,0,1,1,0
1,8.0,2.0,1.0,7.0,6.0,2.0,2628.0,1.0,8.0,1.0,1.0,6-11 años,7.874358824729881,0,1,1,0
1,11.0,1.0,1.0,7.0,6.0,2.0,1527.780029296875,1.0,8.0,1.0,1.0,6-11 años,7.332225329848117,0,1,1,0
1,8.0,1.0,1.0,7.0,6.0,2.0,1527.780029296875,1.0,8.0,1.0,1.0,6-11 años,7.332225329848117,0,1,1,0
1,8.0,1.0,1.0,7.0,6.0,2.0,1527.780029296875,1.0,8.0,1.0,1.0,6-11 años,7.332225329848117,0,1,1,0
1,18.0,1.0,1.0,7.0,6.0,2.0,1038.7222900390625,3.0,5.0,1.0,1.0,17-19 años,6.9467089276682845,0,1,1,0
1,10.0,1.0,1.0,7.0,6.0,2.0,1038.7222900390625,1.0,5.0,1.0,1.0,6-11 años,6.9467089276682845,0,1,1,0
1,7.0,2.0,1.0,7.0,6.0,2.0,4208.2568359375,1.0,8.0,1.0,1.0,6-11 años,8.34504138756403,0,1,1,0
1,11.0,1.0,1.0,7.0,6.0,2.0,1194.6666259765625,1.0,8.0,2.0,1.0,6-11 años,7.086459154832862,0,1,1,0
1,10.0,2.0,1.0,7.0,6.0,2.0,1194.6666259765625,1.0,8.0,2.0,1.0,6-11 años,7.086459154832862,0,1,1,0
1,14.0,1.0,1.0,7.0,6.0,2.0,1166.6666259765625,3.0,8.0,1.0,1.0,12-14 años,7.062762699682014,0,1,1,0
1,10.0,1.0,1.0,7.0,6.0,2.0,1166.6666259765625,1.0,8.0,1.0,1.0,6-11 años,7.062762699682014,0,1,1,0
1,10.0,1.0,1.0,7.0,6.0,2.0,2807.861083984375,1.0,5.0,2.0,1.0,6-11 años,7.940534371977612,0,1,1,0
1,18.0,2.0,1.0,7.0,6.0,2.0,1601.0416259765625,4.0,8.0,1.0,1.0,17-19 años,7.37903411104639,0,1,1,0
1,15.0,2.0,1.0,7.0,6.0,2.0,2338.1083984375,3.0,7.0,1.0,1.0,15-16 años,7.757525109434018,0,1,1,0
1,13.0,2.0,1.0,7.0,6.0,2.0,2338.1083984375,2.0,7.0,1.0,1.0,12-14 años,7.757525109434018,0,1,1,0
1,10.0,1.0,1.0,7.0,6.0,2.0,1987.1943359375,1.0,5.0,2.0,1.0,6-11 años,7.5949821369345845,0,1,1,0
1,7.0,1.0,1.0,7.0,6.0,2.0,6296.6669921875,1.0,6.0,1.0,1.0,6-11 años,8.747934525094324,0,1,1,0
0,6.0,1.0,1.0,7.0,995.0,2.0,6296.6669921875,0.0,6.0,1.0,1.0,6-11 años,8.747934525094324,0,1,1,1
1,10.0,1.0,1.0,7.0,6.0,2.0,1483.800048828125,1.0,6.0,1.0,1.0,6-11 años,7.303035394917257,0,1,1,0
1,7.0,1.0,1.0,7.0,6.0,2.0,1483.800048828125,1.0,6.0,1.0,1.0,6-11 años,7.303035394917257,0,1,1,0
1,15.0,1.0,1.0,7.0,6.0,2.0,2655.5556640625,3.0,6.0,1.0,1.0,15-16 años,7.884785699581688,0,1,1,0
1,13.0,1.0,1.0,7.0,6.0,2.0,2655.5556640625,3.0,6.0,1.0,1.0,12-14 años,7.884785699581688,0,1,1,0
1,8.0,2.0,1.0,7.0,6.0,2.0,1041.169921875,1.0,8.0,1.0,1.0,6-11 años,6.949060281835084,0,1,1,0
1,7.0,2.0,1.0,7.0,6.0,2.0,1041.169921875,0.0,8.0,1.0,1.0,6-11 años,6.949060281835084,0,1,1,0
1,14.0,1.0,1.0,7.0,6.0,2.0,1041.169921875,1.0,8.0,1.0,1.0,12-14 años,6.949060281835084,0,1,1,0
1,14.0,2.0,1.0,7.0,6.0,2.0,991.61328125,3.0,8.0,2.0,1.0,12-14 años,6.900341143327779,0,1,1,0
1,13.0,1.0,1.0,7.0,6.0,2.0,991.61328125,2.0,8.0,2.0,1.0,12-14 años,6.900341143327779,0,1,1,0
1,10.0,2.0,1.0,7.0,6.0,2.0,991.61328125,1.0,8.0,2.0,1.0,6-11 años,6.900341143327779,0,1,1,0
1,16.0,1.0,1.0,7.0,6.0,2.0,1137.9583740234375,3.0,8.0,2.0,1.0,15-16 años,7.037869416706871,0,1,1,0
1,9.0,1.0,1.0,7.0,6.0,2.0,1137.9583740234375,1.0,8.0,2.0,1.0,6-11 años,7.037869416706871,0,1,1,0
1,13.0,1.0,1.0,7.0,6.0,2.0,1137.9583740234375,2.0,8.0,2.0,1.0,12-14 años,7.037869416706871,0,1,1,0
1,8.0,1.0,1.0,7.0,6.0,2.0,1137.9583740234375,1.0,8.0,2.0,1.0,6-11 años,7.037869416706871,0,1,1,0
0,18.0,1.0,1.0,7.0,6.0,2.0,1344.6422119140625,3.0,8.0,2.0,1.0,17-19 años,7.20462665905517,0,1,1,1
1,17.0,1.0,1.0,7.0,6.0,2.0,2007.8665771484375,3.0,8.0,2.0,1.0,17-19 años,7.605325950040302,0,1,1,0
1,9.0,2.0,1.0,7.0,6.0,2.0,2007.8665771484375,1.0,8.0,2.0,1.0,6-11 años,7.605325950040302,0,1,1,0
1,8.0,2.0,1.0,7.0,6.0,2.0,2007.8665771484375,1.0,8.0,2.0,1.0,6-11 años,7.605325950040302,0,1,1,0
1,17.0,1.0,1.0,7.0,6.0,2.0,2516.9599609375,3.0,8.0,1.0,1.0,17-19 años,7.831204313341053,0,1,1,0
1,15.0,2.0,1.0,7.0,6.0,2.0,1100.4932861328125,3.0,7.0,2.0,1.0,15-16 años,7.004422071019839,0,1,1,0
1,12.0,2.0,1.0,7.0,6.0,2.0,1100.4932861328125,2.0,7.0,2.0,1.0,12-14 años,7.004422071019839,0,1,1,0
1,10.0,1.0,1.0,7.0,6.0,2.0,1100.4932861328125,1.0,7.0,2.0,1.0,6-11 años,7.004422071019839,0,1,1,0
1,8.0,2.0,1.0,7.0,6.0,2.0,3515.0,1.0,8.0,2.0,1.0,6-11 años,8.165079258805068,0,1,1,0
1,13.0,2.0,1.0,7.0,6.0,2.0,502.7778015136719,3.0,8.0,1.0,1.0,12-14 años,6.222135300847056,0,1,1,0
1,11.0,1.0,1.0,7.0,6.0,2.0,502.7778015136719,1.0,8.0,1.0,1.0,6-11 años,6.222135300847056,0,1,1,0
1,17.0,2.0,1.0,7.0,6.0,2.0,502.7778015136719,3.0,8.0,1.0,1.0,17-19 años,6.222135300847056,0,1,1,0
1,17.0,2.0,1.0,7.0,6.0,2.0,3794.4443359375,3.0,8.0,1.0,1.0,17-19 años,8.24155676754438,0,1,1,0
1,11.0,1.0,1.0,7.0,6.0,2.0,592.0750122070312,1.0,8.0,1.0,1.0,6-11 años,6.385320887131038,0,1,1,0
1,8.0,1.0,1.0,7.0,6.0,2.0,592.0750122070312,1.0,8.0,1.0,1.0,6-11 años,6.385320887131038,0,1,1,0
1,6.0,1.0,1.0,7.0,6.0,2.0,907.6365966796875,0.0,5.0,2.0,1.0,6-11 años,6.811945230611991,0,1,1,0
1,13.0,2.0,1.0,7.0,6.0,2.0,2898.0,3.0,8.0,1.0,1.0,12-14 años,7.972121128921655,0,1,1,0
1,7.0,1.0,1.0,7.0,6.0,2.0,594.9000244140625,0.0,8.0,1.0,1.0,6-11 años,6.390072908722999,0,1,1,0
1,12.0,2.0,1.0,7.0,6.0,2.0,1724.0,1.0,5.0,1.0,1.0,12-14 años,7.45298232946546,0,1,1,0
1,10.0,2.0,1.0,7.0,6.0,2.0,1724.0,1.0,5.0,1.0,1.0,6-11 años,7.45298232946546,0,1,1,0
1,8.0,1.0,1.0,7.0,6.0,2.0,1088.9166259765625,1.0,5.0,2.0,1.0,6-11 años,6.993856482367926,0,1,1,0
1,17.0,2.0,1.0,7.0,6.0,2.0,1088.9166259765625,3.0,5.0,2.0,1.0,17-19 años,6.993856482367926,0,1,1,0
1,16.0,1.0,1.0,7.0,6.0,2.0,1088.9166259765625,3.0,5.0,2.0,1.0,15-16 años,6.993856482367926,0,1,1,0
1,13.0,1.0,1.0,7.0,6.0,2.0,1981.3333740234375,2.0,5.0,2.0,1.0,12-14 años,7.592029901564852,0,1,1,0
1,18.0,1.0,1.0,7.0,6.0,2.0,2825.0,4.0,8.0,2.0,1.0,17-19 años,7.946617563244473,0,1,1,0
1,7.0,1.0,1.0,7.0,6.0,2.0,2825.0,1.0,8.0,2.0,1.0,6-11 años,7.946617563244473,0,1,1,0
1,16.0,1.0,1.0,7.0,6.0,2.0,3602.604248046875,3.0,5.0,1.0,1.0,15-16 años,8.189689803610777,0,1,1,0
1,10.0,1.0,1.0,7.0,6.0,2.0,3602.604248046875,1.0,5.0,1.0,1.0,6-11 años,8.189689803610777,0,1,1,0
1,19.0,2.0,1.0,7.0,6.0,2.0,866.0,4.0,8.0,1.0,1.0,17-19 años,6.7650389767805414,0,1,1,0
1,16.0,1.0,1.0,7.0,6.0,2.0,1940.0,3.0,8.0,1.0,1.0,15-16 años,7.57095858316901,0,1,1,0
1,14.0,2.0,1.0,7.0,6.0,2.0,1058.3333740234375,3.0,8.0,1.0,1.0,12-14 años,6.9653950968395995,0,1,1,0
1,17.0,1.0,1.0,7.0,6.0,2.0,849.5,3.0,5.0,1.0,1.0,17-19 años,6.745824411835916,0,1,1,0
1,11.0,1.0,1.0,7.0,6.0,2.0,849.5,2.0,5.0,1.0,1.0,6-11 años,6.745824411835916,0,1,1,0
1,13.0,2.0,1.0,7.0,6.0,2.0,1673.75,3.0,5.0,1.0,1.0,12-14 años,7.423419179388377,0,1,1,0
1,14.0,1.0,1.0,7.0,6.0,2.0,3504.166748046875,2.0,8.0,1.0,1.0,12-14 años,8.161993372672837,0,1,1,0
1,19.0,2.0,1.0,7.0,6.0,2.0,1541.63330078125,4.0,5.0,1.0,1.0,17-19 años,7.3412461707044985,0,1,1,0
1,16.0,1.0,1.0,7.0,6.0,2.0,1541.63330078125,3.0,5.0,1.0,1.0,15-16 años,7.3412461707044985,0,1,1,0
1,14.0,2.0,1.0,7.0,6.0,2.0,1541.63330078125,3.0,5.0,1.0,1.0,12-14 años,7.3412461707044985,0,1,1,0
1,10.0,1.0,1.0,7.0,6.0,2.0,1541.63330078125,1.0,5.0,1.0,1.0,6-11 años,7.3412461707044985,0,1,1,0
1,19.0,1.0,1.0,7.0,6.0,2.0,950.0,4.0,8.0,1.0,1.0,17-19 años,6.85751406254539,0,1,1,0
1,7.0,2.0,1.0,7.0,6.0,2.0,2230.7666015625,1.0,6.0,2.0,1.0,6-11 años,7.710548748841034,0,1,1,0
1,16.0,1.0,1.0,7.0,6.0,2.0,963.888916015625,3.0,8.0,2.0,1.0,15-16 años,6.872012981775807,0,1,1,0
1,12.0,1.0,1.0,7.0,6.0,2.0,963.888916015625,1.0,8.0,2.0,1.0,12-14 años,6.872012981775807,0,1,1,0
1,7.0,2.0,1.0,7.0,6.0,2.0,2468.10009765625,0.0,8.0,2.0,1.0,6-11 años,7.811609030303963,0,1,1,0
1,19.0,1.0,1.0,7.0,6.0,2.0,1474.0,4.0,8.0,2.0,1.0,17-19 años,7.29641326877392,0,1,1,0
0,19.0,2.0,1.0,7.0,6.0,2.0,1474.0,4.0,8.0,2.0,1.0,17-19 años,7.29641326877392,0,1,1,1
1,10.0,1.0,1.0,7.0,6.0,2.0,1443.9000244140625,1.0,8.0,2.0,1.0,6-11 años,7.27579541089628,0,1,1,0
1,7.0,1.0,1.0,7.0,6.0,2.0,1254.64990234375,0.0,8.0,2.0,1.0,6-11 años,7.135408568000708,0,1,1,0
1,16.0,2.0,1.0,7.0,6.0,2.0,484.0,3.0,8.0,2.0,1.0,15-16 años,6.184148890937483,0,1,1,0
1,12.0,2.0,1.0,7.0,6.0,2.0,484.0,2.0,8.0,2.0,1.0,12-14 años,6.184148890937483,0,1,1,0
1,10.0,1.0,1.0,7.0,6.0,2.0,1573.3333740234375,1.0,8.0,2.0,1.0,6-11 años,7.361587207073934,0,1,1,0
1,11.0,2.0,1.0,7.0,6.0,2.0,350.0,1.0,5.0,2.0,1.0,6-11 años,5.860786223465865,0,1,1,0
1,10.0,1.0,1.0,7.0,6.0,2.0,1166.6666259765625,1.0,6.0,1.0,1.0,6-11 años,7.062762699682014,0,1,1,0
1,14.0,2.0,1.0,7.0,6.0,2.0,2484.0,3.0,8.0,2.0,1.0,12-14 años,7.818027938530729,0,1,1,0
1,14.0,1.0,1.0,7.0,6.0,2.0,1491.6666259765625,3.0,8.0,1.0,1.0,12-14 años,7.3083194812305825,0,1,1,0
1,6.0,2.0,1.0,7.0,6.0,2.0,1491.6666259765625,0.0,8.0,1.0,1.0,6-11 años,7.3083194812305825,0,1,1,0
1,17.0,2.0,1.0,7.0,6.0,2.0,2023.8333740234375,3.0,8.0,1.0,1.0,17-19 años,7.61324269172222,0,1,1,0
1,13.0,2.0,1.0,7.0,6.0,2.0,1796.6666259765625,3.0,8.0,1.0,1.0,12-14 años,7.494244784034162,0,1,1,0
1,14.0,2.0,1.0,7.0,6.0,2.0,2358.75,3.0,8.0,1.0,1.0,12-14 años,7.766310960205054,0,1,1,0
1,12.0,2.0,1.0,7.0,6.0,2.0,1300.0,1.0,1.0,1.0,1.0,12-14 años,7.170888478512505,0,1,1,0
1,6.0,1.0,1.0,7.0,6.0,2.0,1300.0,0.0,1.0,1.0,1.0,6-11 años,7.170888478512505,0,1,1,0
1,14.0,2.0,1.0,7.0,6.0,2.0,1069.7554931640625,3.0,1.0,1.0,1.0,12-14 años,6.976119746684574,0,1,1,0
1,11.0,2.0,1.0,7.0,6.0,2.0,1069.7554931640625,1.0,1.0,1.0,1.0,6-11 años,6.976119746684574,0,1,1,0
1,18.0,1.0,1.0,7.0,6.0,2.0,3877.5322265625,3.0,8.0,1.0,1.0,17-19 años,8.263212068923737,0,1,1,0
1,17.0,2.0,1.0,7.0,6.0,2.0,1948.6666259765625,3.0,8.0,1.0,1.0,17-19 años,7.575413675904628,0,1,1,0
1,18.0,1.0,1.0,7.0,6.0,2.0,2709.119873046875,4.0,8.0,1.0,1.0,17-19 años,7.904748146492103,0,1,1,0
1,17.0,1.0,1.0,7.0,6.0,2.0,2709.119873046875,3.0,8.0,1.0,1.0,17-19 años,7.904748146492103,0,1,1,0
1,12.0,2.0,1.0,7.0,6.0,2.0,1466.3890380859375,2.0,8.0,1.0,1.0,12-14 años,7.291239935954824,0,1,1,0
1,10.0,1.0,1.0,7.0,6.0,2.0,1466.3890380859375,1.0,8.0,1.0,1.0,6-11 años,7.291239935954824,0,1,1,0
1,8.0,1.0,1.0,7.0,6.0,2.0,1466.3890380859375,1.0,8.0,1.0,1.0,6-11 años,7.291239935954824,0,1,1,0
1,13.0,2.0,1.0,7.0,6.0,2.0,3098.0,3.0,6.0,1.0,1.0,12-14 años,8.038834757787749,0,1,1,0
1,9.0,2.0,1.0,7.0,6.0,2.0,4399.17529296875,1.0,8.0,1.0,1.0,6-11 años,8.389399658423867,0,1,1,0
1,10.0,2.0,1.0,7.0,6.0,2.0,2314.5,1.0,8.0,1.0,1.0,6-11 años,7.747380925920806,0,1,1,0
1,15.0,1.0,1.0,7.0,6.0,2.0,1825.183349609375,3.0,8.0,1.0,1.0,15-16 años,7.5099834666340355,0,1,1,0
1,13.0,1.0,1.0,7.0,6.0,2.0,1512.5,3.0,8.0,1.0,1.0,12-14 años,7.322180128461773,0,1,1,0
1,13.0,1.0,1.0,7.0,6.0,2.0,2296.0,3.0,8.0,1.0,1.0,12-14 años,7.739359202689098,0,1,1,0
1,16.0,2.0,1.0,7.0,6.0,2.0,3387.0,3.0,8.0,1.0,1.0,15-16 años,8.127995055771946,0,1,1,0
1,18.0,1.0,1.0,7.0,6.0,2.0,1060.0,3.0,8.0,1.0,1.0,17-19 años,6.966967138613983,0,1,1,0
1,12.0,2.0,1.0,7.0,6.0,2.0,1700.0,1.0,5.0,2.0,1.0,12-14 años,7.438971592395862,0,1,1,0
1,17.0,2.0,1.0,7.0,6.0,2.0,1066.6666259765625,3.0,5.0,1.0,1.0,17-19 años,6.973230822829804,0,1,1,0
1,14.0,1.0,1.0,7.0,6.0,2.0,1066.6666259765625,3.0,5.0,1.0,1.0,12-14 años,6.973230822829804,0,1,1,0
1,16.0,2.0,1.0,7.0,6.0,2.0,2072.22216796875,3.0,6.0,1.0,1.0,15-16 años,7.6368592788923575,0,1,1,0
1,11.0,2.0,1.0,7.0,6.0,2.0,3260.0,1.0,6.0,1.0,1.0,6-11 años,8.089789175789319,0,1,1,0
1,16.0,1.0,1.0,7.0,6.0,2.0,1863.75,3.0,6.0,1.0,1.0,15-16 años,7.530882274835273,0,1,1,0
1,13.0,1.0,1.0,7.0,6.0,2.0,1081.25,3.0,5.0,1.0,1.0,12-14 años,6.98679748632209,0,1,1,0
1,14.0,2.0,1.0,7.0,6.0,2.0,2550.0,3.0,6.0,1.0,1.0,12-14 años,7.844240718141811,0,1,1,0
1,8.0,1.0,1.0,7.0,6.0,2.0,2550.0,1.0,6.0,1.0,1.0,6-11 años,7.844240718141811,0,1,1,0
1,18.0,1.0,1.0,7.0,6.0,2.0,1540.0,3.0,5.0,2.0,1.0,17-19 años,7.340186835320115,0,1,1,0
1,10.0,1.0,1.0,7.0,6.0,2.0,1540.0,1.0,5.0,2.0,1.0,6-11 años,7.340186835320115,0,1,1,0
1,14.0,1.0,1.0,7.0,6.0,2.0,1932.5198974609375,3.0,6.0,1.0,1.0,12-14 años,7.567097401897394,0,1,1,0
1,7.0,2.0,1.0,7.0,6.0,2.0,1932.5198974609375,0.0,6.0,1.0,1.0,6-11 años,7.567097401897394,0,1,1,0
1,19.0,1.0,1.0,7.0,6.0,2.0,1236.161376953125,4.0,6.0,1.0,1.0,17-19 años,7.120574822212663,0,1,1,0
1,14.0,2.0,1.0,7.0,6.0,2.0,1236.161376953125,3.0,6.0,1.0,1.0,12-14 años,7.120574822212663,0,1,1,0
1,6.0,1.0,1.0,7.0,6.0,2.0,1845.0,0.0,8.0,1.0,1.0,6-11 años,7.520776415062797,0,1,1,0
1,6.0,1.0,1.0,7.0,6.0,2.0,2823.333251953125,0.0,8.0,1.0,1.0,6-11 años,7.946027598716401,0,1,1,0
1,14.0,1.0,1.0,7.0,6.0,2.0,1360.466552734375,3.0,8.0,1.0,1.0,12-14 años,7.216317745329773,0,1,1,0
1,8.0,2.0,1.0,7.0,6.0,2.0,1360.466552734375,1.0,8.0,1.0,1.0,6-11 años,7.216317745329773,0,1,1,0
1,8.0,1.0,1.0,7.0,6.0,2.0,2226.666748046875,1.0,8.0,1.0,1.0,6-11 años,7.708710015374551,0,1,1,0
1,15.0,1.0,1.0,7.0,6.0,2.0,8085.5,3.0,8.0,1.0,1.0,15-16 años,8.997951283559834,0,1,1,0
1,12.0,1.0,1.0,7.0,6.0,2.0,8085.5,2.0,8.0,1.0,1.0,12-14 años,8.997951283559834,0,1,1,0
1,17.0,1.0,1.0,7.0,6.0,2.0,3624.0,3.0,8.0,1.0,1.0,17-19 años,8.195609567288775,0,1,1,0
1,17.0,2.0,1.0,7.0,6.0,2.0,805.0,3.0,8.0,1.0,1.0,17-19 años,6.692083742506628,0,1,1,0
1,19.0,2.0,1.0,7.0,6.0,2.0,1108.3333740234375,4.0,8.0,1.0,1.0,17-19 años,7.0115145499527705,0,1,1,0
1,16.0,1.0,1.0,7.0,6.0,2.0,1108.3333740234375,3.0,8.0,1.0,1.0,15-16 años,7.0115145499527705,0,1,1,0
1,13.0,2.0,1.0,7.0,6.0,2.0,1268.75,3.0,8.0,1.0,1.0,12-14 años,7.146575309681355,0,1,1,0
1,10.0,1.0,1.0,7.0,6.0,2.0,1268.75,1.0,8.0,1.0,1.0,6-11 años,7.146575309681355,0,1,1,0
1,15.0,2.0,1.0,7.0,6.0,2.0,2609.722412109375,3.0,8.0,1.0,1.0,15-16 años,7.867382248267295,0,1,1,0
1,15.0,2.0,1.0,7.0,6.0,2.0,2944.4443359375,3.0,8.0,1.0,1.0,15-16 años,7.9880149627819845,0,1,1,0
1,15.0,2.0,1.0,7.0,6.0,2.0,1015.0,3.0,8.0,1.0,1.0,15-16 años,6.923628628138427,0,1,1,0
1,12.0,1.0,1.0,7.0,6.0,2.0,1181.5999755859375,2.0,6.0,1.0,1.0,12-14 años,7.075470662742333,0,1,1,0
1,8.0,1.0,1.0,7.0,6.0,2.0,1181.5999755859375,1.0,6.0,1.0,1.0,6-11 años,7.075470662742333,0,1,1,0
1,13.0,2.0,1.0,7.0,6.0,2.0,1031.5277099609375,3.0,5.0,2.0,1.0,12-14 años,6.939765162209627,0,1,1,0
1,12.0,2.0,1.0,7.0,6.0,2.0,1031.5277099609375,1.0,5.0,2.0,1.0,12-14 años,6.939765162209627,0,1,1,0
1,8.0,2.0,1.0,7.0,6.0,2.0,1031.5277099609375,1.0,5.0,2.0,1.0,6-11 años,6.939765162209627,0,1,1,0
1,7.0,2.0,1.0,7.0,6.0,2.0,1031.5277099609375,1.0,5.0,2.0,1.0,6-11 años,6.939765162209627,0,1,1,0
1,12.0,1.0,1.0,7.0,6.0,2.0,2702.8046875,1.0,5.0,1.0,1.0,12-14 años,7.902415203599932,0,1,1,0
1,7.0,2.0,1.0,7.0,6.0,2.0,2702.8046875,0.0,5.0,1.0,1.0,6-11 años,7.902415203599932,0,1,1,0
1,13.0,1.0,1.0,7.0,6.0,2.0,1930.0,3.0,8.0,1.0,1.0,12-14 años,7.565793282428515,0,1,1,0
1,15.0,1.0,1.0,7.0,6.0,2.0,1128.4166259765625,3.0,7.0,1.0,1.0,15-16 años,7.029456518200475,0,1,1,0
1,8.0,2.0,1.0,7.0,6.0,2.0,3410.41650390625,1.0,8.0,1.0,1.0,6-11 años,8.134882881064053,0,1,1,0
1,16.0,1.0,1.0,7.0,6.0,2.0,2689.58349609375,3.0,8.0,1.0,1.0,15-16 años,7.897513362119655,0,1,1,0
1,15.0,1.0,1.0,7.0,6.0,2.0,2686.666748046875,3.0,8.0,1.0,1.0,15-16 años,7.896428716296042,0,1,1,0
1,17.0,2.0,1.0,7.0,6.0,2.0,699.5,3.0,8.0,1.0,1.0,17-19 años,6.551794365777062,0,1,1,0
1,15.0,2.0,1.0,7.0,6.0,2.0,699.5,3.0,8.0,1.0,1.0,15-16 años,6.551794365777062,0,1,1,0
1,17.0,2.0,1.0,7.0,6.0,2.0,2066.666748046875,3.0,8.0,1.0,1.0,17-19 años,7.634176075663483,0,1,1,0
1,15.0,2.0,1.0,7.0,6.0,2.0,2066.666748046875,3.0,8.0,1.0,1.0,15-16 años,7.634176075663483,0,1,1,0
1,12.0,2.0,1.0,7.0,6.0,2.0,1633.3333740234375,1.0,6.0,1.0,1.0,12-14 años,7.398990277880189,0,1,1,0
1,7.0,1.0,1.0,7.0,6.0,2.0,5000.0,1.0,8.0,1.0,1.0,6-11 años,8.517393171418904,0,1,1,0
1,16.0,2.0,1.0,7.0,6.0,2.0,4000.0,3.0,5.0,1.0,1.0,15-16 años,8.294299608857235,0,1,1,0
1,11.0,2.0,1.0,7.0,6.0,2.0,4000.0,1.0,5.0,1.0,1.0,6-11 años,8.294299608857235,0,1,1,0
1,6.0,2.0,1.0,7.0,6.0,2.0,1527.083251953125,0.0,7.0,1.0,1.0,6-11 años,7.331769452504768,0,1,1,0
1,19.0,2.0,1.0,7.0,6.0,2.0,1329.7166748046875,4.0,5.0,1.0,1.0,17-19 años,7.193472929323135,0,1,1,0
1,14.0,2.0,1.0,7.0,6.0,2.0,1329.7166748046875,3.0,5.0,1.0,1.0,12-14 años,7.193472929323135,0,1,1,0
1,10.0,1.0,1.0,7.0,6.0,2.0,1329.7166748046875,1.0,5.0,1.0,1.0,6-11 años,7.193472929323135,0,1,1,0
1,6.0,2.0,1.0,7.0,6.0,2.0,1329.7166748046875,0.0,5.0,1.0,1.0,6-11 años,7.193472929323135,0,1,1,0
1,15.0,2.0,1.0,7.0,6.0,2.0,1329.7166748046875,3.0,5.0,1.0,1.0,15-16 años,7.193472929323135,0,1,1,0
1,9.0,1.0,1.0,7.0,6.0,2.0,1883.0599365234375,1.0,8.0,1.0,1.0,6-11 años,7.541184268071587,0,1,1,0
1,18.0,1.0,1.0,7.0,6.0,2.0,1544.760009765625,3.0,8.0,1.0,1.0,17-19 años,7.343270984086884,0,1,1,0
0,18.0,1.0,1.0,7.0,6.0,2.0,1544.760009765625,3.0,8.0,1.0,1.0,17-19 años,7.343270984086884,0,1,1,1
1,19.0,1.0,1.0,7.0,6.0,2.0,1650.0,5.0,5.0,1.0,1.0,17-19 años,7.409136443920128,0,1,1,0
1,18.0,2.0,1.0,7.0,6.0,2.0,1055.0555419921875,3.0,8.0,1.0,1.0,17-19 años,6.962296059466566,0,1,1,0
1,15.0,1.0,1.0,7.0,6.0,2.0,1055.0555419921875,3.0,8.0,1.0,1.0,15-16 años,6.962296059466566,0,1,1,0
1,12.0,2.0,1.0,7.0,6.0,2.0,1055.0555419921875,1.0,8.0,1.0,1.0,12-14 años,6.962296059466566,0,1,1,0
0,6.0,1.0,1.0,7.0,6.0,2.0,1055.0555419921875,0.0,8.0,1.0,1.0,6-11 años,6.962296059466566,0,1,1,1
1,13.0,1.0,1.0,7.0,6.0,2.0,3500.550048828125,3.0,8.0,1.0,1.0,12-14 años,8.160961020532797,0,1,1,0
1,11.0,1.0,1.0,7.0,6.0,2.0,3500.550048828125,2.0,8.0,1.0,1.0,6-11 años,8.160961020532797,0,1,1,0
1,9.0,2.0,1.0,7.0,6.0,2.0,3500.550048828125,1.0,8.0,1.0,1.0,6-11 años,8.160961020532797,0,1,1,0
1,10.0,2.0,1.0,7.0,6.0,2.0,1990.8778076171875,1.0,8.0,1.0,1.0,6-11 años,7.5968330947054366,0,1,1,0
0,17.0,1.0,1.0,7.0,6.0,2.0,2700.0,4.0,8.0,1.0,1.0,17-19 años,7.901377353792616,0,1,1,1
1,19.0,1.0,1.0,7.0,6.0,2.0,1666.6666259765625,5.0,8.0,1.0,1.0,17-19 años,7.419180698420672,0,1,1,0
0,18.0,1.0,1.0,7.0,6.0,2.0,1798.3333740234375,4.0,5.0,1.0,1.0,17-19 años,7.495171527523829,0,1,1,1
1,14.0,1.0,1.0,7.0,6.0,2.0,1798.3333740234375,3.0,5.0,1.0,1.0,12-14 años,7.495171527523829,0,1,1,0
0,6.0,1.0,1.0,7.0,995.0,2.0,1798.3333740234375,0.0,5.0,1.0,1.0,6-11 años,7.495171527523829,0,1,1,1
0,18.0,2.0,1.0,7.0,6.0,2.0,3164.559814453125,4.0,6.0,1.0,1.0,17-19 años,8.060085195541918,0,1,1,1
1,14.0,2.0,1.0,7.0,6.0,2.0,3164.559814453125,3.0,6.0,1.0,1.0,12-14 años,8.060085195541918,0,1,1,0
1,10.0,1.0,1.0,7.0,6.0,2.0,3164.559814453125,1.0,6.0,1.0,1.0,6-11 años,8.060085195541918,0,1,1,0
1,19.0,2.0,1.0,7.0,6.0,2.0,1079.5333251953125,3.0,1.0,1.0,1.0,17-19 años,6.98521001785477,0,1,1,0
1,9.0,1.0,1.0,7.0,6.0,2.0,1079.5333251953125,1.0,1.0,1.0,1.0,6-11 años,6.98521001785477,0,1,1,0
1,17.0,2.0,1.0,7.0,6.0,2.0,2696.000244140625,3.0,8.0,1.0,1.0,17-19 años,7.899895413662761,0,1,1,0
1,15.0,2.0,1.0,7.0,6.0,2.0,794.4443969726562,3.0,5.0,1.0,1.0,15-16 años,6.678900948380386,0,1,1,0
1,14.0,1.0,1.0,7.0,6.0,2.0,794.4443969726562,3.0,5.0,1.0,1.0,12-14 años,6.678900948380386,0,1,1,0
1,12.0,2.0,1.0,7.0,6.0,2.0,794.4443969726562,1.0,5.0,1.0,1.0,12-14 años,6.678900948380386,0,1,1,0
1,17.0,2.0,1.0,7.0,6.0,2.0,585.7142944335938,3.0,5.0,2.0,1.0,17-19 años,6.374537979762496,0,1,1,0
1,9.0,2.0,1.0,7.0,6.0,2.0,585.7142944335938,1.0,5.0,2.0,1.0,6-11 años,6.374537979762496,0,1,1,0
1,7.0,2.0,1.0,7.0,6.0,2.0,585.7142944335938,0.0,5.0,2.0,1.0,6-11 años,6.374537979762496,0,1,1,0
1,14.0,1.0,1.0,7.0,6.0,2.0,886.0,3.0,6.0,1.0,1.0,12-14 años,6.787844982309579,0,1,1,0
1,13.0,2.0,1.0,7.0,6.0,2.0,571.6666870117188,3.0,8.0,2.0,1.0,12-14 años,6.350303849402956,0,1,1,0
1,11.0,2.0,1.0,7.0,6.0,2.0,571.6666870117188,1.0,8.0,2.0,1.0,6-11 años,6.350303849402956,0,1,1,0
1,15.0,1.0,1.0,7.0,6.0,2.0,1104.1666259765625,3.0,5.0,1.0,1.0,15-16 años,7.0077513953227415,0,1,1,0
1,12.0,1.0,1.0,7.0,6.0,2.0,2165.0,2.0,8.0,1.0,1.0,12-14 años,7.680637427560936,0,1,1,0
1,19.0,2.0,1.0,7.0,6.0,2.0,1099.4000244140625,4.0,1.0,1.0,1.0,17-19 años,7.003429051236954,0,1,1,0
1,13.0,2.0,1.0,7.0,6.0,2.0,1099.4000244140625,3.0,1.0,1.0,1.0,12-14 años,7.003429051236954,0,1,1,0
1,9.0,2.0,1.0,7.0,6.0,2.0,1099.4000244140625,1.0,1.0,1.0,1.0,6-11 años,7.003429051236954,0,1,1,0
1,8.0,2.0,1.0,7.0,6.0,2.0,1099.4000244140625,1.0,1.0,1.0,1.0,6-11 años,7.003429051236954,0,1,1,0
1,14.0,1.0,1.0,7.0,6.0,2.0,3529.333251953125,3.0,8.0,1.0,1.0,12-14 años,8.169147551123853,0,1,1,0
1,8.0,1.0,1.0,7.0,6.0,2.0,1875.0,1.0,8.0,1.0,1.0,6-11 años,7.53689712956617,0,1,1,0
1,19.0,2.0,1.0,7.0,6.0,2.0,1800.0,4.0,7.0,1.0,1.0,17-19 años,7.496097345175956,0,1,1,0
1,15.0,2.0,1.0,7.0,6.0,2.0,1800.0,3.0,7.0,1.0,1.0,15-16 años,7.496097345175956,0,1,1,0
1,11.0,1.0,1.0,7.0,6.0,2.0,1800.0,1.0,7.0,1.0,1.0,6-11 años,7.496097345175956,0,1,1,0
1,10.0,2.0,1.0,7.0,6.0,2.0,1983.6666259765625,1.0,8.0,1.0,1.0,6-11 años,7.593206232405376,0,1,1,0
1,6.0,2.0,1.0,7.0,6.0,2.0,1983.6666259765625,0.0,8.0,1.0,1.0,6-11 años,7.593206232405376,0,1,1,0
1,12.0,1.0,1.0,7.0,6.0,2.0,1408.3333740234375,1.0,8.0,2.0,1.0,12-14 años,7.250872087193899,0,1,1,0
1,18.0,2.0,1.0,7.0,6.0,2.0,1981.5556640625,3.0,8.0,2.0,1.0,17-19 años,7.5921420308260545,0,1,1,0
1,15.0,2.0,1.0,7.0,6.0,2.0,1981.5556640625,3.0,8.0,2.0,1.0,15-16 años,7.5921420308260545,0,1,1,0
1,8.0,1.0,1.0,7.0,6.0,2.0,1462.5,1.0,8.0,1.0,1.0,6-11 años,7.28858610613194,0,1,1,0
1,16.0,2.0,1.0,7.0,6.0,2.0,2520.0,3.0,5.0,2.0,1.0,15-16 años,7.83241092718792,0,1,1,0
1,14.0,2.0,1.0,7.0,6.0,2.0,2520.0,3.0,5.0,2.0,1.0,12-14 años,7.83241092718792,0,1,1,0
1,10.0,2.0,1.0,7.0,6.0,2.0,2520.0,1.0,5.0,2.0,1.0,6-11 años,7.83241092718792,0,1,1,0
1,12.0,1.0,1.0,7.0,6.0,2.0,550.0,1.0,8.0,2.0,1.0,12-14 años,6.311734809152915,0,1,1,0
1,8.0,2.0,1.0,7.0,6.0,2.0,550.0,1.0,8.0,2.0,1.0,6-11 años,6.311734809152915,0,1,1,0
1,9.0,2.0,1.0,7.0,6.0,2.0,1027.7777099609375,1.0,6.0,1.0,1.0,6-11 años,6.936126687192011,0,1,1,0
1,15.0,1.0,1.0,7.0,6.0,2.0,855.3599853515625,3.0,6.0,1.0,1.0,15-16 años,6.752690831373055,0,1,1,0
1,6.0,1.0,1.0,7.0,6.0,2.0,855.3599853515625,0.0,6.0,1.0,1.0,6-11 años,6.752690831373055,0,1,1,0
1,7.0,2.0,1.0,7.0,6.0,2.0,525.0,1.0,8.0,2.0,1.0,6-11 años,6.26530121273771,0,1,1,0
1,15.0,1.0,1.0,7.0,6.0,2.0,1572.083251953125,3.0,8.0,2.0,1.0,15-16 años,7.360792827247803,0,1,1,0
1,17.0,1.0,1.0,7.0,6.0,2.0,4439.34228515625,3.0,8.0,1.0,1.0,17-19 años,8.3984867437063,0,1,1,0
1,15.0,1.0,1.0,7.0,6.0,2.0,4439.34228515625,3.0,8.0,1.0,1.0,15-16 años,8.3984867437063,0,1,1,0
1,19.0,2.0,1.0,7.0,6.0,2.0,235.7142791748047,5.0,8.0,1.0,1.0,17-19 años,5.466853840745197,0,1,1,0
1,13.0,2.0,1.0,7.0,6.0,2.0,235.7142791748047,2.0,8.0,1.0,1.0,12-14 años,5.466853840745197,0,1,1,0
1,10.0,1.0,1.0,7.0,6.0,2.0,235.7142791748047,1.0,8.0,1.0,1.0,6-11 años,5.466853840745197,0,1,1,0
1,12.0,2.0,1.0,7.0,6.0,2.0,660.0,2.0,8.0,1.0,1.0,12-14 años,6.493753839851687,0,1,1,0
1,11.0,2.0,1.0,7.0,6.0,2.0,660.0,1.0,8.0,1.0,1.0,6-11 años,6.493753839851687,0,1,1,0
1,9.0,1.0,1.0,7.0,6.0,2.0,660.0,1.0,8.0,1.0,1.0,6-11 años,6.493753839851687,0,1,1,0
1,19.0,1.0,1.0,7.0,6.0,1.0,2033.3333740234375,5.0,8.0,1.0,1.0,17-19 años,7.617923463878075,0,1,1,0
1,15.0,1.0,1.0,7.0,6.0,2.0,2833.33349609375,3.0,8.0,1.0,1.0,15-16 años,7.949562090142266,0,1,1,0
1,15.0,1.0,1.0,7.0,6.0,2.0,2794.444580078125,3.0,8.0,1.0,1.0,15-16 años,7.935746435579838,0,1,1,0
1,9.0,1.0,1.0,7.0,6.0,2.0,1027.5679931640625,1.0,8.0,2.0,1.0,6-11 años,6.935922815963872,0,1,1,0
1,9.0,1.0,1.0,7.0,6.0,2.0,2728.41845703125,1.0,8.0,2.0,1.0,6-11 años,7.911843846084677,0,1,1,0
1,12.0,1.0,1.0,7.0,6.0,2.0,2513.333251953125,1.0,8.0,2.0,1.0,12-14 años,7.829762938819005,0,1,1,0
1,7.0,1.0,1.0,7.0,6.0,2.0,2513.333251953125,1.0,8.0,2.0,1.0,6-11 años,7.829762938819005,0,1,1,0
1,10.0,1.0,1.0,7.0,6.0,2.0,1458.125,1.0,8.0,2.0,1.0,6-11 años,7.285592219972827,0,1,1,0
1,8.0,1.0,1.0,7.0,6.0,2.0,1458.125,1.0,8.0,2.0,1.0,6-11 años,7.285592219972827,0,1,1,0
0,16.0,1.0,1.0,7.0,995.0,2.0,1312.5,0.0,8.0,2.0,1.0,15-16 años,7.180450609125595,0,1,1,1
1,10.0,2.0,1.0,7.0,6.0,2.0,1312.5,1.0,8.0,2.0,1.0,6-11 años,7.180450609125595,0,1,1,0
1,10.0,1.0,1.0,7.0,6.0,2.0,461.1111145019531,1.0,8.0,2.0,1.0,6-11 años,6.135805369744412,0,1,1,0
1,8.0,2.0,1.0,7.0,6.0,2.0,1534.4000244140625,1.0,5.0,2.0,1.0,6-11 años,7.336546228294581,0,1,1,0
1,15.0,1.0,1.0,7.0,6.0,2.0,5779.16650390625,3.0,8.0,1.0,1.0,15-16 años,8.662187768155707,0,1,1,0
1,19.0,2.0,1.0,7.0,6.0,2.0,8352.77734375,5.0,8.0,1.0,1.0,17-19 años,9.030469092050508,0,1,1,0
1,12.0,1.0,1.0,7.0,6.0,2.0,1821.75,1.0,5.0,1.0,1.0,12-14 años,7.50810162868654,0,1,1,0
1,17.0,2.0,1.0,7.0,6.0,2.0,3837.52490234375,3.0,8.0,1.0,1.0,17-19 años,8.252843431766449,0,1,1,0
1,18.0,1.0,1.0,7.0,6.0,2.0,5560.65478515625,4.0,8.0,1.0,1.0,17-19 años,8.623650966193162,0,1,1,0
1,15.0,1.0,1.0,7.0,6.0,2.0,1763.0416259765625,3.0,6.0,1.0,1.0,15-16 años,7.475362833780703,0,1,1,0
1,7.0,2.0,1.0,7.0,6.0,2.0,468.0555419921875,0.0,5.0,2.0,1.0,6-11 años,6.150721187856999,0,1,1,0
1,11.0,2.0,1.0,7.0,6.0,2.0,792.1666259765625,1.0,6.0,1.0,1.0,6-11 años,6.6760333205922295,0,1,1,0
1,12.0,2.0,1.0,7.0,6.0,2.0,677.0833129882812,1.0,5.0,1.0,1.0,12-14 años,6.519270160904893,0,1,1,0
1,18.0,1.0,1.0,7.0,6.0,2.0,3345.33349609375,4.0,8.0,1.0,1.0,17-19 años,8.115620546661852,0,1,1,0
1,9.0,1.0,1.0,7.0,6.0,2.0,1924.375,1.0,8.0,2.0,1.0,6-11 años,7.562876032944621,0,1,1,0
1,9.0,1.0,1.0,7.0,6.0,2.0,1924.375,1.0,8.0,2.0,1.0,6-11 años,7.562876032944621,0,1,1,0
1,16.0,2.0,1.0,7.0,6.0,2.0,1826.316650390625,3.0,5.0,2.0,1.0,15-16 años,7.510603858487108,0,1,1,0
1,15.0,1.0,1.0,7.0,6.0,2.0,1249.199951171875,3.0,8.0,1.0,1.0,15-16 años,7.13105877844146,0,1,1,0
1,9.0,2.0,1.0,7.0,6.0,2.0,1249.199951171875,1.0,8.0,1.0,1.0,6-11 años,7.13105877844146,0,1,1,0
1,9.0,2.0,1.0,7.0,6.0,2.0,1249.199951171875,1.0,8.0,1.0,1.0,6-11 años,7.13105877844146,0,1,1,0
1,7.0,2.0,1.0,7.0,6.0,2.0,923.5775146484375,0.0,8.0,1.0,1.0,6-11 años,6.829336892253911,0,1,1,0
1,6.0,2.0,1.0,7.0,6.0,2.0,2959.16650390625,0.0,8.0,1.0,1.0,6-11 años,7.993000797055739,0,1,1,0
1,12.0,2.0,1.0,7.0,6.0,2.0,1308.166748046875,1.0,8.0,1.0,1.0,12-14 años,7.177146143623504,0,1,1,0
1,19.0,1.0,1.0,7.0,6.0,2.0,1308.166748046875,4.0,8.0,1.0,1.0,17-19 años,7.177146143623504,0,1,1,0
1,18.0,1.0,1.0,7.0,6.0,2.0,3633.104248046875,3.0,8.0,2.0,1.0,17-19 años,8.198117935404005,0,1,1,0
1,16.0,2.0,1.0,7.0,6.0,2.0,3633.104248046875,3.0,8.0,2.0,1.0,15-16 años,8.198117935404005,0,1,1,0
1,15.0,1.0,1.0,7.0,6.0,2.0,654.699951171875,3.0,8.0,2.0,1.0,15-16 años,6.485703292802398,0,1,1,0
0,15.0,1.0,1.0,7.0,6.0,2.0,1385.5999755859375,3.0,8.0,2.0,1.0,15-16 años,7.234609968901248,0,1,1,1
0,13.0,2.0,1.0,7.0,6.0,2.0,1385.5999755859375,3.0,8.0,2.0,1.0,12-14 años,7.234609968901248,0,1,1,1
1,8.0,2.0,1.0,7.0,6.0,2.0,4725.44140625,1.0,8.0,1.0,1.0,6-11 años,8.460927852930457,0,1,1,0
1,7.0,1.0,1.0,7.0,6.0,2.0,4725.44140625,0.0,8.0,1.0,1.0,6-11 años,8.460927852930457,0,1,1,0
1,17.0,1.0,1.0,7.0,6.0,2.0,1079.5,3.0,5.0,1.0,1.0,17-19 años,6.985179175946941,0,1,1,0
1,13.0,2.0,1.0,7.0,6.0,2.0,1920.2166748046875,3.0,1.0,2.0,1.0,12-14 años,7.560713949122506,0,1,1,0
1,11.0,1.0,1.0,7.0,6.0,2.0,957.2333984375,1.0,5.0,2.0,1.0,6-11 años,6.865091379234511,0,1,1,0
1,16.0,1.0,1.0,7.0,6.0,2.0,1349.0,3.0,5.0,2.0,1.0,15-16 años,7.2078598714324755,0,1,1,0
1,13.0,1.0,1.0,7.0,6.0,2.0,1349.0,1.0,5.0,2.0,1.0,12-14 años,7.2078598714324755,0,1,1,0
1,11.0,1.0,1.0,7.0,6.0,2.0,1349.0,1.0,5.0,2.0,1.0,6-11 años,7.2078598714324755,0,1,1,0
1,10.0,2.0,1.0,7.0,6.0,2.0,1349.0,1.0,5.0,2.0,1.0,6-11 años,7.2078598714324755,0,1,1,0
1,9.0,1.0,1.0,7.0,6.0,2.0,1227.0255126953125,1.0,8.0,2.0,1.0,6-11 años,7.113162884301788,0,1,1,0
1,16.0,1.0,1.0,7.0,6.0,1.0,1890.77001953125,3.0,8.0,1.0,1.0,15-16 años,7.54526818806456,0,1,1,0
1,17.0,2.0,1.0,7.0,6.0,2.0,2191.25,3.0,5.0,2.0,1.0,17-19 años,7.692683692659465,0,1,1,0
0,19.0,2.0,1.0,7.0,6.0,2.0,1352.933349609375,4.0,5.0,2.0,1.0,17-19 años,7.210769227452202,0,1,1,1
1,17.0,1.0,1.0,7.0,6.0,2.0,1352.933349609375,3.0,5.0,2.0,1.0,17-19 años,7.210769227452202,0,1,1,0
0,18.0,2.0,1.0,7.0,6.0,2.0,2257.35009765625,4.0,8.0,1.0,1.0,17-19 años,7.72238978036866,0,1,1,1
0,17.0,1.0,1.0,7.0,6.0,2.0,1337.5916748046875,0.0,5.0,2.0,1.0,17-19 años,7.199373351317071,0,1,1,1
1,10.0,1.0,1.0,7.0,6.0,2.0,1595.5833740234375,1.0,6.0,1.0,1.0,6-11 años,7.37562123379373,0,1,1,0
1,8.0,1.0,1.0,7.0,6.0,2.0,695.47998046875,1.0,5.0,1.0,1.0,6-11 años,6.546039049761186,0,1,1,0
1,18.0,2.0,1.0,7.0,6.0,2.0,695.47998046875,3.0,5.0,1.0,1.0,17-19 años,6.546039049761186,0,1,1,0
1,12.0,1.0,1.0,7.0,6.0,2.0,1190.8333740234375,2.0,8.0,2.0,1.0,12-14 años,7.0832480509611075,0,1,1,0
1,11.0,1.0,1.0,7.0,6.0,2.0,1190.8333740234375,1.0,8.0,2.0,1.0,6-11 años,7.0832480509611075,0,1,1,0
1,17.0,1.0,1.0,7.0,6.0,2.0,2636.33349609375,3.0,8.0,1.0,1.0,17-19 años,7.877523646348447,0,1,1,0
1,17.0,2.0,1.0,7.0,6.0,2.0,733.3333129882812,3.0,1.0,1.0,1.0,17-19 años,6.59896303042876,0,1,1,0
1,14.0,1.0,1.0,7.0,6.0,2.0,322.0,3.0,5.0,1.0,1.0,12-14 años,5.777652323222656,0,1,1,0
1,9.0,1.0,1.0,7.0,6.0,2.0,322.0,1.0,5.0,1.0,1.0,6-11 años,5.777652323222656,0,1,1,0
1,16.0,1.0,1.0,7.0,6.0,2.0,833.4000244140625,3.0,8.0,1.0,1.0,15-16 años,6.726712932945985,0,1,1,0
1,9.0,2.0,1.0,7.0,6.0,2.0,833.4000244140625,1.0,8.0,1.0,1.0,6-11 años,6.726712932945985,0,1,1,0
1,7.0,1.0,1.0,7.0,6.0,2.0,833.4000244140625,1.0,8.0,1.0,1.0,6-11 años,6.726712932945985,0,1,1,0
1,18.0,1.0,1.0,7.0,6.0,2.0,1389.95556640625,3.0,8.0,1.0,1.0,17-19 años,7.2377462477800565,0,1,1,0
1,15.0,2.0,1.0,7.0,6.0,2.0,1389.95556640625,3.0,8.0,1.0,1.0,15-16 años,7.2377462477800565,0,1,1,0
1,9.0,1.0,1.0,7.0,6.0,2.0,1098.3333740234375,1.0,5.0,1.0,1.0,6-11 años,7.00245925146487,0,1,1,0
1,11.0,1.0,1.0,7.0,6.0,2.0,1387.5,1.0,8.0,1.0,1.0,6-11 años,7.235979306746854,0,1,1,0
1,15.0,2.0,1.0,7.0,6.0,2.0,1020.0,3.0,8.0,1.0,1.0,15-16 años,6.928537818164665,0,1,1,0
1,14.0,2.0,1.0,7.0,6.0,2.0,1020.0,3.0,8.0,1.0,1.0,12-14 años,6.928537818164665,0,1,1,0
1,19.0,1.0,1.0,7.0,6.0,2.0,1183.3333740234375,5.0,6.0,1.0,1.0,17-19 años,7.076935341709886,0,1,1,0
1,17.0,2.0,1.0,7.0,6.0,2.0,1183.3333740234375,3.0,6.0,1.0,1.0,17-19 años,7.076935341709886,0,1,1,0
1,12.0,2.0,1.0,7.0,6.0,2.0,1183.3333740234375,1.0,6.0,1.0,1.0,12-14 años,7.076935341709886,0,1,1,0
1,18.0,2.0,1.0,7.0,6.0,2.0,4875.0,3.0,6.0,1.0,1.0,17-19 años,8.492080490601163,0,1,1,0
1,12.0,1.0,1.0,7.0,6.0,2.0,4875.0,2.0,6.0,1.0,1.0,12-14 años,8.492080490601163,0,1,1,0
1,18.0,2.0,1.0,7.0,6.0,2.0,1416.6666259765625,3.0,6.0,1.0,1.0,17-19 años,7.256767577883357,0,1,1,0
1,14.0,2.0,1.0,7.0,6.0,2.0,1416.6666259765625,3.0,6.0,1.0,1.0,12-14 años,7.256767577883357,0,1,1,0
1,12.0,2.0,1.0,7.0,6.0,2.0,1416.6666259765625,2.0,6.0,1.0,1.0,12-14 años,7.256767577883357,0,1,1,0
1,17.0,2.0,1.0,7.0,6.0,2.0,221.42857360839844,3.0,6.0,1.0,1.0,17-19 años,5.404606032578807,0,1,1,0
1,13.0,1.0,1.0,7.0,6.0,2.0,221.42857360839844,3.0,6.0,1.0,1.0,12-14 años,5.404606032578807,0,1,1,0
1,11.0,1.0,1.0,7.0,6.0,2.0,221.42857360839844,1.0,6.0,1.0,1.0,6-11 años,5.404606032578807,0,1,1,0
1,12.0,1.0,1.0,7.0,6.0,2.0,2030.0,2.0,5.0,1.0,1.0,12-14 años,7.616283561580385,0,1,1,0
1,17.0,1.0,1.0,7.0,6.0,2.0,2139.877685546875,3.0,5.0,2.0,1.0,17-19 años,7.668971157367289,0,1,1,0
1,15.0,1.0,1.0,7.0,6.0,2.0,1649.3099365234375,3.0,5.0,1.0,1.0,15-16 años,7.408718389572078,0,1,1,0
1,13.0,1.0,1.0,7.0,6.0,2.0,1649.3099365234375,2.0,5.0,1.0,1.0,12-14 años,7.408718389572078,0,1,1,0
1,12.0,2.0,1.0,7.0,6.0,2.0,1649.3099365234375,1.0,5.0,1.0,1.0,12-14 años,7.408718389572078,0,1,1,0
1,9.0,2.0,1.0,7.0,6.0,2.0,1649.3099365234375,1.0,5.0,1.0,1.0,6-11 años,7.408718389572078,0,1,1,0
1,7.0,2.0,1.0,7.0,6.0,2.0,2441.25830078125,0.0,8.0,1.0,1.0,6-11 años,7.800678423352642,0,1,1,0
1,12.0,1.0,1.0,7.0,6.0,2.0,6380.716796875,2.0,5.0,2.0,1.0,12-14 años,8.761192430559781,0,1,1,0
1,11.0,2.0,1.0,7.0,6.0,2.0,6380.716796875,1.0,5.0,2.0,1.0,6-11 años,8.761192430559781,0,1,1,0
1,6.0,2.0,1.0,7.0,6.0,2.0,2040.3333740234375,0.0,5.0,2.0,1.0,6-11 años,7.621358488042566,0,1,1,0
0,18.0,2.0,1.0,7.0,6.0,2.0,3079.300048828125,3.0,5.0,2.0,1.0,17-19 años,8.032782289673442,0,1,1,1
1,19.0,2.0,1.0,7.0,6.0,2.0,1439.4559326171875,5.0,6.0,2.0,1.0,17-19 años,7.272714962329599,0,1,1,0
1,17.0,2.0,1.0,7.0,6.0,2.0,1439.4559326171875,3.0,6.0,2.0,1.0,17-19 años,7.272714962329599,0,1,1,0
1,7.0,1.0,1.0,7.0,6.0,2.0,1439.4559326171875,1.0,6.0,2.0,1.0,6-11 años,7.272714962329599,0,1,1,0
1,7.0,1.0,1.0,7.0,6.0,2.0,7129.26708984375,1.0,6.0,2.0,1.0,6-11 años,8.87210397271287,0,1,1,0
1,8.0,2.0,1.0,7.0,6.0,2.0,1261.0,1.0,6.0,2.0,1.0,6-11 años,7.140453043101158,0,1,1,0
1,6.0,1.0,1.0,7.0,6.0,2.0,1443.9833984375,0.0,8.0,1.0,1.0,6-11 años,7.275853111509946,0,1,1,0
1,18.0,1.0,1.0,7.0,6.0,2.0,2214.433349609375,3.0,5.0,2.0,1.0,17-19 años,7.703203306508112,0,1,1,0
1,7.0,1.0,1.0,7.0,6.0,2.0,2214.433349609375,1.0,5.0,2.0,1.0,6-11 años,7.703203306508112,0,1,1,0
1,19.0,2.0,1.0,7.0,6.0,2.0,1558.177734375,3.0,6.0,1.0,1.0,17-19 años,7.3519138679316915,0,1,1,0
1,18.0,2.0,1.0,7.0,6.0,2.0,1558.177734375,2.0,6.0,1.0,1.0,17-19 años,7.3519138679316915,0,1,1,0
1,15.0,1.0,1.0,7.0,6.0,2.0,1558.177734375,3.0,6.0,1.0,1.0,15-16 años,7.3519138679316915,0,1,1,0
1,11.0,2.0,1.0,7.0,6.0,2.0,2368.388916015625,1.0,8.0,1.0,1.0,6-11 años,7.7703873595387645,0,1,1,0
1,15.0,2.0,1.0,7.0,6.0,2.0,1540.0,3.0,8.0,1.0,1.0,15-16 años,7.340186835320115,0,1,1,0
1,15.0,2.0,1.0,7.0,6.0,2.0,1535.0,3.0,8.0,1.0,1.0,15-16 años,7.336936913707618,0,1,1,0
1,13.0,1.0,1.0,7.0,6.0,2.0,1535.0,2.0,8.0,1.0,1.0,12-14 años,7.336936913707618,0,1,1,0
1,18.0,1.0,1.0,7.0,6.0,2.0,2873.00830078125,4.0,8.0,2.0,1.0,17-19 años,7.963462954867663,0,1,1,0
1,13.0,2.0,1.0,7.0,6.0,2.0,937.5,3.0,8.0,1.0,1.0,12-14 años,6.844282856026563,0,1,1,0
1,14.0,2.0,1.0,7.0,6.0,2.0,3089.36669921875,3.0,5.0,1.0,1.0,12-14 años,8.036045035737049,0,1,1,0
1,12.0,2.0,1.0,7.0,6.0,2.0,3089.36669921875,1.0,5.0,1.0,1.0,12-14 años,8.036045035737049,0,1,1,0
1,16.0,2.0,1.0,7.0,6.0,2.0,860.71875,3.0,8.0,1.0,1.0,15-16 años,6.758928941321977,0,1,1,0
1,9.0,1.0,1.0,7.0,6.0,2.0,1031.0,1.0,8.0,2.0,1.0,6-11 años,6.939253946041508,0,1,1,0
1,7.0,2.0,1.0,7.0,6.0,2.0,1031.0,1.0,8.0,2.0,1.0,6-11 años,6.939253946041508,0,1,1,0
1,6.0,1.0,1.0,7.0,6.0,2.0,1031.0,0.0,8.0,2.0,1.0,6-11 años,6.939253946041508,0,1,1,0
1,7.0,1.0,1.0,7.0,6.0,2.0,439.5833435058594,1.0,5.0,2.0,1.0,6-11 años,6.088099629536217,0,1,1,0
1,17.0,1.0,1.0,7.0,6.0,2.0,1733.3333740234375,3.0,8.0,2.0,1.0,17-19 años,7.458378396083718,0,1,1,0
1,17.0,1.0,1.0,7.0,6.0,2.0,1558.5220947265625,3.0,8.0,1.0,1.0,17-19 años,7.352134703774723,0,1,1,0
1,15.0,2.0,1.0,7.0,6.0,2.0,1558.5220947265625,3.0,8.0,1.0,1.0,15-16 años,7.352134703774723,0,1,1,0
1,18.0,2.0,1.0,7.0,6.0,2.0,2886.666748046875,5.0,5.0,1.0,1.0,17-19 años,7.968204101404026,0,1,1,0
1,10.0,2.0,1.0,7.0,6.0,2.0,1520.625,1.0,8.0,2.0,1.0,6-11 años,7.3275341217297605,0,1,1,0
1,6.0,1.0,1.0,7.0,6.0,2.0,1520.625,0.0,8.0,2.0,1.0,6-11 años,7.3275341217297605,0,1,1,0
1,17.0,2.0,1.0,7.0,6.0,2.0,2524.356689453125,3.0,8.0,2.0,1.0,17-19 años,7.834137594882513,0,1,1,0
1,11.0,1.0,1.0,7.0,6.0,2.0,1681.176513671875,1.0,8.0,1.0,1.0,6-11 años,7.4278437777568,0,1,1,0
1,12.0,1.0,1.0,7.0,6.0,2.0,2000.0,2.0,8.0,1.0,1.0,12-14 años,7.601402334583733,0,1,1,0
1,9.0,1.0,1.0,7.0,6.0,2.0,2000.0,1.0,8.0,1.0,1.0,6-11 años,7.601402334583733,0,1,1,0
1,14.0,2.0,1.0,7.0,6.0,2.0,2416.666748046875,3.0,8.0,1.0,1.0,12-14 años,7.790558200355942,0,1,1,0
1,13.0,1.0,1.0,7.0,6.0,2.0,869.3333129882812,3.0,8.0,1.0,1.0,12-14 años,6.768876256654858,0,1,1,0
1,11.0,1.0,1.0,7.0,6.0,2.0,869.3333129882812,1.0,8.0,1.0,1.0,6-11 años,6.768876256654858,0,1,1,0
1,7.0,1.0,1.0,7.0,6.0,2.0,1555.0,1.0,5.0,1.0,1.0,6-11 años,7.349873704738337,0,1,1,0
1,15.0,2.0,1.0,7.0,6.0,2.0,1960.9052734375,3.0,8.0,2.0,1.0,15-16 años,7.581671358346867,0,1,1,0
1,13.0,2.0,1.0,7.0,6.0,2.0,1960.9052734375,3.0,8.0,2.0,1.0,12-14 años,7.581671358346867,0,1,1,0
1,11.0,1.0,1.0,7.0,6.0,2.0,2719.18017578125,1.0,8.0,2.0,1.0,6-11 años,7.908453398192246,0,1,1,0
1,15.0,2.0,1.0,7.0,6.0,2.0,4589.08349609375,3.0,8.0,2.0,1.0,15-16 años,8.431653493759237,0,1,1,0
1,16.0,2.0,1.0,7.0,6.0,2.0,2147.699951171875,3.0,8.0,2.0,1.0,15-16 años,7.672618264359186,0,1,1,0
1,10.0,2.0,1.0,7.0,6.0,2.0,2147.699951171875,1.0,8.0,2.0,1.0,6-11 años,7.672618264359186,0,1,1,0
1,7.0,1.0,1.0,7.0,6.0,2.0,460.0,1.0,7.0,2.0,1.0,6-11 años,6.133398042996649,0,1,1,0
1,6.0,1.0,1.0,7.0,6.0,2.0,460.0,0.0,7.0,2.0,1.0,6-11 años,6.133398042996649,0,1,1,0
1,18.0,1.0,1.0,7.0,6.0,2.0,3288.33349609375,3.0,8.0,1.0,1.0,17-19 años,8.098440238462414,0,1,1,0
1,15.0,1.0,1.0,7.0,6.0,2.0,3288.33349609375,3.0,8.0,1.0,1.0,15-16 años,8.098440238462414,0,1,1,0
1,13.0,2.0,1.0,7.0,6.0,2.0,3288.33349609375,3.0,8.0,1.0,1.0,12-14 años,8.098440238462414,0,1,1,0
1,13.0,1.0,1.0,7.0,6.0,2.0,3188.888916015625,2.0,8.0,1.0,1.0,12-14 años,8.067741372606935,0,1,1,0
1,16.0,2.0,1.0,7.0,6.0,2.0,3685.833251953125,3.0,8.0,1.0,1.0,15-16 años,8.212523171269767,0,1,1,0
1,10.0,1.0,1.0,7.0,6.0,2.0,1423.3333740234375,1.0,8.0,1.0,1.0,6-11 años,7.261459175543739,0,1,1,0
1,15.0,1.0,1.0,7.0,6.0,2.0,5247.16650390625,3.0,8.0,1.0,1.0,15-16 años,8.565634057236913,0,1,1,0
1,6.0,1.0,1.0,7.0,6.0,2.0,8815.5556640625,0.0,8.0,1.0,1.0,6-11 años,9.084386558451651,0,1,1,0
1,18.0,2.0,1.0,7.0,6.0,2.0,3312.5,3.0,8.0,1.0,1.0,17-19 años,8.105760311528282,0,1,1,0
1,13.0,1.0,1.0,7.0,6.0,2.0,3312.5,2.0,8.0,1.0,1.0,12-14 años,8.105760311528282,0,1,1,0
1,6.0,1.0,1.0,7.0,6.0,2.0,2347.22216796875,0.0,8.0,1.0,1.0,6-11 años,7.761413796560694,0,1,1,0
1,19.0,2.0,1.0,7.0,6.0,2.0,950.0,5.0,6.0,2.0,1.0,17-19 años,6.85751406254539,0,1,1,0
1,17.0,1.0,1.0,7.0,6.0,2.0,950.0,3.0,6.0,2.0,1.0,17-19 años,6.85751406254539,0,1,1,0
1,14.0,1.0,1.0,7.0,6.0,2.0,950.0,3.0,6.0,2.0,1.0,12-14 años,6.85751406254539,0,1,1,0
1,17.0,1.0,1.0,7.0,995.0,2.0,959.5554809570312,1.0,5.0,2.0,1.0,17-19 años,6.867511743119316,0,1,1,0
0,18.0,2.0,1.0,7.0,6.0,2.0,1000.0,3.0,8.0,2.0,1.0,17-19 años,6.90875477931522,0,1,1,1
1,13.0,1.0,1.0,7.0,6.0,2.0,871.5972290039062,3.0,8.0,1.0,1.0,12-14 años,6.771474085121674,0,1,1,0
1,10.0,1.0,1.0,7.0,6.0,2.0,871.5972290039062,1.0,8.0,1.0,1.0,6-11 años,6.771474085121674,0,1,1,0
1,6.0,2.0,1.0,7.0,6.0,2.0,871.5972290039062,0.0,8.0,1.0,1.0,6-11 años,6.771474085121674,0,1,1,0
1,16.0,1.0,1.0,7.0,6.0,2.0,2780.041748046875,3.0,8.0,1.0,1.0,15-16 años,7.930580866004378,0,1,1,0
1,14.0,1.0,1.0,7.0,6.0,2.0,4084.686767578125,3.0,8.0,1.0,1.0,12-14 años,8.315245112521797,0,1,1,0
1,18.0,2.0,1.0,7.0,6.0,2.0,482.0555419921875,3.0,8.0,1.0,1.0,17-19 años,6.180131640813941,0,1,1,0
1,18.0,1.0,1.0,7.0,6.0,2.0,1375.0,4.0,8.0,1.0,1.0,17-19 años,7.226936018493289,0,1,1,0
1,12.0,2.0,1.0,7.0,6.0,2.0,908.25,1.0,8.0,2.0,1.0,12-14 años,6.812620083867098,0,1,1,0
1,8.0,1.0,1.0,7.0,6.0,2.0,908.25,1.0,8.0,2.0,1.0,6-11 años,6.812620083867098,0,1,1,0
1,9.0,2.0,1.0,7.0,6.0,2.0,1260.1041259765625,1.0,8.0,2.0,1.0,6-11 años,7.13974290668478,0,1,1,0
1,18.0,2.0,1.0,7.0,6.0,2.0,2134.925048828125,3.0,8.0,2.0,1.0,17-19 años,7.666655109964493,0,1,1,0
1,13.0,2.0,1.0,7.0,6.0,2.0,2134.925048828125,3.0,8.0,2.0,1.0,12-14 años,7.666655109964493,0,1,1,0
1,11.0,2.0,1.0,7.0,6.0,2.0,2493.166748046875,1.0,5.0,2.0,1.0,6-11 años,7.82170998368696,0,1,1,0
1,8.0,2.0,1.0,7.0,6.0,2.0,1854.27001953125,1.0,5.0,2.0,1.0,6-11 años,7.52578552753788,0,1,1,0
1,18.0,2.0,1.0,7.0,6.0,2.0,1954.579833984375,3.0,8.0,2.0,1.0,17-19 años,7.5784420187186035,0,1,1,0
1,16.0,1.0,1.0,7.0,6.0,2.0,1954.579833984375,3.0,8.0,2.0,1.0,15-16 años,7.5784420187186035,0,1,1,0
1,14.0,2.0,1.0,7.0,6.0,2.0,1954.579833984375,3.0,8.0,2.0,1.0,12-14 años,7.5784420187186035,0,1,1,0
1,10.0,2.0,1.0,7.0,6.0,2.0,3719.58349609375,1.0,8.0,2.0,1.0,6-11 años,8.221635788755565,0,1,1,0
1,13.0,1.0,1.0,7.0,6.0,2.0,1499.364990234375,2.0,8.0,1.0,1.0,12-14 años,7.313463684314048,0,1,1,0
1,17.0,1.0,1.0,7.0,6.0,2.0,2497.70849609375,3.0,8.0,1.0,1.0,17-19 años,7.82352927580923,0,1,1,0
0,19.0,1.0,1.0,7.0,6.0,2.0,682.2916870117188,3.0,8.0,2.0,1.0,17-19 años,6.526921835770562,0,1,1,1
1,12.0,1.0,1.0,7.0,6.0,2.0,682.2916870117188,1.0,8.0,2.0,1.0,12-14 años,6.526921835770562,0,1,1,0
1,14.0,2.0,1.0,7.0,6.0,2.0,3000.333251953125,3.0,8.0,2.0,1.0,12-14 años,8.006811886243828,0,1,1,0
1,16.0,2.0,1.0,7.0,6.0,2.0,1556.041748046875,3.0,8.0,1.0,1.0,15-16 años,7.350542984606758,0,1,1,0
1,12.0,2.0,1.0,7.0,6.0,2.0,3276.1318359375,1.0,8.0,1.0,1.0,12-14 años,8.09472387856932,0,1,1,0
1,8.0,1.0,1.0,7.0,6.0,2.0,3276.1318359375,1.0,8.0,1.0,1.0,6-11 años,8.09472387856932,0,1,1,0
1,8.0,1.0,1.0,7.0,6.0,2.0,1119.0750732421875,1.0,8.0,1.0,1.0,6-11 años,7.021150991723276,0,1,1,0
1,7.0,2.0,1.0,7.0,6.0,2.0,1119.0750732421875,0.0,8.0,1.0,1.0,6-11 años,7.021150991723276,0,1,1,0
1,15.0,2.0,1.0,7.0,6.0,2.0,1119.0750732421875,3.0,8.0,1.0,1.0,15-16 años,7.021150991723276,0,1,1,0
1,7.0,1.0,1.0,7.0,6.0,2.0,5678.880859375,1.0,6.0,1.0,1.0,6-11 años,8.64468553603306,0,1,1,0
1,13.0,1.0,1.0,7.0,6.0,2.0,4696.01025390625,1.0,5.0,2.0,1.0,12-14 años,8.454681469100246,0,1,1,0
1,19.0,2.0,1.0,7.0,6.0,2.0,2487.83349609375,4.0,8.0,2.0,1.0,17-19 años,7.819569404225481,0,1,1,0
1,9.0,1.0,1.0,7.0,6.0,2.0,1460.0,1.0,5.0,1.0,1.0,6-11 años,7.2868764117507,0,1,1,0
1,17.0,2.0,1.0,7.0,6.0,2.0,1802.1666259765625,3.0,8.0,1.0,1.0,17-19 años,7.497299634893604,0,1,1,0
1,13.0,1.0,1.0,7.0,6.0,2.0,4532.01123046875,2.0,8.0,1.0,1.0,12-14 años,8.419141728429231,0,1,1,0
1,9.0,1.0,1.0,7.0,6.0,2.0,1339.0,1.0,5.0,2.0,1.0,6-11 años,7.200424892944957,0,1,1,0
1,11.0,1.0,1.0,7.0,6.0,2.0,944.375,1.0,8.0,2.0,1.0,6-11 años,6.8515816741761935,0,1,1,0
1,10.0,1.0,1.0,7.0,6.0,2.0,1801.1666259765625,1.0,8.0,1.0,1.0,6-11 años,7.496744901139047,0,1,1,0
1,6.0,1.0,1.0,7.0,6.0,2.0,1801.1666259765625,0.0,8.0,1.0,1.0,6-11 años,7.496744901139047,0,1,1,0
1,6.0,2.0,1.0,7.0,6.0,2.0,693.0,0.0,8.0,2.0,1.0,6-11 años,6.542471960506805,0,1,1,0
1,17.0,1.0,1.0,7.0,6.0,2.0,1381.058349609375,3.0,5.0,1.0,1.0,17-19 años,7.231329224571911,0,1,1,0
1,8.0,1.0,1.0,7.0,6.0,2.0,346.4499816894531,1.0,5.0,2.0,1.0,6-11 años,5.850620717060531,0,1,1,0
1,11.0,2.0,1.0,7.0,6.0,2.0,797.75,1.0,5.0,2.0,1.0,6-11 años,6.683048005691744,0,1,1,0
1,17.0,1.0,1.0,7.0,6.0,2.0,2022.625,3.0,8.0,2.0,1.0,17-19 años,7.61264573656167,0,1,1,0
1,16.0,2.0,1.0,7.0,6.0,2.0,949.5,3.0,5.0,1.0,1.0,15-16 años,6.856988161928484,0,1,1,0
1,11.0,1.0,1.0,7.0,6.0,2.0,949.5,1.0,5.0,1.0,1.0,6-11 años,6.856988161928484,0,1,1,0
1,13.0,2.0,1.0,7.0,6.0,2.0,1961.0,2.0,5.0,1.0,1.0,12-14 años,7.581719640125308,0,1,1,0
1,12.0,1.0,1.0,7.0,6.0,2.0,1691.8333740234375,2.0,8.0,1.0,1.0,12-14 años,7.434158956748132,0,1,1,0
1,11.0,2.0,1.0,7.0,6.0,2.0,2070.875,1.0,5.0,1.0,1.0,6-11 años,7.636209273374227,0,1,1,0
1,8.0,1.0,1.0,7.0,6.0,2.0,1781.3890380859375,1.0,6.0,1.0,1.0,6-11 años,7.485709899627618,0,1,1,0
1,7.0,2.0,1.0,7.0,6.0,2.0,2913.888916015625,1.0,6.0,1.0,1.0,6-11 años,7.977586990345139,0,1,1,0
1,14.0,1.0,1.0,7.0,6.0,2.0,1574.5999755859375,3.0,8.0,1.0,1.0,12-14 años,7.362391415601661,0,1,1,0
1,15.0,1.0,1.0,7.0,6.0,2.0,936.9166870117188,3.0,7.0,1.0,1.0,15-16 años,6.84366112524458,0,1,1,0
1,14.0,1.0,1.0,7.0,6.0,2.0,936.9166870117188,2.0,7.0,1.0,1.0,12-14 años,6.84366112524458,0,1,1,0
1,11.0,2.0,1.0,7.0,6.0,2.0,936.9166870117188,1.0,7.0,1.0,1.0,6-11 años,6.84366112524458,0,1,1,0
1,9.0,1.0,1.0,7.0,6.0,2.0,936.9166870117188,1.0,7.0,1.0,1.0,6-11 años,6.84366112524458,0,1,1,0
1,8.0,2.0,1.0,7.0,6.0,2.0,2531.111083984375,1.0,8.0,1.0,1.0,6-11 años,7.836808654333461,0,1,1,0
1,18.0,1.0,1.0,7.0,6.0,2.0,2036.9833984375,3.0,5.0,1.0,1.0,17-19 años,7.6197160677423765,0,1,1,0
1,13.0,1.0,1.0,7.0,6.0,2.0,2036.9833984375,3.0,5.0,1.0,1.0,12-14 años,7.6197160677423765,0,1,1,0
1,7.0,2.0,1.0,7.0,6.0,2.0,2020.8333740234375,1.0,8.0,1.0,1.0,6-11 años,7.611759989668214,0,1,1,0
1,16.0,2.0,1.0,7.0,6.0,2.0,1306.8499755859375,3.0,5.0,2.0,1.0,15-16 años,7.176139827874607,0,1,1,0
1,14.0,1.0,1.0,7.0,6.0,2.0,1306.8499755859375,3.0,5.0,2.0,1.0,12-14 años,7.176139827874607,0,1,1,0
1,10.0,1.0,1.0,7.0,6.0,2.0,1306.8499755859375,1.0,5.0,2.0,1.0,6-11 años,7.176139827874607,0,1,1,0
1,7.0,1.0,1.0,7.0,6.0,2.0,1306.8499755859375,0.0,5.0,2.0,1.0,6-11 años,7.176139827874607,0,1,1,0
1,15.0,2.0,1.0,7.0,6.0,2.0,2993.2666015625,3.0,8.0,1.0,1.0,15-16 años,8.004454606293335,0,1,1,0
1,8.0,1.0,1.0,7.0,6.0,2.0,741.5999755859375,1.0,8.0,1.0,1.0,6-11 años,6.610157508866514,0,1,1,0
1,19.0,1.0,1.0,7.0,6.0,2.0,979.6099853515625,4.0,5.0,1.0,1.0,17-19 años,6.888174812065106,0,1,1,0
1,17.0,1.0,1.0,7.0,6.0,2.0,979.6099853515625,3.0,5.0,1.0,1.0,17-19 años,6.888174812065106,0,1,1,0
1,14.0,1.0,1.0,7.0,6.0,2.0,979.6099853515625,3.0,5.0,1.0,1.0,12-14 años,6.888174812065106,0,1,1,0
1,19.0,2.0,1.0,7.0,6.0,2.0,2778.65576171875,5.0,8.0,1.0,1.0,17-19 años,7.9300823722976475,0,1,1,0
1,15.0,2.0,1.0,7.0,6.0,2.0,2778.65576171875,3.0,8.0,1.0,1.0,15-16 años,7.9300823722976475,0,1,1,0
1,13.0,2.0,1.0,7.0,6.0,2.0,1081.9749755859375,3.0,5.0,2.0,1.0,12-14 años,6.987467140165181,0,1,1,0
1,10.0,2.0,1.0,7.0,6.0,2.0,1081.9749755859375,1.0,5.0,2.0,1.0,6-11 años,6.987467140165181,0,1,1,0
1,11.0,2.0,1.0,7.0,6.0,2.0,1300.0,1.0,5.0,1.0,1.0,6-11 años,7.170888478512505,0,1,1,0
1,15.0,2.0,1.0,7.0,6.0,2.0,724.5,3.0,8.0,2.0,1.0,15-16 años,6.5868610723242424,0,1,1,0
1,13.0,2.0,1.0,7.0,6.0,2.0,724.5,3.0,8.0,2.0,1.0,12-14 años,6.5868610723242424,0,1,1,0
1,7.0,1.0,1.0,7.0,6.0,2.0,724.5,1.0,8.0,2.0,1.0,6-11 años,6.5868610723242424,0,1,1,0
1,10.0,2.0,1.0,7.0,6.0,2.0,851.7708740234375,1.0,7.0,2.0,1.0,6-11 años,6.748490899478713,0,1,1,0
1,16.0,2.0,1.0,7.0,6.0,2.0,1380.8299560546875,3.0,8.0,2.0,1.0,15-16 años,7.231163954828745,0,1,1,0
1,13.0,2.0,1.0,7.0,6.0,2.0,1380.8299560546875,1.0,8.0,2.0,1.0,12-14 años,7.231163954828745,0,1,1,0
1,8.0,1.0,1.0,7.0,6.0,2.0,1380.8299560546875,1.0,8.0,2.0,1.0,6-11 años,7.231163954828745,0,1,1,0
1,6.0,2.0,1.0,7.0,6.0,2.0,1429.5416259765625,1.0,5.0,1.0,1.0,6-11 años,7.265808410966879,0,1,1,0
1,10.0,1.0,1.0,7.0,6.0,2.0,702.7613525390625,1.0,5.0,2.0,1.0,6-11 años,6.556439310818016,0,1,1,0
1,8.0,2.0,1.0,7.0,6.0,2.0,702.7613525390625,1.0,5.0,2.0,1.0,6-11 años,6.556439310818016,0,1,1,0
1,13.0,1.0,1.0,7.0,6.0,2.0,1050.0,2.0,8.0,2.0,1.0,12-14 años,6.957497370876951,0,1,1,0
1,6.0,1.0,1.0,7.0,6.0,2.0,1050.0,0.0,8.0,2.0,1.0,6-11 años,6.957497370876951,0,1,1,0
1,16.0,1.0,1.0,7.0,6.0,2.0,3113.530029296875,3.0,8.0,1.0,1.0,15-16 años,8.043833546419071,0,1,1,0
1,8.0,1.0,1.0,7.0,6.0,2.0,980.7916870117188,1.0,7.0,2.0,1.0,6-11 años,6.8893791544987995,0,1,1,0
1,13.0,1.0,1.0,7.0,6.0,2.0,2756.224853515625,3.0,8.0,1.0,1.0,12-14 años,7.9219799650125164,0,1,1,0
1,12.0,2.0,1.0,7.0,6.0,2.0,2756.224853515625,2.0,8.0,1.0,1.0,12-14 años,7.9219799650125164,0,1,1,0
1,11.0,2.0,1.0,7.0,6.0,2.0,640.3399658203125,1.0,8.0,2.0,1.0,6-11 años,6.463559684219731,0,1,1,0
1,18.0,1.0,1.0,7.0,6.0,2.0,2895.466796875,3.0,5.0,2.0,1.0,17-19 años,7.971246927282645,0,1,1,0
1,14.0,2.0,1.0,7.0,6.0,2.0,1082.5277099609375,2.0,5.0,2.0,1.0,12-14 años,6.9879773951403354,0,1,1,0
1,12.0,2.0,1.0,7.0,6.0,2.0,1082.5277099609375,1.0,5.0,2.0,1.0,12-14 años,6.9879773951403354,0,1,1,0
1,6.0,2.0,1.0,7.0,6.0,2.0,1082.5277099609375,0.0,5.0,2.0,1.0,6-11 años,6.9879773951403354,0,1,1,0
1,18.0,1.0,1.0,7.0,6.0,2.0,2694.666748046875,3.0,5.0,2.0,1.0,17-19 años,7.899400854616982,0,1,1,0
1,17.0,2.0,1.0,7.0,6.0,2.0,1255.5953369140625,3.0,8.0,2.0,1.0,17-19 años,7.136161229086633,0,1,1,0
1,8.0,1.0,1.0,7.0,6.0,2.0,433.3333435058594,1.0,8.0,1.0,1.0,6-11 años,6.073812311877747,0,1,1,0
1,6.0,2.0,1.0,7.0,6.0,2.0,433.3333435058594,0.0,8.0,1.0,1.0,6-11 años,6.073812311877747,0,1,1,0
1,12.0,1.0,1.0,7.0,6.0,2.0,2294.45556640625,3.0,8.0,1.0,1.0,12-14 años,7.738686606676076,0,1,1,0
1,15.0,1.0,1.0,7.0,6.0,2.0,706.9944458007812,3.0,1.0,2.0,1.0,15-16 años,6.5624362487487975,0,1,1,0
1,10.0,1.0,1.0,7.0,6.0,2.0,706.9944458007812,1.0,1.0,2.0,1.0,6-11 años,6.5624362487487975,0,1,1,0
1,17.0,2.0,1.0,7.0,6.0,2.0,1250.9832763671875,3.0,6.0,2.0,2.0,17-19 años,7.1324841940366355,0,0,1,0
0,15.0,1.0,1.0,7.0,6.0,2.0,1250.9832763671875,2.0,6.0,2.0,2.0,15-16 años,7.1324841940366355,0,0,1,1
1,12.0,2.0,1.0,7.0,6.0,2.0,1250.9832763671875,1.0,6.0,2.0,2.0,12-14 años,7.1324841940366355,0,0,1,0
1,10.0,1.0,1.0,7.0,6.0,2.0,1250.9832763671875,1.0,6.0,2.0,2.0,6-11 años,7.1324841940366355,0,0,1,0
1,15.0,2.0,1.0,7.0,6.0,2.0,793.13330078125,3.0,5.0,2.0,1.0,15-16 años,6.677251332270932,0,1,1,0
1,13.0,2.0,1.0,7.0,6.0,2.0,793.13330078125,3.0,5.0,2.0,1.0,12-14 años,6.677251332270932,0,1,1,0
1,12.0,2.0,1.0,7.0,6.0,2.0,793.13330078125,1.0,5.0,2.0,1.0,12-14 años,6.677251332270932,0,1,1,0
1,11.0,2.0,1.0,7.0,6.0,2.0,793.13330078125,1.0,5.0,2.0,1.0,6-11 años,6.677251332270932,0,1,1,0
1,7.0,1.0,1.0,7.0,6.0,2.0,793.13330078125,1.0,5.0,2.0,1.0,6-11 años,6.677251332270932,0,1,1,0
1,11.0,2.0,1.0,7.0,6.0,2.0,2291.16259765625,1.0,1.0,2.0,1.0,6-11 años,7.7372510167042075,0,1,1,0
1,9.0,1.0,1.0,7.0,6.0,2.0,602.3333129882812,1.0,8.0,2.0,1.0,6-11 años,6.40246980187068,0,1,1,0
1,6.0,2.0,1.0,7.0,6.0,2.0,602.3333129882812,0.0,8.0,2.0,1.0,6-11 años,6.40246980187068,0,1,1,0
1,16.0,1.0,1.0,7.0,6.0,2.0,602.3333129882812,3.0,8.0,2.0,1.0,15-16 años,6.40246980187068,0,1,1,0
1,16.0,2.0,1.0,7.0,6.0,2.0,1950.0,3.0,6.0,1.0,1.0,15-16 años,7.576097340623111,0,1,1,0
1,12.0,1.0,1.0,7.0,6.0,2.0,2454.770751953125,3.0,6.0,1.0,1.0,12-14 años,7.8061959428717635,0,1,1,0
1,7.0,1.0,1.0,7.0,6.0,2.0,2454.770751953125,1.0,6.0,1.0,1.0,6-11 años,7.8061959428717635,0,1,1,0
1,6.0,1.0,1.0,7.0,6.0,2.0,2221.39013671875,0.0,6.0,1.0,1.0,6-11 años,7.706338533868718,0,1,1,0
1,16.0,2.0,1.0,7.0,6.0,2.0,2221.39013671875,3.0,6.0,1.0,1.0,15-16 años,7.706338533868718,0,1,1,0
1,8.0,1.0,1.0,7.0,6.0,2.0,1941.6666259765625,1.0,8.0,1.0,1.0,6-11 años,7.571816857701496,0,1,1,0
1,15.0,1.0,1.0,7.0,6.0,2.0,3386.378173828125,3.0,8.0,1.0,1.0,15-16 años,8.127811501095684,0,1,1,0
1,19.0,2.0,1.0,7.0,6.0,2.0,2703.566650390625,4.0,6.0,1.0,1.0,17-19 años,7.902696975263918,0,1,1,0
1,17.0,2.0,1.0,7.0,6.0,2.0,2703.566650390625,3.0,6.0,1.0,1.0,17-19 años,7.902696975263918,0,1,1,0
1,11.0,1.0,1.0,7.0,6.0,2.0,2334.46240234375,1.0,5.0,2.0,1.0,6-11 años,7.755965181479785,0,1,1,0
1,8.0,1.0,1.0,7.0,6.0,2.0,1275.11328125,1.0,5.0,1.0,1.0,6-11 años,7.151574238373256,0,1,1,0
1,11.0,1.0,1.0,7.0,6.0,2.0,1675.0,2.0,5.0,1.0,1.0,6-11 años,7.424165281042028,0,1,1,0
1,13.0,1.0,1.0,7.0,6.0,2.0,2310.741455078125,3.0,5.0,1.0,1.0,12-14 años,7.745756396150766,0,1,1,0
1,16.0,1.0,1.0,7.0,6.0,2.0,1625.0,3.0,6.0,1.0,1.0,15-16 años,7.3938782901077555,0,1,1,0
1,8.0,1.0,1.0,7.0,6.0,2.0,2060.38330078125,1.0,6.0,1.0,1.0,6-11 años,7.631132541658484,0,1,1,0
1,10.0,1.0,1.0,7.0,6.0,2.0,4090.583251953125,1.0,8.0,1.0,1.0,6-11 años,8.31668727729877,0,1,1,0
1,6.0,2.0,1.0,7.0,6.0,2.0,4090.583251953125,0.0,8.0,1.0,1.0,6-11 años,8.31668727729877,0,1,1,0
1,14.0,2.0,1.0,7.0,6.0,2.0,5203.0,3.0,8.0,1.0,1.0,12-14 años,8.557182839632397,0,1,1,0
1,16.0,1.0,1.0,7.0,6.0,2.0,626.6666259765625,3.0,7.0,2.0,1.0,15-16 años,6.442009175161472,0,1,1,0
1,14.0,2.0,1.0,7.0,6.0,2.0,626.6666259765625,3.0,7.0,2.0,1.0,12-14 años,6.442009175161472,0,1,1,0
1,12.0,2.0,1.0,7.0,6.0,2.0,1261.2666015625,1.0,6.0,1.0,1.0,12-14 años,7.140664274009436,0,1,1,0
1,10.0,2.0,1.0,7.0,6.0,2.0,1261.2666015625,1.0,6.0,1.0,1.0,6-11 años,7.140664274009436,0,1,1,0
1,7.0,2.0,1.0,7.0,6.0,2.0,3680.1796875,1.0,6.0,1.0,1.0,6-11 años,8.210988547047707,0,1,1,0
0,18.0,1.0,1.0,7.0,6.0,2.0,566.6666870117188,4.0,5.0,2.0,1.0,17-19 años,6.341534427834365,0,1,1,1
1,10.0,1.0,1.0,7.0,6.0,2.0,2852.08349609375,1.0,5.0,1.0,1.0,6-11 años,7.956155616853869,0,1,1,0
1,14.0,2.0,1.0,7.0,6.0,2.0,945.2799682617188,3.0,5.0,1.0,1.0,12-14 años,6.852538474804153,0,1,1,0
1,7.0,2.0,1.0,7.0,6.0,2.0,945.2799682617188,1.0,5.0,1.0,1.0,6-11 años,6.852538474804153,0,1,1,0
0,18.0,2.0,1.0,7.0,6.0,2.0,3618.844482421875,3.0,5.0,1.0,1.0,17-19 años,8.194186343240041,0,1,1,1
1,6.0,1.0,1.0,7.0,6.0,2.0,4459.0,0.0,8.0,1.0,1.0,6-11 años,8.40290404501411,0,1,1,0
1,12.0,1.0,1.0,7.0,6.0,2.0,3008.333251953125,1.0,6.0,1.0,1.0,12-14 años,8.009473822226713,0,1,1,0
1,11.0,2.0,1.0,7.0,6.0,2.0,925.0,1.0,6.0,1.0,1.0,6-11 años,6.8308742346461795,0,1,1,0
1,16.0,1.0,1.0,7.0,6.0,2.0,2060.313232421875,3.0,6.0,1.0,1.0,15-16 años,7.631098550139188,0,1,1,0
1,12.0,2.0,1.0,7.0,6.0,2.0,2060.313232421875,2.0,6.0,1.0,1.0,12-14 años,7.631098550139188,0,1,1,0
1,13.0,2.0,1.0,7.0,6.0,2.0,2286.666748046875,2.0,6.0,1.0,1.0,12-14 años,7.73528768981398,0,1,1,0
1,9.0,2.0,1.0,7.0,6.0,2.0,2286.666748046875,1.0,6.0,1.0,1.0,6-11 años,7.73528768981398,0,1,1,0
1,14.0,1.0,1.0,7.0,6.0,2.0,2745.75,3.0,6.0,1.0,1.0,12-14 años,7.9181736735809904,0,1,1,0
1,11.0,1.0,1.0,7.0,6.0,2.0,2745.75,1.0,6.0,1.0,1.0,6-11 años,7.9181736735809904,0,1,1,0
1,12.0,1.0,1.0,7.0,6.0,2.0,2048.5,1.0,5.0,1.0,1.0,12-14 años,7.625351139944392,0,1,1,0
1,12.0,1.0,1.0,7.0,6.0,2.0,3025.0,3.0,6.0,1.0,1.0,12-14 años,8.0149968943483,0,1,1,0
1,14.0,1.0,1.0,7.0,6.0,2.0,1583.3333740234375,3.0,5.0,1.0,1.0,12-14 años,7.367919013628692,0,1,1,0
1,16.0,2.0,1.0,7.0,6.0,2.0,1871.3887939453125,3.0,6.0,1.0,1.0,15-16 años,7.5349703245464985,0,1,1,0
1,10.0,2.0,1.0,7.0,6.0,2.0,2868.766845703125,1.0,8.0,1.0,1.0,6-11 años,7.96198606702268,0,1,1,0
1,18.0,1.0,1.0,7.0,6.0,2.0,1256.0,3.0,8.0,1.0,1.0,17-19 años,7.136483208590247,0,1,1,0
1,17.0,2.0,1.0,7.0,6.0,2.0,1256.0,3.0,8.0,1.0,1.0,17-19 años,7.136483208590247,0,1,1,0
0,11.0,2.0,1.0,7.0,6.0,2.0,1256.0,1.0,8.0,1.0,1.0,6-11 años,7.136483208590247,0,1,1,1
1,8.0,2.0,1.0,7.0,6.0,2.0,1256.0,1.0,8.0,1.0,1.0,6-11 años,7.136483208590247,0,1,1,0
1,19.0,2.0,1.0,7.0,6.0,2.0,3611.111083984375,4.0,8.0,2.0,1.0,17-19 años,8.192047668212474,0,1,1,0
1,9.0,1.0,1.0,7.0,6.0,2.0,970.0,1.0,8.0,2.0,1.0,6-11 años,6.878326468291325,0,1,1,0
1,8.0,1.0,1.0,7.0,6.0,2.0,1366.6666259765625,1.0,8.0,2.0,1.0,6-11 años,7.220861374022598,0,1,1,0
1,18.0,2.0,1.0,7.0,6.0,2.0,1366.6666259765625,4.0,8.0,2.0,1.0,17-19 años,7.220861374022598,0,1,1,0
1,18.0,2.0,1.0,7.0,6.0,2.0,1734.583251953125,3.0,6.0,1.0,1.0,17-19 años,7.45909880416176,0,1,1,0
1,6.0,1.0,1.0,7.0,6.0,2.0,1089.5833740234375,0.0,8.0,2.0,1.0,6-11 años,6.994468037577883,0,1,1,0
1,18.0,1.0,1.0,7.0,6.0,2.0,1089.5833740234375,4.0,8.0,2.0,1.0,17-19 años,6.994468037577883,0,1,1,0
1,15.0,1.0,1.0,7.0,6.0,2.0,2675.0,3.0,8.0,1.0,1.0,15-16 años,7.892078421248119,0,1,1,0
1,11.0,1.0,1.0,7.0,6.0,2.0,2675.0,1.0,8.0,1.0,1.0,6-11 años,7.892078421248119,0,1,1,0
1,13.0,2.0,1.0,7.0,6.0,2.0,1019.9166870117188,1.0,5.0,1.0,1.0,12-14 años,6.92845621543439,0,1,1,0
1,7.0,2.0,1.0,7.0,6.0,2.0,1019.9166870117188,1.0,5.0,1.0,1.0,6-11 años,6.92845621543439,0,1,1,0
1,14.0,2.0,1.0,7.0,6.0,2.0,979.8611450195312,3.0,8.0,1.0,1.0,12-14 años,6.888430905224422,0,1,1,0
1,12.0,2.0,1.0,7.0,6.0,2.0,979.8611450195312,2.0,8.0,1.0,1.0,12-14 años,6.888430905224422,0,1,1,0
1,11.0,2.0,1.0,7.0,6.0,2.0,979.8611450195312,1.0,8.0,1.0,1.0,6-11 años,6.888430905224422,0,1,1,0
1,16.0,2.0,1.0,7.0,6.0,2.0,5000.0,3.0,8.0,1.0,1.0,15-16 años,8.517393171418904,0,1,1,0
1,7.0,1.0,1.0,7.0,6.0,2.0,2174.0,1.0,8.0,1.0,1.0,6-11 años,7.684783943522785,0,1,1,0
1,18.0,1.0,1.0,7.0,6.0,2.0,2529.16650390625,3.0,8.0,1.0,1.0,17-19 años,7.836040391376716,0,1,1,0
1,15.0,2.0,1.0,7.0,6.0,2.0,2529.16650390625,3.0,8.0,1.0,1.0,15-16 años,7.836040391376716,0,1,1,0
1,15.0,2.0,1.0,7.0,6.0,2.0,3483.33349609375,3.0,8.0,1.0,1.0,15-16 años,8.156032055576665,0,1,1,0
1,17.0,2.0,1.0,7.0,6.0,2.0,5222.22216796875,3.0,8.0,1.0,1.0,17-19 años,8.560869763998957,0,1,1,0
1,19.0,1.0,1.0,7.0,6.0,2.0,2527.77783203125,5.0,8.0,1.0,1.0,17-19 años,7.835491394662118,0,1,1,0
1,12.0,1.0,1.0,7.0,6.0,2.0,2372.779052734375,1.0,8.0,1.0,1.0,12-14 años,7.77223850122353,0,1,1,0
1,10.0,1.0,1.0,7.0,6.0,2.0,2372.779052734375,1.0,8.0,1.0,1.0,6-11 años,7.77223850122353,0,1,1,0
1,14.0,1.0,1.0,7.0,6.0,2.0,3222.98388671875,3.0,5.0,2.0,1.0,12-14 años,8.07837310569801,0,1,1,0
1,18.0,1.0,1.0,7.0,6.0,2.0,6169.72216796875,4.0,5.0,2.0,1.0,17-19 años,8.727571155101858,0,1,1,0
1,6.0,1.0,1.0,7.0,6.0,2.0,6169.72216796875,0.0,5.0,2.0,1.0,6-11 años,8.727571155101858,0,1,1,0
0,16.0,2.0,1.0,7.0,6.0,2.0,1149.25,3.0,8.0,2.0,1.0,15-16 años,7.047734589035578,0,1,1,1
1,19.0,2.0,1.0,7.0,6.0,2.0,575.0,3.0,8.0,2.0,1.0,17-19 años,6.3561076606958915,0,1,1,0
1,12.0,2.0,1.0,7.0,6.0,2.0,1883.3333740234375,2.0,8.0,1.0,1.0,12-14 años,7.5413293896010805,0,1,1,0
1,9.0,1.0,1.0,7.0,6.0,2.0,1883.3333740234375,1.0,8.0,1.0,1.0,6-11 años,7.5413293896010805,0,1,1,0
1,18.0,1.0,1.0,7.0,6.0,2.0,1478.5999755859375,4.0,5.0,1.0,1.0,17-19 años,7.299527043457851,0,1,1,0
1,11.0,2.0,1.0,7.0,6.0,2.0,1478.5999755859375,1.0,5.0,1.0,1.0,6-11 años,7.299527043457851,0,1,1,0
1,17.0,2.0,1.0,7.0,6.0,2.0,2161.0,3.0,8.0,1.0,1.0,17-19 años,7.6787889981991535,0,1,1,0
1,8.0,2.0,1.0,7.0,6.0,2.0,2161.0,1.0,8.0,1.0,1.0,6-11 años,7.6787889981991535,0,1,1,0
1,19.0,1.0,1.0,7.0,6.0,2.0,1298.107421875,3.0,5.0,2.0,1.0,17-19 años,7.169432709075199,0,1,1,0
1,15.0,2.0,1.0,7.0,6.0,2.0,1298.107421875,3.0,5.0,2.0,1.0,15-16 años,7.169432709075199,0,1,1,0
1,13.0,2.0,1.0,7.0,6.0,2.0,1298.107421875,3.0,5.0,2.0,1.0,12-14 años,7.169432709075199,0,1,1,0
1,12.0,1.0,1.0,7.0,6.0,2.0,1298.107421875,2.0,5.0,2.0,1.0,12-14 años,7.169432709075199,0,1,1,0
1,9.0,2.0,1.0,7.0,6.0,2.0,1633.3333740234375,1.0,5.0,2.0,1.0,6-11 años,7.398990277880189,0,1,1,0
1,13.0,1.0,1.0,7.0,6.0,2.0,1925.0,3.0,8.0,1.0,1.0,12-14 años,7.563200592358071,0,1,1,0
1,9.0,2.0,1.0,7.0,6.0,2.0,1925.0,1.0,8.0,1.0,1.0,6-11 años,7.563200592358071,0,1,1,0
1,15.0,2.0,1.0,7.0,6.0,2.0,5020.8330078125,3.0,8.0,1.0,1.0,15-16 años,8.52155028703653,0,1,1,0
1,9.0,1.0,1.0,7.0,6.0,2.0,5020.8330078125,1.0,8.0,1.0,1.0,6-11 años,8.52155028703653,0,1,1,0
1,6.0,2.0,1.0,7.0,6.0,1.0,3578.13330078125,0.0,8.0,1.0,1.0,6-11 años,8.18287595533124,0,1,1,0
1,12.0,2.0,1.0,7.0,6.0,2.0,2910.0,3.0,8.0,1.0,1.0,12-14 años,7.976251943745623,0,1,1,0
1,19.0,2.0,1.0,7.0,6.0,2.0,988.5416870117188,5.0,8.0,1.0,1.0,17-19 años,6.897241893525308,0,1,1,0
1,18.0,1.0,1.0,7.0,6.0,2.0,2847.66650390625,3.0,8.0,2.0,1.0,17-19 años,7.954606270400211,0,1,1,0
1,15.0,1.0,1.0,7.0,6.0,2.0,2847.66650390625,3.0,8.0,2.0,1.0,15-16 años,7.954606270400211,0,1,1,0
1,15.0,1.0,1.0,7.0,6.0,2.0,5488.888671875,2.0,8.0,1.0,1.0,15-16 años,8.610663255950973,0,1,1,0
1,8.0,2.0,1.0,7.0,6.0,2.0,1300.0,1.0,8.0,1.0,1.0,6-11 años,7.170888478512505,0,1,1,0
1,7.0,2.0,1.0,7.0,6.0,2.0,1300.0,1.0,8.0,1.0,1.0,6-11 años,7.170888478512505,0,1,1,0
1,18.0,2.0,1.0,7.0,6.0,2.0,1672.6083984375,4.0,8.0,1.0,1.0,17-19 años,7.4227372920448556,0,1,1,0
1,13.0,1.0,1.0,7.0,6.0,2.0,1672.6083984375,2.0,8.0,1.0,1.0,12-14 años,7.4227372920448556,0,1,1,0
1,8.0,1.0,1.0,7.0,6.0,2.0,6946.111328125,1.0,8.0,1.0,1.0,6-11 años,8.846081215917147,0,1,1,0
1,16.0,1.0,1.0,7.0,6.0,2.0,1239.5833740234375,3.0,8.0,1.0,1.0,15-16 años,7.123337010888227,0,1,1,0
1,9.0,1.0,1.0,7.0,6.0,2.0,1239.5833740234375,1.0,8.0,1.0,1.0,6-11 años,7.123337010888227,0,1,1,0
1,15.0,2.0,1.0,7.0,6.0,2.0,1636.0,3.0,8.0,1.0,1.0,15-16 años,7.400620577371135,0,1,1,0
1,14.0,1.0,1.0,7.0,6.0,2.0,3235.333251953125,3.0,8.0,1.0,1.0,12-14 años,8.08219625555623,0,1,1,0
1,6.0,1.0,1.0,7.0,6.0,2.0,1973.5224609375,0.0,8.0,1.0,1.0,6-11 años,7.58808185616846,0,1,1,0
1,12.0,2.0,1.0,7.0,6.0,2.0,1973.5224609375,2.0,8.0,1.0,1.0,12-14 años,7.58808185616846,0,1,1,0
1,16.0,2.0,1.0,7.0,6.0,2.0,3100.06640625,3.0,8.0,2.0,1.0,15-16 años,8.03950133333424,0,1,1,0
1,10.0,2.0,1.0,7.0,6.0,2.0,3100.06640625,1.0,8.0,2.0,1.0,6-11 años,8.03950133333424,0,1,1,0
1,16.0,2.0,1.0,7.0,6.0,2.0,2895.833251953125,3.0,8.0,1.0,1.0,15-16 años,7.971373437242607,0,1,1,0
1,15.0,1.0,1.0,7.0,6.0,2.0,2008.125,3.0,8.0,1.0,1.0,15-16 años,7.605454582889305,0,1,1,0
1,11.0,2.0,1.0,7.0,6.0,2.0,2008.125,1.0,8.0,1.0,1.0,6-11 años,7.605454582889305,0,1,1,0
1,17.0,2.0,1.0,7.0,6.0,2.0,1900.0,3.0,8.0,1.0,1.0,17-19 años,7.550135342488429,0,1,1,0
1,16.0,1.0,1.0,7.0,6.0,2.0,1777.25,3.0,8.0,1.0,1.0,15-16 años,7.483385013613624,0,1,1,0
1,11.0,1.0,1.0,7.0,6.0,2.0,1777.25,1.0,8.0,1.0,1.0,6-11 años,7.483385013613624,0,1,1,0
1,14.0,2.0,1.0,7.0,6.0,2.0,1141.6666259765625,3.0,8.0,1.0,1.0,12-14 años,7.041119955439784,0,1,1,0
1,19.0,1.0,1.0,7.0,6.0,2.0,950.0,5.0,8.0,1.0,1.0,17-19 años,6.85751406254539,0,1,1,0
1,13.0,1.0,1.0,7.0,6.0,2.0,950.0,1.0,8.0,1.0,1.0,12-14 años,6.85751406254539,0,1,1,0
1,9.0,1.0,1.0,7.0,6.0,2.0,750.0,1.0,8.0,1.0,1.0,6-11 años,6.621405651764134,0,1,1,0
1,19.0,2.0,1.0,7.0,6.0,2.0,157.29165649414062,4.0,5.0,1.0,1.0,17-19 años,5.064439258575233,0,1,1,0
1,16.0,1.0,1.0,7.0,6.0,2.0,1178.25,3.0,8.0,1.0,1.0,15-16 años,7.072633922164371,0,1,1,0
1,14.0,2.0,1.0,7.0,6.0,2.0,681.9749755859375,3.0,7.0,2.0,1.0,12-14 años,6.52645821993315,0,1,1,0
1,7.0,1.0,1.0,7.0,6.0,2.0,681.9749755859375,1.0,7.0,2.0,1.0,6-11 años,6.52645821993315,0,1,1,0
1,6.0,1.0,1.0,7.0,6.0,2.0,681.9749755859375,0.0,7.0,2.0,1.0,6-11 años,6.52645821993315,0,1,1,0
1,18.0,2.0,1.0,7.0,6.0,2.0,2054.595947265625,4.0,8.0,1.0,1.0,17-19 años,7.6283210835582524,0,1,1,0
1,14.0,2.0,1.0,7.0,6.0,2.0,2054.595947265625,3.0,8.0,1.0,1.0,12-14 años,7.6283210835582524,0,1,1,0
1,15.0,2.0,1.0,7.0,6.0,2.0,1740.0,3.0,8.0,1.0,1.0,15-16 años,7.462214939768189,0,1,1,0
1,12.0,1.0,1.0,7.0,6.0,2.0,1740.0,1.0,8.0,1.0,1.0,12-14 años,7.462214939768189,0,1,1,0
1,6.0,2.0,1.0,7.0,6.0,2.0,1740.0,0.0,8.0,1.0,1.0,6-11 años,7.462214939768189,0,1,1,0
1,14.0,1.0,1.0,7.0,6.0,2.0,1005.0554809570312,3.0,8.0,2.0,1.0,12-14 años,6.913792499195667,0,1,1,0
1,12.0,2.0,1.0,7.0,6.0,2.0,950.0,1.0,8.0,2.0,1.0,12-14 años,6.85751406254539,0,1,1,0
1,7.0,2.0,1.0,7.0,6.0,2.0,950.0,0.0,8.0,2.0,1.0,6-11 años,6.85751406254539,0,1,1,0
1,12.0,1.0,1.0,7.0,6.0,2.0,2858.666748046875,1.0,8.0,1.0,1.0,12-14 años,7.95846037536279,0,1,1,0
1,9.0,1.0,1.0,7.0,6.0,2.0,1929.72216796875,1.0,5.0,1.0,1.0,6-11 años,7.565649392205632,0,1,1,0
1,10.0,2.0,1.0,7.0,6.0,2.0,643.7000122070312,1.0,8.0,2.0,1.0,6-11 años,6.468785111251011,0,1,1,0
1,8.0,1.0,1.0,7.0,6.0,2.0,643.7000122070312,1.0,8.0,2.0,1.0,6-11 años,6.468785111251011,0,1,1,0
0,11.0,1.0,1.0,7.0,6.0,2.0,2389.833251953125,1.0,8.0,2.0,1.0,6-11 años,7.779397225148982,0,1,1,1
0,8.0,2.0,1.0,7.0,6.0,2.0,2389.833251953125,1.0,8.0,2.0,1.0,6-11 años,7.779397225148982,0,1,1,1
0,6.0,2.0,1.0,7.0,6.0,2.0,2389.833251953125,0.0,8.0,2.0,1.0,6-11 años,7.779397225148982,0,1,1,1
1,16.0,1.0,1.0,7.0,6.0,2.0,3666.666748046875,3.0,8.0,1.0,1.0,15-16 años,8.207310975390353,0,1,1,0
1,19.0,1.0,1.0,7.0,6.0,2.0,2900.0,5.0,5.0,2.0,1.0,17-19 años,7.972810784121404,0,1,1,0
1,17.0,1.0,1.0,7.0,6.0,2.0,2900.0,3.0,5.0,2.0,1.0,17-19 años,7.972810784121404,0,1,1,0
1,13.0,2.0,1.0,7.0,6.0,2.0,2900.0,3.0,5.0,2.0,1.0,12-14 años,7.972810784121404,0,1,1,0
1,18.0,1.0,1.0,7.0,6.0,2.0,2629.10009765625,3.0,8.0,1.0,1.0,17-19 años,7.874777184392891,0,1,1,0
1,8.0,1.0,1.0,7.0,6.0,2.0,2174.3232421875,1.0,8.0,1.0,1.0,6-11 años,7.6849325495780585,0,1,1,0
1,16.0,2.0,1.0,7.0,6.0,2.0,1339.47998046875,3.0,8.0,1.0,1.0,15-16 años,7.20078302318833,0,1,1,0
1,18.0,1.0,1.0,7.0,6.0,2.0,1325.0,4.0,8.0,2.0,1.0,17-19 años,7.189922170745808,0,1,1,0
1,14.0,1.0,1.0,7.0,6.0,2.0,1568.5,3.0,8.0,2.0,1.0,12-14 años,7.358512376282008,0,1,1,0
1,13.0,1.0,1.0,7.0,6.0,2.0,1568.5,2.0,8.0,2.0,1.0,12-14 años,7.358512376282008,0,1,1,0
1,11.0,2.0,1.0,7.0,6.0,2.0,1568.5,1.0,8.0,2.0,1.0,6-11 años,7.358512376282008,0,1,1,0
1,16.0,1.0,1.0,7.0,6.0,2.0,1675.8333740234375,3.0,5.0,2.0,1.0,15-16 años,7.424662397330035,0,1,1,0
1,15.0,2.0,1.0,7.0,6.0,2.0,3283.33349609375,3.0,8.0,2.0,1.0,15-16 años,8.09691901721097,0,1,1,0
1,14.0,1.0,1.0,7.0,6.0,2.0,976.56396484375,3.0,6.0,1.0,1.0,12-14 años,6.885063726898909,0,1,1,0
1,12.0,2.0,1.0,7.0,6.0,2.0,976.56396484375,1.0,6.0,1.0,1.0,12-14 años,6.885063726898909,0,1,1,0
1,7.0,2.0,1.0,7.0,6.0,2.0,976.56396484375,0.0,6.0,1.0,1.0,6-11 años,6.885063726898909,0,1,1,0
1,15.0,2.0,1.0,7.0,6.0,2.0,4298.3330078125,3.0,6.0,1.0,1.0,15-16 años,8.366215175187952,0,1,1,0
1,12.0,2.0,1.0,7.0,6.0,2.0,4298.3330078125,1.0,6.0,1.0,1.0,12-14 años,8.366215175187952,0,1,1,0
1,8.0,2.0,1.0,7.0,6.0,2.0,4298.3330078125,1.0,6.0,1.0,1.0,6-11 años,8.366215175187952,0,1,1,0
1,10.0,1.0,1.0,7.0,6.0,2.0,1206.1904296875,1.0,5.0,1.0,1.0,6-11 años,7.096050979727964,0,1,1,0
1,17.0,1.0,1.0,7.0,6.0,2.0,1206.1904296875,3.0,5.0,1.0,1.0,17-19 años,7.096050979727964,0,1,1,0
1,13.0,2.0,1.0,7.0,6.0,2.0,1206.1904296875,2.0,5.0,1.0,1.0,12-14 años,7.096050979727964,0,1,1,0
1,6.0,2.0,1.0,7.0,6.0,2.0,2876.0,0.0,5.0,1.0,1.0,6-11 años,7.964503363551548,0,1,1,0
0,18.0,1.0,1.0,7.0,6.0,2.0,812.5,4.0,5.0,1.0,1.0,17-19 años,6.7013459266590925,0,1,1,1
1,14.0,2.0,1.0,7.0,6.0,2.0,812.5,3.0,5.0,1.0,1.0,12-14 años,6.7013459266590925,0,1,1,0
1,10.0,2.0,1.0,7.0,6.0,2.0,2120.77783203125,1.0,5.0,2.0,1.0,6-11 años,7.660009616252265,0,1,1,0
1,8.0,2.0,1.0,7.0,6.0,2.0,3250.0,1.0,8.0,1.0,1.0,6-11 años,8.086717920303906,0,1,1,0
1,17.0,1.0,1.0,7.0,6.0,2.0,2952.75,3.0,5.0,1.0,1.0,17-19 años,7.990830828501117,0,1,1,0
1,14.0,1.0,1.0,7.0,6.0,2.0,2952.75,3.0,5.0,1.0,1.0,12-14 años,7.990830828501117,0,1,1,0
1,10.0,2.0,1.0,7.0,6.0,2.0,1350.3333740234375,1.0,8.0,1.0,1.0,6-11 años,7.208847068454913,0,1,1,0
0,17.0,1.0,1.0,7.0,6.0,2.0,2088.75,4.0,5.0,1.0,1.0,17-19 años,7.6447997205792655,0,1,1,1
1,11.0,2.0,1.0,7.0,6.0,2.0,2088.75,1.0,5.0,1.0,1.0,6-11 años,7.6447997205792655,0,1,1,0
1,11.0,2.0,1.0,7.0,6.0,2.0,1647.78369140625,1.0,5.0,1.0,1.0,6-11 años,7.407793138337526,0,1,1,0
1,11.0,2.0,1.0,7.0,6.0,2.0,1912.0556640625,1.0,5.0,1.0,1.0,6-11 años,7.556457066801813,0,1,1,0
1,8.0,1.0,1.0,7.0,6.0,2.0,1912.0556640625,1.0,5.0,1.0,1.0,6-11 años,7.556457066801813,0,1,1,0
1,7.0,2.0,1.0,7.0,6.0,2.0,888.2666015625,1.0,6.0,2.0,1.0,6-11 años,6.790397079827758,0,1,1,0
1,18.0,1.0,1.0,7.0,6.0,2.0,1871.449951171875,3.0,5.0,1.0,1.0,17-19 años,7.5350029866880375,0,1,1,0
1,15.0,2.0,1.0,7.0,6.0,2.0,1871.449951171875,3.0,5.0,1.0,1.0,15-16 años,7.5350029866880375,0,1,1,0
1,19.0,2.0,1.0,7.0,6.0,2.0,13271.4501953125,5.0,6.0,2.0,1.0,17-19 años,9.49344575197857,0,1,1,0
1,11.0,1.0,1.0,7.0,6.0,2.0,2850.0,1.0,6.0,1.0,1.0,6-11 años,7.955425088912672,0,1,1,0
1,18.0,1.0,1.0,7.0,6.0,2.0,3338.888916015625,3.0,6.0,1.0,1.0,17-19 años,8.113692826739708,0,1,1,0
1,10.0,1.0,1.0,7.0,6.0,2.0,1307.0399169921875,1.0,5.0,1.0,1.0,6-11 años,7.176285049129617,0,1,1,0
1,19.0,1.0,1.0,7.0,6.0,2.0,1960.620849609375,4.0,5.0,1.0,1.0,17-19 años,7.581526374564573,0,1,1,0
1,11.0,1.0,1.0,7.0,6.0,2.0,1960.620849609375,1.0,5.0,1.0,1.0,6-11 años,7.581526374564573,0,1,1,0
1,19.0,1.0,1.0,7.0,6.0,2.0,2709.537353515625,4.0,8.0,1.0,1.0,17-19 años,7.904902179647909,0,1,1,0
1,17.0,1.0,1.0,7.0,6.0,2.0,2709.537353515625,3.0,8.0,1.0,1.0,17-19 años,7.904902179647909,0,1,1,0
1,17.0,1.0,1.0,7.0,6.0,2.0,2709.537353515625,3.0,8.0,1.0,1.0,17-19 años,7.904902179647909,0,1,1,0
1,16.0,1.0,1.0,7.0,6.0,2.0,2709.537353515625,3.0,8.0,1.0,1.0,15-16 años,7.904902179647909,0,1,1,0
1,13.0,1.0,1.0,7.0,6.0,2.0,2709.537353515625,3.0,8.0,1.0,1.0,12-14 años,7.904902179647909,0,1,1,0
1,10.0,1.0,1.0,7.0,6.0,2.0,2105.333251953125,1.0,8.0,1.0,1.0,6-11 años,7.652703919469386,0,1,1,0
1,8.0,1.0,1.0,7.0,6.0,2.0,2105.333251953125,1.0,8.0,1.0,1.0,6-11 años,7.652703919469386,0,1,1,0
1,13.0,2.0,1.0,7.0,6.0,2.0,2781.419921875,3.0,8.0,1.0,1.0,12-14 años,7.931076303535211,0,1,1,0
1,12.0,2.0,1.0,7.0,6.0,2.0,1634.1666259765625,2.0,8.0,1.0,1.0,12-14 años,7.399499990050958,0,1,1,0
1,7.0,1.0,1.0,7.0,6.0,2.0,1634.1666259765625,1.0,8.0,1.0,1.0,6-11 años,7.399499990050958,0,1,1,0
1,19.0,2.0,1.0,7.0,6.0,2.0,1108.3333740234375,4.0,8.0,1.0,1.0,17-19 años,7.0115145499527705,0,1,1,0
1,12.0,1.0,1.0,7.0,6.0,2.0,2072.419921875,1.0,8.0,2.0,1.0,12-14 años,7.636954659155286,0,1,1,0
1,8.0,2.0,1.0,7.0,6.0,2.0,2072.419921875,1.0,8.0,2.0,1.0,6-11 años,7.636954659155286,0,1,1,0
1,9.0,1.0,1.0,7.0,6.0,2.0,1500.0,1.0,8.0,1.0,1.0,6-11 años,7.313886831633462,0,1,1,0
1,13.0,2.0,1.0,7.0,6.0,2.0,1619.583251953125,2.0,8.0,1.0,1.0,12-14 años,7.390541395500266,0,1,1,0
1,10.0,2.0,1.0,7.0,6.0,2.0,1619.583251953125,1.0,8.0,1.0,1.0,6-11 años,7.390541395500266,0,1,1,0
1,11.0,2.0,1.0,7.0,6.0,2.0,1725.86669921875,1.0,8.0,1.0,1.0,6-11 años,7.454063888843834,0,1,1,0
1,7.0,1.0,1.0,7.0,6.0,2.0,886.0,1.0,8.0,1.0,1.0,6-11 años,6.787844982309579,0,1,1,0
1,12.0,2.0,1.0,7.0,6.0,2.0,1437.5,1.0,8.0,1.0,1.0,12-14 años,7.271356182991602,0,1,1,0
1,6.0,2.0,1.0,7.0,6.0,2.0,1100.1666259765625,0.0,8.0,1.0,1.0,6-11 años,7.004125465850017,0,1,1,0
1,10.0,1.0,1.0,7.0,6.0,2.0,3125.0,1.0,8.0,1.0,1.0,6-11 años,8.047509510981422,0,1,1,0
1,17.0,2.0,1.0,7.0,6.0,2.0,1077.4444580078125,3.0,8.0,1.0,1.0,17-19 años,6.983274965205731,0,1,1,0
1,6.0,1.0,1.0,7.0,6.0,2.0,1077.4444580078125,0.0,8.0,1.0,1.0,6-11 años,6.983274965205731,0,1,1,0
1,18.0,1.0,1.0,7.0,6.0,2.0,1352.2222900390625,4.0,8.0,1.0,1.0,17-19 años,7.21024390886597,0,1,1,0
1,14.0,2.0,1.0,7.0,6.0,2.0,1352.2222900390625,3.0,8.0,1.0,1.0,12-14 años,7.21024390886597,0,1,1,0
1,11.0,2.0,1.0,7.0,6.0,2.0,1352.2222900390625,1.0,8.0,1.0,1.0,6-11 años,7.21024390886597,0,1,1,0
1,11.0,2.0,1.0,7.0,6.0,2.0,1352.2222900390625,1.0,8.0,1.0,1.0,6-11 años,7.21024390886597,0,1,1,0
0,14.0,1.0,1.0,7.0,995.0,2.0,1761.169921875,0.0,8.0,1.0,1.0,12-14 años,7.474301238778846,0,1,1,1
1,14.0,2.0,1.0,7.0,6.0,2.0,4387.37646484375,3.0,8.0,1.0,1.0,12-14 años,8.386714611890888,0,1,1,0
1,11.0,1.0,1.0,7.0,6.0,2.0,4387.37646484375,1.0,8.0,1.0,1.0,6-11 años,8.386714611890888,0,1,1,0
1,15.0,1.0,1.0,7.0,6.0,2.0,13644.3330078125,3.0,8.0,1.0,1.0,15-16 años,9.521152837960981,0,1,1,0
1,8.0,1.0,1.0,7.0,6.0,2.0,9874.5,1.0,8.0,1.0,1.0,6-11 años,9.197812221398912,0,1,1,0
1,18.0,2.0,1.0,7.0,6.0,2.0,7450.0,3.0,6.0,1.0,1.0,17-19 años,8.916103530553727,0,1,1,0
1,15.0,1.0,1.0,7.0,6.0,2.0,7450.0,3.0,6.0,1.0,1.0,15-16 años,8.916103530553727,0,1,1,0
1,13.0,1.0,1.0,7.0,6.0,2.0,6237.5,3.0,6.0,1.0,1.0,12-14 años,8.738495047851076,0,1,1,0
1,16.0,1.0,1.0,7.0,6.0,2.0,9458.333984375,3.0,6.0,1.0,1.0,15-16 años,9.15475725622447,0,1,1,0
1,10.0,1.0,1.0,7.0,6.0,2.0,9458.333984375,1.0,6.0,1.0,1.0,6-11 años,9.15475725622447,0,1,1,0
1,11.0,1.0,1.0,7.0,6.0,2.0,805.0,1.0,5.0,2.0,1.0,6-11 años,6.692083742506628,0,1,1,0
1,10.0,2.0,1.0,7.0,6.0,2.0,750.0,1.0,8.0,2.0,1.0,6-11 años,6.621405651764134,0,1,1,0
1,17.0,1.0,1.0,7.0,6.0,2.0,649.5,3.0,8.0,2.0,1.0,17-19 años,6.47774129795256,0,1,1,0
1,16.0,2.0,1.0,7.0,6.0,2.0,649.5,3.0,8.0,2.0,1.0,15-16 años,6.47774129795256,0,1,1,0
0,18.0,1.0,1.0,7.0,6.0,2.0,1080.4305419921875,4.0,5.0,1.0,1.0,17-19 años,6.986040019560163,0,1,1,1
1,15.0,2.0,1.0,7.0,6.0,2.0,1080.4305419921875,3.0,5.0,1.0,1.0,15-16 años,6.986040019560163,0,1,1,0
0,19.0,2.0,1.0,7.0,6.0,2.0,1080.4305419921875,4.0,5.0,1.0,1.0,17-19 años,6.986040019560163,0,1,1,1
1,12.0,1.0,1.0,7.0,6.0,2.0,4783.33349609375,2.0,8.0,1.0,1.0,12-14 años,8.473102003922726,0,1,1,0
1,18.0,1.0,1.0,7.0,6.0,1.0,1066.666748046875,4.0,6.0,1.0,1.0,17-19 años,6.973230937163533,0,1,1,0
1,10.0,1.0,1.0,7.0,6.0,2.0,1066.666748046875,1.0,6.0,1.0,1.0,6-11 años,6.973230937163533,0,1,1,0
1,16.0,2.0,1.0,7.0,6.0,2.0,3954.7333984375,3.0,6.0,1.0,1.0,15-16 años,8.282921298772363,0,1,1,0
1,16.0,2.0,1.0,7.0,6.0,2.0,5236.04443359375,3.0,6.0,1.0,1.0,15-16 años,8.563512578794525,0,1,1,0
1,14.0,1.0,1.0,7.0,6.0,2.0,1710.3499755859375,3.0,6.0,2.0,1.0,12-14 años,7.445037797444521,0,1,1,0
1,11.0,1.0,1.0,7.0,6.0,2.0,798.885009765625,1.0,6.0,1.0,1.0,6-11 años,6.684467979543692,0,1,1,0
1,15.0,1.0,1.0,7.0,6.0,1.0,1614.0,3.0,5.0,1.0,1.0,15-16 años,7.387090235656757,0,1,1,0
1,13.0,1.0,1.0,7.0,6.0,1.0,1614.0,3.0,5.0,1.0,1.0,12-14 años,7.387090235656757,0,1,1,0
1,17.0,1.0,1.0,7.0,6.0,1.0,1529.2115478515625,3.0,5.0,1.0,1.0,17-19 años,7.333161271398189,0,1,1,0
1,15.0,1.0,1.0,7.0,6.0,1.0,1529.2115478515625,3.0,5.0,1.0,1.0,15-16 años,7.333161271398189,0,1,1,0
1,13.0,2.0,1.0,7.0,6.0,1.0,1529.2115478515625,3.0,5.0,1.0,1.0,12-14 años,7.333161271398189,0,1,1,0
1,12.0,2.0,1.0,7.0,6.0,1.0,1059.767578125,3.0,5.0,1.0,1.0,12-14 años,6.966748055356867,0,1,1,0
1,18.0,1.0,1.0,7.0,6.0,2.0,2144.85009765625,3.0,8.0,1.0,1.0,17-19 años,7.671291068773365,0,1,1,0
1,16.0,1.0,1.0,7.0,6.0,2.0,2144.85009765625,3.0,8.0,1.0,1.0,15-16 años,7.671291068773365,0,1,1,0
1,17.0,2.0,1.0,7.0,6.0,2.0,1820.699951171875,3.0,5.0,1.0,1.0,17-19 años,7.507525383233179,0,1,1,0
1,10.0,1.0,1.0,7.0,6.0,2.0,1820.699951171875,1.0,5.0,1.0,1.0,6-11 años,7.507525383233179,0,1,1,0
1,8.0,1.0,1.0,7.0,6.0,2.0,2529.406494140625,1.0,8.0,1.0,1.0,6-11 años,7.836135238436385,0,1,1,0
1,11.0,1.0,1.0,7.0,6.0,2.0,1062.5333251953125,1.0,8.0,1.0,1.0,6-11 años,6.969351969546915,0,1,1,0
1,17.0,2.0,1.0,7.0,6.0,2.0,468.5277404785156,3.0,5.0,2.0,1.0,17-19 años,6.1517273820541165,0,1,1,0
1,15.0,2.0,1.0,7.0,6.0,2.0,468.5277404785156,3.0,5.0,2.0,1.0,15-16 años,6.1517273820541165,0,1,1,0
1,14.0,2.0,1.0,7.0,6.0,2.0,468.5277404785156,3.0,5.0,2.0,1.0,12-14 años,6.1517273820541165,0,1,1,0
1,15.0,2.0,1.0,7.0,6.0,2.0,2299.0,3.0,8.0,1.0,1.0,15-16 años,7.7406644019172415,0,1,1,0
1,12.0,1.0,1.0,7.0,6.0,2.0,2107.547607421875,1.0,5.0,2.0,1.0,12-14 años,7.653754651742187,0,1,1,0
1,6.0,1.0,1.0,7.0,6.0,2.0,2107.547607421875,0.0,5.0,2.0,1.0,6-11 años,7.653754651742187,0,1,1,0
1,14.0,1.0,1.0,7.0,6.0,2.0,917.4598388671875,3.0,8.0,2.0,1.0,12-14 años,6.822698179003733,0,1,1,0
1,7.0,1.0,1.0,7.0,6.0,2.0,917.4598388671875,0.0,8.0,2.0,1.0,6-11 años,6.822698179003733,0,1,1,0
1,13.0,2.0,1.0,7.0,6.0,2.0,4053.633544921875,3.0,8.0,1.0,1.0,12-14 años,8.307615591299795,0,1,1,0
1,9.0,2.0,1.0,7.0,6.0,2.0,4053.633544921875,1.0,8.0,1.0,1.0,6-11 años,8.307615591299795,0,1,1,0
1,8.0,2.0,1.0,7.0,6.0,2.0,4053.633544921875,1.0,8.0,1.0,1.0,6-11 años,8.307615591299795,0,1,1,0
1,13.0,1.0,1.0,7.0,6.0,2.0,758.3333129882812,2.0,5.0,2.0,1.0,12-14 años,6.632440828545709,0,1,1,0
1,9.0,2.0,1.0,7.0,6.0,2.0,433.0,1.0,5.0,2.0,1.0,6-11 años,6.073044534100405,0,1,1,0
1,12.0,1.0,1.0,7.0,6.0,2.0,783.7333374023438,1.0,5.0,2.0,1.0,12-14 años,6.665343962495485,0,1,1,0
1,11.0,1.0,1.0,7.0,6.0,2.0,783.7333374023438,1.0,5.0,2.0,1.0,6-11 años,6.665343962495485,0,1,1,0
1,17.0,1.0,1.0,7.0,6.0,2.0,613.4166870117188,3.0,5.0,1.0,1.0,17-19 años,6.420673341314443,0,1,1,0
1,7.0,1.0,1.0,7.0,6.0,2.0,613.4166870117188,1.0,5.0,1.0,1.0,6-11 años,6.420673341314443,0,1,1,0
1,14.0,2.0,1.0,7.0,6.0,2.0,1215.7733154296875,2.0,8.0,2.0,1.0,12-14 años,7.103957810584371,0,1,1,0
1,12.0,1.0,1.0,7.0,6.0,2.0,1215.7733154296875,1.0,8.0,2.0,1.0,12-14 años,7.103957810584371,0,1,1,0
1,8.0,1.0,1.0,7.0,6.0,2.0,1215.7733154296875,1.0,8.0,2.0,1.0,6-11 años,7.103957810584371,0,1,1,0
1,18.0,1.0,1.0,7.0,6.0,2.0,500.0,3.0,8.0,1.0,1.0,17-19 años,6.2166061010848646,0,1,1,0
1,8.0,1.0,1.0,7.0,6.0,2.0,500.0,1.0,8.0,1.0,1.0,6-11 años,6.2166061010848646,0,1,1,0
1,16.0,1.0,1.0,7.0,6.0,2.0,942.6333618164062,3.0,7.0,1.0,1.0,15-16 años,6.849737702797034,0,1,1,0
1,17.0,2.0,1.0,7.0,6.0,2.0,3676.133056640625,3.0,8.0,1.0,1.0,17-19 años,8.209888666842005,0,1,1,0
1,15.0,1.0,1.0,7.0,6.0,2.0,909.9249877929688,3.0,8.0,2.0,1.0,15-16 años,6.814460553357135,0,1,1,0
1,7.0,2.0,1.0,7.0,6.0,2.0,909.9249877929688,0.0,8.0,2.0,1.0,6-11 años,6.814460553357135,0,1,1,0
1,12.0,1.0,1.0,7.0,6.0,2.0,618.5714111328125,1.0,8.0,1.0,1.0,12-14 años,6.429027966633797,0,1,1,0
1,10.0,2.0,1.0,7.0,6.0,2.0,618.5714111328125,1.0,8.0,1.0,1.0,6-11 años,6.429027966633797,0,1,1,0
1,8.0,1.0,1.0,7.0,6.0,2.0,618.5714111328125,1.0,8.0,1.0,1.0,6-11 años,6.429027966633797,0,1,1,0
1,6.0,2.0,1.0,7.0,6.0,2.0,618.5714111328125,0.0,8.0,1.0,1.0,6-11 años,6.429027966633797,0,1,1,0
1,17.0,1.0,1.0,7.0,6.0,2.0,1279.023681640625,3.0,5.0,2.0,1.0,17-19 años,7.154633858024255,0,1,1,0
1,14.0,2.0,1.0,7.0,6.0,2.0,1279.023681640625,3.0,5.0,2.0,1.0,12-14 años,7.154633858024255,0,1,1,0
1,10.0,1.0,1.0,7.0,6.0,2.0,1279.023681640625,1.0,5.0,2.0,1.0,6-11 años,7.154633858024255,0,1,1,0
1,7.0,2.0,1.0,7.0,6.0,2.0,1279.023681640625,1.0,5.0,2.0,1.0,6-11 años,7.154633858024255,0,1,1,0
1,8.0,1.0,1.0,7.0,6.0,2.0,1660.4443359375,1.0,5.0,1.0,1.0,6-11 años,7.4154425849388215,0,1,1,0
1,11.0,2.0,1.0,7.0,6.0,2.0,403.0333251953125,1.0,5.0,2.0,1.0,6-11 años,6.001497362666402,0,1,1,0
1,10.0,2.0,1.0,7.0,6.0,2.0,403.0333251953125,1.0,5.0,2.0,1.0,6-11 años,6.001497362666402,0,1,1,0
1,10.0,2.0,1.0,7.0,6.0,2.0,958.3333740234375,1.0,5.0,5.0,1.0,6-11 años,6.866238641194182,0,1,0,0
1,6.0,2.0,1.0,7.0,6.0,2.0,958.3333740234375,0.0,5.0,5.0,1.0,6-11 años,6.866238641194182,0,1,0,0
1,17.0,2.0,1.0,7.0,6.0,2.0,1775.0,3.0,8.0,1.0,1.0,17-19 años,7.4821189235521155,0,1,1,0
1,10.0,2.0,1.0,7.0,6.0,2.0,1775.0,1.0,8.0,1.0,1.0,6-11 años,7.4821189235521155,0,1,1,0
1,18.0,2.0,1.0,7.0,6.0,2.0,1290.4749755859375,3.0,7.0,2.0,1.0,17-19 años,7.163540236108094,0,1,1,0
1,12.0,1.0,1.0,7.0,6.0,2.0,833.3333129882812,1.0,5.0,1.0,1.0,12-14 años,6.726632978378864,0,1,1,0
1,9.0,1.0,1.0,7.0,6.0,2.0,833.3333129882812,1.0,5.0,1.0,1.0,6-11 años,6.726632978378864,0,1,1,0
1,6.0,2.0,1.0,7.0,6.0,2.0,1412.5,0.0,5.0,2.0,1.0,6-11 años,7.253824177133645,0,1,1,0
1,8.0,1.0,1.0,7.0,6.0,2.0,2096.65966796875,1.0,8.0,2.0,1.0,6-11 años,7.64857755843283,0,1,1,0
1,15.0,2.0,1.0,7.0,6.0,2.0,1254.3074951171875,3.0,6.0,2.0,1.0,15-16 años,7.135135837583991,0,1,1,0
1,11.0,2.0,1.0,7.0,6.0,2.0,1254.3074951171875,1.0,6.0,2.0,1.0,6-11 años,7.135135837583991,0,1,1,0
1,16.0,1.0,1.0,7.0,6.0,2.0,1659.9000244140625,3.0,6.0,2.0,1.0,15-16 años,7.41511491780425,0,1,1,0
1,12.0,2.0,1.0,7.0,6.0,2.0,1659.9000244140625,2.0,6.0,2.0,1.0,12-14 años,7.41511491780425,0,1,1,0
1,18.0,1.0,1.0,7.0,6.0,2.0,924.2999877929688,3.0,6.0,1.0,1.0,17-19 años,6.830117996062473,0,1,1,0
1,19.0,1.0,1.0,7.0,6.0,2.0,3490.139892578125,3.0,6.0,1.0,1.0,17-19 años,8.157983578653385,0,1,1,0
1,19.0,2.0,1.0,7.0,6.0,2.0,1920.840087890625,5.0,5.0,2.0,1.0,17-19 años,7.5610383851794785,0,1,1,0
1,13.0,2.0,1.0,7.0,6.0,2.0,971.3499755859375,2.0,5.0,2.0,1.0,12-14 años,6.879715796842584,0,1,1,0
1,9.0,2.0,1.0,7.0,6.0,2.0,971.3499755859375,1.0,5.0,2.0,1.0,6-11 años,6.879715796842584,0,1,1,0
1,6.0,2.0,1.0,7.0,6.0,2.0,971.3499755859375,0.0,5.0,2.0,1.0,6-11 años,6.879715796842584,0,1,1,0
0,19.0,2.0,1.0,7.0,6.0,2.0,1086.5543212890625,3.0,7.0,2.0,1.0,17-19 años,6.991686712325981,0,1,1,1
1,14.0,1.0,1.0,7.0,6.0,2.0,1086.5543212890625,2.0,7.0,2.0,1.0,12-14 años,6.991686712325981,0,1,1,0
1,10.0,1.0,1.0,7.0,6.0,2.0,1086.5543212890625,1.0,7.0,2.0,1.0,6-11 años,6.991686712325981,0,1,1,0
1,9.0,1.0,1.0,7.0,6.0,2.0,1384.1666259765625,1.0,8.0,2.0,1.0,6-11 años,7.2335757189493695,0,1,1,0
1,16.0,2.0,1.0,7.0,6.0,2.0,1226.8333740234375,3.0,7.0,2.0,1.0,15-16 años,7.11300641059452,0,1,1,0
1,18.0,2.0,1.0,7.0,6.0,2.0,1827.7618408203125,4.0,5.0,2.0,1.0,17-19 años,7.511394427129675,0,1,1,0
1,8.0,1.0,1.0,7.0,6.0,2.0,1827.7618408203125,1.0,5.0,2.0,1.0,6-11 años,7.511394427129675,0,1,1,0
1,12.0,2.0,1.0,7.0,6.0,2.0,1319.0,1.0,5.0,2.0,1.0,12-14 años,7.1853870155804165,0,1,1,0
1,19.0,1.0,1.0,7.0,6.0,2.0,1319.0,4.0,5.0,2.0,1.0,17-19 años,7.1853870155804165,0,1,1,0
0,19.0,1.0,1.0,7.0,6.0,2.0,1236.4000244140625,4.0,5.0,2.0,1.0,17-19 años,7.120767702827018,0,1,1,1
1,11.0,2.0,1.0,7.0,6.0,2.0,1236.4000244140625,1.0,5.0,2.0,1.0,6-11 años,7.120767702827018,0,1,1,0
1,7.0,2.0,1.0,7.0,6.0,2.0,1236.4000244140625,0.0,5.0,2.0,1.0,6-11 años,7.120767702827018,0,1,1,0
1,13.0,1.0,1.0,7.0,6.0,2.0,1050.0,3.0,5.0,2.0,1.0,12-14 años,6.957497370876951,0,1,1,0
1,18.0,2.0,1.0,7.0,6.0,2.0,703.7222290039062,4.0,5.0,1.0,1.0,17-19 años,6.557803723760419,0,1,1,0
1,8.0,1.0,1.0,7.0,6.0,2.0,1811.949951171875,1.0,6.0,1.0,1.0,6-11 años,7.502710604842578,0,1,1,0
1,14.0,1.0,1.0,7.0,6.0,2.0,2643.64013671875,3.0,5.0,1.0,1.0,12-14 años,7.880290280865586,0,1,1,0
1,11.0,2.0,1.0,7.0,6.0,2.0,2643.64013671875,1.0,5.0,1.0,1.0,6-11 años,7.880290280865586,0,1,1,0
1,14.0,2.0,1.0,7.0,6.0,2.0,1159.833251953125,3.0,5.0,1.0,1.0,12-14 años,7.05689334688086,0,1,1,0
1,12.0,1.0,1.0,7.0,6.0,2.0,1159.833251953125,2.0,5.0,1.0,1.0,12-14 años,7.05689334688086,0,1,1,0
1,6.0,2.0,1.0,7.0,6.0,2.0,1159.833251953125,0.0,5.0,1.0,1.0,6-11 años,7.05689334688086,0,1,1,0
1,6.0,2.0,1.0,7.0,6.0,2.0,1139.14990234375,0.0,1.0,1.0,1.0,6-11 años,7.038915026028048,0,1,1,0
1,13.0,1.0,1.0,7.0,6.0,2.0,862.75,3.0,5.0,2.0,1.0,12-14 años,6.76128337508188,0,1,1,0
1,11.0,1.0,1.0,7.0,6.0,2.0,862.75,1.0,5.0,2.0,1.0,6-11 años,6.76128337508188,0,1,1,0
1,8.0,1.0,1.0,7.0,6.0,2.0,862.75,1.0,5.0,2.0,1.0,6-11 años,6.76128337508188,0,1,1,0
1,18.0,1.0,1.0,7.0,6.0,2.0,265.8133239746094,4.0,6.0,1.0,1.0,17-19 años,5.58654925272933,0,1,1,0
0,15.0,1.0,1.0,7.0,6.0,2.0,265.8133239746094,3.0,6.0,1.0,1.0,15-16 años,5.58654925272933,0,1,1,1
1,16.0,1.0,1.0,7.0,6.0,2.0,3943.89990234375,3.0,8.0,1.0,1.0,15-16 años,8.280178859661172,0,1,1,0
1,13.0,1.0,1.0,7.0,6.0,2.0,3943.89990234375,3.0,8.0,1.0,1.0,12-14 años,8.280178859661172,0,1,1,0
1,15.0,1.0,1.0,7.0,6.0,2.0,3345.77490234375,3.0,8.0,2.0,1.0,15-16 años,8.115752445392415,0,1,1,0
1,13.0,1.0,1.0,7.0,6.0,2.0,3345.77490234375,3.0,8.0,2.0,1.0,12-14 años,8.115752445392415,0,1,1,0
1,18.0,2.0,1.0,7.0,6.0,2.0,3345.77490234375,4.0,8.0,2.0,1.0,17-19 años,8.115752445392415,0,1,1,0
1,8.0,2.0,1.0,7.0,6.0,2.0,779.138916015625,1.0,1.0,2.0,1.0,6-11 años,6.659472001282098,0,1,1,0
1,6.0,2.0,1.0,7.0,6.0,2.0,779.138916015625,0.0,1.0,2.0,1.0,6-11 años,6.659472001282098,0,1,1,0
1,11.0,1.0,1.0,7.0,6.0,2.0,779.138916015625,1.0,1.0,2.0,1.0,6-11 años,6.659472001282098,0,1,1,0
1,18.0,1.0,1.0,7.0,6.0,2.0,1030.0,3.0,5.0,1.0,1.0,17-19 años,6.93828448401696,0,1,1,0
1,10.0,2.0,1.0,7.0,6.0,2.0,1030.0,1.0,5.0,1.0,1.0,6-11 años,6.93828448401696,0,1,1,0
1,17.0,2.0,1.0,7.0,6.0,2.0,4433.91650390625,3.0,5.0,1.0,1.0,17-19 años,8.39726406793878,0,1,1,0
1,13.0,2.0,1.0,7.0,6.0,2.0,306.0,2.0,8.0,1.0,1.0,12-14 años,5.726847747587197,0,1,1,0
1,8.0,2.0,1.0,7.0,6.0,2.0,306.0,1.0,8.0,1.0,1.0,6-11 años,5.726847747587197,0,1,1,0
1,6.0,2.0,1.0,7.0,6.0,2.0,349.5,0.0,8.0,2.0,1.0,6-11 años,5.859360706474645,0,1,1,0
1,16.0,1.0,1.0,7.0,6.0,2.0,405.2666320800781,3.0,8.0,2.0,1.0,15-16 años,6.007009673310716,0,1,1,0
1,10.0,1.0,1.0,7.0,6.0,2.0,405.2666320800781,1.0,8.0,2.0,1.0,6-11 años,6.007009673310716,0,1,1,0
1,19.0,1.0,1.0,7.0,6.0,2.0,590.0,5.0,8.0,2.0,1.0,17-19 años,6.3818160174060985,0,1,1,0
1,11.0,2.0,1.0,7.0,6.0,2.0,1464.833251953125,1.0,5.0,1.0,1.0,6-11 años,7.290179132425552,0,1,1,0
1,7.0,2.0,1.0,7.0,6.0,2.0,1464.833251953125,1.0,5.0,1.0,1.0,6-11 años,7.290179132425552,0,1,1,0
1,13.0,2.0,1.0,7.0,6.0,1.0,1015.6732788085938,3.0,8.0,1.0,1.0,12-14 años,6.924291084658356,0,1,1,0
1,7.0,1.0,1.0,7.0,6.0,2.0,1144.3333740234375,0.0,6.0,1.0,1.0,6-11 años,7.043451029962902,0,1,1,0
1,12.0,1.0,1.0,7.0,6.0,2.0,3375.9443359375,3.0,6.0,1.0,1.0,12-14 años,8.124726536962035,0,1,1,0
1,6.0,1.0,1.0,7.0,6.0,2.0,3375.9443359375,0.0,6.0,1.0,1.0,6-11 años,8.124726536962035,0,1,1,0
1,15.0,2.0,1.0,7.0,6.0,2.0,2156.5,3.0,6.0,1.0,1.0,15-16 años,7.676705422957583,0,1,1,0
1,19.0,1.0,1.0,7.0,6.0,2.0,989.7000122070312,3.0,5.0,2.0,1.0,17-19 años,6.898411776300607,0,1,1,0
1,11.0,2.0,1.0,7.0,6.0,2.0,989.7000122070312,1.0,5.0,2.0,1.0,6-11 años,6.898411776300607,0,1,1,0
1,6.0,2.0,1.0,7.0,6.0,2.0,989.7000122070312,0.0,5.0,2.0,1.0,6-11 años,6.898411776300607,0,1,1,0
1,10.0,2.0,1.0,7.0,6.0,2.0,2415.324951171875,1.0,5.0,1.0,1.0,6-11 años,7.79000304966767,0,1,1,0
1,7.0,1.0,1.0,7.0,6.0,2.0,2415.324951171875,0.0,5.0,1.0,1.0,6-11 años,7.79000304966767,0,1,1,0
1,19.0,2.0,1.0,7.0,6.0,2.0,1277.3499755859375,5.0,8.0,1.0,1.0,17-19 años,7.153325443759798,0,1,1,0
1,15.0,2.0,1.0,7.0,6.0,2.0,1277.3499755859375,3.0,8.0,1.0,1.0,15-16 años,7.153325443759798,0,1,1,0
1,13.0,1.0,1.0,7.0,6.0,2.0,1277.3499755859375,3.0,8.0,1.0,1.0,12-14 años,7.153325443759798,0,1,1,0
1,10.0,2.0,1.0,7.0,6.0,1.0,1043.791748046875,1.0,5.0,2.0,1.0,6-11 años,6.951572860373513,0,1,1,0
1,8.0,1.0,1.0,7.0,6.0,2.0,801.7622680664062,1.0,8.0,1.0,1.0,6-11 años,6.688058615402091,0,1,1,0
1,8.0,1.0,1.0,7.0,6.0,2.0,801.7622680664062,1.0,8.0,1.0,1.0,6-11 años,6.688058615402091,0,1,1,0
1,7.0,2.0,1.0,7.0,6.0,2.0,801.7622680664062,0.0,8.0,1.0,1.0,6-11 años,6.688058615402091,0,1,1,0
1,13.0,1.0,1.0,7.0,6.0,2.0,1653.4332275390625,3.0,8.0,2.0,1.0,12-14 años,7.4112137684566335,0,1,1,0
1,10.0,1.0,1.0,7.0,6.0,2.0,1653.4332275390625,1.0,8.0,2.0,1.0,6-11 años,7.4112137684566335,0,1,1,0
1,15.0,1.0,1.0,7.0,6.0,2.0,3621.389892578125,3.0,8.0,1.0,1.0,15-16 años,8.194889278309319,0,1,1,0
1,10.0,1.0,1.0,7.0,6.0,2.0,1177.7777099609375,1.0,6.0,1.0,1.0,6-11 años,7.072233341591562,0,1,1,0
1,12.0,1.0,1.0,7.0,6.0,2.0,1740.3333740234375,3.0,6.0,1.0,1.0,12-14 años,7.4624064056553685,0,1,1,0
1,10.0,1.0,1.0,7.0,6.0,2.0,1740.3333740234375,1.0,6.0,1.0,1.0,6-11 años,7.4624064056553685,0,1,1,0
1,14.0,1.0,1.0,7.0,6.0,2.0,1653.268310546875,3.0,6.0,1.0,1.0,12-14 años,7.411114081621525,0,1,1,0
1,13.0,1.0,1.0,7.0,6.0,2.0,1653.268310546875,2.0,6.0,1.0,1.0,12-14 años,7.411114081621525,0,1,1,0
1,19.0,2.0,1.0,7.0,6.0,2.0,73979.3984375,4.0,8.0,1.0,1.0,17-19 años,11.21155545111809,0,1,1,0
1,17.0,1.0,1.0,7.0,6.0,2.0,73979.3984375,3.0,8.0,1.0,1.0,17-19 años,11.21155545111809,0,1,1,0
1,6.0,2.0,1.0,7.0,6.0,2.0,73979.3984375,0.0,8.0,1.0,1.0,6-11 años,11.21155545111809,0,1,1,0
1,17.0,1.0,1.0,7.0,6.0,1.0,2962.75,3.0,8.0,1.0,1.0,17-19 años,7.994210637379616,0,1,1,0
1,13.0,1.0,1.0,7.0,6.0,1.0,2962.75,2.0,8.0,1.0,1.0,12-14 años,7.994210637379616,0,1,1,0
1,10.0,2.0,1.0,7.0,6.0,2.0,1633.3333740234375,1.0,5.0,1.0,1.0,6-11 años,7.398990277880189,0,1,1,0
1,6.0,1.0,1.0,7.0,6.0,2.0,2263.316650390625,0.0,6.0,2.0,1.0,6-11 años,7.725028292789864,0,1,1,0
1,12.0,1.0,1.0,7.0,6.0,2.0,1633.3333740234375,2.0,5.0,1.0,1.0,12-14 años,7.398990277880189,0,1,1,0
1,18.0,1.0,1.0,7.0,6.0,2.0,1299.0,4.0,6.0,2.0,1.0,17-19 años,7.170119543449628,0,1,1,0
1,16.0,1.0,1.0,7.0,6.0,2.0,1372.666748046875,3.0,8.0,1.0,1.0,15-16 años,7.22523890191376,0,1,1,0
1,15.0,1.0,1.0,7.0,6.0,2.0,719.1666259765625,3.0,7.0,2.0,1.0,15-16 años,6.579482610202922,0,1,1,0
1,8.0,1.0,1.0,7.0,6.0,2.0,719.1666259765625,1.0,7.0,2.0,1.0,6-11 años,6.579482610202922,0,1,1,0
1,6.0,2.0,1.0,7.0,6.0,2.0,1400.0,0.0,8.0,2.0,1.0,6-11 años,7.244941546337007,0,1,1,0
1,19.0,2.0,1.0,7.0,6.0,2.0,2712.25,5.0,8.0,1.0,1.0,17-19 años,7.905902457326125,0,1,1,0
1,16.0,2.0,1.0,7.0,6.0,2.0,493.71905517578125,3.0,8.0,1.0,1.0,15-16 años,6.203990036141083,0,1,1,0
1,13.0,2.0,1.0,7.0,6.0,2.0,493.71905517578125,3.0,8.0,1.0,1.0,12-14 años,6.203990036141083,0,1,1,0
1,12.0,1.0,1.0,7.0,6.0,2.0,493.71905517578125,2.0,8.0,1.0,1.0,12-14 años,6.203990036141083,0,1,1,0
1,10.0,1.0,1.0,7.0,6.0,2.0,493.71905517578125,1.0,8.0,1.0,1.0,6-11 años,6.203990036141083,0,1,1,0
1,18.0,2.0,1.0,7.0,6.0,2.0,493.71905517578125,4.0,8.0,1.0,1.0,17-19 años,6.203990036141083,0,1,1,0
1,14.0,2.0,1.0,7.0,6.0,2.0,809.4000244140625,3.0,8.0,1.0,1.0,12-14 años,6.697527983060414,0,1,1,0
1,13.0,2.0,1.0,7.0,6.0,2.0,809.4000244140625,2.0,8.0,1.0,1.0,12-14 años,6.697527983060414,0,1,1,0
1,10.0,1.0,1.0,7.0,6.0,2.0,809.4000244140625,1.0,8.0,1.0,1.0,6-11 años,6.697527983060414,0,1,1,0
1,8.0,2.0,1.0,7.0,6.0,2.0,809.4000244140625,1.0,8.0,1.0,1.0,6-11 años,6.697527983060414,0,1,1,0
1,12.0,1.0,1.0,7.0,6.0,2.0,367.23333740234375,1.0,6.0,1.0,1.0,12-14 años,5.908716806260207,0,1,1,0
1,8.0,1.0,1.0,7.0,6.0,2.0,367.23333740234375,1.0,6.0,1.0,1.0,6-11 años,5.908716806260207,0,1,1,0
1,14.0,1.0,1.0,7.0,6.0,2.0,1802.3333740234375,3.0,6.0,1.0,1.0,12-14 años,7.497392105736246,0,1,1,0
1,9.0,2.0,1.0,7.0,6.0,2.0,1802.3333740234375,1.0,6.0,1.0,1.0,6-11 años,7.497392105736246,0,1,1,0
0,19.0,2.0,1.0,7.0,6.0,2.0,1386.433349609375,3.0,5.0,2.0,1.0,17-19 años,7.235210808149241,0,1,1,1
1,12.0,1.0,1.0,7.0,6.0,2.0,843.6666259765625,2.0,5.0,2.0,1.0,12-14 años,6.738942024040001,0,1,1,0
1,15.0,1.0,1.0,7.0,6.0,2.0,962.9666748046875,3.0,5.0,2.0,1.0,15-16 años,6.8710567243083185,0,1,1,0
1,7.0,2.0,1.0,7.0,6.0,2.0,962.9666748046875,1.0,5.0,2.0,1.0,6-11 años,6.8710567243083185,0,1,1,0
1,18.0,2.0,1.0,7.0,6.0,2.0,605.0,3.0,8.0,2.0,1.0,17-19 años,6.406879986069314,0,1,1,0
1,7.0,2.0,1.0,7.0,6.0,2.0,605.0,1.0,8.0,2.0,1.0,6-11 años,6.406879986069314,0,1,1,0
1,17.0,2.0,1.0,7.0,6.0,2.0,400.3125,3.0,5.0,2.0,1.0,17-19 años,5.994740425554268,0,1,1,0
1,12.0,2.0,1.0,7.0,6.0,2.0,400.3125,1.0,5.0,2.0,1.0,12-14 años,5.994740425554268,0,1,1,0
1,7.0,2.0,1.0,7.0,6.0,2.0,400.3125,1.0,5.0,2.0,1.0,6-11 años,5.994740425554268,0,1,1,0
1,11.0,2.0,1.0,7.0,6.0,2.0,400.3125,1.0,5.0,2.0,1.0,6-11 años,5.994740425554268,0,1,1,0
1,9.0,2.0,1.0,7.0,6.0,2.0,400.3125,1.0,5.0,2.0,1.0,6-11 años,5.994740425554268,0,1,1,0
1,16.0,1.0,1.0,7.0,6.0,2.0,1385.4166259765625,3.0,8.0,1.0,1.0,15-16 años,7.2344777305226255,0,1,1,0
1,13.0,2.0,1.0,7.0,6.0,2.0,1385.4166259765625,3.0,8.0,1.0,1.0,12-14 años,7.2344777305226255,0,1,1,0
1,11.0,1.0,1.0,7.0,6.0,2.0,1385.4166259765625,1.0,8.0,1.0,1.0,6-11 años,7.2344777305226255,0,1,1,0
1,8.0,1.0,1.0,7.0,6.0,2.0,1724.1944580078125,1.0,8.0,2.0,1.0,6-11 años,7.453095052391884,0,1,1,0
1,15.0,1.0,1.0,7.0,6.0,2.0,1724.1944580078125,3.0,8.0,2.0,1.0,15-16 años,7.453095052391884,0,1,1,0
1,14.0,2.0,1.0,7.0,6.0,2.0,786.2666625976562,2.0,1.0,2.0,1.0,12-14 años,6.6685670253305425,0,1,1,0
1,13.0,2.0,1.0,7.0,6.0,2.0,786.2666625976562,1.0,1.0,2.0,1.0,12-14 años,6.6685670253305425,0,1,1,0
1,12.0,1.0,1.0,7.0,6.0,2.0,786.2666625976562,1.0,1.0,2.0,1.0,12-14 años,6.6685670253305425,0,1,1,0
1,6.0,2.0,1.0,7.0,6.0,2.0,4108.33349609375,0.0,6.0,1.0,1.0,6-11 años,8.321016127939341,0,1,1,0
1,16.0,1.0,1.0,7.0,6.0,2.0,1476.6666259765625,3.0,5.0,1.0,1.0,15-16 años,7.298219518540216,0,1,1,0
1,8.0,1.0,1.0,7.0,6.0,2.0,1476.6666259765625,1.0,5.0,1.0,1.0,6-11 años,7.298219518540216,0,1,1,0
1,9.0,2.0,1.0,7.0,6.0,2.0,1911.5999755859375,1.0,6.0,1.0,1.0,6-11 años,7.556218839150587,0,1,1,0
1,13.0,1.0,1.0,7.0,6.0,2.0,1911.5999755859375,3.0,6.0,1.0,1.0,12-14 años,7.556218839150587,0,1,1,0
1,8.0,2.0,1.0,7.0,6.0,2.0,1911.5999755859375,1.0,6.0,1.0,1.0,6-11 años,7.556218839150587,0,1,1,0
1,16.0,1.0,1.0,7.0,6.0,2.0,1416.6666259765625,3.0,8.0,1.0,1.0,15-16 años,7.256767577883357,0,1,1,0
1,18.0,2.0,1.0,7.0,6.0,2.0,6285.11328125,3.0,8.0,2.0,1.0,17-19 años,8.746098238393033,0,1,1,0
1,14.0,2.0,1.0,7.0,6.0,2.0,6285.11328125,3.0,8.0,2.0,1.0,12-14 años,8.746098238393033,0,1,1,0
1,7.0,2.0,1.0,7.0,6.0,2.0,963.7999877929688,1.0,8.0,1.0,1.0,6-11 años,6.871920813320525,0,1,1,0
1,16.0,1.0,1.0,7.0,6.0,2.0,1927.1666259765625,3.0,8.0,1.0,1.0,15-16 años,7.564324895697832,0,1,1,0
1,11.0,2.0,1.0,7.0,6.0,2.0,1927.1666259765625,1.0,8.0,1.0,1.0,6-11 años,7.564324895697832,0,1,1,0
1,15.0,1.0,1.0,7.0,6.0,2.0,4366.08349609375,3.0,6.0,2.0,1.0,15-16 años,8.381850673086099,0,1,1,0
1,9.0,2.0,1.0,7.0,6.0,2.0,1621.875,1.0,8.0,1.0,1.0,6-11 años,7.3919545466804175,0,1,1,0
1,17.0,2.0,1.0,7.0,6.0,2.0,309.79998779296875,3.0,5.0,2.0,1.0,17-19 años,5.7391495792173295,0,1,1,0
1,17.0,2.0,1.0,7.0,6.0,2.0,309.79998779296875,3.0,5.0,2.0,1.0,17-19 años,5.7391495792173295,0,1,1,0
1,11.0,1.0,1.0,7.0,6.0,2.0,309.79998779296875,1.0,5.0,2.0,1.0,6-11 años,5.7391495792173295,0,1,1,0
1,16.0,1.0,1.0,7.0,6.0,2.0,487.125,3.0,8.0,1.0,1.0,15-16 años,6.19057152059395,0,1,1,0
1,11.0,2.0,1.0,7.0,6.0,2.0,487.125,1.0,8.0,1.0,1.0,6-11 años,6.19057152059395,0,1,1,0
1,11.0,2.0,1.0,7.0,6.0,2.0,1805.949951171875,1.0,8.0,1.0,1.0,6-11 años,7.499395593015447,0,1,1,0
1,10.0,1.0,1.0,7.0,6.0,1.0,2146.05859375,1.0,8.0,2.0,1.0,6-11 años,7.671854088493813,0,1,1,0
1,8.0,1.0,1.0,7.0,6.0,1.0,2146.05859375,1.0,8.0,2.0,1.0,6-11 años,7.671854088493813,0,1,1,0
1,6.0,2.0,1.0,7.0,6.0,2.0,9904.875,0.0,5.0,1.0,1.0,6-11 años,9.200883294453586,0,1,1,0
1,14.0,2.0,1.0,7.0,6.0,2.0,1496.7916259765625,3.0,6.0,1.0,1.0,12-14 años,7.311747052917386,0,1,1,0
1,9.0,1.0,1.0,7.0,6.0,2.0,2040.4443359375,1.0,6.0,1.0,1.0,6-11 años,7.62141284413147,0,1,1,0
1,12.0,1.0,1.0,7.0,6.0,2.0,846.3333129882812,2.0,5.0,2.0,1.0,12-14 años,6.742094139070606,0,1,1,0
0,18.0,2.0,1.0,7.0,6.0,1.0,1566.362548828125,3.0,8.0,1.0,1.0,17-19 años,7.357149580514319,0,1,1,1
1,14.0,2.0,1.0,7.0,6.0,1.0,1566.362548828125,2.0,8.0,1.0,1.0,12-14 años,7.357149580514319,0,1,1,0
1,10.0,1.0,1.0,7.0,6.0,1.0,1566.362548828125,1.0,8.0,1.0,1.0,6-11 años,7.357149580514319,0,1,1,0
1,11.0,2.0,1.0,7.0,6.0,2.0,2458.20849609375,1.0,8.0,1.0,1.0,6-11 años,7.807594827598528,0,1,1,0
1,8.0,2.0,1.0,7.0,6.0,2.0,2458.20849609375,1.0,8.0,1.0,1.0,6-11 años,7.807594827598528,0,1,1,0
1,15.0,2.0,1.0,7.0,6.0,2.0,1416.191650390625,3.0,5.0,1.0,1.0,15-16 años,7.256432481350073,0,1,1,0
0,18.0,1.0,1.0,7.0,6.0,2.0,1235.75,1.0,4.0,1.0,1.0,17-19 años,7.120242250107818,0,1,1,1
0,16.0,1.0,1.0,7.0,6.0,2.0,1235.75,3.0,4.0,1.0,1.0,15-16 años,7.120242250107818,0,1,1,1
1,15.0,2.0,1.0,7.0,6.0,2.0,1235.75,1.0,4.0,1.0,1.0,15-16 años,7.120242250107818,0,1,1,0
1,13.0,1.0,1.0,7.0,6.0,2.0,1235.75,1.0,4.0,1.0,1.0,12-14 años,7.120242250107818,0,1,1,0
1,12.0,2.0,1.0,7.0,6.0,2.0,1235.75,1.0,4.0,1.0,1.0,12-14 años,7.120242250107818,0,1,1,0
1,9.0,1.0,1.0,7.0,6.0,2.0,1235.75,1.0,4.0,1.0,1.0,6-11 años,7.120242250107818,0,1,1,0
1,12.0,2.0,1.0,7.0,6.0,2.0,851.111083984375,2.0,8.0,1.0,1.0,12-14 años,6.7477168985938984,0,1,1,0
1,15.0,1.0,1.0,7.0,6.0,2.0,1603.3333740234375,3.0,8.0,1.0,1.0,15-16 años,7.380463605997624,0,1,1,0
1,14.0,1.0,1.0,7.0,6.0,2.0,1603.3333740234375,3.0,8.0,1.0,1.0,12-14 años,7.380463605997624,0,1,1,0
1,8.0,1.0,1.0,7.0,6.0,2.0,495.4583435058594,1.0,6.0,2.0,1.0,6-11 años,6.207499579675088,0,1,1,0
1,10.0,2.0,1.0,7.0,6.0,2.0,955.1666870117188,1.0,5.0,2.0,1.0,6-11 años,6.862932256651542,0,1,1,0
1,14.0,2.0,1.0,7.0,6.0,2.0,1208.0,3.0,8.0,1.0,1.0,12-14 años,7.097548850614793,0,1,1,0
1,6.0,1.0,1.0,7.0,6.0,2.0,1208.0,0.0,8.0,1.0,1.0,6-11 años,7.097548850614793,0,1,1,0
1,16.0,2.0,1.0,7.0,6.0,2.0,1208.0,3.0,8.0,1.0,1.0,15-16 años,7.097548850614793,0,1,1,0
1,6.0,2.0,1.0,7.0,6.0,2.0,1208.0,0.0,8.0,1.0,1.0,6-11 años,7.097548850614793,0,1,1,0
1,19.0,2.0,1.0,7.0,6.0,2.0,793.8333129882812,4.0,5.0,2.0,1.0,17-19 años,6.678132423473542,0,1,1,0
0,17.0,1.0,1.0,7.0,6.0,2.0,1040.0,3.0,5.0,2.0,1.0,17-19 años,6.947937068614969,0,1,1,1
1,14.0,2.0,1.0,7.0,6.0,2.0,1040.0,3.0,5.0,2.0,1.0,12-14 años,6.947937068614969,0,1,1,0
1,7.0,1.0,1.0,7.0,6.0,2.0,1040.0,1.0,5.0,2.0,1.0,6-11 años,6.947937068614969,0,1,1,0
1,11.0,2.0,1.0,7.0,6.0,2.0,1133.3333740234375,1.0,8.0,2.0,1.0,6-11 años,7.033800421704178,0,1,1,0
1,9.0,1.0,1.0,7.0,6.0,2.0,1133.3333740234375,1.0,8.0,2.0,1.0,6-11 años,7.033800421704178,0,1,1,0
1,14.0,1.0,1.0,7.0,6.0,2.0,1754.1666259765625,3.0,8.0,1.0,1.0,12-14 años,7.470319074969499,0,1,1,0
1,13.0,1.0,1.0,7.0,6.0,2.0,1754.1666259765625,3.0,8.0,1.0,1.0,12-14 años,7.470319074969499,0,1,1,0
1,14.0,2.0,1.0,7.0,6.0,2.0,850.8333129882812,3.0,8.0,1.0,1.0,12-14 años,6.747390865656383,0,1,1,0
1,10.0,2.0,1.0,7.0,6.0,2.0,900.5833129882812,1.0,5.0,1.0,1.0,6-11 años,6.804152454333659,0,1,1,0
1,6.0,2.0,1.0,7.0,6.0,2.0,900.5833129882812,0.0,5.0,1.0,1.0,6-11 años,6.804152454333659,0,1,1,0
1,9.0,1.0,1.0,7.0,6.0,2.0,115.25999450683594,1.0,5.0,2.0,1.0,6-11 años,4.7558290150242435,0,1,1,0
1,15.0,2.0,1.0,7.0,6.0,2.0,628.7000122070312,3.0,5.0,2.0,1.0,15-16 años,6.445243534880168,0,1,1,0
1,11.0,1.0,1.0,7.0,6.0,2.0,628.7000122070312,1.0,5.0,2.0,1.0,6-11 años,6.445243534880168,0,1,1,0
1,10.0,1.0,1.0,7.0,6.0,2.0,1820.4833984375,1.0,5.0,2.0,1.0,6-11 años,7.507406502181171,0,1,1,0
1,9.0,2.0,1.0,7.0,6.0,2.0,2110.39990234375,1.0,5.0,1.0,1.0,6-11 años,7.655106467303699,0,1,1,0
1,9.0,2.0,1.0,7.0,6.0,2.0,2110.39990234375,1.0,5.0,1.0,1.0,6-11 años,7.655106467303699,0,1,1,0
1,9.0,2.0,1.0,7.0,6.0,2.0,832.9533081054688,1.0,5.0,1.0,1.0,6-11 años,6.726177415306451,0,1,1,0
1,6.0,2.0,1.0,7.0,6.0,2.0,832.9533081054688,1.0,5.0,1.0,1.0,6-11 años,6.726177415306451,0,1,1,0
1,16.0,1.0,1.0,7.0,6.0,2.0,852.5416870117188,3.0,5.0,2.0,1.0,15-16 años,6.749394383469064,0,1,1,0
1,11.0,2.0,1.0,7.0,6.0,2.0,1720.0,1.0,8.0,1.0,1.0,6-11 años,7.450660796211539,0,1,1,0
1,10.0,2.0,1.0,7.0,6.0,2.0,1720.0,1.0,8.0,1.0,1.0,6-11 años,7.450660796211539,0,1,1,0
1,8.0,1.0,1.0,7.0,6.0,2.0,590.9000244140625,1.0,8.0,1.0,1.0,6-11 años,6.383337742943616,0,1,1,0
1,18.0,2.0,1.0,7.0,6.0,2.0,1114.4932861328125,3.0,8.0,2.0,1.0,17-19 años,7.017051995147897,0,1,1,0
1,15.0,2.0,1.0,7.0,6.0,2.0,1114.4932861328125,3.0,8.0,2.0,1.0,15-16 años,7.017051995147897,0,1,1,0
1,10.0,1.0,1.0,7.0,6.0,2.0,3905.177490234375,1.0,8.0,2.0,1.0,6-11 años,8.270314550812426,0,1,1,0
1,6.0,2.0,1.0,7.0,6.0,2.0,3905.177490234375,0.0,8.0,2.0,1.0,6-11 años,8.270314550812426,0,1,1,0
1,16.0,1.0,1.0,7.0,6.0,1.0,2728.711181640625,3.0,8.0,2.0,1.0,15-16 años,7.911951088311564,0,1,1,0
1,14.0,1.0,1.0,7.0,6.0,2.0,1457.0911865234375,3.0,8.0,2.0,1.0,12-14 años,7.2848834528100666,0,1,1,0
1,7.0,1.0,1.0,7.0,6.0,2.0,922.63330078125,1.0,1.0,2.0,1.0,6-11 años,6.8283151322453115,0,1,1,0
1,6.0,1.0,1.0,7.0,6.0,2.0,922.63330078125,0.0,1.0,2.0,1.0,6-11 años,6.8283151322453115,0,1,1,0
1,14.0,1.0,1.0,7.0,6.0,2.0,913.7333374023438,3.0,1.0,2.0,1.0,12-14 años,6.818632588267268,0,1,1,0
1,9.0,2.0,1.0,7.0,6.0,2.0,913.7333374023438,1.0,1.0,2.0,1.0,6-11 años,6.818632588267268,0,1,1,0
1,7.0,1.0,1.0,7.0,6.0,2.0,913.7333374023438,1.0,1.0,2.0,1.0,6-11 años,6.818632588267268,0,1,1,0
1,16.0,2.0,1.0,7.0,6.0,2.0,601.2333374023438,3.0,6.0,1.0,1.0,15-16 años,6.400644973868307,0,1,1,0
1,12.0,1.0,1.0,7.0,6.0,2.0,601.2333374023438,2.0,6.0,1.0,1.0,12-14 años,6.400644973868307,0,1,1,0
1,8.0,1.0,1.0,7.0,6.0,2.0,601.2333374023438,1.0,6.0,1.0,1.0,6-11 años,6.400644973868307,0,1,1,0
1,14.0,2.0,1.0,7.0,6.0,2.0,4570.5,3.0,6.0,1.0,1.0,12-14 años,8.42759665760448,0,1,1,0
1,7.0,1.0,1.0,7.0,6.0,2.0,4570.5,0.0,6.0,1.0,1.0,6-11 años,8.42759665760448,0,1,1,0
1,16.0,1.0,1.0,7.0,6.0,2.0,324.4861145019531,3.0,7.0,2.0,1.0,15-16 años,5.785319801758529,0,1,1,0
1,14.0,2.0,1.0,7.0,6.0,2.0,324.4861145019531,3.0,7.0,2.0,1.0,12-14 años,5.785319801758529,0,1,1,0
1,11.0,2.0,1.0,7.0,6.0,2.0,324.4861145019531,1.0,7.0,2.0,1.0,6-11 años,5.785319801758529,0,1,1,0
1,15.0,1.0,1.0,7.0,6.0,2.0,324.4861145019531,3.0,7.0,2.0,1.0,15-16 años,5.785319801758529,0,1,1,0
1,18.0,2.0,1.0,7.0,6.0,2.0,978.25,4.0,5.0,2.0,1.0,17-19 años,6.8867869725459405,0,1,1,0
1,8.0,2.0,1.0,7.0,6.0,2.0,978.25,1.0,5.0,2.0,1.0,6-11 años,6.8867869725459405,0,1,1,0
1,6.0,1.0,1.0,7.0,6.0,2.0,978.25,0.0,5.0,2.0,1.0,6-11 años,6.8867869725459405,0,1,1,0
1,17.0,1.0,1.0,7.0,6.0,2.0,929.3333740234375,3.0,5.0,2.0,1.0,17-19 años,6.835542988605336,0,1,1,0
1,16.0,1.0,1.0,7.0,6.0,2.0,929.3333740234375,3.0,5.0,2.0,1.0,15-16 años,6.835542988605336,0,1,1,0
1,14.0,2.0,1.0,7.0,6.0,2.0,929.3333740234375,3.0,5.0,2.0,1.0,12-14 años,6.835542988605336,0,1,1,0
1,10.0,2.0,1.0,7.0,6.0,2.0,929.3333740234375,1.0,5.0,2.0,1.0,6-11 años,6.835542988605336,0,1,1,0
1,19.0,1.0,1.0,7.0,6.0,2.0,1133.333251953125,5.0,5.0,1.0,1.0,17-19 años,7.03380031409003,0,1,1,0
1,13.0,1.0,1.0,7.0,6.0,2.0,1908.3333740234375,3.0,8.0,1.0,1.0,12-14 años,7.554509441283529,0,1,1,0
1,10.0,1.0,1.0,7.0,6.0,2.0,1466.5556640625,1.0,5.0,2.0,1.0,6-11 años,7.291353482200939,0,1,1,0
1,7.0,1.0,1.0,7.0,6.0,2.0,1466.5556640625,0.0,5.0,2.0,1.0,6-11 años,7.291353482200939,0,1,1,0
1,15.0,1.0,1.0,7.0,6.0,2.0,1070.7099609375,3.0,7.0,2.0,1.0,15-16 años,6.977010746196146,0,1,1,0
1,14.0,2.0,1.0,7.0,6.0,2.0,1070.7099609375,3.0,7.0,2.0,1.0,12-14 años,6.977010746196146,0,1,1,0
1,14.0,1.0,1.0,7.0,6.0,1.0,656.7166748046875,3.0,1.0,1.0,1.0,12-14 años,6.488774253193593,0,1,1,0
1,14.0,1.0,1.0,7.0,6.0,1.0,2345.83349609375,3.0,5.0,1.0,1.0,12-14 años,7.760822250042461,0,1,1,0
1,12.0,1.0,1.0,7.0,6.0,1.0,2345.83349609375,3.0,5.0,1.0,1.0,12-14 años,7.760822250042461,0,1,1,0
1,18.0,1.0,1.0,7.0,6.0,2.0,1073.199951171875,3.0,5.0,1.0,1.0,17-19 años,6.979331432016019,0,1,1,0
1,13.0,2.0,1.0,7.0,6.0,2.0,1470.166748046875,3.0,5.0,1.0,1.0,12-14 años,7.29381107110896,0,1,1,0
1,11.0,2.0,1.0,7.0,6.0,2.0,1470.166748046875,1.0,5.0,1.0,1.0,6-11 años,7.29381107110896,0,1,1,0
1,10.0,1.0,1.0,7.0,6.0,2.0,3980.5556640625,1.0,5.0,1.0,1.0,6-11 años,8.289427892276024,0,1,1,0
1,13.0,1.0,1.0,7.0,6.0,1.0,1720.0,3.0,5.0,1.0,1.0,12-14 años,7.450660796211539,0,1,1,0
1,17.0,2.0,1.0,7.0,6.0,1.0,953.25,3.0,5.0,1.0,1.0,17-19 años,6.860925691625339,0,1,1,0
1,12.0,1.0,1.0,7.0,6.0,1.0,953.25,2.0,5.0,1.0,1.0,12-14 años,6.860925691625339,0,1,1,0
1,11.0,2.0,1.0,7.0,6.0,1.0,953.25,1.0,5.0,1.0,1.0,6-11 años,6.860925691625339,0,1,1,0
1,18.0,1.0,1.0,7.0,6.0,2.0,762.8699951171875,3.0,5.0,1.0,1.0,17-19 años,6.638397611227898,0,1,1,0
1,14.0,1.0,1.0,7.0,6.0,2.0,762.8699951171875,3.0,5.0,1.0,1.0,12-14 años,6.638397611227898,0,1,1,0
1,9.0,1.0,1.0,7.0,6.0,2.0,762.8699951171875,1.0,5.0,1.0,1.0,6-11 años,6.638397611227898,0,1,1,0
1,16.0,1.0,1.0,7.0,6.0,2.0,2316.666748046875,3.0,8.0,1.0,1.0,15-16 años,7.748316246543898,0,1,1,0
1,12.0,2.0,1.0,7.0,6.0,2.0,2316.666748046875,2.0,8.0,1.0,1.0,12-14 años,7.748316246543898,0,1,1,0
1,14.0,2.0,1.0,7.0,6.0,2.0,428.7416687011719,3.0,5.0,2.0,1.0,12-14 años,6.063184257690333,0,1,1,0
1,11.0,1.0,1.0,7.0,6.0,2.0,428.7416687011719,1.0,5.0,2.0,1.0,6-11 años,6.063184257690333,0,1,1,0
1,8.0,2.0,1.0,7.0,6.0,2.0,428.7416687011719,1.0,5.0,2.0,1.0,6-11 años,6.063184257690333,0,1,1,0
1,15.0,1.0,1.0,7.0,6.0,2.0,1125.5367431640625,3.0,5.0,1.0,1.0,15-16 años,7.026903376441183,0,1,1,0
1,15.0,1.0,1.0,7.0,6.0,1.0,1281.63330078125,3.0,5.0,1.0,1.0,15-16 años,7.156670509874715,0,1,1,0
1,14.0,1.0,1.0,7.0,6.0,1.0,1281.63330078125,3.0,5.0,1.0,1.0,12-14 años,7.156670509874715,0,1,1,0
0,19.0,2.0,1.0,7.0,6.0,1.0,1982.671875,6.0,5.0,2.0,1.0,17-19 años,7.592704888582436,0,1,1,1
1,15.0,2.0,1.0,7.0,6.0,1.0,1982.671875,3.0,5.0,2.0,1.0,15-16 años,7.592704888582436,0,1,1,0
1,12.0,1.0,1.0,7.0,6.0,1.0,1982.671875,1.0,5.0,2.0,1.0,12-14 años,7.592704888582436,0,1,1,0
1,9.0,1.0,1.0,7.0,6.0,1.0,1982.671875,1.0,5.0,2.0,1.0,6-11 años,7.592704888582436,0,1,1,0
1,14.0,2.0,1.0,7.0,6.0,2.0,1403.0333251953125,3.0,6.0,1.0,1.0,12-14 años,7.2471043201981615,0,1,1,0
1,10.0,2.0,1.0,7.0,6.0,2.0,1403.0333251953125,1.0,6.0,1.0,1.0,6-11 años,7.2471043201981615,0,1,1,0
1,8.0,2.0,1.0,7.0,6.0,2.0,1403.0333251953125,1.0,6.0,1.0,1.0,6-11 años,7.2471043201981615,0,1,1,0
0,16.0,2.0,1.0,7.0,6.0,2.0,2246.666748046875,1.0,6.0,1.0,1.0,15-16 años,7.717647956273001,0,1,1,1
1,8.0,1.0,1.0,7.0,6.0,2.0,2246.666748046875,1.0,6.0,1.0,1.0,6-11 años,7.717647956273001,0,1,1,0
1,11.0,1.0,1.0,7.0,6.0,2.0,2226.708251953125,1.0,6.0,2.0,1.0,6-11 años,7.7087286463119025,0,1,1,0
1,18.0,1.0,1.0,7.0,6.0,2.0,3097.527587890625,3.0,8.0,1.0,1.0,17-19 años,8.038682305990289,0,1,1,0
1,12.0,2.0,1.0,7.0,6.0,2.0,1500.0,1.0,8.0,1.0,1.0,12-14 años,7.313886831633462,0,1,1,0
1,13.0,2.0,1.0,7.0,6.0,2.0,166.6666717529297,2.0,8.0,1.0,1.0,12-14 años,5.1219779117671935,0,1,1,0
1,8.0,2.0,1.0,7.0,6.0,2.0,166.6666717529297,1.0,8.0,1.0,1.0,6-11 años,5.1219779117671935,0,1,1,0
0,18.0,2.0,1.0,7.0,6.0,2.0,1629.80126953125,4.0,6.0,1.0,1.0,17-19 años,7.396826749416251,0,1,1,1
1,18.0,2.0,1.0,7.0,6.0,2.0,1033.2667236328125,5.0,5.0,1.0,1.0,17-19 años,6.941447975027385,0,1,1,0
1,17.0,1.0,1.0,7.0,6.0,2.0,1033.2667236328125,3.0,5.0,1.0,1.0,17-19 años,6.941447975027385,0,1,1,0
1,9.0,1.0,1.0,7.0,6.0,2.0,1404.159912109375,1.0,1.0,2.0,1.0,6-11 años,7.2479063917392,0,1,1,0
1,8.0,2.0,1.0,7.0,6.0,2.0,1404.159912109375,1.0,1.0,2.0,1.0,6-11 años,7.2479063917392,0,1,1,0
1,18.0,2.0,1.0,7.0,6.0,2.0,591.933349609375,3.0,5.0,2.0,1.0,17-19 años,6.385081997418468,0,1,1,0
1,10.0,1.0,1.0,7.0,6.0,2.0,591.933349609375,1.0,5.0,2.0,1.0,6-11 años,6.385081997418468,0,1,1,0
1,15.0,2.0,1.0,7.0,6.0,2.0,1612.5714111328125,3.0,8.0,1.0,1.0,15-16 años,7.386205269039325,0,1,1,0
1,15.0,2.0,1.0,7.0,6.0,2.0,1141.2642822265625,3.0,8.0,1.0,1.0,15-16 años,7.040767783955986,0,1,1,0
1,13.0,2.0,1.0,7.0,6.0,2.0,1141.2642822265625,2.0,8.0,1.0,1.0,12-14 años,7.040767783955986,0,1,1,0
1,10.0,1.0,1.0,7.0,6.0,2.0,1141.2642822265625,1.0,8.0,1.0,1.0,6-11 años,7.040767783955986,0,1,1,0
1,7.0,1.0,1.0,7.0,6.0,2.0,2322.222412109375,0.0,8.0,2.0,1.0,6-11 años,7.750710471669591,0,1,1,0
1,15.0,1.0,1.0,7.0,6.0,2.0,2672.711181640625,2.0,8.0,1.0,1.0,15-16 años,7.891222741970747,0,1,1,0
1,14.0,1.0,1.0,7.0,6.0,2.0,3266.666748046875,3.0,6.0,1.0,1.0,12-14 años,8.091831476498301,0,1,1,0
1,14.0,1.0,1.0,7.0,6.0,2.0,890.0,3.0,1.0,2.0,1.0,12-14 años,6.792344427470809,0,1,1,0
1,8.0,2.0,1.0,7.0,6.0,2.0,890.0,1.0,1.0,2.0,1.0,6-11 años,6.792344427470809,0,1,1,0
1,15.0,1.0,1.0,7.0,6.0,2.0,1106.0,3.0,8.0,2.0,1.0,15-16 años,7.009408932708637,0,1,1,0
1,11.0,1.0,1.0,7.0,6.0,2.0,1106.0,1.0,8.0,2.0,1.0,6-11 años,7.009408932708637,0,1,1,0
1,9.0,2.0,1.0,7.0,6.0,2.0,1106.0,1.0,8.0,2.0,1.0,6-11 años,7.009408932708637,0,1,1,0
1,14.0,1.0,1.0,7.0,6.0,2.0,1262.340087890625,3.0,6.0,1.0,1.0,12-14 años,7.14151435600934,0,1,1,0
1,12.0,1.0,1.0,7.0,6.0,2.0,1262.340087890625,2.0,6.0,1.0,1.0,12-14 años,7.14151435600934,0,1,1,0
1,15.0,1.0,1.0,7.0,6.0,2.0,2973.0,3.0,5.0,1.0,1.0,15-16 años,7.9976631270201,0,1,1,0
1,13.0,2.0,1.0,7.0,6.0,2.0,2973.0,3.0,5.0,1.0,1.0,12-14 años,7.9976631270201,0,1,1,0
1,9.0,2.0,1.0,7.0,6.0,2.0,951.875,1.0,6.0,1.0,1.0,6-11 años,6.859483730308438,0,1,1,0
1,15.0,2.0,1.0,7.0,6.0,2.0,872.5,3.0,8.0,2.0,1.0,15-16 años,6.772508129574112,0,1,1,0
1,13.0,2.0,1.0,7.0,6.0,2.0,872.5,2.0,8.0,2.0,1.0,12-14 años,6.772508129574112,0,1,1,0
1,19.0,1.0,1.0,7.0,6.0,2.0,800.0,4.0,8.0,2.0,1.0,17-19 años,6.68586094706836,0,1,1,0
1,15.0,1.0,1.0,7.0,6.0,2.0,516.6666870117188,3.0,5.0,2.0,1.0,15-16 años,6.24933157378203,0,1,1,0
1,10.0,1.0,1.0,7.0,6.0,2.0,516.6666870117188,1.0,5.0,2.0,1.0,6-11 años,6.24933157378203,0,1,1,0
1,12.0,2.0,1.0,7.0,6.0,2.0,2483.333251953125,2.0,6.0,1.0,1.0,12-14 años,7.817759593456221,0,1,1,0
1,12.0,1.0,1.0,7.0,6.0,2.0,2483.333251953125,2.0,6.0,1.0,1.0,12-14 años,7.817759593456221,0,1,1,0
1,15.0,2.0,1.0,7.0,6.0,2.0,3637.199951171875,3.0,8.0,1.0,1.0,15-16 años,8.199244319407159,0,1,1,0
1,10.0,1.0,1.0,7.0,6.0,2.0,3637.199951171875,1.0,8.0,1.0,1.0,6-11 años,8.199244319407159,0,1,1,0
1,8.0,2.0,1.0,7.0,6.0,2.0,1479.1666259765625,1.0,8.0,1.0,1.0,6-11 años,7.2999099455402305,0,1,1,0
1,15.0,1.0,1.0,7.0,6.0,2.0,1250.0,3.0,8.0,1.0,1.0,15-16 años,7.1316985104669115,0,1,1,0
1,14.0,2.0,1.0,7.0,6.0,2.0,1250.0,3.0,8.0,1.0,1.0,12-14 años,7.1316985104669115,0,1,1,0
1,16.0,1.0,1.0,7.0,6.0,2.0,1334.0,3.0,8.0,1.0,1.0,15-16 años,7.19668657083435,0,1,1,0
1,12.0,2.0,1.0,7.0,6.0,2.0,1334.0,1.0,8.0,1.0,1.0,12-14 años,7.19668657083435,0,1,1,0
1,8.0,2.0,1.0,7.0,6.0,2.0,1334.0,1.0,8.0,1.0,1.0,6-11 años,7.19668657083435,0,1,1,0
1,8.0,2.0,1.0,7.0,6.0,2.0,2974.344482421875,1.0,8.0,2.0,1.0,6-11 años,7.998115103687021,0,1,1,0
1,7.0,2.0,1.0,7.0,6.0,2.0,2142.5,1.0,8.0,1.0,1.0,6-11 años,7.670195286038032,0,1,1,0
0,18.0,1.0,1.0,7.0,6.0,2.0,1820.2066650390625,4.0,5.0,2.0,1.0,17-19 años,7.507254563150319,0,1,1,1
1,12.0,2.0,1.0,7.0,6.0,2.0,1820.2066650390625,2.0,5.0,2.0,1.0,12-14 años,7.507254563150319,0,1,1,0
1,13.0,2.0,1.0,7.0,6.0,2.0,2278.2666015625,3.0,8.0,1.0,1.0,12-14 años,7.731609004221529,0,1,1,0
1,13.0,2.0,1.0,7.0,6.0,2.0,2278.2666015625,3.0,8.0,1.0,1.0,12-14 años,7.731609004221529,0,1,1,0
1,11.0,2.0,1.0,7.0,6.0,2.0,2278.2666015625,1.0,8.0,1.0,1.0,6-11 años,7.731609004221529,0,1,1,0
1,6.0,2.0,1.0,7.0,6.0,2.0,2278.2666015625,0.0,8.0,1.0,1.0,6-11 años,7.731609004221529,0,1,1,0
1,13.0,2.0,1.0,7.0,6.0,2.0,1127.3800048828125,2.0,6.0,2.0,1.0,12-14 años,7.02853825908677,0,1,1,0
1,17.0,1.0,1.0,7.0,6.0,2.0,3049.8759765625,3.0,8.0,2.0,1.0,17-19 años,8.0231840337962,0,1,1,0
1,15.0,1.0,1.0,7.0,6.0,2.0,545.8333129882812,3.0,5.0,1.0,1.0,15-16 años,6.304144026527831,0,1,1,0
1,10.0,2.0,1.0,7.0,6.0,2.0,545.8333129882812,1.0,5.0,1.0,1.0,6-11 años,6.304144026527831,0,1,1,0
1,10.0,1.0,1.0,7.0,6.0,2.0,545.8333129882812,1.0,5.0,1.0,1.0,6-11 años,6.304144026527831,0,1,1,0
1,9.0,1.0,1.0,7.0,6.0,2.0,719.7916870117188,1.0,5.0,1.0,1.0,6-11 años,6.580350173225012,0,1,1,0
1,7.0,2.0,1.0,7.0,6.0,2.0,719.7916870117188,1.0,5.0,1.0,1.0,6-11 años,6.580350173225012,0,1,1,0
0,19.0,2.0,1.0,7.0,6.0,2.0,450.0,3.0,5.0,1.0,1.0,17-19 años,6.111467339502679,0,1,1,1
1,16.0,2.0,1.0,7.0,6.0,2.0,450.0,3.0,5.0,1.0,1.0,15-16 años,6.111467339502679,0,1,1,0
1,13.0,1.0,1.0,7.0,6.0,2.0,450.0,2.0,5.0,1.0,1.0,12-14 años,6.111467339502679,0,1,1,0
1,10.0,2.0,1.0,7.0,6.0,2.0,1806.25,1.0,8.0,1.0,1.0,6-11 años,7.499561631880407,0,1,1,0
1,17.0,1.0,1.0,7.0,6.0,2.0,1810.0714111328125,3.0,8.0,2.0,1.0,17-19 años,7.501673888984966,0,1,1,0
1,11.0,1.0,1.0,7.0,6.0,2.0,1810.0714111328125,1.0,8.0,2.0,1.0,6-11 años,7.501673888984966,0,1,1,0
1,12.0,1.0,1.0,7.0,6.0,2.0,2342.5,1.0,8.0,1.0,1.0,12-14 años,7.759400817362761,0,1,1,0
1,11.0,2.0,1.0,7.0,6.0,2.0,1609.900146484375,1.0,8.0,1.0,1.0,6-11 años,7.384548398937167,0,1,1,0
1,8.0,2.0,1.0,7.0,6.0,2.0,1609.900146484375,1.0,8.0,1.0,1.0,6-11 años,7.384548398937167,0,1,1,0
0,19.0,2.0,1.0,7.0,6.0,2.0,811.875,4.0,8.0,1.0,1.0,17-19 años,6.700577346189316,0,1,1,1
1,17.0,2.0,1.0,7.0,6.0,2.0,811.875,3.0,8.0,1.0,1.0,17-19 años,6.700577346189316,0,1,1,0
1,17.0,2.0,1.0,7.0,6.0,2.0,443.00830078125,3.0,5.0,2.0,1.0,17-19 años,6.095843257710733,0,1,1,0
1,15.0,1.0,1.0,7.0,6.0,2.0,443.00830078125,3.0,5.0,2.0,1.0,15-16 años,6.095843257710733,0,1,1,0
1,11.0,1.0,1.0,7.0,6.0,2.0,3222.4599609375,1.0,5.0,1.0,1.0,6-11 años,8.07821058368315,0,1,1,0
1,8.0,1.0,1.0,7.0,6.0,2.0,3222.4599609375,0.0,5.0,1.0,1.0,6-11 años,8.07821058368315,0,1,1,0
1,6.0,2.0,1.0,7.0,6.0,2.0,3222.4599609375,0.0,5.0,1.0,1.0,6-11 años,8.07821058368315,0,1,1,0
1,11.0,2.0,1.0,7.0,6.0,2.0,1150.2646484375,1.0,8.0,1.0,1.0,6-11 años,7.048616311429936,0,1,1,0
1,10.0,2.0,1.0,7.0,6.0,2.0,1150.2646484375,1.0,8.0,1.0,1.0,6-11 años,7.048616311429936,0,1,1,0
1,9.0,1.0,1.0,7.0,6.0,2.0,1150.2646484375,1.0,8.0,1.0,1.0,6-11 años,7.048616311429936,0,1,1,0
1,7.0,2.0,1.0,7.0,6.0,2.0,1725.8665771484375,1.0,8.0,2.0,1.0,6-11 años,7.454063818154928,0,1,1,0
1,18.0,1.0,1.0,7.0,6.0,2.0,755.5833129882812,3.0,8.0,1.0,1.0,17-19 años,6.628812656693061,0,1,1,0
1,10.0,1.0,1.0,7.0,6.0,2.0,755.5833129882812,1.0,8.0,1.0,1.0,6-11 años,6.628812656693061,0,1,1,0
1,8.0,1.0,1.0,7.0,6.0,2.0,755.5833129882812,1.0,8.0,1.0,1.0,6-11 años,6.628812656693061,0,1,1,0
1,6.0,1.0,1.0,7.0,6.0,2.0,755.5833129882812,1.0,8.0,1.0,1.0,6-11 años,6.628812656693061,0,1,1,0
1,13.0,2.0,1.0,7.0,6.0,2.0,1580.0,3.0,5.0,1.0,1.0,12-14 años,7.3658128372094716,0,1,1,0
1,11.0,1.0,1.0,7.0,6.0,2.0,1149.583251953125,1.0,5.0,1.0,1.0,6-11 años,7.0480242683986285,0,1,1,0
1,19.0,2.0,1.0,7.0,6.0,2.0,2000.0,5.0,6.0,1.0,1.0,17-19 años,7.601402334583733,0,1,1,0
1,18.0,1.0,1.0,7.0,6.0,2.0,1925.0,3.0,6.0,1.0,1.0,17-19 años,7.563200592358071,0,1,1,0
1,17.0,1.0,1.0,7.0,6.0,2.0,1925.0,3.0,6.0,1.0,1.0,17-19 años,7.563200592358071,0,1,1,0
1,19.0,1.0,1.0,7.0,6.0,2.0,2687.5,3.0,6.0,1.0,1.0,17-19 años,7.896738696249733,0,1,1,0
1,14.0,2.0,1.0,7.0,6.0,2.0,582.9000244140625,3.0,6.0,1.0,1.0,12-14 años,6.369729777101552,0,1,1,0
1,10.0,2.0,1.0,7.0,6.0,2.0,582.9000244140625,1.0,6.0,1.0,1.0,6-11 años,6.369729777101552,0,1,1,0
1,8.0,2.0,1.0,7.0,6.0,2.0,582.9000244140625,1.0,6.0,1.0,1.0,6-11 años,6.369729777101552,0,1,1,0
1,18.0,2.0,1.0,7.0,6.0,2.0,5792.55615234375,3.0,8.0,1.0,1.0,17-19 años,8.664501570690785,0,1,1,0
1,15.0,2.0,1.0,7.0,6.0,2.0,5792.55615234375,3.0,8.0,1.0,1.0,15-16 años,8.664501570690785,0,1,1,0
1,17.0,2.0,1.0,7.0,6.0,2.0,3060.694580078125,3.0,8.0,1.0,1.0,17-19 años,8.026723826003723,0,1,1,0
1,14.0,2.0,1.0,7.0,6.0,2.0,2138.2666015625,3.0,6.0,1.0,1.0,12-14 años,7.668218339727325,0,1,1,0
1,12.0,1.0,1.0,7.0,6.0,2.0,2138.2666015625,2.0,6.0,1.0,1.0,12-14 años,7.668218339727325,0,1,1,0
1,6.0,2.0,1.0,7.0,6.0,2.0,2138.2666015625,0.0,6.0,1.0,1.0,6-11 años,7.668218339727325,0,1,1,0
1,14.0,1.0,1.0,7.0,6.0,2.0,2626.916748046875,3.0,8.0,2.0,1.0,12-14 años,7.873946700277327,0,1,1,0
1,16.0,1.0,1.0,7.0,6.0,2.0,2626.916748046875,3.0,8.0,2.0,1.0,15-16 años,7.873946700277327,0,1,1,0
1,19.0,1.0,1.0,7.0,6.0,2.0,2805.833251953125,5.0,8.0,1.0,1.0,17-19 años,7.939812170234397,0,1,1,0
1,17.0,2.0,1.0,7.0,6.0,2.0,2805.833251953125,3.0,8.0,1.0,1.0,17-19 años,7.939812170234397,0,1,1,0
1,8.0,2.0,1.0,7.0,6.0,2.0,1501.2222900390625,1.0,8.0,2.0,1.0,6-11 años,7.314700817405081,0,1,1,0
1,19.0,2.0,1.0,7.0,6.0,2.0,2208.333251953125,5.0,8.0,1.0,1.0,17-19 años,7.700446053043608,0,1,1,0
1,15.0,1.0,1.0,7.0,6.0,2.0,1807.086669921875,3.0,8.0,1.0,1.0,15-16 años,7.500024476706877,0,1,1,0
1,11.0,2.0,1.0,7.0,6.0,2.0,1807.086669921875,1.0,8.0,1.0,1.0,6-11 años,7.500024476706877,0,1,1,0
1,8.0,1.0,1.0,7.0,58.0,2.0,1475.0,1.0,8.0,1.0,1.0,6-11 años,7.297091005160418,0,1,1,0
1,6.0,2.0,1.0,7.0,58.0,2.0,1475.0,0.0,8.0,1.0,1.0,6-11 años,7.297091005160418,0,1,1,0
1,9.0,1.0,1.0,7.0,6.0,2.0,1120.38330078125,1.0,1.0,2.0,1.0,6-11 años,7.022318292176206,0,1,1,0
1,16.0,1.0,1.0,7.0,6.0,2.0,2367.71435546875,3.0,5.0,2.0,1.0,15-16 años,7.770102620894298,0,1,1,0
1,12.0,2.0,1.0,7.0,6.0,2.0,2367.71435546875,2.0,5.0,2.0,1.0,12-14 años,7.770102620894298,0,1,1,0
1,9.0,2.0,1.0,7.0,6.0,2.0,2367.71435546875,1.0,5.0,2.0,1.0,6-11 años,7.770102620894298,0,1,1,0
1,7.0,1.0,1.0,7.0,6.0,2.0,2367.71435546875,1.0,5.0,2.0,1.0,6-11 años,7.770102620894298,0,1,1,0
1,17.0,1.0,1.0,7.0,6.0,2.0,4243.39990234375,3.0,8.0,1.0,1.0,17-19 años,8.353355722991177,0,1,1,0
1,11.0,2.0,1.0,7.0,6.0,2.0,1000.0167236328125,1.0,6.0,1.0,1.0,6-11 años,6.908771486101548,0,1,1,0
1,8.0,1.0,1.0,7.0,6.0,2.0,1000.0167236328125,1.0,6.0,1.0,1.0,6-11 años,6.908771486101548,0,1,1,0
1,6.0,2.0,1.0,7.0,6.0,2.0,1727.1666259765625,0.0,8.0,1.0,1.0,6-11 años,7.45481637178498,0,1,1,0
1,15.0,1.0,1.0,7.0,6.0,2.0,854.25,3.0,5.0,2.0,1.0,15-16 años,6.751393823857714,0,1,1,0
1,15.0,1.0,1.0,7.0,6.0,2.0,854.25,3.0,5.0,2.0,1.0,15-16 años,6.751393823857714,0,1,1,0
1,18.0,2.0,1.0,7.0,6.0,2.0,854.25,3.0,5.0,2.0,1.0,17-19 años,6.751393823857714,0,1,1,0
1,9.0,1.0,1.0,7.0,6.0,2.0,2565.36669921875,1.0,5.0,2.0,1.0,6-11 años,7.850246441909531,0,1,1,0
1,14.0,1.0,1.0,7.0,6.0,1.0,2802.31982421875,3.0,5.0,2.0,1.0,12-14 años,7.938559645340335,0,1,1,0
1,12.0,2.0,1.0,7.0,6.0,1.0,2802.31982421875,2.0,5.0,2.0,1.0,12-14 años,7.938559645340335,0,1,1,0
1,10.0,2.0,1.0,7.0,6.0,1.0,2802.31982421875,1.0,5.0,2.0,1.0,6-11 años,7.938559645340335,0,1,1,0
1,19.0,1.0,1.0,7.0,6.0,2.0,1151.780029296875,5.0,5.0,1.0,1.0,17-19 años,7.049931720885772,0,1,1,0
1,9.0,2.0,1.0,7.0,6.0,2.0,1151.780029296875,1.0,5.0,1.0,1.0,6-11 años,7.049931720885772,0,1,1,0
1,14.0,1.0,1.0,7.0,6.0,2.0,1319.4444580078125,3.0,5.0,2.0,1.0,12-14 años,7.185723669518099,0,1,1,0
1,13.0,1.0,1.0,7.0,6.0,2.0,2630.5,1.0,8.0,2.0,1.0,12-14 años,7.875309304793833,0,1,1,0
1,18.0,2.0,1.0,7.0,6.0,2.0,2140.0,3.0,8.0,1.0,1.0,17-19 años,7.669028288589683,0,1,1,0
1,10.0,2.0,1.0,7.0,6.0,2.0,1655.8333740234375,1.0,8.0,1.0,1.0,6-11 años,7.4126634535430505,0,1,1,0
1,6.0,2.0,1.0,7.0,6.0,2.0,1279.39990234375,0.0,6.0,2.0,1.0,6-11 años,7.154927731825595,0,1,1,0
1,10.0,2.0,1.0,7.0,6.0,2.0,1282.1875,1.0,8.0,1.0,1.0,6-11 años,7.157102495792983,0,1,1,0
1,11.0,2.0,1.0,7.0,6.0,2.0,1598.3333740234375,1.0,5.0,1.0,1.0,6-11 años,7.377342180173446,0,1,1,0
1,7.0,1.0,1.0,7.0,6.0,2.0,1598.3333740234375,0.0,5.0,1.0,1.0,6-11 años,7.377342180173446,0,1,1,0
0,16.0,1.0,1.0,7.0,6.0,2.0,1598.3333740234375,3.0,5.0,1.0,1.0,15-16 años,7.377342180173446,0,1,1,1
1,15.0,2.0,1.0,7.0,6.0,2.0,1346.583251953125,3.0,5.0,2.0,1.0,15-16 años,7.206068083400201,0,1,1,0
1,7.0,2.0,1.0,7.0,6.0,2.0,1346.583251953125,1.0,5.0,2.0,1.0,6-11 años,7.206068083400201,0,1,1,0
1,10.0,2.0,1.0,7.0,6.0,1.0,1957.8089599609375,1.0,5.0,2.0,1.0,6-11 años,7.580091894026879,0,1,1,0
1,17.0,2.0,1.0,7.0,6.0,2.0,656.0,3.0,6.0,2.0,1.0,17-19 años,6.487684018484611,0,1,1,0
1,15.0,1.0,1.0,7.0,6.0,2.0,656.0,3.0,6.0,2.0,1.0,15-16 años,6.487684018484611,0,1,1,0
1,13.0,1.0,1.0,7.0,6.0,2.0,656.0,1.0,6.0,2.0,1.0,12-14 años,6.487684018484611,0,1,1,0
1,11.0,1.0,1.0,7.0,6.0,2.0,656.0,1.0,6.0,2.0,1.0,6-11 años,6.487684018484611,0,1,1,0
1,12.0,1.0,1.0,7.0,6.0,2.0,656.0,1.0,6.0,2.0,1.0,12-14 años,6.487684018484611,0,1,1,0
1,11.0,1.0,1.0,7.0,6.0,2.0,656.0,1.0,6.0,2.0,1.0,6-11 años,6.487684018484611,0,1,1,0
1,8.0,1.0,1.0,7.0,6.0,2.0,656.0,1.0,6.0,2.0,1.0,6-11 años,6.487684018484611,0,1,1,0
1,6.0,2.0,1.0,7.0,6.0,2.0,656.0,0.0,6.0,2.0,1.0,6-11 años,6.487684018484611,0,1,1,0
1,18.0,1.0,1.0,7.0,6.0,2.0,916.6666870117188,3.0,7.0,2.0,1.0,17-19 años,6.821834238644914,0,1,1,0
1,15.0,2.0,1.0,7.0,6.0,2.0,916.6666870117188,3.0,7.0,2.0,1.0,15-16 años,6.821834238644914,0,1,1,0
1,9.0,1.0,1.0,7.0,6.0,2.0,531.0,0.0,5.0,2.0,1.0,6-11 años,6.2766434893416445,0,1,1,0
1,7.0,1.0,1.0,7.0,6.0,2.0,531.0,1.0,5.0,2.0,1.0,6-11 años,6.2766434893416445,0,1,1,0
1,11.0,1.0,1.0,7.0,6.0,2.0,1300.0,1.0,5.0,2.0,1.0,6-11 años,7.170888478512505,0,1,1,0
1,17.0,1.0,1.0,7.0,6.0,2.0,2505.208251953125,3.0,8.0,1.0,1.0,17-19 años,7.826526233341327,0,1,1,0
1,19.0,1.0,1.0,7.0,6.0,2.0,1581.5001220703125,4.0,6.0,1.0,1.0,17-19 años,7.366761231155967,0,1,1,0
1,9.0,1.0,1.0,7.0,6.0,2.0,1581.5001220703125,1.0,6.0,1.0,1.0,6-11 años,7.366761231155967,0,1,1,0
1,18.0,2.0,1.0,7.0,6.0,2.0,115.27777862548828,4.0,5.0,1.0,1.0,17-19 años,4.755981971840226,0,1,1,0
1,16.0,2.0,1.0,7.0,6.0,2.0,115.27777862548828,3.0,5.0,1.0,1.0,15-16 años,4.755981971840226,0,1,1,0
1,12.0,1.0,1.0,7.0,6.0,2.0,115.27777862548828,2.0,5.0,1.0,1.0,12-14 años,4.755981971840226,0,1,1,0
1,15.0,2.0,1.0,7.0,6.0,2.0,445.5,3.0,7.0,2.0,1.0,15-16 años,6.101439400316554,0,1,1,0
1,12.0,2.0,1.0,7.0,6.0,2.0,445.5,1.0,7.0,2.0,1.0,12-14 años,6.101439400316554,0,1,1,0
1,9.0,1.0,1.0,7.0,6.0,2.0,445.5,1.0,7.0,2.0,1.0,6-11 años,6.101439400316554,0,1,1,0
1,17.0,1.0,1.0,7.0,6.0,2.0,1024.5999755859375,3.0,5.0,1.0,1.0,17-19 años,6.933033062361742,0,1,1,0
1,14.0,1.0,1.0,7.0,6.0,2.0,1024.5999755859375,3.0,5.0,1.0,1.0,12-14 años,6.933033062361742,0,1,1,0
1,11.0,2.0,1.0,7.0,6.0,2.0,1024.5999755859375,1.0,5.0,1.0,1.0,6-11 años,6.933033062361742,0,1,1,0
1,11.0,1.0,1.0,7.0,6.0,1.0,1272.3333740234375,1.0,1.0,2.0,1.0,6-11 años,7.14939344488809,0,1,1,0
1,10.0,1.0,1.0,7.0,6.0,1.0,1129.449951171875,1.0,1.0,2.0,1.0,6-11 años,7.030371019328795,0,1,1,0
0,10.0,2.0,1.0,7.0,6.0,2.0,1026.0533447265625,0.0,5.0,5.0,1.0,6-11 años,6.934449150864475,0,1,0,1
1,7.0,2.0,1.0,7.0,6.0,2.0,1026.0533447265625,1.0,5.0,5.0,1.0,6-11 años,6.934449150864475,0,1,0,0
1,6.0,2.0,1.0,7.0,6.0,2.0,3725.3916015625,0.0,8.0,1.0,1.0,6-11 años,8.223195645360496,0,1,1,0
0,19.0,1.0,1.0,7.0,6.0,2.0,1542.216552734375,3.0,8.0,1.0,1.0,17-19 años,7.341624187774516,0,1,1,1
1,14.0,1.0,1.0,7.0,6.0,1.0,1701.166748046875,3.0,8.0,1.0,1.0,12-14 años,7.43965727615982,0,1,1,0
1,9.0,2.0,1.0,7.0,6.0,1.0,1701.166748046875,1.0,8.0,1.0,1.0,6-11 años,7.43965727615982,0,1,1,0
1,12.0,2.0,1.0,7.0,6.0,2.0,513.3333129882812,2.0,7.0,1.0,1.0,12-14 años,6.24287152413889,0,1,1,0
1,6.0,2.0,1.0,7.0,6.0,2.0,1145.0,0.0,5.0,1.0,1.0,6-11 años,7.044032897274685,0,1,1,0
1,16.0,1.0,1.0,7.0,66.0,2.0,550.0,3.0,7.0,2.0,1.0,15-16 años,6.311734809152915,0,1,1,0
1,13.0,2.0,1.0,7.0,6.0,2.0,550.0,3.0,7.0,2.0,1.0,12-14 años,6.311734809152915,0,1,1,0
1,17.0,2.0,1.0,7.0,6.0,2.0,3203.550048828125,3.0,5.0,2.0,1.0,17-19 años,8.072326969117878,0,1,1,0
1,10.0,2.0,1.0,7.0,6.0,2.0,1212.4000244140625,1.0,5.0,2.0,1.0,6-11 años,7.1011816356285715,0,1,1,0
1,12.0,2.0,1.0,7.0,6.0,2.0,1763.1112060546875,2.0,8.0,1.0,1.0,12-14 años,7.47540227656079,0,1,1,0
1,8.0,1.0,1.0,7.0,6.0,2.0,847.2332763671875,1.0,5.0,1.0,1.0,6-11 años,6.743155688017217,0,1,1,0
1,18.0,1.0,1.0,7.0,6.0,2.0,2812.5,4.0,8.0,1.0,1.0,17-19 años,7.942184538873334,0,1,1,0
1,19.0,2.0,1.0,7.0,6.0,2.0,1586.0208740234375,4.0,8.0,1.0,1.0,17-19 años,7.369613873573768,0,1,1,0
1,13.0,2.0,1.0,7.0,6.0,2.0,1586.0208740234375,3.0,8.0,1.0,1.0,12-14 años,7.369613873573768,0,1,1,0
1,12.0,2.0,1.0,7.0,6.0,2.0,1586.0208740234375,2.0,8.0,1.0,1.0,12-14 años,7.369613873573768,0,1,1,0
1,16.0,2.0,1.0,7.0,6.0,2.0,1375.833251953125,3.0,5.0,2.0,1.0,15-16 años,7.227541396227652,0,1,1,0
1,15.0,2.0,1.0,7.0,6.0,2.0,1375.833251953125,3.0,5.0,2.0,1.0,15-16 años,7.227541396227652,0,1,1,0
1,12.0,1.0,1.0,7.0,6.0,2.0,1375.833251953125,1.0,5.0,2.0,1.0,12-14 años,7.227541396227652,0,1,1,0
1,12.0,1.0,1.0,7.0,6.0,2.0,2440.566650390625,3.0,5.0,1.0,1.0,12-14 años,7.800395182080826,0,1,1,0
1,17.0,1.0,1.0,7.0,6.0,2.0,1250.4166259765625,3.0,5.0,1.0,1.0,17-19 años,7.132031489377047,0,1,1,0
1,10.0,1.0,1.0,7.0,6.0,2.0,1250.4166259765625,1.0,5.0,1.0,1.0,6-11 años,7.132031489377047,0,1,1,0
1,9.0,1.0,1.0,7.0,6.0,2.0,1011.111083984375,1.0,5.0,2.0,1.0,6-11 años,6.919793610606457,0,1,1,0
1,14.0,2.0,1.0,7.0,6.0,2.0,827.3333129882812,3.0,6.0,2.0,1.0,12-14 años,6.719415625301188,0,1,1,0
1,12.0,1.0,1.0,7.0,6.0,2.0,827.3333129882812,1.0,6.0,2.0,1.0,12-14 años,6.719415625301188,0,1,1,0
1,10.0,1.0,1.0,7.0,6.0,2.0,827.3333129882812,1.0,6.0,2.0,1.0,6-11 años,6.719415625301188,0,1,1,0
1,8.0,2.0,1.0,7.0,6.0,2.0,827.3333129882812,1.0,6.0,2.0,1.0,6-11 años,6.719415625301188,0,1,1,0
0,6.0,1.0,1.0,7.0,6.0,2.0,827.3333129882812,0.0,6.0,2.0,1.0,6-11 años,6.719415625301188,0,1,1,1
0,16.0,1.0,1.0,7.0,6.0,2.0,2936.111083984375,1.0,6.0,1.0,1.0,15-16 años,7.985181752745676,0,1,1,1
1,13.0,1.0,1.0,7.0,6.0,2.0,787.7333374023438,2.0,5.0,1.0,1.0,12-14 años,6.6704282883103705,0,1,1,0
1,7.0,2.0,1.0,7.0,6.0,2.0,787.7333374023438,1.0,5.0,1.0,1.0,6-11 años,6.6704282883103705,0,1,1,0
1,17.0,2.0,1.0,7.0,6.0,2.0,1274.25,3.0,6.0,2.0,1.0,17-19 años,7.1508975168030355,0,1,1,0
1,15.0,1.0,1.0,7.0,6.0,2.0,1274.25,3.0,6.0,2.0,1.0,15-16 años,7.1508975168030355,0,1,1,0
1,12.0,1.0,1.0,7.0,6.0,2.0,1274.25,1.0,6.0,2.0,1.0,12-14 años,7.1508975168030355,0,1,1,0
1,12.0,1.0,1.0,7.0,6.0,2.0,1169.0999755859375,2.0,5.0,2.0,1.0,12-14 años,7.064844473359975,0,1,1,0
1,8.0,2.0,1.0,7.0,6.0,2.0,1169.0999755859375,1.0,5.0,2.0,1.0,6-11 años,7.064844473359975,0,1,1,0
1,6.0,2.0,1.0,7.0,6.0,2.0,2861.66650390625,0.0,8.0,2.0,1.0,6-11 años,7.959508813474336,0,1,1,0
1,14.0,2.0,1.0,7.0,6.0,2.0,465.4749755859375,3.0,7.0,2.0,1.0,12-14 años,6.145204375945967,0,1,1,0
1,6.0,1.0,1.0,7.0,6.0,2.0,465.4749755859375,0.0,7.0,2.0,1.0,6-11 años,6.145204375945967,0,1,1,0
1,14.0,1.0,1.0,7.0,6.0,2.0,953.6285400390625,3.0,5.0,2.0,1.0,12-14 años,6.861322301504998,0,1,1,0
1,12.0,2.0,1.0,7.0,6.0,2.0,953.6285400390625,2.0,5.0,2.0,1.0,12-14 años,6.861322301504998,0,1,1,0
1,10.0,1.0,1.0,7.0,6.0,2.0,953.6285400390625,1.0,5.0,2.0,1.0,6-11 años,6.861322301504998,0,1,1,0
1,8.0,2.0,1.0,7.0,6.0,2.0,953.6285400390625,1.0,5.0,2.0,1.0,6-11 años,6.861322301504998,0,1,1,0
1,9.0,1.0,1.0,7.0,6.0,2.0,675.47998046875,1.0,5.0,1.0,1.0,6-11 años,6.5169028543699365,0,1,1,0
1,18.0,2.0,1.0,7.0,6.0,2.0,750.0,3.0,5.0,1.0,1.0,17-19 años,6.621405651764134,0,1,1,0
1,7.0,2.0,1.0,7.0,6.0,2.0,750.0,1.0,5.0,1.0,1.0,6-11 años,6.621405651764134,0,1,1,0
1,12.0,1.0,1.0,7.0,6.0,2.0,371.25,1.0,5.0,1.0,1.0,12-14 años,5.9195656715641185,0,1,1,0
1,8.0,1.0,1.0,7.0,6.0,2.0,371.25,1.0,5.0,1.0,1.0,6-11 años,5.9195656715641185,0,1,1,0
1,7.0,2.0,1.0,7.0,6.0,2.0,371.25,1.0,5.0,1.0,1.0,6-11 años,5.9195656715641185,0,1,1,0
1,18.0,2.0,1.0,7.0,6.0,1.0,1604.8333740234375,4.0,5.0,2.0,1.0,17-19 años,7.381398136959345,0,1,1,0
1,19.0,2.0,1.0,7.0,6.0,2.0,2036.0,5.0,8.0,1.0,1.0,17-19 años,7.619233416226805,0,1,1,0
1,17.0,1.0,1.0,7.0,6.0,2.0,6372.25,3.0,6.0,1.0,1.0,17-19 años,8.759864822537992,0,1,1,0
1,11.0,2.0,1.0,7.0,6.0,2.0,6372.25,1.0,6.0,1.0,1.0,6-11 años,8.759864822537992,0,1,1,0
1,16.0,1.0,1.0,7.0,6.0,1.0,1453.1666259765625,3.0,6.0,2.0,1.0,15-16 años,7.282188249860839,0,1,1,0
1,15.0,2.0,1.0,7.0,6.0,2.0,1299.0,3.0,6.0,2.0,1.0,15-16 años,7.170119543449628,0,1,1,0
1,15.0,2.0,1.0,7.0,27.0,1.0,886.0,3.0,6.0,1.0,1.0,15-16 años,6.787844982309579,0,1,1,0
1,10.0,2.0,1.0,7.0,6.0,2.0,886.0,1.0,6.0,1.0,1.0,6-11 años,6.787844982309579,0,1,1,0
1,6.0,1.0,1.0,7.0,6.0,2.0,886.0,0.0,6.0,1.0,1.0,6-11 años,6.787844982309579,0,1,1,0
1,12.0,2.0,1.0,7.0,6.0,2.0,878.0633544921875,2.0,8.0,2.0,1.0,12-14 años,6.778856970733117,0,1,1,0
1,18.0,1.0,1.0,7.0,6.0,2.0,1577.1611328125,3.0,5.0,1.0,1.0,17-19 años,7.3640156082412185,0,1,1,0
1,13.0,2.0,1.0,7.0,6.0,2.0,1577.1611328125,3.0,5.0,1.0,1.0,12-14 años,7.3640156082412185,0,1,1,0
1,11.0,2.0,1.0,7.0,6.0,2.0,1577.1611328125,1.0,5.0,1.0,1.0,6-11 años,7.3640156082412185,0,1,1,0
1,8.0,2.0,1.0,7.0,6.0,2.0,1577.1611328125,1.0,5.0,1.0,1.0,6-11 años,7.3640156082412185,0,1,1,0
1,14.0,2.0,1.0,7.0,6.0,2.0,902.1666870117188,3.0,5.0,2.0,1.0,12-14 años,6.805907128864413,0,1,1,0
1,11.0,1.0,1.0,7.0,6.0,2.0,902.1666870117188,1.0,5.0,2.0,1.0,6-11 años,6.805907128864413,0,1,1,0
1,9.0,1.0,1.0,7.0,6.0,2.0,387.1000061035156,1.0,1.0,2.0,1.0,6-11 años,5.961263054101518,0,1,1,0
1,8.0,2.0,1.0,7.0,6.0,2.0,387.1000061035156,1.0,1.0,2.0,1.0,6-11 años,5.961263054101518,0,1,1,0
1,13.0,2.0,1.0,7.0,6.0,2.0,303.1000061035156,2.0,8.0,1.0,1.0,12-14 años,5.71735661475407,0,1,1,0
1,7.0,1.0,1.0,7.0,6.0,2.0,303.1000061035156,1.0,8.0,1.0,1.0,6-11 años,5.71735661475407,0,1,1,0
1,11.0,1.0,1.0,7.0,6.0,2.0,303.1000061035156,2.0,8.0,1.0,1.0,6-11 años,5.71735661475407,0,1,1,0
1,12.0,1.0,1.0,7.0,6.0,2.0,3352.541748046875,2.0,5.0,6.0,1.0,12-14 años,8.117772304559328,0,1,0,0
1,12.0,2.0,1.0,7.0,6.0,2.0,1311.0,2.0,5.0,6.0,1.0,12-14 años,7.179307969504034,0,1,0,0
1,12.0,1.0,1.0,7.0,6.0,2.0,703.549072265625,2.0,5.0,6.0,1.0,12-14 años,6.557557984364468,0,1,0,0
1,12.0,2.0,1.0,7.0,6.0,2.0,703.549072265625,1.0,5.0,6.0,1.0,12-14 años,6.557557984364468,0,1,0,0
1,9.0,2.0,1.0,7.0,6.0,2.0,703.549072265625,1.0,5.0,6.0,1.0,6-11 años,6.557557984364468,0,1,0,0
0,16.0,1.0,1.0,7.0,6.0,2.0,1166.6500244140625,3.0,5.0,6.0,1.0,15-16 años,7.062748481856351,0,1,0,1
0,17.0,2.0,1.0,7.0,6.0,2.0,1166.6500244140625,3.0,5.0,6.0,1.0,17-19 años,7.062748481856351,0,1,0,1
1,8.0,1.0,1.0,7.0,6.0,2.0,1166.6500244140625,1.0,5.0,6.0,1.0,6-11 años,7.062748481856351,0,1,0,0
0,14.0,2.0,1.0,7.0,6.0,2.0,375.0,3.0,1.0,6.0,1.0,12-14 años,5.929589143389895,0,1,0,1
0,18.0,1.0,1.0,7.0,6.0,2.0,1948.5,3.0,5.0,6.0,1.0,17-19 años,7.575328208422652,0,1,0,1
0,16.0,2.0,1.0,7.0,6.0,2.0,1948.5,3.0,5.0,6.0,1.0,15-16 años,7.575328208422652,0,1,0,1
1,14.0,2.0,1.0,7.0,6.0,2.0,370.0,2.0,1.0,6.0,1.0,12-14 años,5.916202062607435,0,1,0,0
1,10.0,2.0,1.0,7.0,6.0,2.0,370.0,1.0,1.0,6.0,1.0,6-11 años,5.916202062607435,0,1,0,0
0,10.0,1.0,1.0,7.0,6.0,2.0,1314.7222900390625,0.0,1.0,2.0,1.0,6-11 años,7.1821410638100005,0,1,1,1
1,16.0,2.0,1.0,7.0,6.0,2.0,1264.7916259765625,3.0,1.0,6.0,1.0,15-16 años,7.1434529967217255,0,1,0,0
1,15.0,2.0,1.0,7.0,6.0,2.0,656.5,3.0,1.0,6.0,1.0,15-16 años,6.48844476405192,0,1,0,0
1,14.0,2.0,1.0,7.0,6.0,2.0,656.5,3.0,1.0,6.0,1.0,12-14 años,6.48844476405192,0,1,0,0
1,12.0,1.0,1.0,7.0,6.0,2.0,656.5,3.0,1.0,6.0,1.0,12-14 años,6.48844476405192,0,1,0,0
1,15.0,2.0,1.0,7.0,6.0,1.0,2749.8291015625,3.0,5.0,1.0,1.0,15-16 años,7.919657636698467,0,1,1,0
1,8.0,2.0,1.0,7.0,6.0,1.0,2749.8291015625,1.0,5.0,1.0,1.0,6-11 años,7.919657636698467,0,1,1,0
1,14.0,1.0,1.0,7.0,6.0,1.0,3291.666748046875,3.0,6.0,1.0,1.0,12-14 años,8.099453077148054,0,1,1,0
1,8.0,1.0,1.0,7.0,6.0,2.0,433.0,1.0,8.0,2.0,1.0,6-11 años,6.073044534100405,0,1,1,0
1,19.0,1.0,1.0,7.0,6.0,2.0,828.1170043945312,3.0,5.0,2.0,1.0,17-19 años,6.720361284373359,0,1,1,0
1,17.0,2.0,1.0,7.0,6.0,2.0,828.1170043945312,3.0,5.0,2.0,1.0,17-19 años,6.720361284373359,0,1,1,0
1,15.0,1.0,1.0,7.0,6.0,2.0,828.1170043945312,3.0,5.0,2.0,1.0,15-16 años,6.720361284373359,0,1,1,0
1,11.0,2.0,1.0,7.0,6.0,2.0,828.1170043945312,1.0,5.0,2.0,1.0,6-11 años,6.720361284373359,0,1,1,0
1,10.0,1.0,1.0,7.0,6.0,2.0,828.1170043945312,1.0,5.0,2.0,1.0,6-11 años,6.720361284373359,0,1,1,0
1,7.0,2.0,1.0,7.0,6.0,2.0,828.1170043945312,1.0,5.0,2.0,1.0,6-11 años,6.720361284373359,0,1,1,0
1,7.0,1.0,1.0,7.0,6.0,2.0,733.0,0.0,5.0,1.0,1.0,6-11 años,6.598509028614515,0,1,1,0
1,7.0,1.0,1.0,7.0,6.0,2.0,1798.2276611328125,1.0,5.0,1.0,1.0,6-11 años,7.495112774655879,0,1,1,0
1,16.0,1.0,1.0,7.0,6.0,2.0,1422.0416259765625,3.0,5.0,2.0,1.0,15-16 años,7.26055184992945,0,1,1,0
1,16.0,1.0,1.0,7.0,6.0,1.0,1984.31103515625,3.0,1.0,1.0,1.0,15-16 años,7.59353087362019,0,1,1,0
1,13.0,2.0,1.0,7.0,6.0,1.0,1984.31103515625,2.0,1.0,1.0,1.0,12-14 años,7.59353087362019,0,1,1,0
1,9.0,1.0,1.0,7.0,6.0,2.0,885.0999755859375,1.0,5.0,2.0,1.0,6-11 años,6.786829783500991,0,1,1,0
1,7.0,1.0,1.0,7.0,6.0,2.0,885.0999755859375,0.0,5.0,2.0,1.0,6-11 años,6.786829783500991,0,1,1,0
1,6.0,2.0,1.0,7.0,6.0,2.0,1275.0,0.0,6.0,2.0,1.0,6-11 años,7.151485463904735,0,1,1,0
1,14.0,2.0,1.0,7.0,6.0,2.0,835.7332763671875,3.0,5.0,1.0,1.0,12-14 años,6.729505353476632,0,1,1,0
1,13.0,2.0,1.0,7.0,6.0,2.0,1625.0,3.0,8.0,2.0,1.0,12-14 años,7.3938782901077555,0,1,1,0
1,12.0,1.0,1.0,7.0,6.0,2.0,2174.444580078125,1.0,7.0,2.0,1.0,12-14 años,7.684988327268624,0,1,1,0
1,18.0,2.0,1.0,7.0,6.0,2.0,1119.4444580078125,3.0,5.0,2.0,1.0,17-19 años,7.021480723076937,0,1,1,0
1,18.0,1.0,1.0,7.0,6.0,2.0,962.5,3.0,5.0,2.0,1.0,17-19 años,6.870572487854421,0,1,1,0
1,10.0,1.0,1.0,7.0,6.0,2.0,962.5,1.0,5.0,2.0,1.0,6-11 años,6.870572487854421,0,1,1,0
1,7.0,1.0,1.0,7.0,6.0,2.0,962.5,1.0,5.0,2.0,1.0,6-11 años,6.870572487854421,0,1,1,0
1,13.0,2.0,1.0,7.0,6.0,2.0,3049.375,2.0,8.0,1.0,1.0,12-14 años,8.023019812863296,0,1,1,0
1,7.0,2.0,1.0,7.0,6.0,2.0,904.1041870117188,1.0,8.0,1.0,1.0,6-11 años,6.808050060843549,0,1,1,0
1,17.0,1.0,1.0,7.0,6.0,2.0,3050.0,3.0,7.0,1.0,1.0,17-19 años,8.02322468471667,0,1,1,0
1,11.0,2.0,2.0,7.0,6.0,2.0,508.2976379394531,1.0,1.0,5.0,2.0,6-11 años,6.233032596022849,1,0,0,0
1,9.0,2.0,2.0,7.0,6.0,2.0,508.2976379394531,1.0,1.0,5.0,2.0,6-11 años,6.233032596022849,1,0,0,0
0,15.0,2.0,2.0,7.0,6.0,2.0,508.2976379394531,3.0,1.0,5.0,2.0,15-16 años,6.233032596022849,1,0,0,1
1,15.0,1.0,2.0,7.0,6.0,2.0,470.4166564941406,3.0,5.0,6.0,1.0,15-16 años,6.155742323976525,1,1,0,0
1,13.0,1.0,2.0,7.0,6.0,2.0,470.4166564941406,3.0,5.0,6.0,1.0,12-14 años,6.155742323976525,1,1,0,0
1,8.0,1.0,2.0,7.0,6.0,2.0,1246.5277099609375,1.0,6.0,5.0,1.0,6-11 años,7.128919039772519,1,1,0,0
1,6.0,2.0,2.0,7.0,6.0,2.0,1246.5277099609375,0.0,6.0,5.0,1.0,6-11 años,7.128919039772519,1,1,0,0
1,11.0,2.0,2.0,7.0,6.0,2.0,102.5,1.0,8.0,2.0,1.0,6-11 años,4.639571612705423,1,1,1,0
1,8.0,1.0,2.0,7.0,6.0,2.0,102.5,1.0,8.0,2.0,1.0,6-11 años,4.639571612705423,1,1,1,0
1,8.0,2.0,2.0,7.0,6.0,2.0,1113.888916015625,1.0,5.0,5.0,1.0,6-11 años,7.016510052039314,1,1,0,0
0,19.0,1.0,2.0,7.0,6.0,2.0,264.7916564941406,4.0,5.0,5.0,1.0,17-19 años,5.582712755621454,1,1,0,1
1,16.0,1.0,2.0,7.0,6.0,2.0,264.7916564941406,3.0,5.0,5.0,1.0,15-16 años,5.582712755621454,1,1,0,0
1,14.0,2.0,2.0,7.0,6.0,2.0,1730.7132568359375,3.0,5.0,2.0,1.0,12-14 años,7.4568665193171135,1,1,1,0
1,11.0,2.0,2.0,7.0,6.0,2.0,1730.7132568359375,1.0,5.0,2.0,1.0,6-11 años,7.4568665193171135,1,1,1,0
1,6.0,1.0,2.0,7.0,6.0,2.0,888.888916015625,0.0,5.0,2.0,1.0,6-11 años,6.791096641470747,1,1,1,0
1,8.0,2.0,2.0,7.0,6.0,2.0,652.3541870117188,1.0,5.0,2.0,1.0,6-11 años,6.482119381942544,1,1,1,0
1,8.0,1.0,2.0,7.0,6.0,2.0,652.3541870117188,1.0,5.0,2.0,1.0,6-11 años,6.482119381942544,1,1,1,0
1,18.0,2.0,2.0,7.0,6.0,2.0,1178.888916015625,4.0,5.0,2.0,1.0,17-19 años,7.07317557405855,1,1,1,0
1,14.0,2.0,2.0,7.0,6.0,2.0,1178.888916015625,3.0,5.0,2.0,1.0,12-14 años,7.07317557405855,1,1,1,0
1,11.0,2.0,2.0,7.0,6.0,2.0,1178.888916015625,1.0,5.0,2.0,1.0,6-11 años,7.07317557405855,1,1,1,0
1,6.0,2.0,2.0,7.0,6.0,2.0,1178.888916015625,0.0,5.0,2.0,1.0,6-11 años,7.07317557405855,1,1,1,0
1,12.0,1.0,2.0,7.0,6.0,2.0,572.4166259765625,2.0,8.0,1.0,1.0,12-14 años,6.351612548453679,1,1,1,0
1,8.0,1.0,2.0,7.0,6.0,2.0,572.4166259765625,1.0,8.0,1.0,1.0,6-11 años,6.351612548453679,1,1,1,0
0,19.0,1.0,2.0,7.0,6.0,2.0,1616.533203125,3.0,1.0,2.0,1.0,17-19 años,7.388657553598683,1,1,1,1
1,14.0,1.0,2.0,7.0,6.0,2.0,1616.533203125,3.0,1.0,2.0,1.0,12-14 años,7.388657553598683,1,1,1,0
1,11.0,1.0,2.0,7.0,6.0,2.0,394.9166564941406,1.0,1.0,2.0,1.0,6-11 años,5.981203725705317,1,1,1,0
1,13.0,1.0,2.0,7.0,6.0,2.0,436.2916564941406,3.0,5.0,1.0,1.0,12-14 años,6.080600378644222,1,1,1,0
1,9.0,2.0,2.0,7.0,6.0,2.0,436.2916564941406,1.0,5.0,1.0,1.0,6-11 años,6.080600378644222,1,1,1,0
1,17.0,2.0,2.0,7.0,6.0,2.0,541.25,3.0,1.0,1.0,1.0,17-19 años,6.295727149706984,1,1,1,0
1,11.0,1.0,2.0,7.0,6.0,2.0,1314.1112060546875,1.0,8.0,1.0,1.0,6-11 años,7.181676508378216,1,1,1,0
1,10.0,2.0,2.0,7.0,6.0,2.0,667.0266723632812,1.0,5.0,8.0,1.0,6-11 años,6.504328101427063,1,1,0,0
1,19.0,1.0,2.0,7.0,6.0,2.0,1172.6343994140625,4.0,1.0,8.0,1.0,17-19 años,7.0678605374200565,1,1,0,0
0,17.0,1.0,2.0,7.0,6.0,2.0,1172.6343994140625,2.0,1.0,8.0,1.0,17-19 años,7.0678605374200565,1,1,0,1
1,12.0,2.0,2.0,7.0,6.0,2.0,1172.6343994140625,1.0,1.0,8.0,1.0,12-14 años,7.0678605374200565,1,1,0,0
1,6.0,1.0,2.0,7.0,6.0,2.0,1172.6343994140625,0.0,1.0,8.0,1.0,6-11 años,7.0678605374200565,1,1,0,0
1,8.0,1.0,2.0,7.0,6.0,2.0,542.5,1.0,1.0,8.0,1.0,6-11 años,6.298029706561264,1,1,0,0
1,9.0,1.0,2.0,7.0,6.0,2.0,1474.6666259765625,1.0,5.0,8.0,1.0,6-11 años,7.2968651164899825,1,1,0,0
1,14.0,2.0,2.0,7.0,6.0,2.0,926.8250122070312,3.0,1.0,8.0,1.0,12-14 años,6.8328431505736145,1,1,0,0
1,11.0,1.0,2.0,7.0,6.0,2.0,926.8250122070312,1.0,1.0,8.0,1.0,6-11 años,6.8328431505736145,1,1,0,0
1,17.0,1.0,2.0,7.0,6.0,2.0,616.9299926757812,3.0,1.0,8.0,1.0,17-19 años,6.426375170581074,1,1,0,0
1,11.0,2.0,2.0,7.0,6.0,2.0,616.9299926757812,1.0,1.0,8.0,1.0,6-11 años,6.426375170581074,1,1,0,0
1,7.0,1.0,2.0,7.0,6.0,2.0,616.9299926757812,1.0,1.0,8.0,1.0,6-11 años,6.426375170581074,1,1,0,0
0,19.0,1.0,2.0,7.0,6.0,1.0,1556.199951171875,4.0,1.0,8.0,1.0,17-19 años,7.350644584379939,1,1,0,1
1,16.0,1.0,2.0,7.0,6.0,1.0,1556.199951171875,3.0,1.0,8.0,1.0,15-16 años,7.350644584379939,1,1,0,0
1,13.0,2.0,2.0,7.0,6.0,2.0,523.1361083984375,3.0,1.0,8.0,1.0,12-14 años,6.26175139944413,1,1,0,0
1,7.0,1.0,2.0,7.0,6.0,2.0,523.1361083984375,0.0,1.0,8.0,1.0,6-11 años,6.26175139944413,1,1,0,0
1,17.0,2.0,2.0,7.0,6.0,1.0,1361.25,3.0,5.0,9.0,1.0,17-19 años,7.216893023463208,1,1,0,0
1,13.0,2.0,2.0,7.0,6.0,1.0,1566.0,3.0,8.0,9.0,1.0,12-14 años,7.356918242356021,1,1,0,0
1,6.0,1.0,2.0,7.0,6.0,1.0,1566.0,0.0,8.0,9.0,1.0,6-11 años,7.356918242356021,1,1,0,0
1,18.0,1.0,2.0,7.0,6.0,2.0,2133.85009765625,3.0,7.0,9.0,1.0,17-19 años,7.666151711327148,1,1,0,0
1,16.0,1.0,2.0,7.0,6.0,2.0,538.0,3.0,7.0,9.0,1.0,15-16 años,6.289715570908998,1,1,0,0
1,14.0,2.0,2.0,7.0,6.0,2.0,538.0,3.0,7.0,9.0,1.0,12-14 años,6.289715570908998,1,1,0,0
1,16.0,1.0,2.0,7.0,6.0,2.0,461.70001220703125,3.0,7.0,9.0,1.0,15-16 años,6.137078922295126,1,1,0,0
1,13.0,1.0,2.0,7.0,6.0,2.0,461.70001220703125,2.0,7.0,9.0,1.0,12-14 años,6.137078922295126,1,1,0,0
1,11.0,1.0,2.0,7.0,6.0,2.0,461.70001220703125,1.0,7.0,9.0,1.0,6-11 años,6.137078922295126,1,1,0,0
1,9.0,1.0,2.0,7.0,6.0,2.0,461.70001220703125,1.0,7.0,9.0,1.0,6-11 años,6.137078922295126,1,1,0,0
1,7.0,2.0,2.0,7.0,6.0,2.0,1200.625,1.0,7.0,9.0,1.0,6-11 años,7.09143008638598,1,1,0,0
1,10.0,1.0,2.0,7.0,6.0,2.0,1350.0,1.0,8.0,1.0,1.0,6-11 años,7.208600337960199,1,1,1,0
1,19.0,2.0,2.0,7.0,6.0,2.0,825.0,4.0,7.0,1.0,1.0,17-19 años,6.716594773520978,1,1,1,0
1,11.0,1.0,2.0,7.0,6.0,2.0,825.0,1.0,7.0,1.0,1.0,6-11 años,6.716594773520978,1,1,1,0
1,16.0,1.0,2.0,7.0,6.0,2.0,1915.2222900390625,3.0,5.0,1.0,1.0,15-16 años,7.558110969566956,1,1,1,0
1,18.0,2.0,2.0,7.0,6.0,2.0,1009.5198974609375,3.0,7.0,2.0,1.0,17-19 años,6.918220227358314,1,1,1,0
1,9.0,2.0,2.0,7.0,6.0,2.0,1009.5198974609375,1.0,7.0,2.0,1.0,6-11 años,6.918220227358314,1,1,1,0
1,6.0,2.0,2.0,7.0,6.0,2.0,1009.5198974609375,0.0,7.0,2.0,1.0,6-11 años,6.918220227358314,1,1,1,0
1,16.0,2.0,2.0,7.0,6.0,2.0,947.6799926757812,3.0,7.0,2.0,1.0,15-16 años,6.855071536976262,1,1,1,0
1,12.0,1.0,2.0,7.0,6.0,2.0,947.6799926757812,2.0,7.0,2.0,1.0,12-14 años,6.855071536976262,1,1,1,0
1,8.0,2.0,2.0,7.0,6.0,2.0,947.6799926757812,1.0,7.0,2.0,1.0,6-11 años,6.855071536976262,1,1,1,0
1,9.0,2.0,2.0,7.0,6.0,2.0,2492.683349609375,1.0,5.0,1.0,1.0,6-11 años,7.821516153307318,1,1,1,0
1,11.0,2.0,2.0,7.0,6.0,2.0,1082.416748046875,1.0,5.0,1.0,1.0,6-11 años,6.98787498188858,1,1,1,0
1,7.0,1.0,2.0,7.0,6.0,2.0,1082.416748046875,1.0,5.0,1.0,1.0,6-11 años,6.98787498188858,1,1,1,0
1,9.0,1.0,2.0,7.0,6.0,2.0,673.5416870117188,1.0,5.0,2.0,1.0,6-11 años,6.514033478054857,1,1,1,0
1,17.0,2.0,2.0,7.0,6.0,2.0,985.9523315429688,3.0,4.0,1.0,1.0,17-19 años,6.894621741958129,1,1,1,0
1,15.0,2.0,2.0,7.0,6.0,2.0,985.9523315429688,2.0,4.0,1.0,1.0,15-16 años,6.894621741958129,1,1,1,0
1,12.0,1.0,2.0,7.0,6.0,2.0,985.9523315429688,1.0,4.0,1.0,1.0,12-14 años,6.894621741958129,1,1,1,0
1,9.0,2.0,2.0,7.0,6.0,2.0,985.9523315429688,1.0,4.0,1.0,1.0,6-11 años,6.894621741958129,1,1,1,0
1,6.0,1.0,2.0,7.0,6.0,2.0,843.6643676757812,0.0,5.0,1.0,1.0,6-11 años,6.73893935043632,1,1,1,0
1,6.0,1.0,2.0,7.0,6.0,2.0,1681.637451171875,0.0,5.0,1.0,1.0,6-11 años,7.428117752786444,1,1,1,0
1,14.0,1.0,2.0,7.0,6.0,2.0,731.1714477539062,2.0,1.0,1.0,1.0,12-14 años,6.5960147047795425,1,1,1,0
1,13.0,1.0,2.0,7.0,6.0,2.0,731.1714477539062,3.0,1.0,1.0,1.0,12-14 años,6.5960147047795425,1,1,1,0
1,11.0,2.0,2.0,7.0,6.0,2.0,731.1714477539062,1.0,1.0,1.0,1.0,6-11 años,6.5960147047795425,1,1,1,0
1,7.0,1.0,2.0,7.0,6.0,2.0,731.1714477539062,0.0,1.0,1.0,1.0,6-11 años,6.5960147047795425,1,1,1,0
0,18.0,2.0,2.0,7.0,6.0,2.0,731.1714477539062,3.0,1.0,1.0,1.0,17-19 años,6.5960147047795425,1,1,1,1
1,12.0,2.0,2.0,7.0,6.0,2.0,1600.0,1.0,5.0,2.0,1.0,12-14 años,7.3783837129967145,1,1,1,0
1,17.0,2.0,2.0,7.0,6.0,2.0,1695.9166259765625,3.0,7.0,2.0,1.0,17-19 años,7.436568133783668,1,1,1,0
1,14.0,1.0,2.0,7.0,6.0,2.0,1695.9166259765625,3.0,7.0,2.0,1.0,12-14 años,7.436568133783668,1,1,1,0
1,12.0,2.0,2.0,7.0,6.0,2.0,1695.9166259765625,1.0,7.0,2.0,1.0,12-14 años,7.436568133783668,1,1,1,0
1,11.0,1.0,2.0,7.0,6.0,2.0,866.0,1.0,8.0,1.0,1.0,6-11 años,6.7650389767805414,1,1,1,0
1,12.0,2.0,2.0,7.0,6.0,2.0,1344.25,1.0,5.0,2.0,1.0,12-14 años,7.204335148369529,1,1,1,0
1,10.0,2.0,2.0,7.0,6.0,2.0,1344.25,1.0,5.0,2.0,1.0,6-11 años,7.204335148369529,1,1,1,0
1,7.0,1.0,2.0,7.0,6.0,2.0,318.52557373046875,1.0,5.0,2.0,1.0,6-11 años,5.766837313589185,1,1,1,0
1,15.0,1.0,2.0,7.0,6.0,2.0,1137.6500244140625,3.0,7.0,2.0,1.0,15-16 años,7.0375986505721215,1,1,1,0
1,18.0,1.0,2.0,7.0,6.0,2.0,1137.6500244140625,3.0,7.0,2.0,1.0,17-19 años,7.0375986505721215,1,1,1,0
1,19.0,2.0,2.0,7.0,6.0,1.0,375.0,3.0,5.0,1.0,1.0,17-19 años,5.929589143389895,1,1,1,0
1,11.0,1.0,2.0,7.0,6.0,1.0,375.0,1.0,5.0,1.0,1.0,6-11 años,5.929589143389895,1,1,1,0
1,18.0,2.0,2.0,7.0,6.0,1.0,300.0,3.0,8.0,1.0,1.0,17-19 años,5.707110264748875,1,1,1,0
1,16.0,2.0,2.0,7.0,6.0,1.0,300.0,3.0,8.0,1.0,1.0,15-16 años,5.707110264748875,1,1,1,0
1,9.0,2.0,2.0,7.0,6.0,2.0,666.6666870117188,1.0,6.0,1.0,1.0,6-11 años,6.503789077469579,1,1,1,0
1,17.0,1.0,2.0,7.0,6.0,2.0,1664.143310546875,3.0,8.0,2.0,1.0,17-19 años,7.417666471111053,1,1,1,0
1,19.0,1.0,2.0,7.0,6.0,2.0,1848.8333740234375,5.0,8.0,1.0,1.0,17-19 años,7.522850845920557,1,1,1,0
1,14.0,2.0,2.0,7.0,6.0,2.0,1848.8333740234375,3.0,8.0,1.0,1.0,12-14 años,7.522850845920557,1,1,1,0
1,11.0,1.0,2.0,7.0,6.0,2.0,2069.583251953125,1.0,5.0,1.0,1.0,6-11 años,7.635585610799892,1,1,1,0
1,16.0,1.0,2.0,7.0,6.0,2.0,651.6166381835938,3.0,8.0,1.0,1.0,15-16 años,6.4809898790588525,1,1,1,0
1,15.0,1.0,2.0,7.0,6.0,2.0,651.6166381835938,2.0,8.0,1.0,1.0,15-16 años,6.4809898790588525,1,1,1,0
1,8.0,2.0,2.0,7.0,6.0,2.0,847.4249877929688,1.0,8.0,1.0,1.0,6-11 años,6.743381675100942,1,1,1,0
1,9.0,1.0,2.0,7.0,6.0,2.0,665.0000610351562,1.0,5.0,2.0,1.0,6-11 años,6.501289762184764,1,1,1,0
1,17.0,1.0,2.0,7.0,6.0,2.0,1016.1312255859375,3.0,5.0,1.0,1.0,17-19 años,6.924741419765879,1,1,1,0
1,9.0,2.0,2.0,7.0,6.0,2.0,1016.1312255859375,1.0,5.0,1.0,1.0,6-11 años,6.924741419765879,1,1,1,0
1,6.0,1.0,2.0,7.0,6.0,2.0,2710.83349609375,0.0,5.0,1.0,1.0,6-11 años,7.905380251929854,1,1,1,0
1,9.0,2.0,2.0,7.0,41.0,2.0,1201.75,1.0,8.0,5.0,2.0,6-11 años,7.092365880579563,1,0,0,0
1,9.0,1.0,2.0,7.0,41.0,2.0,1201.75,1.0,8.0,5.0,2.0,6-11 años,7.092365880579563,1,0,0,0
1,8.0,1.0,2.0,7.0,41.0,2.0,1201.75,1.0,8.0,5.0,2.0,6-11 años,7.092365880579563,1,0,0,0
1,13.0,1.0,2.0,7.0,41.0,2.0,896.111083984375,3.0,5.0,5.0,2.0,12-14 años,6.799179693838789,1,0,0,0
1,12.0,1.0,2.0,7.0,41.0,2.0,896.111083984375,2.0,5.0,5.0,2.0,12-14 años,6.799179693838789,1,0,0,0
1,8.0,1.0,2.0,7.0,41.0,2.0,896.111083984375,1.0,5.0,5.0,2.0,6-11 años,6.799179693838789,1,0,0,0
1,6.0,1.0,2.0,7.0,41.0,2.0,896.111083984375,0.0,5.0,5.0,2.0,6-11 años,6.799179693838789,1,0,0,0
0,16.0,1.0,2.0,7.0,41.0,2.0,1505.1112060546875,3.0,8.0,5.0,2.0,15-16 años,7.317286247635437,1,0,0,1
1,12.0,1.0,2.0,7.0,41.0,2.0,1505.1112060546875,2.0,8.0,5.0,2.0,12-14 años,7.317286247635437,1,0,0,0
1,8.0,2.0,2.0,7.0,41.0,2.0,1505.1112060546875,1.0,8.0,5.0,2.0,6-11 años,7.317286247635437,1,0,0,0
0,18.0,1.0,2.0,7.0,41.0,2.0,974.25,3.0,8.0,5.0,1.0,17-19 años,6.882693848386766,1,1,0,1
0,17.0,2.0,2.0,7.0,41.0,2.0,974.25,1.0,8.0,5.0,1.0,17-19 años,6.882693848386766,1,1,0,1
0,15.0,1.0,2.0,7.0,41.0,2.0,974.25,3.0,8.0,5.0,1.0,15-16 años,6.882693848386766,1,1,0,1
0,12.0,2.0,2.0,7.0,41.0,2.0,974.25,3.0,8.0,5.0,1.0,12-14 años,6.882693848386766,1,1,0,1
1,6.0,1.0,2.0,7.0,41.0,2.0,974.25,0.0,8.0,5.0,1.0,6-11 años,6.882693848386766,1,1,0,0
0,15.0,2.0,2.0,7.0,41.0,2.0,388.3407287597656,1.0,8.0,5.0,2.0,15-16 años,5.964454869641796,1,0,0,1
0,13.0,1.0,2.0,7.0,41.0,2.0,388.3407287597656,1.0,8.0,5.0,2.0,12-14 años,5.964454869641796,1,0,0,1
1,11.0,1.0,2.0,7.0,41.0,2.0,388.3407287597656,1.0,8.0,5.0,2.0,6-11 años,5.964454869641796,1,0,0,0
1,8.0,2.0,2.0,7.0,41.0,2.0,388.3407287597656,1.0,8.0,5.0,2.0,6-11 años,5.964454869641796,1,0,0,0
1,6.0,2.0,2.0,7.0,41.0,2.0,388.3407287597656,0.0,8.0,5.0,2.0,6-11 años,5.964454869641796,1,0,0,0
0,16.0,1.0,2.0,7.0,41.0,2.0,1249.4932861328125,3.0,8.0,5.0,2.0,15-16 años,7.131293381357089,1,0,0,1
0,14.0,2.0,2.0,7.0,41.0,2.0,1249.4932861328125,3.0,8.0,5.0,2.0,12-14 años,7.131293381357089,1,0,0,1
1,12.0,1.0,2.0,7.0,41.0,2.0,1249.4932861328125,3.0,8.0,5.0,2.0,12-14 años,7.131293381357089,1,0,0,0
1,11.0,2.0,2.0,7.0,41.0,2.0,1249.4932861328125,1.0,8.0,5.0,2.0,6-11 años,7.131293381357089,1,0,0,0
1,10.0,2.0,2.0,7.0,41.0,2.0,1249.4932861328125,1.0,8.0,5.0,2.0,6-11 años,7.131293381357089,1,0,0,0
1,7.0,1.0,2.0,7.0,41.0,2.0,1249.4932861328125,1.0,8.0,5.0,2.0,6-11 años,7.131293381357089,1,0,0,0
0,15.0,1.0,2.0,7.0,41.0,2.0,2021.2222900390625,3.0,5.0,5.0,2.0,15-16 años,7.611952329264467,1,0,0,1
0,18.0,1.0,2.0,7.0,41.0,2.0,2742.333251953125,3.0,8.0,5.0,2.0,17-19 años,7.916928975338288,1,0,0,1
0,16.0,2.0,2.0,7.0,41.0,2.0,2742.333251953125,3.0,8.0,5.0,2.0,15-16 años,7.916928975338288,1,0,0,1
0,13.0,1.0,2.0,7.0,41.0,2.0,2742.333251953125,3.0,8.0,5.0,2.0,12-14 años,7.916928975338288,1,0,0,1
1,11.0,2.0,2.0,7.0,41.0,2.0,2742.333251953125,2.0,8.0,5.0,2.0,6-11 años,7.916928975338288,1,0,0,0
0,18.0,2.0,2.0,7.0,41.0,2.0,428.5714416503906,3.0,8.0,5.0,2.0,17-19 años,6.062788064379752,1,0,0,1
0,17.0,2.0,2.0,7.0,41.0,2.0,428.5714416503906,3.0,8.0,5.0,2.0,17-19 años,6.062788064379752,1,0,0,1
0,14.0,1.0,2.0,7.0,41.0,2.0,428.5714416503906,3.0,8.0,5.0,2.0,12-14 años,6.062788064379752,1,0,0,1
1,11.0,1.0,2.0,7.0,41.0,2.0,428.5714416503906,2.0,8.0,5.0,2.0,6-11 años,6.062788064379752,1,0,0,0
1,9.0,1.0,2.0,7.0,41.0,2.0,428.5714416503906,1.0,8.0,5.0,2.0,6-11 años,6.062788064379752,1,0,0,0
1,7.0,2.0,2.0,7.0,41.0,2.0,428.5714416503906,1.0,8.0,5.0,2.0,6-11 años,6.062788064379752,1,0,0,0
0,17.0,2.0,2.0,7.0,995.0,2.0,2465.0,1.0,5.0,2.0,1.0,17-19 años,7.81035268372429,1,1,1,1
1,17.0,1.0,2.0,7.0,6.0,1.0,2489.708251953125,3.0,5.0,1.0,1.0,17-19 años,7.820322387549174,1,1,1,0
1,10.0,1.0,2.0,7.0,6.0,1.0,2489.708251953125,1.0,5.0,1.0,1.0,6-11 años,7.820322387549174,1,1,1,0
1,7.0,1.0,2.0,7.0,6.0,2.0,533.25,0.0,5.0,1.0,1.0,6-11 años,6.280863894199257,1,1,1,0
1,12.0,1.0,2.0,7.0,6.0,2.0,987.897216796875,2.0,1.0,2.0,1.0,12-14 años,6.896590399828537,1,1,1,0
1,7.0,1.0,2.0,7.0,6.0,2.0,1655.074951171875,1.0,8.0,1.0,1.0,6-11 años,7.412205594290475,1,1,1,0
1,17.0,2.0,2.0,7.0,6.0,2.0,1674.0,3.0,8.0,2.0,1.0,17-19 años,7.423568444259167,1,1,1,0
1,13.0,1.0,2.0,7.0,6.0,2.0,1674.0,3.0,8.0,2.0,1.0,12-14 años,7.423568444259167,1,1,1,0
1,7.0,1.0,2.0,7.0,6.0,2.0,1674.0,0.0,8.0,2.0,1.0,6-11 años,7.423568444259167,1,1,1,0
1,7.0,2.0,2.0,7.0,6.0,2.0,750.0,1.0,8.0,2.0,1.0,6-11 años,6.621405651764134,1,1,1,0
1,14.0,1.0,2.0,7.0,6.0,2.0,2368.68017578125,3.0,8.0,2.0,1.0,12-14 años,7.770510278095278,1,1,1,0
1,6.0,2.0,2.0,7.0,6.0,2.0,2368.68017578125,0.0,8.0,2.0,1.0,6-11 años,7.770510278095278,1,1,1,0
1,10.0,2.0,2.0,7.0,6.0,1.0,1234.25,1.0,5.0,2.0,2.0,6-11 años,7.11902865772586,1,0,1,0
1,12.0,1.0,2.0,7.0,6.0,2.0,1089.4000244140625,1.0,5.0,1.0,1.0,12-14 años,6.994299902772329,1,1,1,0
1,12.0,1.0,2.0,7.0,6.0,2.0,1118.050048828125,2.0,5.0,2.0,1.0,12-14 años,7.020235433699688,1,1,1,0
1,19.0,1.0,2.0,7.0,6.0,2.0,2405.09326171875,4.0,8.0,1.0,1.0,17-19 años,7.78575965792751,1,1,1,0
1,14.0,1.0,2.0,7.0,6.0,2.0,441.8333435058594,3.0,7.0,2.0,1.0,12-14 años,6.093193499503213,1,1,1,0
1,11.0,1.0,2.0,7.0,6.0,2.0,441.8333435058594,1.0,7.0,2.0,1.0,6-11 años,6.093193499503213,1,1,1,0
1,10.0,2.0,2.0,7.0,6.0,2.0,441.8333435058594,1.0,7.0,2.0,1.0,6-11 años,6.093193499503213,1,1,1,0
1,6.0,2.0,2.0,7.0,6.0,2.0,441.8333435058594,0.0,7.0,2.0,1.0,6-11 años,6.093193499503213,1,1,1,0
1,9.0,1.0,2.0,7.0,27.0,2.0,2587.5,1.0,1.0,8.0,1.0,6-11 años,7.858833836341956,1,1,0,0
1,17.0,2.0,2.0,7.0,27.0,1.0,104.16667175292969,3.0,2.0,8.0,1.0,17-19 años,4.655546441676989,1,1,0,0
1,12.0,1.0,2.0,7.0,27.0,1.0,104.16667175292969,2.0,2.0,8.0,1.0,12-14 años,4.655546441676989,1,1,0,0
1,12.0,2.0,2.0,7.0,6.0,2.0,25.0,2.0,2.0,5.0,2.0,12-14 años,3.258096538021482,1,0,0,0
1,11.0,1.0,2.0,7.0,6.0,2.0,25.0,1.0,2.0,5.0,2.0,6-11 años,3.258096538021482,1,0,0,0
1,14.0,2.0,2.0,7.0,6.0,2.0,1039.199951171875,3.0,1.0,6.0,2.0,12-14 años,6.947168234397878,1,0,0,0
0,19.0,2.0,2.0,7.0,6.0,2.0,908.9166870117188,4.0,1.0,6.0,2.0,17-19 años,6.813353042585313,1,0,0,1
0,18.0,1.0,2.0,7.0,6.0,1.0,1383.8890380859375,4.0,1.0,2.0,2.0,17-19 años,7.233375298506448,1,0,1,1
1,13.0,2.0,2.0,7.0,6.0,1.0,1383.8890380859375,3.0,1.0,2.0,2.0,12-14 años,7.233375298506448,1,0,1,0
1,14.0,2.0,2.0,7.0,6.0,1.0,400.2778015136719,3.0,1.0,2.0,2.0,12-14 años,5.994653959305461,1,0,1,0
1,13.0,1.0,2.0,7.0,6.0,2.0,400.2778015136719,3.0,1.0,2.0,2.0,12-14 años,5.994653959305461,1,0,1,0
1,10.0,2.0,2.0,7.0,6.0,2.0,400.2778015136719,1.0,1.0,2.0,2.0,6-11 años,5.994653959305461,1,0,1,0
1,8.0,2.0,2.0,7.0,6.0,2.0,400.2778015136719,1.0,1.0,2.0,2.0,6-11 años,5.994653959305461,1,0,1,0
1,8.0,1.0,2.0,7.0,6.0,1.0,362.25,1.0,1.0,2.0,2.0,6-11 años,5.895091302450393,1,0,1,0
1,10.0,1.0,2.0,7.0,6.0,1.0,581.875,1.0,1.0,2.0,2.0,6-11 años,6.367972755128485,1,0,1,0
1,18.0,2.0,2.0,7.0,6.0,2.0,1285.53662109375,3.0,1.0,5.0,1.0,17-19 años,7.159709096993884,1,1,0,0
0,16.0,2.0,2.0,7.0,6.0,2.0,1285.53662109375,3.0,1.0,5.0,1.0,15-16 años,7.159709096993884,1,1,0,1
1,11.0,2.0,2.0,7.0,6.0,2.0,1285.53662109375,1.0,1.0,5.0,1.0,6-11 años,7.159709096993884,1,1,0,0
1,8.0,1.0,2.0,7.0,6.0,2.0,1285.53662109375,1.0,1.0,5.0,1.0,6-11 años,7.159709096993884,1,1,0,0
1,7.0,2.0,2.0,7.0,6.0,2.0,540.0,1.0,1.0,5.0,1.0,6-11 años,6.293419278846481,1,1,0,0
1,13.0,2.0,2.0,7.0,6.0,2.0,1996.0,3.0,1.0,5.0,1.0,12-14 años,7.599401333415815,1,1,0,0
1,11.0,2.0,2.0,7.0,6.0,2.0,1996.0,1.0,1.0,5.0,1.0,6-11 años,7.599401333415815,1,1,0,0
1,19.0,1.0,2.0,7.0,6.0,1.0,3000.0,4.0,1.0,5.0,1.0,17-19 años,8.006700845440367,1,1,0,0
1,13.0,2.0,2.0,7.0,6.0,2.0,3000.0,2.0,1.0,5.0,1.0,12-14 años,8.006700845440367,1,1,0,0
1,11.0,1.0,2.0,7.0,6.0,2.0,3000.0,1.0,1.0,5.0,1.0,6-11 años,8.006700845440367,1,1,0,0
1,15.0,2.0,2.0,7.0,6.0,1.0,183.19444274902344,3.0,8.0,5.0,1.0,15-16 años,5.21599195370824,1,1,0,0
1,11.0,2.0,2.0,7.0,6.0,1.0,183.19444274902344,1.0,8.0,5.0,1.0,6-11 años,5.21599195370824,1,1,0,0
1,6.0,2.0,2.0,7.0,6.0,1.0,183.19444274902344,0.0,8.0,5.0,1.0,6-11 años,5.21599195370824,1,1,0,0
1,7.0,1.0,2.0,7.0,6.0,1.0,1099.333251953125,0.0,7.0,5.0,1.0,6-11 años,7.003368369225485,1,1,0,0
1,9.0,1.0,2.0,7.0,6.0,2.0,703.625,1.0,1.0,1.0,1.0,6-11 años,6.557665746401739,1,1,1,0
1,7.0,1.0,2.0,7.0,6.0,2.0,703.625,1.0,1.0,1.0,1.0,6-11 años,6.557665746401739,1,1,1,0
1,12.0,2.0,2.0,7.0,6.0,2.0,519.5999755859375,3.0,5.0,1.0,1.0,12-14 años,6.254981945664454,1,1,1,0
1,9.0,1.0,2.0,7.0,6.0,2.0,519.5999755859375,1.0,5.0,1.0,1.0,6-11 años,6.254981945664454,1,1,1,0
1,6.0,2.0,2.0,7.0,6.0,2.0,519.5999755859375,0.0,5.0,1.0,1.0,6-11 años,6.254981945664454,1,1,1,0
0,16.0,1.0,2.0,7.0,6.0,1.0,649.5,2.0,1.0,5.0,1.0,15-16 años,6.47774129795256,1,1,0,1
1,14.0,1.0,2.0,7.0,6.0,1.0,649.5,2.0,1.0,5.0,1.0,12-14 años,6.47774129795256,1,1,0,0
1,11.0,1.0,2.0,7.0,6.0,1.0,649.5,1.0,1.0,5.0,1.0,6-11 años,6.47774129795256,1,1,0,0
1,10.0,2.0,2.0,7.0,6.0,1.0,649.5,1.0,1.0,5.0,1.0,6-11 años,6.47774129795256,1,1,0,0
1,8.0,1.0,2.0,7.0,6.0,1.0,649.5,1.0,1.0,5.0,1.0,6-11 años,6.47774129795256,1,1,0,0
1,15.0,1.0,2.0,7.0,6.0,1.0,584.5499877929688,3.0,1.0,1.0,1.0,15-16 años,6.372551555641026,1,1,1,0
1,13.0,2.0,2.0,7.0,6.0,1.0,584.5499877929688,2.0,1.0,1.0,1.0,12-14 años,6.372551555641026,1,1,1,0
1,12.0,2.0,2.0,7.0,6.0,1.0,584.5499877929688,1.0,1.0,1.0,1.0,12-14 años,6.372551555641026,1,1,1,0
1,10.0,1.0,2.0,7.0,6.0,1.0,584.5499877929688,1.0,1.0,1.0,1.0,6-11 años,6.372551555641026,1,1,1,0
1,7.0,1.0,2.0,7.0,6.0,1.0,584.5499877929688,0.0,1.0,1.0,1.0,6-11 años,6.372551555641026,1,1,1,0
1,16.0,2.0,2.0,7.0,6.0,2.0,327.875,3.0,1.0,2.0,2.0,15-16 años,5.795677739360457,1,0,1,0
1,14.0,1.0,2.0,7.0,6.0,2.0,327.875,3.0,1.0,2.0,2.0,12-14 años,5.795677739360457,1,0,1,0
0,6.0,2.0,2.0,7.0,6.0,2.0,327.875,0.0,1.0,2.0,2.0,6-11 años,5.795677739360457,1,0,1,1
1,12.0,1.0,2.0,7.0,6.0,2.0,606.2000122070312,1.0,1.0,1.0,1.0,12-14 años,6.408858246185226,1,1,1,0
1,7.0,1.0,2.0,7.0,6.0,2.0,606.2000122070312,1.0,1.0,1.0,1.0,6-11 años,6.408858246185226,1,1,1,0
1,16.0,1.0,2.0,7.0,6.0,2.0,372.0,3.0,1.0,2.0,1.0,15-16 años,5.921578419643816,1,1,1,0
1,15.0,1.0,2.0,7.0,6.0,2.0,372.0,3.0,1.0,2.0,1.0,15-16 años,5.921578419643816,1,1,1,0
1,9.0,1.0,2.0,7.0,6.0,2.0,372.0,1.0,1.0,2.0,1.0,6-11 años,5.921578419643816,1,1,1,0
1,14.0,2.0,2.0,7.0,6.0,2.0,353.8999938964844,1.0,1.0,2.0,1.0,12-14 años,5.871836042454604,1,1,1,0
1,10.0,2.0,2.0,7.0,6.0,2.0,353.8999938964844,1.0,1.0,2.0,1.0,6-11 años,5.871836042454604,1,1,1,0
1,8.0,2.0,2.0,7.0,6.0,2.0,353.8999938964844,1.0,1.0,2.0,1.0,6-11 años,5.871836042454604,1,1,1,0
0,13.0,1.0,2.0,7.0,6.0,2.0,422.0,3.0,1.0,2.0,1.0,12-14 años,6.0473721790462776,1,1,1,1
1,11.0,2.0,2.0,7.0,6.0,2.0,422.0,1.0,1.0,2.0,1.0,6-11 años,6.0473721790462776,1,1,1,0
1,8.0,1.0,2.0,7.0,6.0,2.0,422.0,0.0,1.0,2.0,1.0,6-11 años,6.0473721790462776,1,1,1,0
1,10.0,2.0,2.0,7.0,6.0,2.0,605.8333740234375,1.0,8.0,2.0,1.0,6-11 años,6.408254246000555,1,1,1,0
1,7.0,1.0,2.0,7.0,6.0,2.0,600.0,1.0,1.0,9.0,2.0,6-11 años,6.398594934535208,1,0,0,0
1,15.0,1.0,2.0,7.0,6.0,1.0,416.66668701171875,3.0,1.0,6.0,2.0,15-16 años,6.034683714939176,1,0,0,0
1,18.0,2.0,2.0,7.0,6.0,1.0,1015.27783203125,3.0,1.0,8.0,2.0,17-19 años,6.923902047479624,1,0,0,0
1,10.0,1.0,2.0,7.0,6.0,1.0,974.25,1.0,5.0,9.0,2.0,6-11 años,6.882693848386766,1,0,0,0
1,8.0,1.0,2.0,7.0,6.0,1.0,974.25,1.0,5.0,9.0,2.0,6-11 años,6.882693848386766,1,0,0,0
1,11.0,1.0,2.0,7.0,6.0,2.0,658.3333740234375,1.0,1.0,7.0,2.0,6-11 años,6.491229285228556,1,0,0,0
1,6.0,2.0,2.0,7.0,6.0,2.0,658.3333740234375,0.0,1.0,7.0,2.0,6-11 años,6.491229285228556,1,0,0,0
1,14.0,1.0,2.0,7.0,6.0,1.0,417.0,3.0,5.0,9.0,2.0,12-14 años,6.035481432524756,1,0,0,0
1,14.0,1.0,2.0,7.0,6.0,1.0,417.0,3.0,5.0,9.0,2.0,12-14 años,6.035481432524756,1,0,0,0
1,8.0,2.0,2.0,7.0,6.0,2.0,534.8126220703125,1.0,1.0,2.0,1.0,6-11 años,6.2837845142617645,1,1,1,0
1,7.0,1.0,2.0,7.0,6.0,2.0,534.8126220703125,0.0,1.0,2.0,1.0,6-11 años,6.2837845142617645,1,1,1,0
0,16.0,2.0,2.0,7.0,6.0,2.0,2316.666748046875,1.0,5.0,2.0,1.0,15-16 años,7.748316246543898,1,1,1,1
1,6.0,2.0,2.0,7.0,6.0,2.0,973.1666870117188,0.0,5.0,2.0,1.0,6-11 años,6.881582425562684,1,1,1,0
1,16.0,2.0,2.0,7.0,6.0,2.0,1259.7222900390625,3.0,8.0,1.0,1.0,15-16 años,7.139440081765512,1,1,1,0
1,10.0,2.0,2.0,7.0,6.0,2.0,1375.0,1.0,8.0,1.0,1.0,6-11 años,7.226936018493289,1,1,1,0
1,16.0,1.0,2.0,7.0,6.0,2.0,1797.625,3.0,1.0,1.0,1.0,15-16 años,7.494777763083581,1,1,1,0
1,6.0,1.0,2.0,7.0,6.0,2.0,394.4444580078125,0.0,8.0,1.0,1.0,6-11 años,5.980010342473021,1,1,1,0
1,10.0,1.0,2.0,7.0,6.0,2.0,788.4166259765625,1.0,5.0,1.0,1.0,6-11 años,6.671294224543011,1,1,1,0
1,8.0,2.0,2.0,7.0,6.0,2.0,788.4166259765625,1.0,5.0,1.0,1.0,6-11 años,6.671294224543011,1,1,1,0
0,15.0,2.0,2.0,7.0,6.0,2.0,2294.89990234375,3.0,8.0,1.0,1.0,15-16 años,7.738880159948922,1,1,1,1
0,14.0,1.0,2.0,7.0,41.0,2.0,2294.89990234375,3.0,8.0,1.0,1.0,12-14 años,7.738880159948922,1,1,1,1
1,11.0,2.0,2.0,7.0,41.0,2.0,2294.89990234375,1.0,8.0,1.0,1.0,6-11 años,7.738880159948922,1,1,1,0
1,16.0,1.0,2.0,7.0,41.0,2.0,2020.6666259765625,3.0,5.0,1.0,1.0,15-16 años,7.611677512583031,1,1,1,0
1,8.0,2.0,2.0,7.0,6.0,2.0,644.4444580078125,1.0,5.0,1.0,1.0,6-11 años,6.469939161670311,1,1,1,0
0,17.0,2.0,2.0,7.0,41.0,2.0,2337.111083984375,4.0,5.0,1.0,1.0,17-19 años,7.7570986533004165,1,1,1,1
1,17.0,2.0,2.0,7.0,54.0,2.0,687.5,3.0,5.0,1.0,1.0,17-19 años,6.53451531816871,1,1,1,0
1,7.0,1.0,2.0,7.0,54.0,2.0,687.5,1.0,5.0,1.0,1.0,6-11 años,6.53451531816871,1,1,1,0
0,19.0,1.0,2.0,7.0,6.0,2.0,1888.663330078125,4.0,5.0,1.0,1.0,17-19 años,7.544153959952461,1,1,1,1
1,15.0,2.0,2.0,7.0,54.0,2.0,1888.663330078125,3.0,5.0,1.0,1.0,15-16 años,7.544153959952461,1,1,1,0
1,11.0,2.0,2.0,7.0,54.0,2.0,1888.663330078125,1.0,5.0,1.0,1.0,6-11 años,7.544153959952461,1,1,1,0
0,17.0,2.0,2.0,7.0,54.0,2.0,1800.0,4.0,5.0,1.0,1.0,17-19 años,7.496097345175956,1,1,1,1
0,14.0,1.0,2.0,7.0,54.0,2.0,1800.0,2.0,5.0,1.0,1.0,12-14 años,7.496097345175956,1,1,1,1
1,7.0,2.0,2.0,7.0,41.0,2.0,1800.0,1.0,5.0,1.0,1.0,6-11 años,7.496097345175956,1,1,1,0
1,18.0,2.0,1.0,8.0,6.0,2.0,1547.9166259765625,4.0,5.0,1.0,1.0,17-19 años,7.345311014550312,0,1,1,0
1,13.0,2.0,1.0,8.0,6.0,2.0,2616.14013671875,3.0,5.0,1.0,1.0,12-14 años,7.869837449708908,0,1,1,0
1,18.0,1.0,1.0,8.0,6.0,2.0,2616.14013671875,3.0,5.0,1.0,1.0,17-19 años,7.869837449708908,0,1,1,0
1,18.0,2.0,1.0,8.0,6.0,2.0,2616.14013671875,3.0,5.0,1.0,1.0,17-19 años,7.869837449708908,0,1,1,0
1,13.0,1.0,1.0,8.0,6.0,2.0,1289.199951171875,3.0,5.0,2.0,1.0,12-14 años,7.162552486252748,0,1,1,0
1,10.0,2.0,1.0,8.0,6.0,2.0,1939.5833740234375,1.0,8.0,2.0,1.0,6-11 años,7.570743915113211,0,1,1,0
1,10.0,2.0,1.0,8.0,6.0,2.0,1266.7708740234375,1.0,1.0,2.0,1.0,6-11 años,7.145015419949504,0,1,1,0
1,8.0,1.0,1.0,8.0,6.0,2.0,2277.805419921875,1.0,5.0,2.0,1.0,6-11 años,7.731406646013924,0,1,1,0
1,16.0,2.0,1.0,8.0,6.0,2.0,1644.4306640625,3.0,5.0,5.0,1.0,15-16 años,7.405757430797047,0,1,0,0
1,15.0,1.0,1.0,8.0,6.0,2.0,1644.4306640625,3.0,5.0,5.0,1.0,15-16 años,7.405757430797047,0,1,0,0
1,10.0,1.0,1.0,8.0,6.0,2.0,1644.4306640625,1.0,5.0,5.0,1.0,6-11 años,7.405757430797047,0,1,0,0
1,13.0,1.0,1.0,8.0,6.0,2.0,1646.7532958984375,2.0,5.0,2.0,1.0,12-14 años,7.407168000172636,0,1,1,0
1,7.0,1.0,1.0,8.0,6.0,2.0,1646.7532958984375,0.0,5.0,2.0,1.0,6-11 años,7.407168000172636,0,1,1,0
0,16.0,1.0,1.0,8.0,6.0,2.0,1589.916748046875,1.0,1.0,2.0,1.0,15-16 años,7.372065700159688,0,1,1,1
1,15.0,1.0,1.0,8.0,6.0,2.0,1589.916748046875,3.0,1.0,2.0,1.0,15-16 años,7.372065700159688,0,1,1,0
1,12.0,1.0,1.0,8.0,6.0,2.0,1589.916748046875,1.0,1.0,2.0,1.0,12-14 años,7.372065700159688,0,1,1,0
1,6.0,2.0,1.0,8.0,6.0,2.0,764.0277709960938,0.0,5.0,2.0,1.0,6-11 años,6.639912135123314,0,1,1,0
1,11.0,2.0,1.0,8.0,6.0,2.0,764.0277709960938,1.0,5.0,2.0,1.0,6-11 años,6.639912135123314,0,1,1,0
1,17.0,2.0,1.0,8.0,6.0,2.0,933.3333129882812,3.0,1.0,1.0,1.0,17-19 años,6.839833240721738,0,1,1,0
1,14.0,1.0,1.0,8.0,6.0,2.0,2090.66650390625,3.0,5.0,1.0,1.0,12-14 años,7.645716397518127,0,1,1,0
1,9.0,2.0,1.0,8.0,6.0,2.0,2090.66650390625,1.0,5.0,1.0,1.0,6-11 años,7.645716397518127,0,1,1,0
1,16.0,2.0,1.0,8.0,6.0,2.0,1000.0,3.0,2.0,6.0,1.0,15-16 años,6.90875477931522,0,1,0,0
1,7.0,1.0,1.0,8.0,6.0,2.0,2165.0,1.0,1.0,1.0,1.0,6-11 años,7.680637427560936,0,1,1,0
1,19.0,1.0,1.0,8.0,6.0,2.0,1301.72998046875,3.0,1.0,2.0,1.0,17-19 años,7.17221732653922,0,1,1,0
1,18.0,1.0,1.0,8.0,6.0,2.0,1301.72998046875,3.0,1.0,2.0,1.0,17-19 años,7.17221732653922,0,1,1,0
1,13.0,1.0,1.0,8.0,6.0,2.0,1301.72998046875,2.0,1.0,2.0,1.0,12-14 años,7.17221732653922,0,1,1,0
1,17.0,2.0,1.0,8.0,6.0,2.0,2417.7333984375,3.0,1.0,2.0,1.0,17-19 años,7.790999293059446,0,1,1,0
0,18.0,1.0,1.0,8.0,6.0,2.0,2417.7333984375,1.0,1.0,2.0,1.0,17-19 años,7.790999293059446,0,1,1,1
1,11.0,1.0,1.0,8.0,6.0,2.0,1154.9166259765625,1.0,5.0,2.0,1.0,6-11 años,7.0526489237737,0,1,1,0
0,18.0,1.0,1.0,8.0,6.0,2.0,2367.708251953125,4.0,5.0,1.0,1.0,17-19 años,7.770100044170146,0,1,1,1
1,14.0,2.0,1.0,8.0,6.0,2.0,336.3095397949219,3.0,5.0,2.0,1.0,12-14 años,5.82100102448687,0,1,1,0
1,10.0,1.0,1.0,8.0,6.0,2.0,336.3095397949219,1.0,5.0,2.0,1.0,6-11 años,5.82100102448687,0,1,1,0
1,8.0,1.0,1.0,8.0,6.0,2.0,336.3095397949219,1.0,5.0,2.0,1.0,6-11 años,5.82100102448687,0,1,1,0
1,18.0,1.0,1.0,8.0,6.0,2.0,1541.47998046875,3.0,8.0,1.0,1.0,17-19 años,7.341146777068902,0,1,1,0
1,13.0,2.0,1.0,8.0,6.0,2.0,1541.47998046875,2.0,8.0,1.0,1.0,12-14 años,7.341146777068902,0,1,1,0
1,11.0,2.0,1.0,8.0,6.0,2.0,1541.47998046875,1.0,8.0,1.0,1.0,6-11 años,7.341146777068902,0,1,1,0
1,8.0,1.0,1.0,8.0,6.0,2.0,1023.7332763671875,1.0,5.0,1.0,1.0,6-11 años,6.93218763953153,0,1,1,0
1,17.0,1.0,1.0,8.0,6.0,2.0,505.1666564941406,3.0,5.0,2.0,1.0,17-19 años,6.226865975720507,0,1,1,0
1,12.0,2.0,1.0,8.0,6.0,2.0,505.1666564941406,1.0,5.0,2.0,1.0,12-14 años,6.226865975720507,0,1,1,0
0,18.0,2.0,1.0,8.0,6.0,2.0,1700.0,4.0,5.0,2.0,1.0,17-19 años,7.438971592395862,0,1,1,1
1,8.0,1.0,1.0,8.0,6.0,2.0,1700.0,1.0,5.0,2.0,1.0,6-11 años,7.438971592395862,0,1,1,0
1,14.0,1.0,1.0,8.0,6.0,2.0,1567.606689453125,2.0,1.0,2.0,1.0,12-14 años,7.357943045370471,0,1,1,0
1,18.0,1.0,1.0,8.0,6.0,2.0,1567.606689453125,4.0,1.0,2.0,1.0,17-19 años,7.357943045370471,0,1,1,0
1,13.0,1.0,1.0,8.0,6.0,2.0,1567.606689453125,2.0,1.0,2.0,1.0,12-14 años,7.357943045370471,0,1,1,0
1,8.0,1.0,1.0,8.0,6.0,2.0,1812.22216796875,1.0,5.0,2.0,1.0,6-11 años,7.502860744873687,0,1,1,0
1,6.0,1.0,1.0,8.0,6.0,2.0,519.5999755859375,0.0,1.0,9.0,1.0,6-11 años,6.254981945664454,0,1,0,0
1,19.0,1.0,1.0,8.0,6.0,2.0,519.5999755859375,5.0,1.0,9.0,1.0,17-19 años,6.254981945664454,0,1,0,0
1,15.0,2.0,1.0,8.0,6.0,2.0,519.5999755859375,1.0,1.0,9.0,1.0,15-16 años,6.254981945664454,0,1,0,0
1,13.0,1.0,1.0,8.0,6.0,2.0,2248.666748046875,3.0,5.0,1.0,1.0,12-14 años,7.718537372249637,0,1,1,0
1,17.0,1.0,1.0,8.0,6.0,2.0,2193.679931640625,3.0,6.0,2.0,1.0,17-19 años,7.69379149785672,0,1,1,0
1,14.0,1.0,1.0,8.0,6.0,2.0,2193.679931640625,3.0,6.0,2.0,1.0,12-14 años,7.69379149785672,0,1,1,0
1,8.0,1.0,1.0,8.0,6.0,2.0,2193.679931640625,1.0,6.0,2.0,1.0,6-11 años,7.69379149785672,0,1,1,0
1,13.0,2.0,1.0,8.0,6.0,2.0,2351.349365234375,2.0,5.0,1.0,1.0,12-14 años,7.763169837628063,0,1,1,0
1,18.0,2.0,1.0,8.0,6.0,2.0,649.5,3.0,5.0,2.0,1.0,17-19 años,6.47774129795256,0,1,1,0
1,14.0,2.0,1.0,8.0,6.0,2.0,649.5,3.0,5.0,2.0,1.0,12-14 años,6.47774129795256,0,1,1,0
1,9.0,2.0,1.0,8.0,6.0,2.0,649.5,1.0,5.0,2.0,1.0,6-11 años,6.47774129795256,0,1,1,0
1,11.0,2.0,1.0,8.0,6.0,2.0,1009.5,1.0,8.0,1.0,1.0,6-11 años,6.918200536843676,0,1,1,0
1,10.0,1.0,1.0,8.0,6.0,2.0,1009.5,1.0,8.0,1.0,1.0,6-11 años,6.918200536843676,0,1,1,0
1,7.0,2.0,1.0,8.0,6.0,2.0,1009.5,1.0,8.0,1.0,1.0,6-11 años,6.918200536843676,0,1,1,0
1,14.0,2.0,1.0,8.0,6.0,2.0,1092.375,3.0,1.0,2.0,1.0,12-14 años,6.997024521740019,0,1,1,0
1,9.0,2.0,1.0,8.0,6.0,2.0,1092.375,1.0,1.0,2.0,1.0,6-11 años,6.997024521740019,0,1,1,0
1,8.0,2.0,1.0,8.0,6.0,2.0,1092.375,1.0,1.0,2.0,1.0,6-11 años,6.997024521740019,0,1,1,0
1,9.0,2.0,1.0,8.0,6.0,2.0,1652.61669921875,1.0,1.0,2.0,1.0,6-11 años,7.410720107021665,0,1,1,0
1,14.0,1.0,1.0,8.0,17.0,2.0,604.262451171875,3.0,1.0,2.0,1.0,12-14 años,6.4056621675551435,0,1,1,0
1,11.0,2.0,1.0,8.0,6.0,2.0,604.262451171875,1.0,1.0,2.0,1.0,6-11 años,6.4056621675551435,0,1,1,0
1,8.0,2.0,1.0,8.0,6.0,2.0,604.262451171875,1.0,1.0,2.0,1.0,6-11 años,6.4056621675551435,0,1,1,0
1,7.0,1.0,1.0,8.0,6.0,2.0,604.262451171875,1.0,1.0,2.0,1.0,6-11 años,6.4056621675551435,0,1,1,0
1,18.0,2.0,1.0,8.0,6.0,2.0,1326.38330078125,3.0,5.0,2.0,1.0,17-19 años,7.190964840235862,0,1,1,0
1,11.0,2.0,1.0,8.0,6.0,2.0,1326.38330078125,1.0,5.0,2.0,1.0,6-11 años,7.190964840235862,0,1,1,0
1,14.0,1.0,1.0,8.0,6.0,2.0,580.219970703125,2.0,1.0,2.0,1.0,12-14 años,6.36512929226052,0,1,1,0
1,13.0,1.0,1.0,8.0,6.0,2.0,580.219970703125,1.0,1.0,2.0,1.0,12-14 años,6.36512929226052,0,1,1,0
1,10.0,1.0,1.0,8.0,6.0,2.0,580.219970703125,1.0,1.0,2.0,1.0,6-11 años,6.36512929226052,0,1,1,0
1,8.0,2.0,1.0,8.0,6.0,2.0,580.219970703125,1.0,1.0,2.0,1.0,6-11 años,6.36512929226052,0,1,1,0
1,10.0,2.0,1.0,8.0,6.0,2.0,1703.416748046875,1.0,5.0,1.0,1.0,6-11 años,7.440978247936828,0,1,1,0
1,12.0,1.0,1.0,8.0,6.0,2.0,683.8133544921875,2.0,5.0,2.0,1.0,12-14 años,6.5291463259402285,0,1,1,0
1,9.0,2.0,1.0,8.0,6.0,2.0,683.8133544921875,1.0,5.0,2.0,1.0,6-11 años,6.5291463259402285,0,1,1,0
1,6.0,2.0,1.0,8.0,6.0,2.0,3598.611328125,0.0,5.0,2.0,1.0,6-11 años,8.188581154205902,0,1,1,0
1,16.0,1.0,1.0,8.0,6.0,2.0,1515.5,3.0,1.0,1.0,1.0,15-16 años,7.324160327128636,0,1,1,0
1,17.0,2.0,1.0,8.0,6.0,2.0,2299.805419921875,3.0,1.0,1.0,1.0,17-19 años,7.741014523192362,0,1,1,0
1,14.0,1.0,1.0,8.0,6.0,2.0,1726.5875244140625,3.0,1.0,1.0,1.0,12-14 años,7.454481219721078,0,1,1,0
1,12.0,1.0,1.0,8.0,6.0,2.0,1726.5875244140625,2.0,1.0,1.0,1.0,12-14 años,7.454481219721078,0,1,1,0
1,7.0,2.0,1.0,8.0,6.0,2.0,285.71429443359375,1.0,1.0,2.0,1.0,6-11 años,5.658486230152164,0,1,1,0
1,13.0,1.0,1.0,8.0,6.0,2.0,285.71429443359375,2.0,1.0,2.0,1.0,12-14 años,5.658486230152164,0,1,1,0
1,12.0,1.0,1.0,8.0,6.0,2.0,285.71429443359375,1.0,1.0,2.0,1.0,12-14 años,5.658486230152164,0,1,1,0
1,6.0,1.0,1.0,8.0,6.0,2.0,433.0,0.0,1.0,2.0,1.0,6-11 años,6.073044534100405,0,1,1,0
1,9.0,2.0,1.0,8.0,6.0,2.0,752.7777709960938,1.0,5.0,2.0,1.0,6-11 años,6.6250975911385925,0,1,1,0
1,14.0,1.0,1.0,8.0,6.0,2.0,1133.5428466796875,3.0,5.0,2.0,1.0,12-14 años,7.033985070522772,0,1,1,0
1,13.0,1.0,1.0,8.0,6.0,2.0,1133.5428466796875,3.0,5.0,2.0,1.0,12-14 años,7.033985070522772,0,1,1,0
1,11.0,1.0,1.0,8.0,6.0,2.0,1133.5428466796875,1.0,5.0,2.0,1.0,6-11 años,7.033985070522772,0,1,1,0
1,16.0,1.0,1.0,8.0,6.0,2.0,872.0,3.0,8.0,1.0,1.0,15-16 años,6.771935555839602,0,1,1,0
1,12.0,1.0,1.0,8.0,6.0,2.0,2273.25,1.0,8.0,1.0,1.0,12-14 años,7.729405606702171,0,1,1,0
1,16.0,1.0,1.0,8.0,6.0,2.0,1269.77783203125,3.0,6.0,1.0,1.0,15-16 años,7.14738445813812,0,1,1,0
1,7.0,1.0,1.0,8.0,6.0,2.0,1269.77783203125,1.0,6.0,1.0,1.0,6-11 años,7.14738445813812,0,1,1,0
1,12.0,2.0,1.0,8.0,6.0,2.0,1718.3333740234375,1.0,6.0,2.0,1.0,12-14 años,7.44969192143939,0,1,1,0
1,16.0,1.0,1.0,8.0,6.0,2.0,484.6499938964844,3.0,6.0,6.0,1.0,15-16 años,6.1854881872806144,0,1,0,0
1,10.0,2.0,1.0,8.0,6.0,2.0,484.6499938964844,1.0,6.0,6.0,1.0,6-11 años,6.1854881872806144,0,1,0,0
1,12.0,2.0,1.0,8.0,6.0,2.0,1226.8333740234375,3.0,5.0,1.0,1.0,12-14 años,7.11300641059452,0,1,1,0
1,12.0,1.0,1.0,8.0,6.0,2.0,1004.25,3.0,5.0,1.0,1.0,12-14 años,6.912991545777383,0,1,1,0
1,10.0,2.0,1.0,8.0,6.0,2.0,1004.25,1.0,5.0,1.0,1.0,6-11 años,6.912991545777383,0,1,1,0
1,6.0,1.0,1.0,8.0,6.0,2.0,1466.6666259765625,0.0,6.0,9.0,1.0,6-11 años,7.291429089363294,0,1,0,0
1,9.0,2.0,1.0,8.0,6.0,2.0,2921.6220703125,1.0,6.0,1.0,1.0,6-11 años,7.980236461614208,0,1,1,0
1,15.0,2.0,1.0,8.0,6.0,2.0,1919.5999755859375,3.0,5.0,2.0,1.0,15-16 años,7.560392903492187,0,1,1,0
1,6.0,2.0,1.0,8.0,6.0,2.0,1681.199951171875,0.0,5.0,1.0,1.0,6-11 años,7.427857710501987,0,1,1,0
1,14.0,1.0,1.0,8.0,6.0,2.0,1681.199951171875,3.0,5.0,1.0,1.0,12-14 años,7.427857710501987,0,1,1,0
1,7.0,2.0,1.0,8.0,6.0,2.0,1950.0,1.0,8.0,1.0,1.0,6-11 años,7.576097340623111,0,1,1,0
1,6.0,1.0,1.0,8.0,6.0,2.0,500.0,0.0,1.0,9.0,1.0,6-11 años,6.2166061010848646,0,1,0,0
0,16.0,1.0,1.0,8.0,6.0,2.0,2004.0150146484375,3.0,1.0,9.0,1.0,15-16 años,7.603406828315342,0,1,0,1
1,14.0,2.0,1.0,8.0,6.0,2.0,2004.0150146484375,1.0,1.0,9.0,1.0,12-14 años,7.603406828315342,0,1,0,0
1,12.0,2.0,1.0,8.0,6.0,2.0,2004.0150146484375,1.0,1.0,9.0,1.0,12-14 años,7.603406828315342,0,1,0,0
1,17.0,2.0,1.0,8.0,6.0,2.0,1144.07080078125,3.0,1.0,9.0,1.0,17-19 años,7.043221748820101,0,1,0,0
1,15.0,1.0,1.0,8.0,6.0,2.0,1144.07080078125,3.0,1.0,9.0,1.0,15-16 años,7.043221748820101,0,1,0,0
1,13.0,2.0,1.0,8.0,6.0,2.0,1144.07080078125,2.0,1.0,9.0,1.0,12-14 años,7.043221748820101,0,1,0,0
1,11.0,2.0,1.0,8.0,6.0,2.0,1144.07080078125,1.0,1.0,9.0,1.0,6-11 años,7.043221748820101,0,1,0,0
1,9.0,1.0,1.0,8.0,6.0,2.0,1144.07080078125,1.0,1.0,9.0,1.0,6-11 años,7.043221748820101,0,1,0,0
0,19.0,2.0,1.0,8.0,6.0,2.0,1600.0,4.0,1.0,2.0,1.0,17-19 años,7.3783837129967145,0,1,1,1
1,16.0,2.0,1.0,8.0,6.0,2.0,1039.3333740234375,3.0,1.0,9.0,1.0,15-16 años,6.947296492715233,0,1,0,0
1,11.0,2.0,1.0,8.0,6.0,2.0,2274.402099609375,1.0,5.0,6.0,1.0,6-11 años,7.72991206284817,0,1,0,0
1,17.0,2.0,1.0,8.0,6.0,2.0,1564.47998046875,3.0,5.0,2.0,1.0,17-19 años,7.355947752737553,0,1,1,0
1,16.0,1.0,1.0,8.0,6.0,2.0,1564.47998046875,3.0,5.0,2.0,1.0,15-16 años,7.355947752737553,0,1,1,0
1,13.0,2.0,1.0,8.0,6.0,2.0,1564.47998046875,3.0,5.0,2.0,1.0,12-14 años,7.355947752737553,0,1,1,0
1,19.0,2.0,1.0,8.0,6.0,2.0,779.4000244140625,5.0,5.0,2.0,1.0,17-19 años,6.6598066400329925,0,1,1,0
1,17.0,2.0,1.0,8.0,6.0,2.0,779.4000244140625,3.0,5.0,2.0,1.0,17-19 años,6.6598066400329925,0,1,1,0
1,16.0,2.0,1.0,8.0,6.0,2.0,2562.5,3.0,8.0,9.0,1.0,15-16 años,7.849128791223755,0,1,0,0
1,17.0,1.0,1.0,8.0,6.0,2.0,1200.0,3.0,8.0,9.0,1.0,17-19 años,7.0909098220799835,0,1,0,0
1,11.0,2.0,1.0,8.0,6.0,2.0,1200.0,1.0,8.0,9.0,1.0,6-11 años,7.0909098220799835,0,1,0,0
1,6.0,2.0,1.0,8.0,6.0,2.0,1200.0,0.0,8.0,9.0,1.0,6-11 años,7.0909098220799835,0,1,0,0
1,8.0,1.0,1.0,8.0,6.0,2.0,3033.333251953125,1.0,8.0,1.0,1.0,6-11 años,8.017746993017381,0,1,1,0
1,19.0,2.0,1.0,8.0,6.0,2.0,1000.0,5.0,6.0,1.0,1.0,17-19 años,6.90875477931522,0,1,1,0
1,12.0,2.0,1.0,8.0,6.0,2.0,577.7777709960938,1.0,6.0,1.0,1.0,12-14 años,6.360918588691722,0,1,1,0
1,12.0,2.0,1.0,8.0,6.0,2.0,744.7916870117188,1.0,6.0,1.0,1.0,12-14 años,6.61444632127836,0,1,1,0
1,15.0,1.0,1.0,8.0,6.0,2.0,980.5916137695312,3.0,6.0,9.0,1.0,15-16 años,6.889175349930634,0,1,0,0
1,13.0,1.0,1.0,8.0,6.0,2.0,980.5916137695312,3.0,6.0,9.0,1.0,12-14 años,6.889175349930634,0,1,0,0
1,11.0,1.0,1.0,8.0,6.0,2.0,980.5916137695312,1.0,6.0,9.0,1.0,6-11 años,6.889175349930634,0,1,0,0
1,13.0,1.0,1.0,8.0,6.0,2.0,1355.833251953125,3.0,6.0,2.0,1.0,12-14 años,7.212908772367878,0,1,1,0
1,13.0,1.0,1.0,8.0,6.0,2.0,1355.833251953125,3.0,6.0,2.0,1.0,12-14 años,7.212908772367878,0,1,1,0
1,8.0,1.0,1.0,8.0,6.0,2.0,1355.833251953125,1.0,6.0,2.0,1.0,6-11 años,7.212908772367878,0,1,1,0
1,14.0,2.0,1.0,8.0,6.0,2.0,1566.25,3.0,8.0,1.0,1.0,12-14 años,7.357077770154078,0,1,1,0
1,11.0,1.0,1.0,8.0,6.0,2.0,1566.25,1.0,8.0,1.0,1.0,6-11 años,7.357077770154078,0,1,1,0
1,12.0,2.0,1.0,8.0,6.0,2.0,1643.75,1.0,8.0,1.0,1.0,12-14 años,7.405343675966107,0,1,1,0
1,19.0,2.0,1.0,8.0,6.0,2.0,1692.5,5.0,5.0,2.0,1.0,17-19 años,7.434552672257826,0,1,1,0
1,12.0,2.0,1.0,8.0,6.0,2.0,672.1666870117188,2.0,5.0,2.0,1.0,12-14 años,6.511992976558262,0,1,1,0
1,7.0,2.0,1.0,8.0,6.0,2.0,1143.3333740234375,1.0,1.0,5.0,1.0,6-11 años,7.0425775403474935,0,1,0,0
1,19.0,2.0,1.0,8.0,6.0,2.0,808.2666625976562,4.0,1.0,1.0,1.0,17-19 años,6.6961284827675716,0,1,1,0
1,11.0,2.0,1.0,8.0,6.0,2.0,808.2666625976562,1.0,1.0,1.0,1.0,6-11 años,6.6961284827675716,0,1,1,0
1,10.0,1.0,1.0,8.0,6.0,2.0,1228.7833251953125,1.0,1.0,5.0,1.0,6-11 años,7.114593274470959,0,1,0,0
1,16.0,1.0,1.0,8.0,6.0,2.0,1948.5,3.0,5.0,1.0,1.0,15-16 años,7.575328208422652,0,1,1,0
1,12.0,2.0,1.0,8.0,6.0,2.0,1948.5,2.0,5.0,1.0,1.0,12-14 años,7.575328208422652,0,1,1,0
1,7.0,2.0,1.0,8.0,6.0,2.0,1948.5,1.0,5.0,1.0,1.0,6-11 años,7.575328208422652,0,1,1,0
1,11.0,1.0,1.0,8.0,6.0,2.0,1333.3333740234375,1.0,1.0,5.0,1.0,6-11 años,7.196187100819171,0,1,0,0
1,17.0,1.0,1.0,8.0,6.0,1.0,800.0,3.0,5.0,1.0,1.0,17-19 años,6.68586094706836,0,1,1,0
1,14.0,1.0,1.0,8.0,6.0,2.0,1610.760009765625,3.0,5.0,5.0,1.0,12-14 años,7.385082034666636,0,1,0,0
1,13.0,2.0,1.0,8.0,6.0,2.0,1610.760009765625,3.0,5.0,5.0,1.0,12-14 años,7.385082034666636,0,1,0,0
1,10.0,2.0,1.0,8.0,6.0,2.0,1610.760009765625,1.0,5.0,5.0,1.0,6-11 años,7.385082034666636,0,1,0,0
1,13.0,1.0,1.0,8.0,6.0,2.0,943.3333129882812,3.0,8.0,5.0,1.0,12-14 años,6.850479189618052,0,1,0,0
1,15.0,2.0,1.0,8.0,6.0,2.0,1567.36669921875,3.0,5.0,5.0,1.0,15-16 años,7.3577900378660335,0,1,0,0
1,12.0,1.0,1.0,8.0,6.0,2.0,1567.36669921875,3.0,5.0,5.0,1.0,12-14 años,7.3577900378660335,0,1,0,0
1,14.0,1.0,1.0,8.0,6.0,2.0,1822.4261474609375,3.0,5.0,5.0,1.0,12-14 años,7.508472508995852,0,1,0,0
1,15.0,1.0,1.0,8.0,6.0,2.0,1822.4261474609375,3.0,5.0,5.0,1.0,15-16 años,7.508472508995852,0,1,0,0
1,17.0,2.0,1.0,8.0,6.0,2.0,956.244384765625,3.0,5.0,5.0,1.0,17-19 años,6.864058724334061,0,1,0,0
1,11.0,2.0,1.0,8.0,6.0,2.0,956.244384765625,1.0,5.0,5.0,1.0,6-11 años,6.864058724334061,0,1,0,0
1,9.0,2.0,1.0,8.0,6.0,2.0,956.244384765625,1.0,5.0,5.0,1.0,6-11 años,6.864058724334061,0,1,0,0
1,18.0,1.0,1.0,8.0,6.0,2.0,510.94000244140625,3.0,1.0,6.0,1.0,17-19 años,6.2382074354414465,0,1,0,0
1,16.0,1.0,1.0,8.0,6.0,2.0,510.94000244140625,3.0,1.0,6.0,1.0,15-16 años,6.2382074354414465,0,1,0,0
1,14.0,1.0,1.0,8.0,6.0,2.0,510.94000244140625,3.0,1.0,6.0,1.0,12-14 años,6.2382074354414465,0,1,0,0
1,14.0,1.0,1.0,8.0,6.0,2.0,557.6666259765625,3.0,1.0,5.0,1.0,12-14 años,6.325552919539601,0,1,0,0
1,10.0,1.0,1.0,8.0,6.0,2.0,557.6666259765625,1.0,1.0,5.0,1.0,6-11 años,6.325552919539601,0,1,0,0
1,17.0,1.0,1.0,8.0,6.0,2.0,280.0,3.0,1.0,5.0,1.0,17-19 años,5.638354669333745,0,1,0,0
1,6.0,1.0,1.0,8.0,6.0,2.0,280.0,0.0,1.0,5.0,1.0,6-11 años,5.638354669333745,0,1,0,0
1,6.0,2.0,1.0,8.0,6.0,2.0,1045.5999755859375,0.0,1.0,6.0,1.0,6-11 años,6.953302070611084,0,1,0,0
1,16.0,1.0,1.0,8.0,6.0,2.0,1168.9111328125,3.0,1.0,6.0,1.0,15-16 años,7.064683070045974,0,1,0,0
0,17.0,2.0,1.0,8.0,6.0,2.0,1169.0999755859375,3.0,1.0,6.0,1.0,17-19 años,7.064844473359975,0,1,0,1
1,15.0,1.0,1.0,8.0,6.0,2.0,1814.125,3.0,5.0,6.0,1.0,15-16 años,7.503909614850902,0,1,0,0
1,15.0,2.0,1.0,8.0,6.0,2.0,1227.2388916015625,3.0,1.0,5.0,1.0,15-16 años,7.113336626922016,0,1,0,0
1,10.0,2.0,1.0,8.0,6.0,2.0,1227.2388916015625,1.0,1.0,5.0,1.0,6-11 años,7.113336626922016,0,1,0,0
1,9.0,1.0,1.0,8.0,6.0,2.0,2690.0,1.0,6.0,5.0,1.0,6-11 años,7.897668150726906,0,1,0,0
1,16.0,2.0,1.0,8.0,6.0,2.0,3731.7666015625,3.0,6.0,5.0,1.0,15-16 años,8.224904953938909,0,1,0,0
1,15.0,1.0,1.0,8.0,6.0,2.0,2586.0,3.0,1.0,9.0,1.0,15-16 años,7.8582541821860294,0,1,0,0
1,9.0,2.0,1.0,8.0,6.0,2.0,2586.0,1.0,1.0,9.0,1.0,6-11 años,7.8582541821860294,0,1,0,0
1,14.0,1.0,1.0,8.0,6.0,2.0,1201.574951171875,3.0,1.0,6.0,1.0,12-14 años,7.092220329494377,0,1,0,0
1,18.0,1.0,1.0,8.0,6.0,2.0,1131.21240234375,4.0,5.0,5.0,1.0,17-19 años,7.031928875741246,0,1,0,0
1,16.0,2.0,1.0,8.0,6.0,2.0,1131.21240234375,3.0,5.0,5.0,1.0,15-16 años,7.031928875741246,0,1,0,0
1,10.0,1.0,1.0,8.0,6.0,2.0,934.5499877929688,1.0,1.0,6.0,1.0,6-11 años,6.841134578592268,0,1,0,0
1,8.0,1.0,1.0,8.0,6.0,2.0,934.5499877929688,1.0,1.0,6.0,1.0,6-11 años,6.841134578592268,0,1,0,0
1,16.0,2.0,1.0,8.0,6.0,2.0,974.25,3.0,1.0,6.0,1.0,15-16 años,6.882693848386766,0,1,0,0
0,19.0,1.0,1.0,8.0,6.0,2.0,974.25,4.0,1.0,6.0,1.0,17-19 años,6.882693848386766,0,1,0,1
1,10.0,2.0,1.0,8.0,6.0,2.0,1211.8333740234375,1.0,5.0,5.0,2.0,6-11 años,7.100714532668657,0,0,0,0
1,19.0,1.0,1.0,8.0,6.0,2.0,1569.625,5.0,1.0,5.0,1.0,17-19 años,7.359228908297856,0,1,0,0
1,15.0,2.0,1.0,8.0,6.0,2.0,1569.625,3.0,1.0,5.0,1.0,15-16 años,7.359228908297856,0,1,0,0
1,10.0,1.0,1.0,8.0,6.0,2.0,1569.625,1.0,1.0,5.0,1.0,6-11 años,7.359228908297856,0,1,0,0
0,19.0,2.0,1.0,8.0,6.0,2.0,903.8875122070312,3.0,6.0,5.0,1.0,17-19 años,6.807810640070717,0,1,0,1
1,11.0,1.0,1.0,8.0,6.0,2.0,1099.199951171875,1.0,5.0,5.0,1.0,6-11 años,7.003247216060221,0,1,0,0
1,9.0,2.0,1.0,8.0,6.0,2.0,1099.199951171875,1.0,5.0,5.0,1.0,6-11 años,7.003247216060221,0,1,0,0
1,11.0,1.0,1.0,8.0,6.0,2.0,1951.984375,1.0,5.0,5.0,1.0,6-11 años,7.577113930332642,0,1,0,0
1,11.0,2.0,1.0,8.0,6.0,2.0,2609.522216796875,1.0,2.0,7.0,1.0,6-11 años,7.867305563366729,0,1,0,0
1,9.0,2.0,1.0,8.0,6.0,2.0,2609.522216796875,1.0,2.0,7.0,1.0,6-11 años,7.867305563366729,0,1,0,0
1,6.0,1.0,1.0,8.0,6.0,2.0,2609.522216796875,0.0,2.0,7.0,1.0,6-11 años,7.867305563366729,0,1,0,0
1,13.0,2.0,1.0,8.0,6.0,2.0,92.26190948486328,3.0,2.0,5.0,1.0,12-14 años,4.535411766024345,0,1,0,0
1,11.0,2.0,1.0,8.0,6.0,2.0,1472.199951171875,1.0,2.0,6.0,1.0,6-11 años,7.295192151426649,0,1,0,0
1,9.0,1.0,1.0,8.0,6.0,2.0,1472.199951171875,1.0,2.0,6.0,1.0,6-11 años,7.295192151426649,0,1,0,0
1,18.0,1.0,1.0,8.0,6.0,2.0,1222.82666015625,3.0,2.0,6.0,1.0,17-19 años,7.10973783552416,0,1,0,0
0,16.0,1.0,1.0,8.0,6.0,2.0,1222.82666015625,3.0,2.0,6.0,1.0,15-16 años,7.10973783552416,0,1,0,1
1,14.0,2.0,1.0,8.0,6.0,2.0,1222.82666015625,2.0,2.0,6.0,1.0,12-14 años,7.10973783552416,0,1,0,0
1,10.0,2.0,1.0,8.0,6.0,2.0,1222.82666015625,1.0,2.0,6.0,1.0,6-11 años,7.10973783552416,0,1,0,0
1,7.0,2.0,1.0,8.0,6.0,2.0,1222.82666015625,1.0,2.0,6.0,1.0,6-11 años,7.10973783552416,0,1,0,0
1,15.0,2.0,1.0,8.0,6.0,2.0,435.7778015136719,3.0,6.0,6.0,1.0,15-16 años,6.079424602428821,0,1,0,0
1,11.0,2.0,1.0,8.0,6.0,2.0,703.3333740234375,1.0,8.0,5.0,1.0,6-11 años,6.557251786719035,0,1,0,0
1,16.0,2.0,1.0,8.0,6.0,2.0,811.875,3.0,8.0,5.0,1.0,15-16 años,6.700577346189316,0,1,0,0
1,18.0,1.0,1.0,8.0,6.0,2.0,2188.5595703125,3.0,8.0,5.0,1.0,17-19 años,7.691455693138983,0,1,0,0
1,14.0,1.0,1.0,8.0,6.0,2.0,2188.5595703125,3.0,8.0,5.0,1.0,12-14 años,7.691455693138983,0,1,0,0
1,10.0,2.0,1.0,8.0,6.0,2.0,2188.5595703125,1.0,8.0,5.0,1.0,6-11 años,7.691455693138983,0,1,0,0
1,8.0,1.0,1.0,8.0,6.0,2.0,2188.5595703125,1.0,8.0,5.0,1.0,6-11 años,7.691455693138983,0,1,0,0
1,11.0,2.0,1.0,8.0,6.0,2.0,819.6666870117188,1.0,8.0,5.0,1.0,6-11 años,6.710117042867172,0,1,0,0
1,9.0,1.0,1.0,8.0,6.0,2.0,819.6666870117188,1.0,8.0,5.0,1.0,6-11 años,6.710117042867172,0,1,0,0
1,6.0,2.0,1.0,8.0,6.0,2.0,819.6666870117188,0.0,8.0,5.0,1.0,6-11 años,6.710117042867172,0,1,0,0
1,15.0,1.0,1.0,8.0,6.0,2.0,3117.599853515625,3.0,5.0,5.0,1.0,15-16 años,8.045139415179587,0,1,0,0
1,16.0,2.0,1.0,8.0,6.0,2.0,779.4000244140625,3.0,1.0,1.0,1.0,15-16 años,6.6598066400329925,0,1,1,0
1,11.0,1.0,1.0,8.0,6.0,2.0,779.4000244140625,1.0,1.0,1.0,1.0,6-11 años,6.6598066400329925,0,1,1,0
1,14.0,2.0,1.0,8.0,6.0,1.0,1885.8690185546875,3.0,6.0,1.0,1.0,12-14 años,7.542674130428752,0,1,1,0
1,10.0,1.0,1.0,8.0,6.0,2.0,1885.8690185546875,1.0,6.0,1.0,1.0,6-11 años,7.542674130428752,0,1,1,0
1,7.0,1.0,1.0,8.0,6.0,2.0,1885.8690185546875,0.0,6.0,1.0,1.0,6-11 años,7.542674130428752,0,1,1,0
1,9.0,1.0,1.0,8.0,6.0,2.0,1281.0555419921875,1.0,6.0,5.0,1.0,6-11 años,7.156219961029023,0,1,0,0
1,8.0,2.0,1.0,8.0,6.0,2.0,1334.0333251953125,1.0,1.0,3.0,1.0,6-11 años,7.196711533215905,0,1,0,0
1,6.0,1.0,1.0,8.0,6.0,2.0,1334.0333251953125,0.0,1.0,3.0,1.0,6-11 años,7.196711533215905,0,1,0,0
1,16.0,2.0,1.0,8.0,6.0,2.0,902.0833129882812,3.0,1.0,3.0,1.0,15-16 años,6.805814811606562,0,1,0,0
1,12.0,1.0,1.0,8.0,6.0,2.0,902.0833129882812,1.0,1.0,3.0,1.0,12-14 años,6.805814811606562,0,1,0,0
1,8.0,1.0,1.0,8.0,6.0,2.0,902.0833129882812,1.0,1.0,3.0,1.0,6-11 años,6.805814811606562,0,1,0,0
1,10.0,1.0,1.0,8.0,6.0,2.0,1786.50830078125,1.0,1.0,5.0,1.0,6-11 años,7.488577918351087,0,1,0,0
1,9.0,2.0,1.0,8.0,6.0,2.0,1786.50830078125,1.0,1.0,5.0,1.0,6-11 años,7.488577918351087,0,1,0,0
1,9.0,2.0,1.0,8.0,6.0,2.0,1207.2222900390625,1.0,1.0,5.0,1.0,6-11 años,7.096905376499088,0,1,0,0
1,6.0,1.0,1.0,8.0,6.0,2.0,1039.199951171875,0.0,1.0,6.0,1.0,6-11 años,6.947168234397878,0,1,0,0
1,13.0,2.0,1.0,8.0,6.0,2.0,2090.733154296875,2.0,5.0,5.0,1.0,12-14 años,7.645748261741522,0,1,0,0
1,13.0,2.0,1.0,8.0,6.0,2.0,907.3200073242188,3.0,5.0,5.0,1.0,12-14 años,6.811596747485894,0,1,0,0
1,11.0,1.0,1.0,8.0,6.0,2.0,907.3200073242188,1.0,5.0,5.0,1.0,6-11 años,6.811596747485894,0,1,0,0
0,18.0,1.0,1.0,8.0,6.0,2.0,1133.5,3.0,1.0,6.0,1.0,17-19 años,7.033947304219897,0,1,0,1
1,10.0,2.0,1.0,8.0,6.0,2.0,1133.5,1.0,1.0,6.0,1.0,6-11 años,7.033947304219897,0,1,0,0
1,7.0,2.0,1.0,8.0,6.0,2.0,1133.5,1.0,1.0,6.0,1.0,6-11 años,7.033947304219897,0,1,0,0
1,16.0,2.0,1.0,8.0,6.0,2.0,1324.4381103515625,3.0,1.0,6.0,1.0,15-16 años,7.189498333089817,0,1,0,0
1,14.0,2.0,1.0,8.0,6.0,2.0,1324.4381103515625,3.0,1.0,6.0,1.0,12-14 años,7.189498333089817,0,1,0,0
1,12.0,1.0,1.0,8.0,6.0,2.0,1832.908447265625,1.0,1.0,6.0,1.0,12-14 años,7.514204731867886,0,1,0,0
1,11.0,1.0,1.0,8.0,6.0,2.0,1254.166748046875,1.0,7.0,1.0,1.0,6-11 años,7.135023709709472,0,1,1,0
1,8.0,2.0,1.0,8.0,6.0,2.0,1254.166748046875,1.0,7.0,1.0,1.0,6-11 años,7.135023709709472,0,1,1,0
1,19.0,2.0,1.0,8.0,6.0,2.0,1090.0,3.0,5.0,1.0,1.0,17-19 años,6.994849985833071,0,1,1,0
1,17.0,1.0,1.0,8.0,6.0,2.0,3118.5,3.0,5.0,2.0,1.0,17-19 años,8.045428011550841,0,1,1,0
0,19.0,2.0,1.0,8.0,6.0,2.0,1215.8333740234375,4.0,1.0,1.0,1.0,17-19 años,7.104007168267371,0,1,1,1
1,6.0,1.0,1.0,8.0,6.0,2.0,1937.25,0.0,1.0,1.0,1.0,6-11 años,7.569540783099068,0,1,1,0
1,15.0,1.0,1.0,8.0,6.0,2.0,1937.25,3.0,1.0,1.0,1.0,15-16 años,7.569540783099068,0,1,1,0
1,15.0,1.0,1.0,8.0,6.0,2.0,830.5556030273438,2.0,1.0,1.0,1.0,15-16 años,6.723298167145693,0,1,1,0
1,12.0,1.0,1.0,8.0,6.0,2.0,830.5556030273438,1.0,1.0,1.0,1.0,12-14 años,6.723298167145693,0,1,1,0
1,15.0,2.0,1.0,8.0,6.0,2.0,1212.4000244140625,3.0,8.0,1.0,1.0,15-16 años,7.1011816356285715,0,1,1,0
1,11.0,2.0,1.0,8.0,6.0,2.0,1212.4000244140625,1.0,8.0,1.0,1.0,6-11 años,7.1011816356285715,0,1,1,0
1,9.0,1.0,1.0,8.0,6.0,2.0,1212.4000244140625,1.0,8.0,1.0,1.0,6-11 años,7.1011816356285715,0,1,1,0
1,13.0,2.0,1.0,8.0,6.0,2.0,328.35833740234375,3.0,1.0,1.0,1.0,12-14 años,5.7971463294842005,0,1,1,0
1,10.0,1.0,1.0,8.0,6.0,2.0,328.35833740234375,1.0,1.0,1.0,1.0,6-11 años,5.7971463294842005,0,1,1,0
1,16.0,2.0,1.0,8.0,6.0,2.0,328.35833740234375,3.0,1.0,1.0,1.0,15-16 años,5.7971463294842005,0,1,1,0
1,13.0,2.0,1.0,8.0,6.0,2.0,1366.6666259765625,3.0,8.0,1.0,1.0,12-14 años,7.220861374022598,0,1,1,0
1,12.0,1.0,1.0,8.0,6.0,2.0,721.6666870117188,2.0,8.0,1.0,1.0,12-14 años,6.582948102044174,0,1,1,0
1,10.0,2.0,1.0,8.0,6.0,2.0,721.6666870117188,1.0,8.0,1.0,1.0,6-11 años,6.582948102044174,0,1,1,0
1,16.0,2.0,1.0,8.0,6.0,2.0,1501.0999755859375,3.0,8.0,1.0,1.0,15-16 años,7.314619391750721,0,1,1,0
1,12.0,1.0,1.0,8.0,6.0,2.0,1501.0999755859375,3.0,8.0,1.0,1.0,12-14 años,7.314619391750721,0,1,1,0
1,11.0,2.0,1.0,8.0,6.0,2.0,1501.0999755859375,1.0,8.0,1.0,1.0,6-11 años,7.314619391750721,0,1,1,0
1,6.0,2.0,1.0,8.0,6.0,2.0,1501.0999755859375,0.0,8.0,1.0,1.0,6-11 años,7.314619391750721,0,1,1,0
1,13.0,1.0,1.0,8.0,6.0,2.0,868.6111450195312,1.0,8.0,1.0,1.0,12-14 años,6.768046151984683,0,1,1,0
1,7.0,1.0,1.0,8.0,6.0,2.0,689.5333862304688,0.0,1.0,6.0,1.0,6-11 años,6.5374643224849285,0,1,0,0
1,14.0,2.0,1.0,8.0,6.0,2.0,1769.7916259765625,1.0,1.0,5.0,1.0,12-14 años,7.479181971897495,0,1,0,0
1,13.0,1.0,1.0,8.0,6.0,2.0,999.7142944335938,1.0,8.0,6.0,1.0,12-14 años,6.908469318428878,0,1,0,0
1,11.0,1.0,1.0,8.0,6.0,2.0,999.7142944335938,1.0,8.0,6.0,1.0,6-11 años,6.908469318428878,0,1,0,0
1,9.0,2.0,1.0,8.0,6.0,2.0,999.7142944335938,1.0,8.0,6.0,1.0,6-11 años,6.908469318428878,0,1,0,0
0,18.0,1.0,1.0,8.0,6.0,2.0,999.7142944335938,3.0,8.0,6.0,1.0,17-19 años,6.908469318428878,0,1,0,1
0,18.0,2.0,1.0,8.0,6.0,2.0,999.7142944335938,4.0,8.0,6.0,1.0,17-19 años,6.908469318428878,0,1,0,1
1,16.0,1.0,1.0,8.0,6.0,2.0,3095.0,3.0,5.0,6.0,1.0,15-16 años,8.037866234709618,0,1,0,0
1,8.0,1.0,1.0,8.0,6.0,2.0,2061.34521484375,1.0,6.0,5.0,1.0,6-11 años,7.631599068044158,0,1,0,0
1,15.0,2.0,1.0,8.0,995.0,2.0,922.3809814453125,1.0,5.0,6.0,1.0,15-16 años,6.828041913635218,0,1,0,0
1,14.0,2.0,1.0,8.0,6.0,2.0,922.3809814453125,3.0,5.0,6.0,1.0,12-14 años,6.828041913635218,0,1,0,0
1,11.0,2.0,1.0,8.0,6.0,2.0,922.3809814453125,1.0,5.0,6.0,1.0,6-11 años,6.828041913635218,0,1,0,0
1,15.0,1.0,1.0,8.0,6.0,2.0,1748.645751953125,3.0,1.0,6.0,1.0,15-16 años,7.467168618971,0,1,0,0
1,13.0,2.0,1.0,8.0,6.0,2.0,1748.645751953125,1.0,1.0,6.0,1.0,12-14 años,7.467168618971,0,1,0,0
1,10.0,2.0,1.0,8.0,6.0,2.0,1748.645751953125,1.0,1.0,6.0,1.0,6-11 años,7.467168618971,0,1,0,0
1,9.0,1.0,1.0,8.0,6.0,2.0,1491.375,1.0,5.0,6.0,1.0,6-11 años,7.308124089665553,0,1,0,0
1,19.0,2.0,1.0,8.0,6.0,2.0,1260.119873046875,3.0,1.0,5.0,1.0,17-19 años,7.139755393339668,0,1,0,0
1,8.0,2.0,1.0,8.0,6.0,2.0,1473.75,1.0,1.0,5.0,1.0,6-11 años,7.296243762883185,0,1,0,0
1,12.0,1.0,1.0,8.0,6.0,2.0,1804.619873046875,1.0,1.0,6.0,1.0,12-14 años,7.498659231782408,0,1,0,0
1,10.0,1.0,1.0,8.0,6.0,2.0,1804.619873046875,1.0,1.0,6.0,1.0,6-11 años,7.498659231782408,0,1,0,0
1,17.0,2.0,1.0,8.0,6.0,2.0,827.2733154296875,3.0,6.0,5.0,1.0,17-19 años,6.719343191015835,0,1,0,0
1,11.0,1.0,1.0,8.0,6.0,2.0,827.2733154296875,2.0,6.0,5.0,1.0,6-11 años,6.719343191015835,0,1,0,0
0,18.0,1.0,1.0,8.0,6.0,2.0,464.0,4.0,5.0,5.0,1.0,17-19 años,6.142037405587356,0,1,0,1
1,14.0,2.0,1.0,8.0,6.0,2.0,464.0,3.0,5.0,5.0,1.0,12-14 años,6.142037405587356,0,1,0,0
1,11.0,1.0,1.0,8.0,6.0,2.0,464.0,2.0,5.0,5.0,1.0,6-11 años,6.142037405587356,0,1,0,0
1,12.0,2.0,1.0,8.0,6.0,2.0,2410.416748046875,2.0,5.0,5.0,1.0,12-14 años,7.787969716021485,0,1,0,0
1,14.0,1.0,1.0,8.0,6.0,2.0,663.2625122070312,3.0,1.0,5.0,1.0,12-14 años,6.498677421055714,0,1,0,0
1,10.0,1.0,1.0,8.0,6.0,2.0,663.2625122070312,1.0,1.0,5.0,1.0,6-11 años,6.498677421055714,0,1,0,0
1,19.0,1.0,1.0,8.0,6.0,2.0,725.0,3.0,1.0,1.0,1.0,17-19 años,6.587550014824796,0,1,1,0
1,6.0,2.0,1.0,8.0,6.0,2.0,510.4166564941406,0.0,1.0,1.0,1.0,6-11 años,6.237184632710219,0,1,1,0
1,8.0,1.0,1.0,8.0,6.0,2.0,727.6041870117188,1.0,1.0,6.0,1.0,6-11 años,6.591130631211422,0,1,0,0
0,19.0,1.0,1.0,8.0,6.0,2.0,1850.3118896484375,3.0,1.0,2.0,1.0,17-19 años,7.523649796298517,0,1,1,1
1,16.0,1.0,1.0,8.0,6.0,2.0,1850.3118896484375,3.0,1.0,2.0,1.0,15-16 años,7.523649796298517,0,1,1,0
1,14.0,2.0,1.0,8.0,6.0,2.0,1850.3118896484375,2.0,1.0,2.0,1.0,12-14 años,7.523649796298517,0,1,1,0
1,12.0,2.0,1.0,8.0,6.0,2.0,1850.3118896484375,1.0,1.0,2.0,1.0,12-14 años,7.523649796298517,0,1,1,0
1,14.0,2.0,1.0,8.0,6.0,2.0,1454.2554931640625,3.0,1.0,2.0,1.0,12-14 años,7.282936760866633,0,1,1,0
1,18.0,1.0,1.0,8.0,6.0,2.0,1980.0,3.0,6.0,6.0,1.0,17-19 años,7.591357046698551,0,1,0,0
1,12.0,2.0,1.0,8.0,6.0,2.0,1980.0,2.0,6.0,6.0,1.0,12-14 años,7.591357046698551,0,1,0,0
1,14.0,2.0,1.0,8.0,6.0,2.0,1003.4166870117188,3.0,1.0,6.0,1.0,12-14 años,6.912162241055933,0,1,0,0
1,8.0,1.0,1.0,8.0,6.0,2.0,1003.4166870117188,1.0,1.0,6.0,1.0,6-11 años,6.912162241055933,0,1,0,0
1,15.0,2.0,1.0,8.0,6.0,2.0,2020.6666259765625,3.0,5.0,2.0,1.0,15-16 años,7.611677512583031,0,1,1,0
1,16.0,1.0,1.0,8.0,6.0,2.0,1010.3333129882812,3.0,5.0,2.0,1.0,15-16 años,6.919024851123309,0,1,1,0
1,14.0,2.0,1.0,8.0,6.0,2.0,1010.3333129882812,2.0,5.0,2.0,1.0,12-14 años,6.919024851123309,0,1,1,0
1,10.0,1.0,1.0,8.0,6.0,2.0,464.5833435058594,1.0,5.0,2.0,1.0,6-11 años,6.143291121520139,0,1,1,0
1,6.0,1.0,1.0,8.0,6.0,2.0,464.5833435058594,0.0,5.0,2.0,1.0,6-11 años,6.143291121520139,0,1,1,0
1,12.0,1.0,1.0,8.0,6.0,2.0,974.25,2.0,5.0,2.0,1.0,12-14 años,6.882693848386766,0,1,1,0
1,6.0,2.0,1.0,8.0,6.0,2.0,974.25,0.0,5.0,2.0,1.0,6-11 años,6.882693848386766,0,1,1,0
1,11.0,1.0,1.0,8.0,6.0,2.0,357.5,2.0,5.0,1.0,1.0,6-11 años,5.881928660039675,0,1,1,0
1,19.0,2.0,1.0,8.0,6.0,2.0,845.5799560546875,4.0,8.0,1.0,1.0,17-19 años,6.741204651991153,0,1,1,0
1,13.0,2.0,1.0,8.0,6.0,2.0,845.5799560546875,2.0,8.0,1.0,1.0,12-14 años,6.741204651991153,0,1,1,0
1,11.0,1.0,1.0,8.0,6.0,2.0,845.5799560546875,1.0,8.0,1.0,1.0,6-11 años,6.741204651991153,0,1,1,0
1,14.0,2.0,1.0,8.0,6.0,2.0,1500.0,3.0,1.0,6.0,1.0,12-14 años,7.313886831633462,0,1,0,0
1,16.0,2.0,1.0,8.0,6.0,2.0,245.0,3.0,1.0,6.0,1.0,15-16 años,5.5053315359323625,0,1,0,0
1,9.0,2.0,1.0,8.0,6.0,2.0,245.0,1.0,1.0,6.0,1.0,6-11 años,5.5053315359323625,0,1,0,0
1,18.0,1.0,1.0,8.0,6.0,2.0,1333.3333740234375,3.0,5.0,5.0,1.0,17-19 años,7.196187100819171,0,1,0,0
1,15.0,2.0,1.0,8.0,6.0,2.0,1333.3333740234375,3.0,5.0,5.0,1.0,15-16 años,7.196187100819171,0,1,0,0
1,10.0,1.0,1.0,8.0,6.0,2.0,1333.3333740234375,1.0,5.0,5.0,1.0,6-11 años,7.196187100819171,0,1,0,0
1,7.0,2.0,1.0,8.0,6.0,2.0,3975.0,1.0,8.0,5.0,1.0,6-11 años,8.288031567776464,0,1,0,0
1,13.0,2.0,1.0,8.0,6.0,2.0,1563.8333740234375,3.0,7.0,6.0,1.0,12-14 años,7.355534627033328,0,1,0,0
1,11.0,2.0,1.0,8.0,6.0,2.0,1563.8333740234375,1.0,7.0,6.0,1.0,6-11 años,7.355534627033328,0,1,0,0
1,6.0,1.0,1.0,8.0,6.0,2.0,938.888916015625,1.0,8.0,5.0,1.0,6-11 años,6.845761693829436,0,1,0,0
1,12.0,2.0,1.0,8.0,6.0,2.0,3310.0,2.0,5.0,5.0,1.0,12-14 años,8.105005537547246,0,1,0,0
1,18.0,2.0,1.0,8.0,6.0,2.0,2448.71435546875,3.0,5.0,5.0,1.0,17-19 años,7.803726707137084,0,1,0,0
1,14.0,2.0,1.0,8.0,6.0,2.0,2448.71435546875,3.0,5.0,5.0,1.0,12-14 años,7.803726707137084,0,1,0,0
1,12.0,1.0,1.0,8.0,6.0,2.0,2448.71435546875,2.0,5.0,5.0,1.0,12-14 años,7.803726707137084,0,1,0,0
1,9.0,1.0,1.0,8.0,6.0,2.0,1839.333251953125,1.0,8.0,6.0,1.0,6-11 años,7.517701949395571,0,1,0,0
1,11.0,2.0,1.0,8.0,6.0,2.0,1858.5,1.0,5.0,5.0,1.0,6-11 años,7.528062913365125,0,1,0,0
1,18.0,2.0,1.0,8.0,6.0,2.0,4319.05029296875,3.0,7.0,5.0,1.0,17-19 años,8.371022323061304,0,1,0,0
1,17.0,2.0,1.0,8.0,6.0,2.0,4319.05029296875,3.0,7.0,5.0,1.0,17-19 años,8.371022323061304,0,1,0,0
1,18.0,2.0,1.0,8.0,6.0,2.0,2003.499755859375,3.0,1.0,6.0,1.0,17-19 años,7.603149810286284,0,1,0,0
1,14.0,2.0,1.0,8.0,6.0,2.0,2003.499755859375,3.0,1.0,6.0,1.0,12-14 años,7.603149810286284,0,1,0,0
1,11.0,1.0,1.0,8.0,6.0,2.0,2003.499755859375,1.0,1.0,6.0,1.0,6-11 años,7.603149810286284,0,1,0,0
1,17.0,2.0,1.0,8.0,6.0,2.0,873.24169921875,3.0,5.0,5.0,1.0,17-19 años,6.773356881152914,0,1,0,0
1,14.0,2.0,1.0,8.0,6.0,2.0,873.24169921875,2.0,5.0,5.0,1.0,12-14 años,6.773356881152914,0,1,0,0
1,9.0,1.0,1.0,8.0,6.0,2.0,873.24169921875,1.0,5.0,5.0,1.0,6-11 años,6.773356881152914,0,1,0,0
1,8.0,2.0,1.0,8.0,6.0,2.0,1598.33837890625,1.0,5.0,5.0,1.0,6-11 años,7.3773453095241255,0,1,0,0
1,17.0,2.0,1.0,8.0,6.0,2.0,625.0,3.0,5.0,6.0,1.0,17-19 años,6.439350371100098,0,1,0,0
1,14.0,1.0,1.0,8.0,6.0,2.0,625.0,3.0,5.0,6.0,1.0,12-14 años,6.439350371100098,0,1,0,0
1,13.0,1.0,1.0,8.0,6.0,2.0,862.3333129882812,3.0,6.0,5.0,1.0,12-14 años,6.760800842459776,0,1,0,0
1,11.0,1.0,1.0,8.0,6.0,2.0,862.3333129882812,1.0,6.0,5.0,1.0,6-11 años,6.760800842459776,0,1,0,0
1,18.0,2.0,1.0,8.0,6.0,2.0,1400.0,3.0,1.0,6.0,1.0,17-19 años,7.244941546337007,0,1,0,0
1,11.0,1.0,1.0,8.0,6.0,2.0,1690.0,1.0,5.0,6.0,1.0,6-11 años,7.43307534889858,0,1,0,0
1,16.0,2.0,1.0,8.0,6.0,2.0,433.3333435058594,3.0,1.0,1.0,1.0,15-16 años,6.073812311877747,0,1,1,0
1,13.0,2.0,1.0,8.0,6.0,2.0,433.3333435058594,3.0,1.0,1.0,1.0,12-14 años,6.073812311877747,0,1,1,0
1,18.0,2.0,1.0,8.0,6.0,2.0,629.3280029296875,3.0,5.0,1.0,1.0,17-19 años,6.446240323470754,0,1,1,0
1,13.0,1.0,1.0,8.0,6.0,2.0,629.3280029296875,3.0,5.0,1.0,1.0,12-14 años,6.446240323470754,0,1,1,0
1,10.0,1.0,1.0,8.0,6.0,1.0,1936.3887939453125,1.0,5.0,2.0,1.0,6-11 años,7.569096362906863,0,1,1,0
0,15.0,1.0,1.0,8.0,6.0,2.0,968.125,3.0,1.0,5.0,1.0,15-16 años,6.876393602539123,0,1,0,1
1,14.0,1.0,1.0,8.0,6.0,2.0,968.125,1.0,1.0,5.0,1.0,12-14 años,6.876393602539123,0,1,0,0
1,12.0,2.0,1.0,8.0,6.0,2.0,968.125,2.0,1.0,5.0,1.0,12-14 años,6.876393602539123,0,1,0,0
1,8.0,1.0,1.0,8.0,6.0,2.0,968.125,1.0,1.0,5.0,1.0,6-11 años,6.876393602539123,0,1,0,0
0,19.0,1.0,1.0,8.0,6.0,2.0,968.125,3.0,1.0,5.0,1.0,17-19 años,6.876393602539123,0,1,0,1
1,14.0,2.0,1.0,8.0,6.0,1.0,1905.199951171875,3.0,1.0,2.0,1.0,12-14 años,7.552866984888099,0,1,1,0
1,7.0,2.0,1.0,8.0,6.0,2.0,1905.199951171875,1.0,1.0,2.0,1.0,6-11 años,7.552866984888099,0,1,1,0
1,18.0,1.0,1.0,8.0,6.0,1.0,1894.9000244140625,3.0,6.0,6.0,1.0,17-19 años,7.547448951685287,0,1,0,0
1,19.0,1.0,1.0,8.0,6.0,2.0,1287.5,5.0,5.0,2.0,1.0,17-19 años,7.1612340300924195,0,1,1,0
1,15.0,1.0,1.0,8.0,6.0,2.0,1287.5,3.0,5.0,2.0,1.0,15-16 años,7.1612340300924195,0,1,1,0
1,19.0,1.0,1.0,8.0,6.0,2.0,293.0555419921875,4.0,5.0,2.0,1.0,17-19 años,5.683768667836633,0,1,1,0
1,14.0,1.0,1.0,8.0,6.0,2.0,293.0555419921875,3.0,5.0,2.0,1.0,12-14 años,5.683768667836633,0,1,1,0
1,16.0,2.0,1.0,8.0,6.0,2.0,2281.25,3.0,5.0,1.0,1.0,15-16 años,7.73291707744519,0,1,1,0
1,16.0,1.0,1.0,8.0,6.0,2.0,716.7999877929688,3.0,5.0,6.0,1.0,15-16 años,6.576190961707334,0,1,0,0
1,8.0,1.0,1.0,8.0,6.0,2.0,716.7999877929688,1.0,5.0,6.0,1.0,6-11 años,6.576190961707334,0,1,0,0
1,11.0,2.0,1.0,8.0,6.0,2.0,1756.6875,1.0,5.0,6.0,1.0,6-11 años,7.471754303627314,0,1,0,0
1,10.0,1.0,1.0,8.0,6.0,2.0,2854.080078125,1.0,1.0,6.0,1.0,6-11 años,7.956855170076797,0,1,0,0
1,14.0,1.0,1.0,8.0,6.0,2.0,761.0,3.0,6.0,1.0,1.0,12-14 años,6.635946555686647,0,1,1,0
1,8.0,2.0,1.0,8.0,6.0,2.0,1937.0625,1.0,6.0,1.0,1.0,6-11 años,7.569444041672702,0,1,1,0
1,15.0,1.0,1.0,8.0,6.0,2.0,1744.0,3.0,8.0,1.0,1.0,15-16 años,7.4645098346365275,0,1,1,0
1,11.0,2.0,1.0,8.0,6.0,2.0,1744.0,1.0,8.0,1.0,1.0,6-11 años,7.4645098346365275,0,1,1,0
1,7.0,2.0,1.0,8.0,6.0,2.0,1744.0,0.0,8.0,1.0,1.0,6-11 años,7.4645098346365275,0,1,1,0
1,12.0,2.0,1.0,8.0,6.0,2.0,2376.833251953125,2.0,5.0,1.0,1.0,12-14 años,7.773944953662237,0,1,1,0
1,7.0,2.0,1.0,8.0,6.0,2.0,2376.833251953125,1.0,5.0,1.0,1.0,6-11 años,7.773944953662237,0,1,1,0
1,17.0,2.0,1.0,8.0,6.0,2.0,1017.2400512695312,3.0,5.0,1.0,1.0,17-19 años,6.925830976060492,0,1,1,0
1,14.0,2.0,1.0,8.0,6.0,2.0,1017.2400512695312,3.0,5.0,1.0,1.0,12-14 años,6.925830976060492,0,1,1,0
1,8.0,2.0,1.0,8.0,6.0,2.0,400.0,1.0,5.0,1.0,1.0,6-11 años,5.993961427306569,0,1,1,0
1,14.0,1.0,1.0,8.0,6.0,2.0,807.9443969726562,3.0,5.0,1.0,1.0,12-14 años,6.6957301841311185,0,1,1,0
1,11.0,1.0,1.0,8.0,6.0,2.0,807.9443969726562,2.0,5.0,1.0,1.0,6-11 años,6.6957301841311185,0,1,1,0
1,8.0,1.0,1.0,8.0,6.0,2.0,807.9443969726562,1.0,5.0,1.0,1.0,6-11 años,6.6957301841311185,0,1,1,0
1,12.0,2.0,1.0,8.0,6.0,2.0,555.0,1.0,6.0,1.0,1.0,12-14 años,6.320768294250582,0,1,1,0
1,8.0,1.0,1.0,8.0,6.0,2.0,555.0,1.0,6.0,1.0,1.0,6-11 años,6.320768294250582,0,1,1,0
0,18.0,2.0,1.0,8.0,6.0,2.0,162.12998962402344,4.0,6.0,1.0,1.0,17-19 años,5.09454736534264,0,1,1,1
1,10.0,2.0,1.0,8.0,6.0,2.0,162.12998962402344,1.0,6.0,1.0,1.0,6-11 años,5.09454736534264,0,1,1,0
1,7.0,2.0,1.0,8.0,6.0,2.0,162.12998962402344,1.0,6.0,1.0,1.0,6-11 años,5.09454736534264,0,1,1,0
1,17.0,1.0,1.0,8.0,6.0,2.0,5032.29150390625,3.0,8.0,1.0,1.0,17-19 años,8.523829423618173,0,1,1,0
1,8.0,1.0,1.0,8.0,6.0,2.0,1082.5,1.0,8.0,1.0,1.0,6-11 años,6.987951820976414,0,1,1,0
1,18.0,1.0,1.0,8.0,6.0,2.0,751.9375,4.0,6.0,1.0,1.0,17-19 años,6.623982223027071,0,1,1,0
1,11.0,2.0,1.0,8.0,6.0,2.0,866.0,1.0,5.0,1.0,1.0,6-11 años,6.7650389767805414,0,1,1,0
1,9.0,2.0,1.0,8.0,6.0,2.0,866.0,1.0,5.0,1.0,1.0,6-11 años,6.7650389767805414,0,1,1,0
1,8.0,2.0,1.0,8.0,6.0,2.0,3909.60009765625,1.0,8.0,1.0,1.0,6-11 años,8.271446118864365,0,1,1,0
1,17.0,1.0,1.0,8.0,6.0,2.0,599.6666870117188,3.0,8.0,6.0,1.0,17-19 años,6.398040183370959,0,1,0,0
1,15.0,2.0,1.0,8.0,6.0,2.0,599.6666870117188,3.0,8.0,6.0,1.0,15-16 años,6.398040183370959,0,1,0,0
1,12.0,2.0,1.0,8.0,6.0,2.0,599.6666870117188,2.0,8.0,6.0,1.0,12-14 años,6.398040183370959,0,1,0,0
1,10.0,1.0,1.0,8.0,6.0,2.0,599.6666870117188,1.0,8.0,6.0,1.0,6-11 años,6.398040183370959,0,1,0,0
1,10.0,1.0,1.0,8.0,6.0,2.0,2015.546630859375,1.0,8.0,1.0,1.0,6-11 años,7.6091417386973665,0,1,1,0
1,6.0,2.0,1.0,8.0,6.0,2.0,2015.546630859375,0.0,8.0,1.0,1.0,6-11 años,7.6091417386973665,0,1,1,0
1,14.0,2.0,1.0,8.0,6.0,2.0,523.5111083984375,1.0,1.0,6.0,1.0,12-14 años,6.262466606636746,0,1,0,0
1,12.0,2.0,1.0,8.0,6.0,2.0,700.0,1.0,1.0,1.0,1.0,12-14 años,6.55250788703459,0,1,1,0
1,12.0,2.0,1.0,8.0,6.0,2.0,606.2000122070312,1.0,1.0,6.0,1.0,12-14 años,6.408858246185226,0,1,0,0
1,12.0,2.0,1.0,8.0,6.0,2.0,606.2000122070312,1.0,1.0,6.0,1.0,12-14 años,6.408858246185226,0,1,0,0
1,10.0,2.0,1.0,8.0,6.0,2.0,606.2000122070312,1.0,1.0,6.0,1.0,6-11 años,6.408858246185226,0,1,0,0
1,9.0,1.0,1.0,8.0,6.0,2.0,750.0,1.0,1.0,1.0,1.0,6-11 años,6.621405651764134,0,1,1,0
1,15.0,1.0,1.0,8.0,6.0,2.0,657.1875,3.0,8.0,1.0,1.0,15-16 años,6.489489845140816,0,1,1,0
1,12.0,2.0,1.0,8.0,6.0,2.0,1108.47998046875,2.0,1.0,1.0,1.0,12-14 años,7.011646698468308,0,1,1,0
1,9.0,2.0,1.0,8.0,6.0,2.0,1108.47998046875,1.0,1.0,1.0,1.0,6-11 años,7.011646698468308,0,1,1,0
1,14.0,1.0,1.0,8.0,6.0,2.0,1515.5,3.0,1.0,1.0,1.0,12-14 años,7.324160327128636,0,1,1,0
1,15.0,1.0,1.0,8.0,6.0,2.0,403.1833190917969,3.0,5.0,1.0,1.0,15-16 años,6.001868535171365,0,1,1,0
1,12.0,2.0,1.0,8.0,6.0,2.0,403.1833190917969,2.0,5.0,1.0,1.0,12-14 años,6.001868535171365,0,1,1,0
1,11.0,2.0,1.0,8.0,6.0,2.0,403.1833190917969,1.0,5.0,1.0,1.0,6-11 años,6.001868535171365,0,1,1,0
1,9.0,2.0,1.0,8.0,6.0,2.0,403.1833190917969,1.0,5.0,1.0,1.0,6-11 años,6.001868535171365,0,1,1,0
1,17.0,2.0,1.0,8.0,6.0,2.0,1200.0,3.0,1.0,6.0,1.0,17-19 años,7.0909098220799835,0,1,0,0
1,14.0,1.0,1.0,8.0,6.0,2.0,666.6666870117188,3.0,8.0,1.0,1.0,12-14 años,6.503789077469579,0,1,1,0
1,9.0,2.0,1.0,8.0,6.0,2.0,666.6666870117188,1.0,8.0,1.0,1.0,6-11 años,6.503789077469579,0,1,1,0
1,16.0,2.0,1.0,8.0,6.0,1.0,2684.599853515625,3.0,8.0,3.0,1.0,15-16 años,7.895659391121448,0,1,0,0
1,10.0,1.0,1.0,8.0,6.0,2.0,2684.599853515625,1.0,8.0,3.0,1.0,6-11 años,7.895659391121448,0,1,0,0
1,9.0,2.0,1.0,8.0,6.0,2.0,2684.599853515625,1.0,8.0,3.0,1.0,6-11 años,7.895659391121448,0,1,0,0
0,15.0,1.0,1.0,8.0,6.0,2.0,2684.599853515625,1.0,8.0,3.0,1.0,15-16 años,7.895659391121448,0,1,0,1
0,18.0,1.0,1.0,8.0,6.0,2.0,1343.0555419921875,4.0,5.0,1.0,1.0,17-19 años,7.203446846116249,0,1,1,1
1,7.0,1.0,1.0,8.0,6.0,2.0,2110.0,0.0,8.0,1.0,1.0,6-11 años,7.65491704784832,0,1,1,0
1,15.0,2.0,1.0,8.0,6.0,2.0,750.0,3.0,3.0,1.0,1.0,15-16 años,6.621405651764134,0,1,1,0
1,9.0,2.0,1.0,8.0,6.0,2.0,750.0,1.0,3.0,1.0,1.0,6-11 años,6.621405651764134,0,1,1,0
1,12.0,1.0,1.0,8.0,6.0,2.0,1452.550048828125,1.0,5.0,5.0,1.0,12-14 años,7.281764152724401,0,1,0,0
1,8.0,2.0,1.0,8.0,6.0,2.0,1452.550048828125,1.0,5.0,5.0,1.0,6-11 años,7.281764152724401,0,1,0,0
1,19.0,2.0,1.0,8.0,6.0,2.0,1082.88330078125,5.0,5.0,6.0,1.0,17-19 años,6.9883055200983994,0,1,0,0
1,13.0,2.0,1.0,8.0,6.0,2.0,1082.88330078125,3.0,5.0,6.0,1.0,12-14 años,6.9883055200983994,0,1,0,0
1,12.0,2.0,1.0,8.0,6.0,2.0,3748.333251953125,2.0,6.0,1.0,1.0,12-14 años,8.22933330367709,0,1,1,0
1,6.0,2.0,1.0,8.0,6.0,2.0,3748.333251953125,0.0,6.0,1.0,1.0,6-11 años,8.22933330367709,0,1,1,0
1,12.0,2.0,1.0,8.0,6.0,2.0,11994.400390625,1.0,6.0,5.0,1.0,12-14 años,9.392278554510366,0,1,0,0
1,11.0,2.0,1.0,8.0,6.0,2.0,886.1666259765625,1.0,6.0,5.0,1.0,6-11 años,6.78803281807947,0,1,0,0
1,10.0,2.0,1.0,8.0,6.0,2.0,886.1666259765625,1.0,6.0,5.0,1.0,6-11 años,6.78803281807947,0,1,0,0
1,13.0,2.0,1.0,8.0,6.0,2.0,0.0,3.0,8.0,3.0,1.0,12-14 años,0.0,0,1,0,0
1,6.0,2.0,1.0,8.0,6.0,2.0,0.0,1.0,8.0,3.0,1.0,6-11 años,0.0,0,1,0,0
1,18.0,2.0,1.0,8.0,6.0,2.0,0.0,3.0,8.0,3.0,1.0,17-19 años,0.0,0,1,0,0
1,15.0,1.0,1.0,8.0,6.0,2.0,1099.0,3.0,5.0,1.0,1.0,15-16 años,7.003065458786462,0,1,1,0
1,19.0,1.0,1.0,8.0,6.0,2.0,1293.0555419921875,4.0,6.0,5.0,1.0,17-19 años,7.165536396853902,0,1,0,0
1,17.0,2.0,1.0,8.0,6.0,2.0,2287.175048828125,3.0,8.0,5.0,1.0,17-19 años,7.7355098569281,0,1,0,0
1,9.0,2.0,1.0,8.0,6.0,2.0,3033.333251953125,1.0,8.0,1.0,1.0,6-11 años,8.017746993017381,0,1,1,0
1,10.0,2.0,1.0,8.0,6.0,2.0,1449.9583740234375,1.0,1.0,1.0,1.0,6-11 años,7.279979564687322,0,1,1,0
1,7.0,1.0,1.0,8.0,6.0,2.0,1449.9583740234375,0.0,1.0,1.0,1.0,6-11 años,7.279979564687322,0,1,1,0
1,9.0,1.0,1.0,8.0,6.0,2.0,916.6666870117188,1.0,6.0,1.0,1.0,6-11 años,6.821834238644914,0,1,1,0
1,9.0,1.0,1.0,8.0,6.0,2.0,1939.840087890625,1.0,8.0,1.0,1.0,6-11 años,7.570876193319947,0,1,1,0
1,14.0,2.0,1.0,8.0,6.0,2.0,1939.840087890625,3.0,8.0,1.0,1.0,12-14 años,7.570876193319947,0,1,1,0
1,6.0,1.0,1.0,8.0,6.0,2.0,1208.5,0.0,5.0,1.0,1.0,6-11 años,7.097962330050082,0,1,1,0
1,17.0,2.0,1.0,8.0,6.0,2.0,1333.3333740234375,3.0,8.0,1.0,1.0,17-19 años,7.196187100819171,0,1,1,0
1,7.0,1.0,1.0,8.0,6.0,2.0,1166.6666259765625,0.0,8.0,1.0,1.0,6-11 años,7.062762699682014,0,1,1,0
1,17.0,1.0,1.0,8.0,6.0,2.0,5283.3330078125,3.0,8.0,1.0,1.0,17-19 años,8.572501685574,0,1,1,0
1,12.0,1.0,1.0,8.0,6.0,2.0,2331.197265625,1.0,5.0,5.0,1.0,12-14 años,7.754566134641072,0,1,0,0
1,8.0,1.0,1.0,8.0,6.0,2.0,2331.197265625,1.0,5.0,5.0,1.0,6-11 años,7.754566134641072,0,1,0,0
1,6.0,1.0,1.0,8.0,6.0,2.0,1405.5,0.0,6.0,5.0,1.0,6-11 años,7.248859627929912,0,1,0,0
1,16.0,2.0,1.0,8.0,6.0,2.0,4250.0,3.0,5.0,5.0,1.0,15-16 años,8.35490952835879,0,1,0,0
1,17.0,1.0,1.0,8.0,6.0,2.0,1752.3333740234375,3.0,6.0,1.0,1.0,17-19 años,7.469274040270929,0,1,1,0
1,11.0,2.0,1.0,8.0,6.0,2.0,1752.3333740234375,2.0,6.0,1.0,1.0,6-11 años,7.469274040270929,0,1,1,0
1,10.0,2.0,1.0,8.0,6.0,2.0,2484.72216796875,1.0,5.0,5.0,1.0,6-11 años,7.81831850716419,0,1,0,0
1,10.0,1.0,1.0,8.0,6.0,2.0,666.6666870117188,1.0,8.0,1.0,1.0,6-11 años,6.503789077469579,0,1,1,0
1,16.0,1.0,1.0,8.0,6.0,2.0,1656.666748046875,3.0,6.0,2.0,1.0,15-16 años,7.413166319139856,0,1,1,0
1,13.0,2.0,1.0,8.0,6.0,2.0,1656.666748046875,3.0,6.0,2.0,1.0,12-14 años,7.413166319139856,0,1,1,0
0,18.0,2.0,1.0,8.0,6.0,2.0,1299.0,3.0,1.0,1.0,1.0,17-19 años,7.170119543449628,0,1,1,1
1,12.0,2.0,1.0,8.0,6.0,2.0,1879.0667724609375,1.0,5.0,1.0,1.0,12-14 años,7.539062572459728,0,1,1,0
1,9.0,1.0,1.0,8.0,6.0,2.0,1879.0667724609375,1.0,5.0,1.0,1.0,6-11 años,7.539062572459728,0,1,1,0
1,18.0,1.0,1.0,8.0,6.0,2.0,1719.5999755859375,4.0,1.0,1.0,1.0,17-19 años,7.450428331997975,0,1,1,0
1,13.0,2.0,1.0,8.0,6.0,2.0,1719.5999755859375,3.0,1.0,1.0,1.0,12-14 años,7.450428331997975,0,1,1,0
1,15.0,2.0,1.0,8.0,6.0,2.0,440.8999938964844,3.0,5.0,1.0,1.0,15-16 años,6.09108359832471,0,1,1,0
1,11.0,1.0,1.0,8.0,6.0,2.0,440.8999938964844,1.0,5.0,1.0,1.0,6-11 años,6.09108359832471,0,1,1,0
1,19.0,2.0,1.0,8.0,6.0,2.0,440.8999938964844,3.0,5.0,1.0,1.0,17-19 años,6.09108359832471,0,1,1,0
1,7.0,1.0,1.0,8.0,6.0,2.0,1017.9666748046875,1.0,7.0,1.0,1.0,6-11 años,6.926544328865262,0,1,1,0
1,13.0,2.0,1.0,8.0,6.0,2.0,483.0,3.0,5.0,3.0,1.0,12-14 años,6.182084906716632,0,1,0,0
1,11.0,2.0,1.0,8.0,6.0,2.0,483.0,1.0,5.0,3.0,1.0,6-11 años,6.182084906716632,0,1,0,0
1,8.0,2.0,1.0,8.0,6.0,2.0,483.0,1.0,5.0,3.0,1.0,6-11 años,6.182084906716632,0,1,0,0
1,7.0,1.0,1.0,8.0,6.0,2.0,1000.0,0.0,1.0,3.0,1.0,6-11 años,6.90875477931522,0,1,0,0
1,14.0,2.0,1.0,8.0,6.0,2.0,2477.70849609375,3.0,8.0,3.0,1.0,12-14 años,7.815492935808298,0,1,0,0
1,15.0,2.0,1.0,8.0,6.0,2.0,1881.7698974609375,3.0,1.0,2.0,1.0,15-16 años,7.54049932122249,0,1,1,0
1,15.0,1.0,1.0,8.0,6.0,2.0,959.8099365234375,3.0,1.0,2.0,1.0,15-16 años,6.867776612639271,0,1,1,0
1,13.0,2.0,1.0,8.0,6.0,2.0,959.8099365234375,2.0,1.0,2.0,1.0,12-14 años,6.867776612639271,0,1,1,0
1,10.0,1.0,1.0,8.0,6.0,2.0,3318.0556640625,1.0,7.0,2.0,1.0,6-11 años,8.10743558291483,0,1,1,0
1,7.0,1.0,1.0,8.0,6.0,2.0,793.8333129882812,0.0,7.0,2.0,1.0,6-11 años,6.678132423473542,0,1,1,0
1,6.0,1.0,1.0,8.0,6.0,2.0,793.8333129882812,0.0,7.0,2.0,1.0,6-11 años,6.678132423473542,0,1,1,0
1,18.0,2.0,1.0,8.0,6.0,2.0,971.36328125,3.0,1.0,2.0,1.0,17-19 años,6.879729480776723,0,1,1,0
1,16.0,1.0,1.0,8.0,6.0,2.0,971.36328125,3.0,1.0,2.0,1.0,15-16 años,6.879729480776723,0,1,1,0
1,13.0,2.0,1.0,8.0,6.0,2.0,971.36328125,1.0,1.0,2.0,1.0,12-14 años,6.879729480776723,0,1,1,0
1,11.0,1.0,1.0,8.0,6.0,2.0,971.36328125,1.0,1.0,2.0,1.0,6-11 años,6.879729480776723,0,1,1,0
1,8.0,2.0,1.0,8.0,6.0,2.0,971.36328125,1.0,1.0,2.0,1.0,6-11 años,6.879729480776723,0,1,1,0
1,6.0,1.0,1.0,8.0,6.0,2.0,971.36328125,0.0,1.0,2.0,1.0,6-11 años,6.879729480776723,0,1,1,0
1,6.0,2.0,1.0,8.0,6.0,2.0,480.0,0.0,5.0,9.0,1.0,6-11 años,6.175867270105761,0,1,0,0
1,18.0,2.0,1.0,8.0,6.0,2.0,1083.3333740234375,3.0,8.0,1.0,1.0,17-19 años,6.988720675330699,0,1,1,0
1,14.0,1.0,1.0,8.0,6.0,1.0,635.2728881835938,3.0,5.0,2.0,2.0,12-14 años,6.455627540787198,0,0,1,0
1,12.0,1.0,1.0,8.0,6.0,1.0,635.2728881835938,2.0,5.0,2.0,2.0,12-14 años,6.455627540787198,0,0,1,0
1,11.0,2.0,1.0,8.0,6.0,1.0,635.2728881835938,1.0,5.0,2.0,2.0,6-11 años,6.455627540787198,0,0,1,0
1,8.0,1.0,1.0,8.0,6.0,1.0,635.2728881835938,1.0,5.0,2.0,2.0,6-11 años,6.455627540787198,0,0,1,0
1,7.0,1.0,1.0,8.0,6.0,1.0,635.2728881835938,0.0,5.0,2.0,2.0,6-11 años,6.455627540787198,0,0,1,0
1,17.0,2.0,1.0,8.0,6.0,2.0,4845.7998046875,3.0,1.0,2.0,1.0,17-19 años,8.48607393206016,0,1,1,0
1,13.0,1.0,1.0,8.0,6.0,2.0,1988.3333740234375,2.0,5.0,1.0,1.0,12-14 años,7.595554873669628,0,1,1,0
1,19.0,2.0,1.0,8.0,6.0,2.0,1000.0,4.0,5.0,1.0,1.0,17-19 años,6.90875477931522,0,1,1,0
1,7.0,2.0,1.0,8.0,6.0,2.0,756.6666870117188,1.0,5.0,1.0,1.0,6-11 años,6.6302435620366795,0,1,1,0
0,19.0,1.0,1.0,8.0,6.0,2.0,2000.0,4.0,5.0,2.0,1.0,17-19 años,7.601402334583733,0,1,1,1
1,11.0,2.0,1.0,8.0,6.0,2.0,1062.1055908203125,1.0,6.0,2.0,1.0,6-11 años,6.968949706259484,0,1,1,0
1,7.0,2.0,1.0,8.0,6.0,2.0,1062.1055908203125,1.0,6.0,2.0,1.0,6-11 años,6.968949706259484,0,1,1,0
1,6.0,2.0,1.0,8.0,6.0,2.0,1062.1055908203125,0.0,6.0,2.0,1.0,6-11 años,6.968949706259484,0,1,1,0
1,7.0,1.0,1.0,8.0,6.0,2.0,848.2666625976562,0.0,6.0,2.0,1.0,6-11 años,6.744373227216372,0,1,1,0
0,17.0,2.0,1.0,8.0,6.0,2.0,1480.142822265625,3.0,5.0,2.0,1.0,17-19 años,7.300569245989228,0,1,1,1
1,9.0,2.0,1.0,8.0,6.0,2.0,1480.142822265625,1.0,5.0,2.0,1.0,6-11 años,7.300569245989228,0,1,1,0
1,6.0,1.0,1.0,8.0,6.0,2.0,1480.142822265625,0.0,5.0,2.0,1.0,6-11 años,7.300569245989228,0,1,1,0
1,11.0,2.0,1.0,8.0,6.0,2.0,1393.3333740234375,2.0,8.0,1.0,1.0,6-11 años,7.240171711956568,0,1,1,0
1,8.0,1.0,1.0,8.0,6.0,2.0,1393.3333740234375,1.0,8.0,1.0,1.0,6-11 años,7.240171711956568,0,1,1,0
1,9.0,1.0,1.0,8.0,6.0,2.0,3658.777587890625,1.0,8.0,1.0,1.0,6-11 años,8.205157656213046,0,1,1,0
0,19.0,1.0,1.0,8.0,6.0,2.0,4100.0,4.0,8.0,1.0,1.0,17-19 años,8.31898612539206,0,1,1,1
1,6.0,2.0,1.0,8.0,6.0,2.0,1931.558349609375,0.0,5.0,2.0,1.0,6-11 años,7.566599973852776,0,1,1,0
1,10.0,2.0,1.0,8.0,6.0,2.0,2718.699951171875,1.0,5.0,2.0,1.0,6-11 años,7.908276841136056,0,1,1,0
1,17.0,1.0,1.0,8.0,6.0,2.0,4948.33349609375,3.0,8.0,1.0,1.0,17-19 años,8.507008199243193,0,1,1,0
1,15.0,2.0,1.0,8.0,6.0,2.0,993.3333129882812,3.0,5.0,1.0,1.0,15-16 años,6.902072475385641,0,1,1,0
1,11.0,1.0,1.0,8.0,6.0,2.0,993.3333129882812,1.0,5.0,1.0,1.0,6-11 años,6.902072475385641,0,1,1,0
1,7.0,1.0,1.0,8.0,6.0,2.0,375.0,0.0,1.0,2.0,1.0,6-11 años,5.929589143389895,0,1,1,0
0,18.0,2.0,1.0,8.0,6.0,2.0,919.933349609375,4.0,5.0,2.0,1.0,17-19 años,6.825387666220128,0,1,1,1
1,11.0,1.0,1.0,8.0,6.0,2.0,919.933349609375,1.0,5.0,2.0,1.0,6-11 años,6.825387666220128,0,1,1,0
0,16.0,2.0,1.0,8.0,6.0,2.0,1405.1666259765625,3.0,5.0,2.0,1.0,15-16 años,7.248622576000671,0,1,1,1
1,17.0,1.0,1.0,8.0,6.0,2.0,759.5833129882812,3.0,8.0,1.0,1.0,17-19 años,6.634085655979603,0,1,1,0
1,10.0,1.0,1.0,8.0,6.0,2.0,759.5833129882812,1.0,8.0,1.0,1.0,6-11 años,6.634085655979603,0,1,1,0
1,17.0,2.0,1.0,8.0,6.0,1.0,3066.800048828125,3.0,5.0,2.0,1.0,17-19 años,8.02871598723034,0,1,1,0
1,17.0,1.0,1.0,8.0,6.0,2.0,614.5833129882812,3.0,1.0,6.0,1.0,17-19 años,6.4225702946907,0,1,0,0
1,15.0,1.0,1.0,8.0,6.0,2.0,614.5833129882812,3.0,1.0,6.0,1.0,15-16 años,6.4225702946907,0,1,0,0
1,13.0,2.0,1.0,8.0,6.0,2.0,614.5833129882812,3.0,1.0,6.0,1.0,12-14 años,6.4225702946907,0,1,0,0
1,10.0,1.0,1.0,8.0,6.0,2.0,614.5833129882812,1.0,1.0,6.0,1.0,6-11 años,6.4225702946907,0,1,0,0
1,8.0,2.0,1.0,8.0,6.0,2.0,614.5833129882812,1.0,1.0,6.0,1.0,6-11 años,6.4225702946907,0,1,0,0
1,12.0,2.0,1.0,8.0,6.0,2.0,533.3333740234375,2.0,5.0,5.0,1.0,12-14 años,6.281019940092603,0,1,0,0
1,11.0,1.0,1.0,8.0,6.0,2.0,533.3333740234375,1.0,5.0,5.0,1.0,6-11 años,6.281019940092603,0,1,0,0
1,12.0,2.0,1.0,8.0,6.0,2.0,533.3333740234375,1.0,5.0,5.0,1.0,12-14 años,6.281019940092603,0,1,0,0
1,13.0,2.0,1.0,8.0,6.0,2.0,883.3200073242188,3.0,1.0,6.0,1.0,12-14 años,6.78481899636727,0,1,0,0
1,12.0,2.0,1.0,8.0,6.0,2.0,883.3200073242188,1.0,1.0,6.0,1.0,12-14 años,6.78481899636727,0,1,0,0
1,7.0,1.0,1.0,8.0,6.0,2.0,883.3200073242188,0.0,1.0,6.0,1.0,6-11 años,6.78481899636727,0,1,0,0
1,14.0,2.0,1.0,8.0,6.0,1.0,1101.2889404296875,3.0,1.0,5.0,1.0,12-14 años,7.005144151742567,0,1,0,0
1,12.0,1.0,1.0,8.0,15.0,1.0,1101.2889404296875,3.0,1.0,5.0,1.0,12-14 años,7.005144151742567,0,1,0,0
1,8.0,1.0,1.0,8.0,15.0,1.0,1101.2889404296875,1.0,1.0,5.0,1.0,6-11 años,7.005144151742567,0,1,0,0
1,14.0,2.0,1.0,8.0,6.0,2.0,900.0,3.0,5.0,6.0,1.0,12-14 años,6.803505257608338,0,1,0,0
1,15.0,1.0,1.0,8.0,6.0,2.0,900.0,3.0,5.0,6.0,1.0,15-16 años,6.803505257608338,0,1,0,0
1,17.0,2.0,1.0,8.0,6.0,2.0,359.2166442871094,3.0,1.0,5.0,1.0,17-19 años,5.886705640133771,0,1,0,0
1,15.0,1.0,1.0,8.0,6.0,2.0,359.2166442871094,3.0,1.0,5.0,1.0,15-16 años,5.886705640133771,0,1,0,0
1,12.0,2.0,1.0,8.0,6.0,2.0,359.2166442871094,1.0,1.0,5.0,1.0,12-14 años,5.886705640133771,0,1,0,0
1,9.0,1.0,1.0,8.0,6.0,2.0,359.2166442871094,1.0,1.0,5.0,1.0,6-11 años,5.886705640133771,0,1,0,0
1,9.0,1.0,1.0,8.0,6.0,2.0,359.2166442871094,1.0,1.0,5.0,1.0,6-11 años,5.886705640133771,0,1,0,0
1,11.0,1.0,1.0,8.0,6.0,2.0,984.7833251953125,1.0,1.0,6.0,1.0,6-11 años,6.893436579130563,0,1,0,0
1,7.0,1.0,1.0,8.0,6.0,2.0,984.7833251953125,1.0,1.0,6.0,1.0,6-11 años,6.893436579130563,0,1,0,0
1,6.0,1.0,1.0,8.0,6.0,2.0,984.7833251953125,0.0,1.0,6.0,1.0,6-11 años,6.893436579130563,0,1,0,0
1,16.0,2.0,1.0,8.0,6.0,2.0,984.7833251953125,3.0,1.0,6.0,1.0,15-16 años,6.893436579130563,0,1,0,0
1,7.0,1.0,1.0,8.0,6.0,2.0,984.7833251953125,1.0,1.0,6.0,1.0,6-11 años,6.893436579130563,0,1,0,0
1,15.0,1.0,1.0,8.0,6.0,2.0,2281.333251953125,3.0,8.0,5.0,1.0,15-16 años,7.732953554796369,0,1,0,0
1,14.0,1.0,1.0,8.0,6.0,2.0,2281.333251953125,3.0,8.0,5.0,1.0,12-14 años,7.732953554796369,0,1,0,0
1,12.0,2.0,1.0,8.0,6.0,2.0,1613.3333740234375,3.0,5.0,1.0,1.0,12-14 años,7.386677378940635,0,1,1,0
1,9.0,2.0,1.0,8.0,6.0,2.0,1613.3333740234375,1.0,5.0,1.0,1.0,6-11 años,7.386677378940635,0,1,1,0
1,12.0,2.0,1.0,8.0,6.0,2.0,1110.6666259765625,3.0,8.0,2.0,1.0,12-14 años,7.013615633078821,0,1,1,0
1,8.0,2.0,1.0,8.0,6.0,2.0,784.0,1.0,7.0,2.0,1.0,6-11 años,6.665683717782408,0,1,1,0
1,6.0,2.0,1.0,8.0,6.0,2.0,784.0,0.0,7.0,2.0,1.0,6-11 años,6.665683717782408,0,1,1,0
1,18.0,2.0,1.0,8.0,6.0,2.0,1008.8888549804688,3.0,8.0,1.0,1.0,17-19 años,6.9175955592061635,0,1,1,0
1,15.0,2.0,1.0,8.0,6.0,2.0,1008.8888549804688,3.0,8.0,1.0,1.0,15-16 años,6.9175955592061635,0,1,1,0
1,12.0,2.0,1.0,8.0,6.0,2.0,1008.8888549804688,2.0,8.0,1.0,1.0,12-14 años,6.9175955592061635,0,1,1,0
1,10.0,2.0,1.0,8.0,6.0,2.0,1008.8888549804688,1.0,8.0,1.0,1.0,6-11 años,6.9175955592061635,0,1,1,0
1,9.0,2.0,1.0,8.0,6.0,2.0,3592.861083984375,1.0,6.0,1.0,1.0,6-11 años,8.186982414394032,0,1,1,0
1,15.0,1.0,1.0,8.0,6.0,2.0,4968.05859375,3.0,8.0,2.0,1.0,15-16 años,8.510985683392326,0,1,1,0
1,16.0,2.0,1.0,8.0,6.0,2.0,1257.75,3.0,8.0,1.0,1.0,15-16 años,7.137874444032772,0,1,1,0
1,13.0,2.0,1.0,8.0,6.0,2.0,1257.75,3.0,8.0,1.0,1.0,12-14 años,7.137874444032772,0,1,1,0
1,19.0,1.0,1.0,8.0,6.0,2.0,7500.0,4.0,5.0,1.0,1.0,17-19 años,8.922791623969637,0,1,1,0
1,17.0,1.0,1.0,8.0,6.0,2.0,214.2857208251953,3.0,1.0,1.0,1.0,17-19 años,5.371966079947006,0,1,1,0
1,16.0,1.0,1.0,8.0,6.0,2.0,214.2857208251953,3.0,1.0,1.0,1.0,15-16 años,5.371966079947006,0,1,1,0
1,15.0,1.0,1.0,8.0,6.0,2.0,214.2857208251953,3.0,1.0,1.0,1.0,15-16 años,5.371966079947006,0,1,1,0
1,11.0,1.0,1.0,8.0,6.0,2.0,214.2857208251953,2.0,1.0,1.0,1.0,6-11 años,5.371966079947006,0,1,1,0
1,10.0,1.0,1.0,8.0,6.0,2.0,214.2857208251953,1.0,1.0,1.0,1.0,6-11 años,5.371966079947006,0,1,1,0
1,8.0,2.0,1.0,8.0,6.0,2.0,214.2857208251953,1.0,1.0,1.0,1.0,6-11 años,5.371966079947006,0,1,1,0
1,9.0,1.0,2.0,8.0,6.0,2.0,1172.449951171875,1.0,2.0,1.0,1.0,6-11 años,7.067703365188456,1,1,1,0
1,6.0,1.0,2.0,8.0,6.0,2.0,1172.449951171875,0.0,2.0,1.0,1.0,6-11 años,7.067703365188456,1,1,1,0
1,14.0,2.0,2.0,8.0,6.0,2.0,895.7428588867188,3.0,1.0,1.0,1.0,12-14 años,6.7987691530539145,1,1,1,0
1,7.0,2.0,2.0,8.0,6.0,2.0,895.7428588867188,1.0,1.0,1.0,1.0,6-11 años,6.7987691530539145,1,1,1,0
1,6.0,1.0,2.0,8.0,6.0,2.0,895.7428588867188,0.0,1.0,1.0,1.0,6-11 años,6.7987691530539145,1,1,1,0
1,6.0,2.0,2.0,8.0,6.0,2.0,1000.0,0.0,1.0,1.0,1.0,6-11 años,6.90875477931522,1,1,1,0
1,15.0,1.0,2.0,8.0,6.0,2.0,508.0,3.0,2.0,2.0,1.0,15-16 años,6.2324480165505225,1,1,1,0
1,7.0,2.0,2.0,8.0,6.0,2.0,508.0,1.0,2.0,2.0,1.0,6-11 años,6.2324480165505225,1,1,1,0
1,17.0,2.0,2.0,8.0,6.0,2.0,2276.066650390625,3.0,5.0,2.0,1.0,17-19 años,7.730643336777476,1,1,1,0
1,14.0,2.0,2.0,8.0,6.0,2.0,1179.7222900390625,3.0,2.0,2.0,1.0,12-14 años,7.073881640399269,1,1,1,0
1,8.0,1.0,2.0,8.0,6.0,2.0,900.0,1.0,2.0,2.0,1.0,6-11 años,6.803505257608338,1,1,1,0
1,6.0,1.0,2.0,8.0,6.0,2.0,900.0,0.0,2.0,2.0,1.0,6-11 años,6.803505257608338,1,1,1,0
0,19.0,1.0,2.0,8.0,6.0,2.0,913.3666381835938,4.0,1.0,2.0,1.0,17-19 años,6.818231626888931,1,1,1,1
1,18.0,1.0,2.0,8.0,6.0,2.0,913.3666381835938,3.0,1.0,2.0,1.0,17-19 años,6.818231626888931,1,1,1,0
1,15.0,1.0,2.0,8.0,6.0,2.0,913.3666381835938,2.0,1.0,2.0,1.0,15-16 años,6.818231626888931,1,1,1,0
1,14.0,2.0,2.0,8.0,6.0,2.0,913.3666381835938,3.0,1.0,2.0,1.0,12-14 años,6.818231626888931,1,1,1,0
1,18.0,1.0,2.0,8.0,6.0,2.0,4139.5830078125,3.0,5.0,2.0,1.0,17-19 años,8.328591880047828,1,1,1,0
1,17.0,2.0,2.0,8.0,6.0,2.0,870.8333740234375,3.0,1.0,2.0,1.0,17-19 años,6.770598320814439,1,1,1,0
1,17.0,2.0,2.0,8.0,6.0,2.0,750.0,3.0,1.0,2.0,1.0,17-19 años,6.621405651764134,1,1,1,0
1,13.0,1.0,2.0,8.0,6.0,2.0,750.0,3.0,1.0,2.0,1.0,12-14 años,6.621405651764134,1,1,1,0
1,12.0,2.0,2.0,8.0,6.0,2.0,3367.625,2.0,8.0,1.0,1.0,12-14 años,8.122259928217481,1,1,1,0
1,14.0,2.0,2.0,8.0,6.0,2.0,3458.25,3.0,1.0,1.0,1.0,12-14 años,8.148807081549494,1,1,1,0
1,15.0,2.0,2.0,8.0,6.0,2.0,1954.260009765625,3.0,1.0,1.0,1.0,15-16 años,7.578278460898677,1,1,1,0
1,8.0,1.0,2.0,8.0,6.0,2.0,1954.260009765625,1.0,1.0,1.0,1.0,6-11 años,7.578278460898677,1,1,1,0
1,7.0,2.0,2.0,8.0,6.0,2.0,1954.260009765625,0.0,1.0,1.0,1.0,6-11 años,7.578278460898677,1,1,1,0
1,17.0,1.0,2.0,8.0,6.0,2.0,721.6666870117188,3.0,1.0,1.0,1.0,17-19 años,6.582948102044174,1,1,1,0
1,16.0,2.0,2.0,8.0,6.0,2.0,721.6666870117188,3.0,1.0,1.0,1.0,15-16 años,6.582948102044174,1,1,1,0
1,14.0,1.0,2.0,8.0,6.0,2.0,721.6666870117188,3.0,1.0,1.0,1.0,12-14 años,6.582948102044174,1,1,1,0
1,12.0,2.0,2.0,8.0,6.0,2.0,721.6666870117188,1.0,1.0,1.0,1.0,12-14 años,6.582948102044174,1,1,1,0
1,11.0,1.0,2.0,8.0,6.0,2.0,721.6666870117188,1.0,1.0,1.0,1.0,6-11 años,6.582948102044174,1,1,1,0
1,6.0,2.0,2.0,8.0,6.0,2.0,721.6666870117188,0.0,1.0,1.0,1.0,6-11 años,6.582948102044174,1,1,1,0
1,8.0,2.0,2.0,8.0,6.0,2.0,1579.853271484375,1.0,5.0,1.0,1.0,6-11 años,7.365720025492335,1,1,1,0
1,16.0,1.0,2.0,8.0,6.0,2.0,559.7222290039062,3.0,1.0,1.0,1.0,15-16 años,6.329225647437247,1,1,1,0
1,17.0,2.0,2.0,8.0,6.0,2.0,1502.626708984375,3.0,1.0,1.0,1.0,17-19 años,7.3156352748897815,1,1,1,0
1,7.0,1.0,2.0,8.0,6.0,2.0,1666.6666259765625,1.0,1.0,1.0,1.0,6-11 años,7.419180698420672,1,1,1,0
1,17.0,1.0,2.0,8.0,6.0,2.0,800.0,3.0,5.0,1.0,1.0,17-19 años,6.68586094706836,1,1,1,0
1,14.0,1.0,2.0,8.0,6.0,2.0,800.0,3.0,5.0,1.0,1.0,12-14 años,6.68586094706836,1,1,1,0
1,7.0,1.0,2.0,8.0,6.0,2.0,800.0,0.0,5.0,1.0,1.0,6-11 años,6.68586094706836,1,1,1,0
1,16.0,1.0,2.0,8.0,6.0,2.0,1466.6666259765625,3.0,5.0,3.0,1.0,15-16 años,7.291429089363294,1,1,0,0
1,17.0,1.0,2.0,8.0,6.0,2.0,839.5833129882812,3.0,2.0,1.0,1.0,17-19 años,6.734096071063343,1,1,1,0
1,17.0,2.0,2.0,8.0,6.0,2.0,830.0,3.0,2.0,1.0,1.0,17-19 años,6.7226297948554485,1,1,1,0
1,15.0,2.0,2.0,8.0,6.0,2.0,830.0,3.0,2.0,1.0,1.0,15-16 años,6.7226297948554485,1,1,1,0
1,13.0,2.0,2.0,8.0,6.0,2.0,1401.0416259765625,3.0,5.0,2.0,1.0,12-14 años,7.2456847575792915,1,1,1,0
1,12.0,1.0,2.0,8.0,6.0,2.0,1401.0416259765625,2.0,5.0,2.0,1.0,12-14 años,7.2456847575792915,1,1,1,0
0,18.0,1.0,2.0,8.0,6.0,2.0,1000.0,3.0,2.0,2.0,1.0,17-19 años,6.90875477931522,1,1,1,1
0,19.0,2.0,2.0,8.0,6.0,2.0,1000.0,4.0,2.0,2.0,1.0,17-19 años,6.90875477931522,1,1,1,1
1,6.0,1.0,2.0,8.0,6.0,2.0,1876.3333740234375,0.0,5.0,2.0,1.0,6-11 años,7.537607630844184,1,1,1,0
1,17.0,1.0,2.0,8.0,6.0,2.0,1876.3333740234375,3.0,5.0,2.0,1.0,17-19 años,7.537607630844184,1,1,1,0
1,7.0,2.0,2.0,8.0,6.0,2.0,583.5555419921875,0.0,2.0,2.0,1.0,6-11 años,6.370851801191715,1,1,1,0
1,9.0,2.0,2.0,8.0,6.0,2.0,1633.3333740234375,1.0,2.0,2.0,1.0,6-11 años,7.398990277880189,1,1,1,0
1,7.0,2.0,2.0,8.0,6.0,2.0,1633.3333740234375,1.0,2.0,2.0,1.0,6-11 años,7.398990277880189,1,1,1,0
0,18.0,2.0,2.0,8.0,6.0,2.0,1818.800048828125,4.0,2.0,2.0,1.0,17-19 años,7.506481910754179,1,1,1,1
0,19.0,1.0,2.0,8.0,6.0,2.0,1436.9666748046875,4.0,2.0,2.0,1.0,17-19 años,7.270985363328649,1,1,1,1
1,19.0,2.0,2.0,8.0,6.0,2.0,1436.9666748046875,4.0,2.0,2.0,1.0,17-19 años,7.270985363328649,1,1,1,0
1,17.0,1.0,2.0,8.0,6.0,2.0,1436.9666748046875,3.0,2.0,2.0,1.0,17-19 años,7.270985363328649,1,1,1,0
1,14.0,2.0,2.0,8.0,6.0,2.0,1436.9666748046875,3.0,2.0,2.0,1.0,12-14 años,7.270985363328649,1,1,1,0
0,19.0,2.0,2.0,8.0,6.0,1.0,1032.5,3.0,2.0,2.0,1.0,17-19 años,6.940706379121823,1,1,1,1
1,15.0,2.0,2.0,8.0,6.0,2.0,3281.666748046875,3.0,1.0,9.0,2.0,15-16 años,8.096411403987064,1,0,0,0
1,9.0,2.0,2.0,8.0,6.0,2.0,686.25,1.0,7.0,6.0,1.0,6-11 años,6.5326981270453555,1,1,0,0
1,17.0,1.0,2.0,8.0,6.0,2.0,1088.888916015625,3.0,5.0,5.0,1.0,17-19 años,6.993831058117547,1,1,0,0
1,10.0,1.0,2.0,8.0,6.0,2.0,1088.888916015625,1.0,5.0,5.0,1.0,6-11 años,6.993831058117547,1,1,0,0
1,9.0,1.0,2.0,8.0,6.0,2.0,1494.5999755859375,1.0,5.0,6.0,1.0,6-11 años,7.310282726779033,1,1,0,0
1,8.0,1.0,2.0,8.0,6.0,2.0,670.0,1.0,1.0,5.0,1.0,6-11 años,6.508769136971682,1,1,0,0
0,6.0,1.0,2.0,8.0,6.0,2.0,670.0,0.0,1.0,5.0,1.0,6-11 años,6.508769136971682,1,1,0,1
1,7.0,2.0,2.0,8.0,6.0,2.0,1113.3333740234375,0.0,7.0,5.0,1.0,6-11 años,7.016011634267188,1,1,0,0
1,9.0,1.0,2.0,8.0,6.0,2.0,556.6666870117188,1.0,1.0,6.0,2.0,6-11 años,6.323761448801174,1,0,0,0
1,7.0,1.0,2.0,8.0,6.0,1.0,433.0555419921875,1.0,1.0,4.0,1.0,6-11 años,6.073172502852579,1,1,0,0
1,6.0,1.0,2.0,8.0,6.0,1.0,400.0,1.0,1.0,5.0,1.0,6-11 años,5.993961427306569,1,1,0,0
1,13.0,1.0,2.0,8.0,6.0,1.0,1088.199951171875,3.0,1.0,5.0,1.0,12-14 años,6.993198715970256,1,1,0,0
1,11.0,2.0,2.0,8.0,6.0,1.0,487.89166259765625,1.0,1.0,5.0,2.0,6-11 años,6.192140916049245,1,0,0,0
1,9.0,1.0,2.0,8.0,6.0,1.0,487.89166259765625,1.0,1.0,5.0,2.0,6-11 años,6.192140916049245,1,0,0,0
1,11.0,1.0,2.0,8.0,6.0,1.0,620.6880493164062,1.0,1.0,7.0,1.0,6-11 años,6.432438438501515,1,1,0,0
1,8.0,2.0,2.0,8.0,6.0,1.0,620.6880493164062,1.0,1.0,7.0,1.0,6-11 años,6.432438438501515,1,1,0,0
0,16.0,1.0,2.0,8.0,6.0,1.0,620.6880493164062,3.0,1.0,7.0,1.0,15-16 años,6.432438438501515,1,1,0,1
1,14.0,2.0,2.0,8.0,6.0,1.0,201.7857208251953,3.0,6.0,5.0,1.0,12-14 años,5.312149859105945,1,1,0,0
1,8.0,2.0,2.0,8.0,6.0,1.0,201.7857208251953,1.0,6.0,5.0,1.0,6-11 años,5.312149859105945,1,1,0,0
1,9.0,2.0,2.0,8.0,6.0,2.0,1244.791748046875,1.0,5.0,5.0,1.0,6-11 años,7.127526548979577,1,1,0,0
1,8.0,2.0,2.0,8.0,6.0,2.0,1244.791748046875,1.0,5.0,5.0,1.0,6-11 años,7.127526548979577,1,1,0,0
1,13.0,1.0,2.0,8.0,6.0,2.0,1608.953369140625,2.0,8.0,5.0,1.0,12-14 años,7.3839604942923724,1,1,0,0
1,8.0,1.0,2.0,8.0,6.0,2.0,1608.953369140625,1.0,8.0,5.0,1.0,6-11 años,7.3839604942923724,1,1,0,0
1,11.0,1.0,2.0,8.0,6.0,2.0,844.3499755859375,1.0,1.0,5.0,1.0,6-11 años,6.739750713902556,1,1,0,0
1,7.0,2.0,2.0,8.0,6.0,2.0,277.7778015136719,1.0,6.0,1.0,1.0,6-11 años,5.6304150541729046,1,1,1,0
1,13.0,2.0,2.0,8.0,6.0,2.0,411.3095397949219,1.0,6.0,1.0,1.0,12-14 años,6.021774377439165,1,1,1,0
1,8.0,1.0,2.0,8.0,6.0,2.0,411.3095397949219,1.0,6.0,1.0,1.0,6-11 años,6.021774377439165,1,1,1,0
1,7.0,1.0,2.0,8.0,6.0,2.0,411.3095397949219,0.0,6.0,1.0,1.0,6-11 años,6.021774377439165,1,1,1,0
1,13.0,2.0,2.0,8.0,6.0,2.0,444.4444580078125,3.0,1.0,3.0,1.0,12-14 años,6.099072565755355,1,1,0,0
1,6.0,2.0,2.0,8.0,6.0,2.0,444.4444580078125,0.0,1.0,3.0,1.0,6-11 años,6.099072565755355,1,1,0,0
1,16.0,2.0,2.0,8.0,6.0,1.0,2130.0,3.0,1.0,6.0,2.0,15-16 años,7.664346632098617,1,0,0,0
1,6.0,2.0,2.0,8.0,6.0,1.0,2130.0,1.0,1.0,6.0,2.0,6-11 años,7.664346632098617,1,0,0,0
1,6.0,2.0,2.0,8.0,6.0,1.0,2130.0,0.0,1.0,6.0,2.0,6-11 años,7.664346632098617,1,0,0,0
1,12.0,2.0,2.0,8.0,6.0,2.0,1859.7222900390625,1.0,1.0,8.0,1.0,12-14 años,7.528720019305442,1,1,0,0
1,17.0,1.0,2.0,8.0,6.0,2.0,711.4666748046875,3.0,1.0,8.0,1.0,17-19 años,6.568733138845005,1,1,0,0
1,18.0,1.0,2.0,8.0,6.0,2.0,735.0,3.0,6.0,4.0,1.0,17-19 años,6.601230118728877,1,1,0,0
1,13.0,1.0,2.0,8.0,6.0,2.0,735.0,3.0,6.0,4.0,1.0,12-14 años,6.601230118728877,1,1,0,0
1,18.0,2.0,2.0,8.0,6.0,2.0,346.3999938964844,3.0,6.0,4.0,1.0,17-19 años,5.850476836237875,1,1,0,0
1,13.0,1.0,2.0,8.0,6.0,2.0,346.3999938964844,2.0,6.0,4.0,1.0,12-14 años,5.850476836237875,1,1,0,0
1,12.0,2.0,2.0,8.0,6.0,2.0,346.3999938964844,1.0,6.0,4.0,1.0,12-14 años,5.850476836237875,1,1,0,0
1,13.0,2.0,2.0,8.0,6.0,2.0,466.388916015625,3.0,8.0,7.0,1.0,12-14 años,6.147161707693545,1,1,0,0
1,11.0,1.0,2.0,8.0,6.0,2.0,466.388916015625,1.0,8.0,7.0,1.0,6-11 años,6.147161707693545,1,1,0,0
1,10.0,1.0,2.0,8.0,6.0,2.0,466.388916015625,1.0,8.0,7.0,1.0,6-11 años,6.147161707693545,1,1,0,0
1,6.0,1.0,2.0,8.0,6.0,2.0,2101.66650390625,0.0,1.0,6.0,1.0,6-11 años,7.65096158200815,1,1,0,0
0,19.0,1.0,2.0,8.0,6.0,2.0,2621.11669921875,3.0,1.0,8.0,2.0,17-19 años,7.8717371710444,1,0,0,1
0,17.0,1.0,2.0,8.0,6.0,2.0,2621.11669921875,3.0,1.0,8.0,2.0,17-19 años,7.8717371710444,1,0,0,1
1,13.0,2.0,2.0,8.0,6.0,2.0,1343.0555419921875,3.0,7.0,6.0,1.0,12-14 años,7.203446846116249,1,1,0,0
1,12.0,1.0,2.0,8.0,6.0,1.0,106.5999984741211,2.0,1.0,7.0,1.0,12-14 años,4.678420633546653,1,1,0,0
1,8.0,2.0,2.0,8.0,6.0,1.0,106.5999984741211,1.0,1.0,7.0,1.0,6-11 años,4.678420633546653,1,1,0,0
1,14.0,1.0,2.0,8.0,6.0,2.0,227.7777862548828,3.0,1.0,6.0,1.0,12-14 años,5.432751166745453,1,1,0,0
1,13.0,2.0,2.0,8.0,6.0,2.0,227.7777862548828,3.0,1.0,6.0,1.0,12-14 años,5.432751166745453,1,1,0,0
1,11.0,2.0,2.0,8.0,6.0,2.0,227.7777862548828,1.0,1.0,6.0,1.0,6-11 años,5.432751166745453,1,1,0,0
1,10.0,2.0,2.0,8.0,6.0,2.0,227.7777862548828,1.0,1.0,6.0,1.0,6-11 años,5.432751166745453,1,1,0,0
1,7.0,2.0,2.0,8.0,6.0,2.0,483.13336181640625,1.0,1.0,6.0,1.0,6-11 años,6.182360409705186,1,1,0,0
1,11.0,2.0,2.0,8.0,6.0,2.0,455.8333435058594,1.0,1.0,6.0,1.0,6-11 años,6.124318649342208,1,1,0,0
1,10.0,1.0,2.0,8.0,6.0,2.0,455.8333435058594,1.0,1.0,6.0,1.0,6-11 años,6.124318649342208,1,1,0,0
1,14.0,1.0,2.0,8.0,6.0,2.0,405.4285583496094,3.0,1.0,6.0,1.0,12-14 años,6.007408165324894,1,1,0,0
1,11.0,2.0,2.0,8.0,6.0,2.0,405.4285583496094,1.0,1.0,6.0,1.0,6-11 años,6.007408165324894,1,1,0,0
1,8.0,2.0,2.0,8.0,6.0,2.0,405.4285583496094,1.0,1.0,6.0,1.0,6-11 años,6.007408165324894,1,1,0,0
1,12.0,2.0,2.0,8.0,6.0,2.0,4546.5,1.0,7.0,5.0,1.0,12-14 años,8.422332910392278,1,1,0,0
1,9.0,1.0,2.0,8.0,6.0,2.0,520.2900390625,1.0,1.0,5.0,1.0,6-11 años,6.2563065837121625,1,1,0,0
0,17.0,2.0,2.0,8.0,6.0,2.0,2746.0,4.0,5.0,2.0,1.0,17-19 años,7.918264686095274,1,1,1,1
1,19.0,1.0,2.0,8.0,6.0,2.0,88.0952377319336,3.0,5.0,2.0,1.0,17-19 años,4.489705884472957,1,1,1,0
1,12.0,2.0,2.0,8.0,6.0,2.0,88.0952377319336,1.0,5.0,2.0,1.0,12-14 años,4.489705884472957,1,1,1,0
1,7.0,2.0,2.0,8.0,6.0,2.0,88.0952377319336,1.0,5.0,2.0,1.0,6-11 años,4.489705884472957,1,1,1,0
1,6.0,2.0,2.0,8.0,6.0,2.0,88.0952377319336,0.0,5.0,2.0,1.0,6-11 años,4.489705884472957,1,1,1,0
1,18.0,2.0,2.0,8.0,6.0,2.0,649.5,5.0,8.0,2.0,1.0,17-19 años,6.47774129795256,1,1,1,0
1,15.0,1.0,2.0,8.0,6.0,2.0,649.5,3.0,8.0,2.0,1.0,15-16 años,6.47774129795256,1,1,1,0
1,8.0,2.0,2.0,8.0,6.0,2.0,649.5,1.0,8.0,2.0,1.0,6-11 años,6.47774129795256,1,1,1,0
1,9.0,1.0,2.0,8.0,6.0,2.0,625.0,1.0,6.0,2.0,1.0,6-11 años,6.439350371100098,1,1,1,0
1,13.0,1.0,2.0,8.0,6.0,1.0,2375.0,3.0,8.0,3.0,1.0,12-14 años,7.773173680482536,1,1,0,0
1,11.0,1.0,2.0,8.0,6.0,1.0,2375.0,1.0,8.0,3.0,1.0,6-11 años,7.773173680482536,1,1,0,0
1,11.0,2.0,2.0,8.0,6.0,2.0,1345.8333740234375,1.0,5.0,5.0,1.0,6-11 años,7.205511467217077,1,1,0,0
1,9.0,1.0,2.0,8.0,6.0,2.0,1345.8333740234375,1.0,5.0,5.0,1.0,6-11 años,7.205511467217077,1,1,0,0
1,15.0,1.0,2.0,8.0,6.0,2.0,701.7333374023438,3.0,1.0,5.0,1.0,15-16 años,6.554977498943241,1,1,0,0
1,17.0,2.0,2.0,8.0,6.0,2.0,769.280029296875,3.0,8.0,6.0,1.0,17-19 años,6.646754123145746,1,1,0,0
1,11.0,1.0,2.0,8.0,6.0,2.0,769.280029296875,1.0,8.0,6.0,1.0,6-11 años,6.646754123145746,1,1,0,0
1,15.0,2.0,2.0,8.0,6.0,2.0,2138.020751953125,3.0,1.0,5.0,1.0,15-16 años,7.6681034107432104,1,1,0,0
1,11.0,2.0,2.0,8.0,6.0,2.0,2138.020751953125,1.0,1.0,5.0,1.0,6-11 años,7.6681034107432104,1,1,0,0
1,6.0,1.0,2.0,8.0,6.0,2.0,2138.020751953125,1.0,1.0,5.0,1.0,6-11 años,7.6681034107432104,1,1,0,0
1,7.0,1.0,2.0,8.0,6.0,1.0,360.0,1.0,1.0,5.0,2.0,6-11 años,5.8888779583328805,1,0,0,0
1,13.0,2.0,2.0,8.0,6.0,1.0,1049.8333740234375,2.0,1.0,8.0,2.0,12-14 años,6.957338817892713,1,0,0,0
1,18.0,2.0,2.0,8.0,6.0,1.0,391.6666564941406,3.0,1.0,6.0,2.0,17-19 años,5.972961049637159,1,0,0,0
1,13.0,1.0,2.0,8.0,6.0,1.0,391.6666564941406,2.0,1.0,6.0,2.0,12-14 años,5.972961049637159,1,0,0,0
1,9.0,1.0,2.0,8.0,6.0,1.0,391.6666564941406,1.0,1.0,6.0,2.0,6-11 años,5.972961049637159,1,0,0,0
1,7.0,2.0,2.0,8.0,6.0,1.0,391.6666564941406,0.0,1.0,6.0,2.0,6-11 años,5.972961049637159,1,0,0,0
0,19.0,2.0,2.0,8.0,6.0,1.0,500.0,3.0,1.0,6.0,2.0,17-19 años,6.2166061010848646,1,0,0,1
1,14.0,1.0,2.0,8.0,6.0,1.0,500.0,3.0,1.0,6.0,2.0,12-14 años,6.2166061010848646,1,0,0,0
1,16.0,1.0,2.0,8.0,6.0,1.0,861.9166870117188,3.0,1.0,7.0,2.0,15-16 años,6.760318147618761,1,0,0,0
1,14.0,1.0,2.0,8.0,6.0,1.0,861.9166870117188,3.0,1.0,7.0,2.0,12-14 años,6.760318147618761,1,0,0,0
1,12.0,1.0,2.0,8.0,6.0,1.0,861.9166870117188,1.0,1.0,7.0,2.0,12-14 años,6.760318147618761,1,0,0,0
1,8.0,1.0,2.0,8.0,6.0,1.0,1399.3333740234375,1.0,1.0,6.0,2.0,6-11 años,7.244465611558714,1,0,0,0
1,9.0,2.0,2.0,8.0,6.0,2.0,170.83334350585938,1.0,1.0,6.0,2.0,6-11 años,5.146525073988861,1,0,0,0
0,19.0,2.0,2.0,8.0,6.0,1.0,459.45416259765625,4.0,1.0,6.0,2.0,17-19 años,6.132213312408099,1,0,0,1
1,11.0,2.0,2.0,8.0,6.0,1.0,459.45416259765625,1.0,1.0,6.0,2.0,6-11 años,6.132213312408099,1,0,0,0
1,8.0,1.0,2.0,8.0,6.0,1.0,459.45416259765625,1.0,1.0,6.0,2.0,6-11 años,6.132213312408099,1,0,0,0
1,15.0,2.0,2.0,8.0,6.0,2.0,711.65625,3.0,1.0,6.0,2.0,15-16 años,6.568999186346074,1,0,0,0
1,13.0,2.0,2.0,8.0,6.0,2.0,711.65625,1.0,1.0,6.0,2.0,12-14 años,6.568999186346074,1,0,0,0
1,11.0,2.0,2.0,8.0,6.0,1.0,711.65625,1.0,1.0,6.0,2.0,6-11 años,6.568999186346074,1,0,0,0
0,18.0,2.0,2.0,8.0,6.0,2.0,711.65625,4.0,1.0,6.0,2.0,17-19 años,6.568999186346074,1,0,0,1
1,14.0,1.0,2.0,8.0,6.0,1.0,1866.666748046875,1.0,1.0,6.0,2.0,12-14 años,7.532445202470371,1,0,0,0
1,12.0,2.0,2.0,8.0,6.0,1.0,1866.666748046875,1.0,1.0,6.0,2.0,12-14 años,7.532445202470371,1,0,0,0
1,6.0,1.0,2.0,8.0,6.0,1.0,1866.666748046875,0.0,1.0,6.0,2.0,6-11 años,7.532445202470371,1,0,0,0
1,14.0,1.0,2.0,8.0,6.0,2.0,1166.6666259765625,3.0,1.0,6.0,2.0,12-14 años,7.062762699682014,1,0,0,0
1,12.0,2.0,2.0,8.0,6.0,1.0,1166.6666259765625,1.0,1.0,6.0,2.0,12-14 años,7.062762699682014,1,0,0,0
1,9.0,2.0,2.0,8.0,6.0,1.0,1166.6666259765625,1.0,1.0,6.0,2.0,6-11 años,7.062762699682014,1,0,0,0
1,12.0,2.0,2.0,8.0,6.0,1.0,669.4443969726562,1.0,1.0,6.0,2.0,12-14 años,6.507940771576338,1,0,0,0
1,7.0,2.0,2.0,8.0,6.0,2.0,1772.0,0.0,1.0,6.0,1.0,6-11 años,7.480428306074208,1,1,0,0
0,14.0,1.0,2.0,8.0,6.0,2.0,813.7166748046875,3.0,1.0,8.0,1.0,12-14 años,6.702840414524212,1,1,0,1
1,6.0,2.0,2.0,8.0,6.0,2.0,813.7166748046875,1.0,1.0,8.0,1.0,6-11 años,6.702840414524212,1,1,0,0
1,14.0,1.0,2.0,8.0,6.0,2.0,755.0,3.0,1.0,8.0,1.0,12-14 años,6.628041376179533,1,1,0,0
1,7.0,2.0,2.0,8.0,6.0,2.0,755.0,1.0,1.0,8.0,1.0,6-11 años,6.628041376179533,1,1,0,0
0,19.0,1.0,2.0,8.0,6.0,2.0,667.8333740234375,4.0,5.0,8.0,1.0,17-19 años,6.505534961876294,1,1,0,1
1,15.0,2.0,2.0,8.0,6.0,2.0,667.8333740234375,3.0,5.0,8.0,1.0,15-16 años,6.505534961876294,1,1,0,0
1,14.0,2.0,2.0,8.0,6.0,2.0,520.0,3.0,5.0,6.0,1.0,12-14 años,6.255750041753367,1,1,0,0
1,11.0,1.0,2.0,8.0,6.0,2.0,520.0,1.0,5.0,6.0,1.0,6-11 años,6.255750041753367,1,1,0,0
1,18.0,2.0,2.0,8.0,6.0,2.0,758.3333129882812,3.0,1.0,5.0,1.0,17-19 años,6.632440828545709,1,1,0,0
1,12.0,1.0,2.0,8.0,6.0,2.0,758.3333129882812,1.0,1.0,5.0,1.0,12-14 años,6.632440828545709,1,1,0,0
1,13.0,1.0,2.0,8.0,6.0,2.0,476.1904602050781,1.0,1.0,4.0,1.0,12-14 años,6.167915698835917,1,1,0,0
1,10.0,1.0,2.0,8.0,6.0,2.0,476.1904602050781,1.0,1.0,4.0,1.0,6-11 años,6.167915698835917,1,1,0,0
1,8.0,1.0,2.0,8.0,6.0,2.0,476.1904602050781,1.0,1.0,4.0,1.0,6-11 años,6.167915698835917,1,1,0,0
1,8.0,1.0,2.0,8.0,6.0,2.0,529.1666870117188,1.0,1.0,5.0,1.0,6-11 años,6.273191460895911,1,1,0,0
1,19.0,1.0,2.0,8.0,6.0,2.0,1200.0,4.0,5.0,5.0,1.0,17-19 años,7.0909098220799835,1,1,0,0
1,14.0,1.0,2.0,8.0,6.0,2.0,1200.0,3.0,5.0,5.0,1.0,12-14 años,7.0909098220799835,1,1,0,0
1,11.0,2.0,2.0,8.0,6.0,2.0,1200.0,1.0,5.0,5.0,1.0,6-11 años,7.0909098220799835,1,1,0,0
0,12.0,1.0,2.0,8.0,6.0,2.0,866.0,0.0,1.0,5.0,2.0,12-14 años,6.7650389767805414,1,0,0,1
1,8.0,1.0,2.0,8.0,6.0,2.0,866.0,1.0,1.0,5.0,2.0,6-11 años,6.7650389767805414,1,0,0,0
1,12.0,1.0,2.0,8.0,6.0,2.0,1818.5999755859375,1.0,1.0,4.0,1.0,12-14 años,7.50637196227858,1,1,0,0
1,14.0,2.0,2.0,8.0,6.0,2.0,1818.5999755859375,3.0,1.0,4.0,1.0,12-14 años,7.50637196227858,1,1,0,0
1,11.0,1.0,1.0,9.0,6.0,2.0,2228.60009765625,2.0,6.0,1.0,1.0,6-11 años,7.709577519967635,0,1,1,0
1,6.0,1.0,1.0,9.0,6.0,2.0,2228.60009765625,0.0,6.0,1.0,1.0,6-11 años,7.709577519967635,0,1,1,0
1,14.0,1.0,1.0,9.0,6.0,2.0,2228.60009765625,3.0,6.0,1.0,1.0,12-14 años,7.709577519967635,0,1,1,0
1,19.0,1.0,1.0,9.0,6.0,2.0,4330.0,4.0,6.0,1.0,1.0,17-19 años,8.373553741214627,0,1,1,0
1,17.0,2.0,1.0,9.0,6.0,2.0,2064.833251953125,3.0,5.0,1.0,1.0,17-19 años,7.633288935847831,0,1,1,0
1,16.0,1.0,1.0,9.0,6.0,2.0,1128.3333740234375,3.0,5.0,1.0,1.0,15-16 años,7.029382803134033,0,1,1,0
1,11.0,2.0,1.0,9.0,6.0,2.0,598.3333129882812,1.0,5.0,1.0,1.0,6-11 años,6.395817892417317,0,1,1,0
1,18.0,2.0,1.0,9.0,6.0,2.0,492.0278015136719,4.0,8.0,1.0,1.0,17-19 años,6.200565564975353,0,1,1,0
1,13.0,2.0,1.0,9.0,6.0,2.0,492.0278015136719,2.0,8.0,1.0,1.0,12-14 años,6.200565564975353,0,1,1,0
1,12.0,1.0,1.0,9.0,6.0,2.0,492.0278015136719,2.0,8.0,1.0,1.0,12-14 años,6.200565564975353,0,1,1,0
1,8.0,1.0,1.0,9.0,6.0,2.0,492.0278015136719,1.0,8.0,1.0,1.0,6-11 años,6.200565564975353,0,1,1,0
1,16.0,1.0,1.0,9.0,6.0,2.0,407.0833435058594,3.0,5.0,1.0,1.0,15-16 años,6.011471426841887,0,1,1,0
1,9.0,1.0,1.0,9.0,6.0,2.0,407.0833435058594,1.0,5.0,1.0,1.0,6-11 años,6.011471426841887,0,1,1,0
1,11.0,1.0,1.0,9.0,6.0,2.0,2956.66650390625,2.0,8.0,1.0,1.0,6-11 años,7.99215589313722,0,1,1,0
1,9.0,1.0,1.0,9.0,6.0,2.0,2956.66650390625,1.0,8.0,1.0,1.0,6-11 años,7.99215589313722,0,1,1,0
1,18.0,1.0,1.0,9.0,6.0,2.0,2045.0,3.0,5.0,1.0,1.0,17-19 años,7.6236419465115715,0,1,1,0
1,10.0,2.0,1.0,9.0,6.0,2.0,2045.0,1.0,5.0,1.0,1.0,6-11 años,7.6236419465115715,0,1,1,0
1,9.0,2.0,1.0,9.0,6.0,2.0,2635.824951171875,1.0,8.0,2.0,1.0,6-11 años,7.8773308023417545,0,1,1,0
1,6.0,2.0,1.0,9.0,6.0,2.0,2635.824951171875,0.0,8.0,2.0,1.0,6-11 años,7.8773308023417545,0,1,1,0
1,11.0,2.0,1.0,9.0,6.0,2.0,1948.5,1.0,5.0,3.0,1.0,6-11 años,7.575328208422652,0,1,0,0
1,6.0,1.0,1.0,9.0,6.0,2.0,2078.5966796875,0.0,2.0,10.0,1.0,6-11 años,7.639929249897159,0,1,0,0
1,16.0,2.0,1.0,9.0,6.0,2.0,746.9249877929688,3.0,8.0,3.0,1.0,15-16 años,6.6173026892464915,0,1,0,0
1,8.0,2.0,1.0,9.0,6.0,2.0,746.9249877929688,1.0,8.0,3.0,1.0,6-11 años,6.6173026892464915,0,1,0,0
1,15.0,1.0,1.0,9.0,6.0,2.0,1189.0999755859375,3.0,5.0,1.0,1.0,15-16 años,7.081792595674099,0,1,1,0
1,14.0,1.0,1.0,9.0,6.0,2.0,100.0,3.0,5.0,1.0,1.0,12-14 años,4.61512051684126,0,1,1,0
1,13.0,2.0,1.0,9.0,6.0,2.0,100.0,2.0,5.0,1.0,1.0,12-14 años,4.61512051684126,0,1,1,0
1,11.0,1.0,1.0,9.0,6.0,2.0,1666.6666259765625,1.0,5.0,1.0,1.0,6-11 años,7.419180698420672,0,1,1,0
1,18.0,1.0,1.0,9.0,6.0,2.0,1588.7999267578125,3.0,5.0,1.0,1.0,17-19 años,7.3713634550689475,0,1,1,0
1,11.0,1.0,1.0,9.0,6.0,2.0,1588.7999267578125,1.0,5.0,1.0,1.0,6-11 años,7.3713634550689475,0,1,1,0
1,7.0,2.0,1.0,9.0,6.0,2.0,1154.9749755859375,1.0,7.0,1.0,1.0,6-11 años,7.052699401581005,0,1,1,0
1,13.0,1.0,1.0,9.0,6.0,2.0,1262.2750244140625,3.0,8.0,1.0,1.0,12-14 años,7.141462853525831,0,1,1,0
1,13.0,1.0,1.0,9.0,6.0,2.0,1851.775634765625,3.0,8.0,3.0,1.0,12-14 años,7.524440136798698,0,1,0,0
1,10.0,2.0,1.0,9.0,6.0,2.0,1851.775634765625,1.0,8.0,3.0,1.0,6-11 años,7.524440136798698,0,1,0,0
1,8.0,1.0,1.0,9.0,6.0,2.0,1851.775634765625,1.0,8.0,3.0,1.0,6-11 años,7.524440136798698,0,1,0,0
1,6.0,2.0,1.0,9.0,6.0,2.0,1851.775634765625,0.0,8.0,3.0,1.0,6-11 años,7.524440136798698,0,1,0,0
1,7.0,1.0,1.0,9.0,6.0,2.0,576.111083984375,1.0,8.0,1.0,1.0,6-11 años,6.358034767882117,0,1,1,0
1,17.0,1.0,1.0,9.0,6.0,2.0,1195.0277099609375,3.0,1.0,1.0,1.0,17-19 años,7.086761103105843,0,1,1,0
1,12.0,2.0,1.0,9.0,6.0,2.0,1195.0277099609375,3.0,1.0,1.0,1.0,12-14 años,7.086761103105843,0,1,1,0
1,17.0,2.0,1.0,9.0,6.0,2.0,2000.0,3.0,8.0,1.0,1.0,17-19 años,7.601402334583733,0,1,1,0
1,10.0,1.0,1.0,9.0,6.0,2.0,1477.5,1.0,8.0,1.0,1.0,6-11 años,7.298783339292532,0,1,1,0
0,19.0,1.0,1.0,9.0,54.0,1.0,3940.300048828125,6.0,8.0,9.0,1.0,17-19 años,8.279265909498116,0,1,0,1
1,16.0,1.0,1.0,9.0,54.0,2.0,3716.66650390625,3.0,8.0,9.0,1.0,15-16 años,8.220851466546165,0,1,0,0
1,14.0,1.0,1.0,9.0,6.0,2.0,3716.66650390625,3.0,8.0,9.0,1.0,12-14 años,8.220851466546165,0,1,0,0
1,16.0,2.0,1.0,9.0,6.0,2.0,319.7221984863281,3.0,6.0,1.0,1.0,15-16 años,5.770575323157129,0,1,1,0
1,9.0,2.0,1.0,9.0,6.0,2.0,5236.66650390625,1.0,6.0,1.0,1.0,6-11 años,8.563631354447036,0,1,1,0
1,9.0,1.0,1.0,9.0,6.0,2.0,2808.833251953125,1.0,2.0,1.0,1.0,6-11 años,7.9408804196251,0,1,1,0
1,17.0,1.0,1.0,9.0,6.0,2.0,3203.666748046875,3.0,6.0,1.0,1.0,17-19 años,8.072363385180077,0,1,1,0
1,18.0,1.0,1.0,9.0,6.0,2.0,1778.1866455078125,3.0,5.0,1.0,1.0,17-19 años,7.483911598130956,0,1,1,0
1,17.0,1.0,1.0,9.0,6.0,2.0,1358.066650390625,3.0,8.0,1.0,1.0,17-19 años,7.214553456650251,0,1,1,0
1,14.0,2.0,1.0,9.0,6.0,2.0,1358.066650390625,3.0,8.0,1.0,1.0,12-14 años,7.214553456650251,0,1,1,0
1,7.0,2.0,1.0,9.0,6.0,2.0,1358.066650390625,1.0,8.0,1.0,1.0,6-11 años,7.214553456650251,0,1,1,0
1,13.0,1.0,1.0,9.0,6.0,2.0,1036.0,2.0,8.0,1.0,1.0,12-14 años,6.9440872082295275,0,1,1,0
1,10.0,1.0,1.0,9.0,6.0,2.0,1036.0,1.0,8.0,1.0,1.0,6-11 años,6.9440872082295275,0,1,1,0
1,9.0,1.0,1.0,9.0,6.0,2.0,1036.0,1.0,8.0,1.0,1.0,6-11 años,6.9440872082295275,0,1,1,0
1,19.0,2.0,1.0,9.0,6.0,2.0,1855.0,4.0,8.0,1.0,1.0,17-19 años,7.526178913346146,0,1,1,0
1,11.0,2.0,1.0,9.0,6.0,2.0,1855.0,1.0,8.0,1.0,1.0,6-11 años,7.526178913346146,0,1,1,0
1,11.0,1.0,1.0,9.0,6.0,2.0,745.066650390625,1.0,8.0,1.0,1.0,6-11 años,6.6148149399000165,0,1,1,0
1,11.0,1.0,1.0,9.0,6.0,2.0,1524.0,1.0,8.0,1.0,1.0,6-11 años,7.329749689041512,0,1,1,0
1,8.0,2.0,1.0,9.0,6.0,2.0,1524.0,1.0,8.0,1.0,1.0,6-11 años,7.329749689041512,0,1,1,0
1,14.0,2.0,1.0,9.0,6.0,2.0,2824.0,3.0,7.0,1.0,1.0,12-14 años,7.946263643580541,0,1,1,0
1,12.0,1.0,1.0,9.0,6.0,2.0,2824.0,2.0,7.0,1.0,1.0,12-14 años,7.946263643580541,0,1,1,0
1,13.0,2.0,1.0,9.0,6.0,2.0,2617.474853515625,3.0,8.0,1.0,1.0,12-14 años,7.870347310280504,0,1,1,0
1,10.0,1.0,1.0,9.0,6.0,2.0,2617.474853515625,1.0,8.0,1.0,1.0,6-11 años,7.870347310280504,0,1,1,0
1,7.0,1.0,1.0,9.0,6.0,2.0,2617.474853515625,1.0,8.0,1.0,1.0,6-11 años,7.870347310280504,0,1,1,0
1,15.0,2.0,1.0,9.0,6.0,2.0,624.0,3.0,8.0,1.0,1.0,15-16 años,6.437751649736401,0,1,1,0
1,10.0,2.0,1.0,9.0,6.0,2.0,624.0,1.0,8.0,1.0,1.0,6-11 años,6.437751649736401,0,1,1,0
1,18.0,2.0,1.0,9.0,6.0,2.0,1765.0,4.0,8.0,1.0,1.0,17-19 años,7.476472381163905,0,1,1,0
1,15.0,1.0,1.0,9.0,6.0,2.0,1765.0,3.0,8.0,1.0,1.0,15-16 años,7.476472381163905,0,1,1,0
1,13.0,1.0,1.0,9.0,6.0,2.0,1655.0,3.0,8.0,1.0,1.0,12-14 años,7.412160334945205,0,1,1,0
1,12.0,1.0,1.0,9.0,6.0,2.0,1655.0,2.0,8.0,1.0,1.0,12-14 años,7.412160334945205,0,1,1,0
0,18.0,1.0,1.0,9.0,6.0,2.0,1873.8333740234375,3.0,5.0,1.0,1.0,17-19 años,7.536275067268089,0,1,1,1
1,17.0,1.0,1.0,9.0,6.0,2.0,1545.0,3.0,8.0,1.0,1.0,17-19 años,7.343426229147367,0,1,1,0
1,14.0,1.0,1.0,9.0,6.0,2.0,1545.0,3.0,8.0,1.0,1.0,12-14 años,7.343426229147367,0,1,1,0
1,10.0,1.0,1.0,9.0,6.0,2.0,1545.0,1.0,8.0,1.0,1.0,6-11 años,7.343426229147367,0,1,1,0
0,15.0,1.0,1.0,9.0,6.0,2.0,1246.3333740234375,3.0,5.0,6.0,1.0,15-16 años,7.128763250787601,0,1,0,1
1,13.0,1.0,1.0,9.0,6.0,2.0,3280.0,3.0,8.0,1.0,1.0,12-14 años,8.0959035329611,0,1,1,0
1,7.0,1.0,1.0,9.0,6.0,2.0,3280.0,1.0,8.0,1.0,1.0,6-11 años,8.0959035329611,0,1,1,0
1,11.0,2.0,1.0,9.0,6.0,2.0,2054.58349609375,1.0,8.0,1.0,1.0,6-11 años,7.628315026332074,0,1,1,0
1,10.0,1.0,1.0,9.0,6.0,2.0,1550.0,1.0,8.0,1.0,1.0,6-11 años,7.346655163176539,0,1,1,0
1,8.0,1.0,1.0,9.0,6.0,2.0,1550.0,1.0,8.0,1.0,1.0,6-11 años,7.346655163176539,0,1,1,0
1,15.0,1.0,1.0,9.0,6.0,2.0,1251.47998046875,3.0,5.0,6.0,1.0,15-16 años,7.1328808491735955,0,1,0,0
1,11.0,2.0,1.0,9.0,6.0,2.0,1251.47998046875,1.0,5.0,6.0,1.0,6-11 años,7.1328808491735955,0,1,0,0
1,9.0,1.0,1.0,9.0,6.0,2.0,1251.47998046875,1.0,5.0,6.0,1.0,6-11 años,7.1328808491735955,0,1,0,0
1,12.0,1.0,1.0,9.0,6.0,2.0,3319.888671875,1.0,8.0,1.0,1.0,12-14 años,8.107987698344214,0,1,1,0
1,14.0,1.0,1.0,9.0,6.0,2.0,2631.333251953125,3.0,8.0,6.0,1.0,12-14 años,7.875625899913854,0,1,0,0
1,9.0,1.0,1.0,9.0,6.0,2.0,2631.333251953125,1.0,8.0,6.0,1.0,6-11 años,7.875625899913854,0,1,0,0
0,19.0,1.0,1.0,9.0,6.0,2.0,2054.41259765625,4.0,8.0,1.0,1.0,17-19 años,7.628231884225538,0,1,1,1
1,16.0,1.0,1.0,9.0,6.0,2.0,1040.0,3.0,8.0,1.0,1.0,15-16 años,6.947937068614969,0,1,1,0
1,9.0,2.0,1.0,9.0,6.0,2.0,1040.0,1.0,8.0,1.0,1.0,6-11 años,6.947937068614969,0,1,1,0
1,16.0,2.0,1.0,9.0,6.0,2.0,1165.7999267578125,3.0,1.0,1.0,1.0,15-16 años,7.06202017522172,0,1,1,0
1,10.0,1.0,1.0,9.0,6.0,2.0,1165.7999267578125,1.0,1.0,1.0,1.0,6-11 años,7.06202017522172,0,1,1,0
1,11.0,2.0,1.0,9.0,6.0,2.0,1916.6666259765625,1.0,8.0,1.0,1.0,6-11 años,7.558864426976634,0,1,1,0
1,7.0,1.0,1.0,9.0,6.0,2.0,1916.6666259765625,1.0,8.0,1.0,1.0,6-11 años,7.558864426976634,0,1,1,0
0,19.0,1.0,1.0,9.0,6.0,2.0,2218.599853515625,4.0,2.0,1.0,1.0,17-19 años,7.7050822124559,0,1,1,1
1,11.0,1.0,1.0,9.0,6.0,2.0,2738.02490234375,1.0,8.0,1.0,1.0,6-11 años,7.915357260986535,0,1,1,0
1,9.0,1.0,1.0,9.0,6.0,2.0,1329.0,1.0,8.0,1.0,1.0,6-11 años,7.1929342212158,0,1,1,0
1,18.0,2.0,1.0,9.0,6.0,2.0,3191.166748046875,3.0,8.0,1.0,1.0,17-19 años,8.068455196568328,0,1,1,0
1,16.0,2.0,1.0,9.0,6.0,2.0,586.0,3.0,5.0,9.0,1.0,15-16 años,6.375024819828097,0,1,0,0
1,13.0,1.0,1.0,9.0,6.0,2.0,586.0,2.0,5.0,9.0,1.0,12-14 años,6.375024819828097,0,1,0,0
1,9.0,2.0,1.0,9.0,6.0,2.0,586.0,1.0,5.0,9.0,1.0,6-11 años,6.375024819828097,0,1,0,0
1,18.0,2.0,1.0,9.0,6.0,2.0,2095.83349609375,3.0,6.0,1.0,1.0,17-19 años,7.648183626745082,0,1,1,0
1,10.0,1.0,1.0,9.0,6.0,2.0,2095.83349609375,1.0,6.0,1.0,1.0,6-11 años,7.648183626745082,0,1,1,0
1,9.0,1.0,1.0,9.0,6.0,2.0,2812.733154296875,1.0,6.0,1.0,1.0,6-11 años,7.942267405280542,0,1,1,0
1,6.0,2.0,1.0,9.0,6.0,2.0,2812.733154296875,0.0,6.0,1.0,1.0,6-11 años,7.942267405280542,0,1,1,0
1,15.0,2.0,1.0,9.0,6.0,2.0,2812.733154296875,3.0,6.0,1.0,1.0,15-16 años,7.942267405280542,0,1,1,0
1,12.0,1.0,1.0,9.0,6.0,2.0,3696.25,1.0,6.0,1.0,1.0,12-14 años,8.215344579046878,0,1,1,0
1,19.0,2.0,1.0,9.0,6.0,2.0,1072.1387939453125,4.0,8.0,1.0,1.0,17-19 años,6.978343085565925,0,1,1,0
1,18.0,1.0,1.0,9.0,6.0,2.0,1072.1387939453125,3.0,8.0,1.0,1.0,17-19 años,6.978343085565925,0,1,1,0
1,14.0,2.0,1.0,9.0,6.0,2.0,1072.1387939453125,3.0,8.0,1.0,1.0,12-14 años,6.978343085565925,0,1,1,0
0,8.0,1.0,1.0,9.0,995.0,2.0,1072.1387939453125,0.0,8.0,1.0,1.0,6-11 años,6.978343085565925,0,1,1,1
1,10.0,2.0,1.0,9.0,6.0,2.0,2125.0,1.0,8.0,1.0,1.0,6-11 años,7.661997558901893,0,1,1,0
1,19.0,2.0,1.0,9.0,6.0,1.0,1335.4610595703125,3.0,2.0,1.0,1.0,17-19 años,7.197780399030537,0,1,1,0
1,18.0,1.0,1.0,9.0,6.0,2.0,1335.4610595703125,3.0,2.0,1.0,1.0,17-19 años,7.197780399030537,0,1,1,0
1,14.0,2.0,1.0,9.0,6.0,2.0,1335.4610595703125,3.0,2.0,1.0,1.0,12-14 años,7.197780399030537,0,1,1,0
1,10.0,1.0,1.0,9.0,6.0,2.0,1335.4610595703125,1.0,2.0,1.0,1.0,6-11 años,7.197780399030537,0,1,1,0
1,9.0,2.0,1.0,9.0,6.0,2.0,1335.4610595703125,1.0,2.0,1.0,1.0,6-11 años,7.197780399030537,0,1,1,0
1,19.0,2.0,1.0,9.0,6.0,2.0,3020.38671875,4.0,8.0,1.0,1.0,17-19 años,8.013471183372816,0,1,1,0
1,12.0,1.0,1.0,9.0,6.0,2.0,2312.760986328125,1.0,8.0,5.0,1.0,12-14 años,7.7466296121543925,0,1,0,0
1,10.0,1.0,1.0,9.0,6.0,2.0,2312.760986328125,1.0,8.0,5.0,1.0,6-11 años,7.7466296121543925,0,1,0,0
1,9.0,2.0,1.0,9.0,6.0,2.0,2880.369873046875,1.0,8.0,1.0,1.0,6-11 años,7.966021110407714,0,1,1,0
1,10.0,1.0,1.0,9.0,6.0,2.0,1540.5,1.0,6.0,5.0,1.0,6-11 años,7.340511247326205,0,1,0,0
1,9.0,1.0,1.0,9.0,6.0,2.0,1540.5,1.0,6.0,5.0,1.0,6-11 años,7.340511247326205,0,1,0,0
1,19.0,1.0,1.0,9.0,6.0,2.0,1540.5,4.0,6.0,5.0,1.0,17-19 años,7.340511247326205,0,1,0,0
1,18.0,1.0,1.0,9.0,6.0,2.0,5793.13330078125,4.0,6.0,1.0,1.0,17-19 años,8.664601184757993,0,1,1,0
1,13.0,2.0,1.0,9.0,6.0,2.0,1745.0,3.0,6.0,5.0,1.0,12-14 años,7.465082736399547,0,1,0,0
1,10.0,2.0,1.0,9.0,6.0,2.0,1745.0,1.0,6.0,5.0,1.0,6-11 años,7.465082736399547,0,1,0,0
1,7.0,1.0,1.0,9.0,6.0,2.0,1745.0,1.0,6.0,5.0,1.0,6-11 años,7.465082736399547,0,1,0,0
1,19.0,1.0,1.0,9.0,6.0,2.0,3831.5,4.0,8.0,1.0,1.0,17-19 años,8.25127261074597,0,1,1,0
1,8.0,2.0,1.0,9.0,6.0,2.0,4446.66650390625,1.0,5.0,1.0,1.0,6-11 años,8.400134856479747,0,1,1,0
1,18.0,2.0,1.0,9.0,6.0,1.0,946.6666870117188,3.0,8.0,5.0,1.0,17-19 años,6.854002844451464,0,1,0,0
1,10.0,2.0,1.0,9.0,6.0,2.0,2673.75,1.0,6.0,1.0,1.0,6-11 años,7.891611197018716,0,1,1,0
1,16.0,1.0,1.0,9.0,6.0,2.0,3144.221923828125,3.0,8.0,1.0,1.0,15-16 años,8.05363973066032,0,1,1,0
1,15.0,2.0,1.0,9.0,6.0,2.0,1500.89990234375,3.0,5.0,1.0,1.0,15-16 años,7.314486187189727,0,1,1,0
1,6.0,1.0,1.0,9.0,6.0,2.0,1500.89990234375,0.0,5.0,1.0,1.0,6-11 años,7.314486187189727,0,1,1,0
1,13.0,1.0,1.0,9.0,6.0,2.0,1155.0,2.0,8.0,1.0,1.0,12-14 años,7.052721049232323,0,1,1,0
1,8.0,2.0,1.0,9.0,6.0,2.0,1155.0,1.0,8.0,1.0,1.0,6-11 años,7.052721049232323,0,1,1,0
1,11.0,2.0,1.0,9.0,6.0,2.0,1008.3333129882812,1.0,8.0,1.0,1.0,6-11 años,6.917045305732309,0,1,1,0
1,7.0,1.0,1.0,9.0,6.0,2.0,1008.3333129882812,1.0,8.0,1.0,1.0,6-11 años,6.917045305732309,0,1,1,0
1,19.0,1.0,1.0,9.0,6.0,2.0,1284.0,5.0,8.0,1.0,1.0,17-19 años,7.158513997329321,0,1,1,0
1,16.0,2.0,1.0,9.0,6.0,2.0,1284.0,3.0,8.0,1.0,1.0,15-16 años,7.158513997329321,0,1,1,0
1,17.0,1.0,1.0,9.0,6.0,2.0,1938.0,3.0,1.0,2.0,2.0,17-19 años,7.569927655242652,0,0,1,0
1,15.0,2.0,1.0,9.0,6.0,2.0,1938.0,3.0,1.0,2.0,2.0,15-16 años,7.569927655242652,0,0,1,0
1,11.0,2.0,1.0,9.0,6.0,2.0,1938.0,1.0,1.0,2.0,2.0,6-11 años,7.569927655242652,0,0,1,0
1,13.0,2.0,1.0,9.0,6.0,2.0,1394.675048828125,2.0,1.0,1.0,1.0,12-14 años,7.241133483180712,0,1,1,0
1,8.0,2.0,1.0,9.0,6.0,2.0,1394.675048828125,1.0,1.0,1.0,1.0,6-11 años,7.241133483180712,0,1,1,0
1,9.0,1.0,1.0,9.0,6.0,2.0,1891.4444580078125,1.0,5.0,2.0,1.0,6-11 años,7.545624636404211,0,1,1,0
1,10.0,1.0,1.0,9.0,6.0,2.0,445.0,1.0,5.0,2.0,1.0,6-11 años,6.100318952020064,0,1,1,0
1,17.0,1.0,1.0,9.0,6.0,2.0,5147.5,3.0,8.0,5.0,1.0,17-19 años,8.546460689096806,0,1,0,0
1,18.0,2.0,1.0,9.0,6.0,2.0,3254.583251953125,3.0,8.0,1.0,1.0,17-19 años,8.088126725058626,0,1,1,0
1,16.0,2.0,1.0,9.0,6.0,2.0,2140.875,3.0,8.0,1.0,1.0,15-16 años,7.669436892628873,0,1,1,0
1,6.0,2.0,1.0,9.0,6.0,2.0,2140.875,1.0,8.0,1.0,1.0,6-11 años,7.669436892628873,0,1,1,0
1,17.0,2.0,1.0,9.0,6.0,2.0,1546.0,3.0,2.0,5.0,1.0,17-19 años,7.344072850573066,0,1,0,0
1,17.0,2.0,1.0,9.0,6.0,2.0,1318.1749267578125,3.0,2.0,7.0,1.0,17-19 años,7.18476176466529,0,1,0,0
1,10.0,2.0,1.0,9.0,6.0,2.0,1318.1749267578125,1.0,2.0,7.0,1.0,6-11 años,7.18476176466529,0,1,0,0
1,10.0,1.0,1.0,9.0,6.0,2.0,1410.666748046875,1.0,8.0,9.0,1.0,6-11 años,7.252526376066361,0,1,0,0
1,8.0,2.0,1.0,9.0,6.0,2.0,1410.666748046875,1.0,8.0,9.0,1.0,6-11 años,7.252526376066361,0,1,0,0
1,6.0,1.0,1.0,9.0,6.0,2.0,1410.666748046875,0.0,8.0,9.0,1.0,6-11 años,7.252526376066361,0,1,0,0
1,15.0,2.0,1.0,9.0,6.0,2.0,1183.5714111328125,3.0,5.0,1.0,1.0,15-16 años,7.077136309778901,0,1,1,0
1,13.0,1.0,1.0,9.0,6.0,2.0,1183.5714111328125,3.0,5.0,1.0,1.0,12-14 años,7.077136309778901,0,1,1,0
1,11.0,1.0,1.0,9.0,6.0,2.0,1183.5714111328125,1.0,5.0,1.0,1.0,6-11 años,7.077136309778901,0,1,1,0
1,16.0,2.0,1.0,9.0,6.0,2.0,5920.38916015625,3.0,6.0,1.0,1.0,15-16 años,8.68632635578257,0,1,1,0
1,17.0,1.0,1.0,9.0,6.0,2.0,920.0,3.0,6.0,1.0,1.0,17-19 años,6.825460036255307,0,1,1,0
1,10.0,1.0,1.0,9.0,6.0,2.0,920.0,1.0,6.0,1.0,1.0,6-11 años,6.825460036255307,0,1,1,0
1,8.0,2.0,1.0,9.0,6.0,2.0,920.0,1.0,6.0,1.0,1.0,6-11 años,6.825460036255307,0,1,1,0
1,18.0,1.0,1.0,9.0,6.0,2.0,1165.0,3.0,5.0,1.0,1.0,17-19 años,7.061334366910438,0,1,1,0
1,15.0,1.0,1.0,9.0,6.0,2.0,862.5,1.0,2.0,1.0,1.0,15-16 años,6.760993897586733,0,1,1,0
0,19.0,1.0,1.0,9.0,6.0,2.0,1306.25,3.0,5.0,1.0,1.0,17-19 años,7.17568097306824,0,1,1,1
1,18.0,2.0,1.0,9.0,6.0,2.0,1306.25,3.0,5.0,1.0,1.0,17-19 años,7.17568097306824,0,1,1,0
1,9.0,2.0,1.0,9.0,6.0,2.0,390.1785583496094,1.0,5.0,1.0,1.0,6-11 años,5.969164126713781,0,1,1,0
1,17.0,1.0,1.0,9.0,6.0,2.0,1125.0,3.0,8.0,1.0,1.0,17-19 años,7.026426808699636,0,1,1,0
1,15.0,1.0,1.0,9.0,6.0,2.0,1125.0,3.0,8.0,1.0,1.0,15-16 años,7.026426808699636,0,1,1,0
1,17.0,2.0,1.0,9.0,6.0,2.0,4433.07666015625,3.0,8.0,1.0,1.0,17-19 años,8.397074679191494,0,1,1,0
1,15.0,1.0,1.0,9.0,6.0,2.0,4433.07666015625,3.0,8.0,1.0,1.0,15-16 años,8.397074679191494,0,1,1,0
1,15.0,2.0,1.0,9.0,6.0,2.0,100.41667175292969,3.0,8.0,1.0,1.0,15-16 años,4.619237493351667,0,1,1,0
1,9.0,2.0,1.0,9.0,6.0,2.0,100.41667175292969,1.0,8.0,1.0,1.0,6-11 años,4.619237493351667,0,1,1,0
1,18.0,1.0,1.0,9.0,6.0,2.0,4199.0,3.0,8.0,1.0,1.0,17-19 años,8.34283980427146,0,1,1,0
1,12.0,2.0,1.0,9.0,6.0,2.0,4199.0,2.0,8.0,1.0,1.0,12-14 años,8.34283980427146,0,1,1,0
1,19.0,2.0,1.0,9.0,6.0,2.0,1250.0,3.0,5.0,6.0,1.0,17-19 años,7.1316985104669115,0,1,0,0
1,14.0,1.0,1.0,9.0,6.0,2.0,1125.3333740234375,3.0,5.0,2.0,1.0,12-14 años,7.026722834172345,0,1,1,0
1,17.0,1.0,1.0,9.0,6.0,2.0,1125.3333740234375,3.0,5.0,2.0,1.0,17-19 años,7.026722834172345,0,1,1,0
1,19.0,2.0,1.0,9.0,6.0,2.0,995.0,5.0,5.0,1.0,1.0,17-19 años,6.903747257584598,0,1,1,0
1,8.0,2.0,1.0,9.0,6.0,2.0,786.6666870117188,1.0,5.0,1.0,1.0,6-11 años,6.669075014348318,0,1,1,0
1,15.0,2.0,1.0,9.0,6.0,2.0,3186.666748046875,3.0,8.0,1.0,1.0,15-16 años,8.067044501211143,0,1,1,0
1,8.0,2.0,1.0,9.0,6.0,2.0,1414.5,1.0,6.0,1.0,1.0,6-11 años,7.255238104551954,0,1,1,0
1,12.0,2.0,1.0,9.0,6.0,2.0,5339.6669921875,1.0,6.0,1.0,1.0,12-14 años,8.583105829058299,0,1,1,0
1,9.0,2.0,1.0,9.0,6.0,2.0,5339.6669921875,1.0,6.0,1.0,1.0,6-11 años,8.583105829058299,0,1,1,0
1,18.0,1.0,1.0,9.0,6.0,2.0,461.8666687011719,3.0,6.0,2.0,1.0,17-19 años,6.137439040046509,0,1,1,0
1,15.0,2.0,1.0,9.0,6.0,2.0,3199.485595703125,3.0,8.0,1.0,1.0,15-16 años,8.071057825932382,0,1,1,0
1,12.0,1.0,1.0,9.0,6.0,2.0,1320.453369140625,2.0,8.0,1.0,1.0,12-14 años,7.18648744711123,0,1,1,0
1,11.0,1.0,1.0,9.0,6.0,2.0,1320.453369140625,1.0,8.0,1.0,1.0,6-11 años,7.18648744711123,0,1,1,0
1,6.0,2.0,1.0,9.0,6.0,2.0,1320.453369140625,0.0,8.0,1.0,1.0,6-11 años,7.18648744711123,0,1,1,0
1,14.0,2.0,1.0,9.0,6.0,2.0,1356.8433837890625,3.0,8.0,6.0,1.0,12-14 años,7.2136529728883065,0,1,0,0
1,19.0,1.0,1.0,9.0,6.0,2.0,2063.66259765625,4.0,5.0,1.0,1.0,17-19 años,7.632722101079879,0,1,1,0
1,10.0,2.0,1.0,9.0,6.0,2.0,2063.66259765625,1.0,5.0,1.0,1.0,6-11 años,7.632722101079879,0,1,1,0
1,19.0,2.0,1.0,9.0,6.0,2.0,2727.89990234375,5.0,8.0,1.0,1.0,17-19 años,7.9116538407918675,0,1,1,0
1,18.0,1.0,1.0,9.0,6.0,2.0,2727.89990234375,4.0,8.0,1.0,1.0,17-19 años,7.9116538407918675,0,1,1,0
1,19.0,1.0,1.0,9.0,6.0,2.0,5050.2197265625,5.0,2.0,1.0,1.0,17-19 años,8.527385023118104,0,1,1,0
1,10.0,2.0,1.0,9.0,6.0,2.0,2675.333251953125,1.0,6.0,1.0,1.0,6-11 años,7.892202947109222,0,1,1,0
1,11.0,2.0,1.0,9.0,6.0,2.0,1903.77783203125,1.0,8.0,9.0,1.0,6-11 años,7.552120657154097,0,1,0,0
1,16.0,2.0,1.0,9.0,6.0,2.0,1472.5,3.0,8.0,9.0,1.0,15-16 años,7.295395802177749,0,1,0,0
0,19.0,1.0,1.0,9.0,6.0,2.0,2104.3798828125,6.0,8.0,1.0,1.0,17-19 años,7.65225119672859,0,1,1,1
1,10.0,2.0,1.0,9.0,6.0,2.0,2968.466552734375,1.0,8.0,1.0,1.0,6-11 años,7.996137603790653,0,1,1,0
1,18.0,2.0,1.0,9.0,6.0,2.0,2686.9443359375,3.0,8.0,1.0,1.0,17-19 años,7.896531993072035,0,1,1,0
1,15.0,2.0,1.0,9.0,6.0,2.0,2686.9443359375,3.0,8.0,1.0,1.0,15-16 años,7.896531993072035,0,1,1,0
1,13.0,2.0,1.0,9.0,6.0,2.0,2686.9443359375,3.0,8.0,1.0,1.0,12-14 años,7.896531993072035,0,1,1,0
1,6.0,2.0,1.0,9.0,6.0,2.0,3265.0,0.0,8.0,5.0,1.0,6-11 años,8.09132127353041,0,1,0,0
1,17.0,1.0,1.0,9.0,6.0,2.0,3769.66650390625,3.0,1.0,2.0,1.0,17-19 años,8.235007056303353,0,1,1,0
1,8.0,2.0,1.0,9.0,6.0,2.0,862.63330078125,1.0,3.0,2.0,1.0,6-11 años,6.761148258320157,0,1,1,0
1,8.0,2.0,1.0,9.0,6.0,2.0,862.63330078125,1.0,3.0,2.0,1.0,6-11 años,6.761148258320157,0,1,1,0
1,11.0,2.0,1.0,9.0,6.0,2.0,2406.25,1.0,8.0,1.0,1.0,6-11 años,7.786240296120393,0,1,1,0
1,16.0,1.0,1.0,9.0,6.0,1.0,5547.05810546875,3.0,8.0,1.0,1.0,15-16 años,8.621203254607844,0,1,1,0
1,8.0,1.0,1.0,9.0,6.0,2.0,2825.0,1.0,8.0,1.0,1.0,6-11 años,7.946617563244473,0,1,1,0
1,7.0,1.0,1.0,9.0,6.0,2.0,2825.0,1.0,8.0,1.0,1.0,6-11 años,7.946617563244473,0,1,1,0
1,8.0,2.0,1.0,9.0,6.0,2.0,3304.311279296875,1.0,8.0,1.0,1.0,6-11 años,8.103285932206807,0,1,1,0
1,10.0,1.0,1.0,9.0,6.0,2.0,7476.66650390625,1.0,8.0,1.0,1.0,6-11 años,8.919676057578991,0,1,1,0
1,16.0,1.0,1.0,9.0,6.0,2.0,1740.0,3.0,8.0,1.0,1.0,15-16 años,7.462214939768189,0,1,1,0
1,13.0,1.0,1.0,9.0,6.0,2.0,1740.0,2.0,8.0,1.0,1.0,12-14 años,7.462214939768189,0,1,1,0
1,11.0,2.0,1.0,9.0,6.0,2.0,1740.0,1.0,8.0,1.0,1.0,6-11 años,7.462214939768189,0,1,1,0
1,7.0,1.0,1.0,9.0,6.0,2.0,1740.0,1.0,8.0,1.0,1.0,6-11 años,7.462214939768189,0,1,1,0
1,10.0,2.0,1.0,9.0,6.0,2.0,809.4166870117188,1.0,5.0,1.0,1.0,6-11 años,6.697548543803081,0,1,1,0
1,18.0,1.0,1.0,9.0,6.0,2.0,2439.333251953125,4.0,8.0,6.0,1.0,17-19 años,7.799889887630544,0,1,0,0
1,15.0,1.0,1.0,9.0,6.0,2.0,2439.333251953125,3.0,8.0,6.0,1.0,15-16 años,7.799889887630544,0,1,0,0
1,13.0,2.0,1.0,9.0,6.0,2.0,2439.333251953125,2.0,8.0,6.0,1.0,12-14 años,7.799889887630544,0,1,0,0
1,10.0,1.0,1.0,9.0,6.0,2.0,4434.72216796875,1.0,8.0,5.0,1.0,6-11 años,8.397445715302519,0,1,0,0
1,12.0,2.0,1.0,9.0,6.0,2.0,1005.0,3.0,6.0,5.0,1.0,12-14 años,6.913737350659685,0,1,0,0
1,10.0,1.0,1.0,9.0,6.0,2.0,1005.0,1.0,6.0,5.0,1.0,6-11 años,6.913737350659685,0,1,0,0
1,19.0,2.0,1.0,9.0,6.0,2.0,2299.086669921875,5.0,5.0,1.0,1.0,17-19 años,7.740702083781999,0,1,1,0
1,14.0,2.0,1.0,9.0,6.0,2.0,1604.0400390625,3.0,6.0,1.0,1.0,12-14 años,7.380903981709345,0,1,1,0
1,17.0,1.0,1.0,9.0,6.0,1.0,726.6666259765625,3.0,8.0,1.0,1.0,17-19 años,6.589843011963229,0,1,1,0
1,14.0,2.0,1.0,9.0,6.0,1.0,726.6666259765625,3.0,8.0,1.0,1.0,12-14 años,6.589843011963229,0,1,1,0
1,8.0,2.0,1.0,9.0,6.0,1.0,726.6666259765625,1.0,8.0,1.0,1.0,6-11 años,6.589843011963229,0,1,1,0
1,11.0,1.0,1.0,9.0,6.0,2.0,708.8333129882812,1.0,8.0,1.0,1.0,6-11 años,6.565030172033427,0,1,1,0
1,6.0,1.0,1.0,9.0,6.0,2.0,2179.583251953125,0.0,8.0,1.0,1.0,6-11 años,7.687347666766369,0,1,1,0
1,6.0,2.0,1.0,9.0,6.0,2.0,825.0,0.0,6.0,1.0,1.0,6-11 años,6.716594773520978,0,1,1,0
1,18.0,2.0,1.0,9.0,6.0,2.0,533.3333129882812,3.0,6.0,1.0,1.0,17-19 años,6.281019825865862,0,1,1,0
1,8.0,2.0,1.0,9.0,6.0,2.0,2656.388916015625,1.0,8.0,1.0,1.0,6-11 años,7.885099309160184,0,1,1,0
1,12.0,1.0,1.0,9.0,6.0,2.0,3019.333251953125,1.0,2.0,1.0,1.0,12-14 años,8.013122452609835,0,1,1,0
1,8.0,1.0,1.0,9.0,6.0,2.0,3019.333251953125,1.0,2.0,1.0,1.0,6-11 años,8.013122452609835,0,1,1,0
1,18.0,2.0,1.0,9.0,6.0,2.0,2792.104248046875,3.0,8.0,1.0,1.0,17-19 años,7.934908890005831,0,1,1,0
1,11.0,2.0,1.0,9.0,6.0,2.0,1662.699951171875,1.0,6.0,1.0,1.0,6-11 años,7.4167992873165804,0,1,1,0
1,6.0,2.0,1.0,9.0,6.0,2.0,1662.699951171875,0.0,6.0,1.0,1.0,6-11 años,7.4167992873165804,0,1,1,0
1,14.0,1.0,1.0,9.0,6.0,2.0,7018.08349609375,3.0,6.0,1.0,1.0,12-14 años,8.856387932384663,0,1,1,0
1,11.0,1.0,1.0,9.0,6.0,2.0,733.3333129882812,1.0,8.0,1.0,1.0,6-11 años,6.59896303042876,0,1,1,0
1,9.0,1.0,1.0,9.0,6.0,2.0,733.3333129882812,1.0,8.0,1.0,1.0,6-11 años,6.59896303042876,0,1,1,0
1,18.0,2.0,1.0,9.0,6.0,2.0,1000.0,4.0,8.0,1.0,1.0,17-19 años,6.90875477931522,0,1,1,0
1,17.0,2.0,1.0,9.0,6.0,2.0,1000.0,3.0,8.0,1.0,1.0,17-19 años,6.90875477931522,0,1,1,0
1,16.0,2.0,1.0,9.0,6.0,2.0,3810.0,3.0,8.0,1.0,1.0,15-16 años,8.24564690087386,0,1,1,0
1,14.0,2.0,1.0,9.0,6.0,2.0,3810.0,3.0,8.0,1.0,1.0,12-14 años,8.24564690087386,0,1,1,0
1,12.0,1.0,1.0,9.0,6.0,2.0,3810.0,2.0,8.0,1.0,1.0,12-14 años,8.24564690087386,0,1,1,0
0,19.0,1.0,1.0,9.0,6.0,2.0,3914.583251953125,3.0,8.0,1.0,1.0,17-19 años,8.272719576116183,0,1,1,1
1,9.0,2.0,1.0,9.0,6.0,2.0,1624.050048828125,1.0,8.0,1.0,1.0,6-11 años,7.393293893568396,0,1,1,0
1,14.0,2.0,1.0,9.0,6.0,2.0,1202.1925048828125,2.0,8.0,1.0,1.0,12-14 años,7.092733723856702,0,1,1,0
1,11.0,2.0,1.0,9.0,6.0,2.0,1202.1925048828125,1.0,8.0,1.0,1.0,6-11 años,7.092733723856702,0,1,1,0
1,8.0,2.0,1.0,9.0,6.0,2.0,1202.1925048828125,1.0,8.0,1.0,1.0,6-11 años,7.092733723856702,0,1,1,0
1,19.0,1.0,1.0,9.0,6.0,2.0,3954.166748046875,4.0,8.0,1.0,1.0,17-19 años,8.282778040639634,0,1,1,0
1,10.0,1.0,1.0,9.0,6.0,2.0,3932.361083984375,1.0,3.0,2.0,1.0,6-11 años,8.277249577011023,0,1,1,0
1,10.0,1.0,1.0,9.0,6.0,2.0,3932.361083984375,1.0,3.0,2.0,1.0,6-11 años,8.277249577011023,0,1,1,0
1,18.0,2.0,1.0,9.0,6.0,2.0,675.0,4.0,2.0,1.0,1.0,17-19 años,6.516193076042964,0,1,1,0
1,18.0,2.0,1.0,9.0,6.0,2.0,675.0,3.0,2.0,1.0,1.0,17-19 años,6.516193076042964,0,1,1,0
1,16.0,2.0,1.0,9.0,6.0,2.0,675.0,3.0,2.0,1.0,1.0,15-16 años,6.516193076042964,0,1,1,0
1,15.0,1.0,1.0,9.0,6.0,2.0,675.0,3.0,2.0,1.0,1.0,15-16 años,6.516193076042964,0,1,1,0
1,14.0,1.0,1.0,9.0,6.0,2.0,675.0,2.0,2.0,1.0,1.0,12-14 años,6.516193076042964,0,1,1,0
1,9.0,1.0,1.0,9.0,6.0,2.0,675.0,1.0,2.0,1.0,1.0,6-11 años,6.516193076042964,0,1,1,0
1,13.0,1.0,1.0,9.0,6.0,2.0,3168.0,3.0,8.0,1.0,1.0,12-14 años,8.06117135969092,0,1,1,0
1,7.0,2.0,1.0,9.0,6.0,2.0,2680.10009765625,1.0,8.0,1.0,1.0,6-11 años,7.893982473479404,0,1,1,0
1,10.0,2.0,1.0,9.0,6.0,2.0,2000.0,1.0,8.0,1.0,1.0,6-11 años,7.601402334583733,0,1,1,0
1,9.0,2.0,1.0,9.0,6.0,2.0,2000.0,1.0,8.0,1.0,1.0,6-11 años,7.601402334583733,0,1,1,0
1,12.0,1.0,1.0,9.0,6.0,2.0,1641.6666259765625,3.0,8.0,1.0,1.0,12-14 años,7.404076191774484,0,1,1,0
1,19.0,1.0,1.0,9.0,6.0,2.0,1275.1361083984375,4.0,8.0,1.0,1.0,17-19 años,7.15159212623996,0,1,1,0
1,10.0,2.0,1.0,9.0,6.0,2.0,1275.1361083984375,1.0,8.0,1.0,1.0,6-11 años,7.15159212623996,0,1,1,0
1,9.0,1.0,1.0,9.0,6.0,2.0,3250.0,1.0,6.0,1.0,1.0,6-11 años,8.086717920303906,0,1,1,0
1,9.0,2.0,1.0,9.0,6.0,2.0,1545.8333740234375,1.0,8.0,1.0,1.0,6-11 años,7.34396513567276,0,1,1,0
1,14.0,1.0,1.0,9.0,6.0,2.0,1560.0,3.0,8.0,6.0,1.0,12-14 años,7.353081920515432,0,1,0,0
1,8.0,2.0,1.0,9.0,6.0,2.0,1560.0,1.0,8.0,6.0,1.0,6-11 años,7.353081920515432,0,1,0,0
1,15.0,1.0,1.0,9.0,58.0,2.0,3333.333251953125,3.0,6.0,1.0,1.0,15-16 años,8.11202801391033,0,1,1,0
1,16.0,1.0,1.0,9.0,6.0,2.0,1752.0,3.0,5.0,1.0,1.0,15-16 años,7.469083884921234,0,1,1,0
1,17.0,2.0,1.0,9.0,6.0,2.0,2300.0,3.0,6.0,1.0,1.0,17-19 años,7.741099090035366,0,1,1,0
1,13.0,2.0,1.0,9.0,6.0,2.0,2300.0,3.0,6.0,1.0,1.0,12-14 años,7.741099090035366,0,1,1,0
1,15.0,2.0,1.0,9.0,6.0,2.0,3085.125,3.0,6.0,1.0,1.0,15-16 años,8.03467153761153,0,1,1,0
1,12.0,2.0,1.0,9.0,6.0,2.0,3085.125,2.0,6.0,1.0,1.0,12-14 años,8.03467153761153,0,1,1,0
0,19.0,1.0,1.0,9.0,6.0,2.0,1568.0,4.0,8.0,1.0,1.0,17-19 años,7.358193752733032,0,1,1,1
1,18.0,1.0,1.0,9.0,6.0,2.0,1568.0,3.0,8.0,1.0,1.0,17-19 años,7.358193752733032,0,1,1,0
1,18.0,1.0,1.0,9.0,6.0,2.0,1896.666748046875,4.0,6.0,1.0,1.0,17-19 años,7.548380383167325,0,1,1,0
1,12.0,1.0,1.0,9.0,6.0,2.0,1896.666748046875,3.0,6.0,1.0,1.0,12-14 años,7.548380383167325,0,1,1,0
1,15.0,1.0,1.0,9.0,58.0,2.0,1148.2833251953125,1.0,2.0,1.0,1.0,15-16 años,7.046893831607939,0,1,1,0
1,10.0,1.0,1.0,9.0,58.0,2.0,1148.2833251953125,1.0,2.0,1.0,1.0,6-11 años,7.046893831607939,0,1,1,0
1,8.0,1.0,1.0,9.0,58.0,2.0,1148.2833251953125,1.0,2.0,1.0,1.0,6-11 años,7.046893831607939,0,1,1,0
1,14.0,1.0,1.0,9.0,6.0,2.0,2231.3251953125,3.0,8.0,1.0,1.0,12-14 años,7.710799009713047,0,1,1,0
1,17.0,1.0,1.0,9.0,6.0,2.0,1882.1875,3.0,8.0,1.0,1.0,17-19 años,7.54072109884592,0,1,1,0
1,13.0,1.0,1.0,9.0,6.0,2.0,1882.1875,3.0,8.0,1.0,1.0,12-14 años,7.54072109884592,0,1,1,0
1,14.0,1.0,1.0,9.0,6.0,2.0,2271.666748046875,3.0,5.0,2.0,1.0,12-14 años,7.728709199837985,0,1,1,0
1,11.0,2.0,1.0,9.0,6.0,2.0,2271.666748046875,1.0,5.0,2.0,1.0,6-11 años,7.728709199837985,0,1,1,0
1,6.0,1.0,1.0,9.0,6.0,2.0,425.625,0.0,5.0,1.0,1.0,6-11 años,6.055905407226871,0,1,1,0
1,13.0,2.0,1.0,9.0,6.0,2.0,1480.0,3.0,5.0,1.0,1.0,12-14 años,7.300472814267799,0,1,1,0
1,11.0,1.0,1.0,9.0,6.0,2.0,1480.0,1.0,5.0,1.0,1.0,6-11 años,7.300472814267799,0,1,1,0
0,19.0,2.0,1.0,9.0,6.0,2.0,2900.208251953125,5.0,5.0,1.0,1.0,17-19 años,7.972882567809328,0,1,1,1
1,15.0,1.0,1.0,9.0,6.0,2.0,2900.208251953125,3.0,5.0,1.0,1.0,15-16 años,7.972882567809328,0,1,1,0
0,19.0,1.0,1.0,9.0,6.0,2.0,924.8822631835938,4.0,5.0,2.0,1.0,17-19 años,6.830747080972422,0,1,1,1
1,9.0,1.0,1.0,9.0,6.0,2.0,924.8822631835938,1.0,5.0,2.0,1.0,6-11 años,6.830747080972422,0,1,1,0
1,8.0,2.0,1.0,9.0,6.0,2.0,924.8822631835938,1.0,5.0,2.0,1.0,6-11 años,6.830747080972422,0,1,1,0
1,8.0,2.0,1.0,9.0,6.0,2.0,683.9332885742188,1.0,1.0,2.0,1.0,6-11 años,6.529321444576868,0,1,1,0
1,9.0,2.0,1.0,9.0,6.0,2.0,848.888916015625,1.0,5.0,1.0,1.0,6-11 años,6.745105653903626,0,1,1,0
0,19.0,1.0,1.0,9.0,6.0,2.0,568.6124877929688,1.0,5.0,1.0,1.0,17-19 años,6.344956283651279,0,1,1,1
1,8.0,2.0,1.0,9.0,6.0,2.0,568.6124877929688,1.0,5.0,1.0,1.0,6-11 años,6.344956283651279,0,1,1,0
1,9.0,1.0,1.0,9.0,6.0,2.0,445.5,1.0,5.0,1.0,1.0,6-11 años,6.101439400316554,0,1,1,0
1,6.0,2.0,1.0,9.0,6.0,2.0,3035.833251953125,0.0,6.0,2.0,1.0,6-11 años,8.018570558024104,0,1,1,0
1,15.0,1.0,1.0,9.0,6.0,2.0,1196.0,3.0,6.0,2.0,1.0,15-16 años,7.087573705557973,0,1,1,0
1,11.0,1.0,1.0,9.0,6.0,2.0,1196.0,1.0,6.0,2.0,1.0,6-11 años,7.087573705557973,0,1,1,0
1,8.0,2.0,1.0,9.0,6.0,2.0,1196.0,1.0,6.0,2.0,1.0,6-11 años,7.087573705557973,0,1,1,0
1,6.0,2.0,1.0,9.0,6.0,2.0,2833.333251953125,0.0,6.0,2.0,1.0,6-11 años,7.94956200400539,0,1,1,0
1,14.0,1.0,1.0,9.0,6.0,2.0,699.3056030273438,3.0,5.0,2.0,1.0,12-14 años,6.551516815525287,0,1,1,0
1,18.0,2.0,1.0,9.0,6.0,2.0,808.0,3.0,5.0,2.0,1.0,17-19 años,6.695798917058491,0,1,1,0
1,14.0,1.0,1.0,9.0,6.0,2.0,808.0,3.0,5.0,2.0,1.0,12-14 años,6.695798917058491,0,1,1,0
1,12.0,2.0,1.0,9.0,6.0,2.0,808.0,2.0,5.0,2.0,1.0,12-14 años,6.695798917058491,0,1,1,0
1,9.0,2.0,1.0,9.0,6.0,2.0,808.0,1.0,5.0,2.0,1.0,6-11 años,6.695798917058491,0,1,1,0
0,19.0,2.0,1.0,9.0,6.0,2.0,1570.833251953125,4.0,2.0,3.0,1.0,17-19 años,7.359997893541759,0,1,0,1
0,18.0,2.0,1.0,9.0,6.0,2.0,373.1999816894531,4.0,2.0,3.0,1.0,17-19 años,5.924790364907474,0,1,0,1
1,13.0,1.0,1.0,9.0,6.0,2.0,373.1999816894531,3.0,2.0,3.0,1.0,12-14 años,5.924790364907474,0,1,0,0
1,7.0,1.0,1.0,9.0,6.0,2.0,373.1999816894531,1.0,2.0,3.0,1.0,6-11 años,5.924790364907474,0,1,0,0
1,6.0,1.0,1.0,9.0,6.0,2.0,373.1999816894531,1.0,2.0,3.0,1.0,6-11 años,5.924790364907474,0,1,0,0
0,16.0,2.0,1.0,9.0,6.0,2.0,373.1999816894531,3.0,2.0,3.0,1.0,15-16 años,5.924790364907474,0,1,0,1
1,11.0,1.0,1.0,9.0,6.0,2.0,1033.3333740234375,2.0,2.0,3.0,1.0,6-11 años,6.941512415119719,0,1,0,0
1,17.0,2.0,1.0,9.0,6.0,2.0,1034.0,3.0,2.0,2.0,1.0,17-19 años,6.942156705699469,0,1,1,0
1,11.0,1.0,1.0,9.0,6.0,2.0,1034.0,1.0,2.0,2.0,1.0,6-11 años,6.942156705699469,0,1,1,0
1,8.0,2.0,1.0,9.0,6.0,2.0,1034.0,1.0,2.0,2.0,1.0,6-11 años,6.942156705699469,0,1,1,0
1,17.0,1.0,1.0,9.0,6.0,2.0,1089.199951171875,3.0,8.0,2.0,1.0,17-19 años,6.994116399841952,0,1,1,0
1,17.0,2.0,1.0,9.0,6.0,2.0,1155.6221923828125,3.0,8.0,2.0,1.0,17-19 años,7.053259133144061,0,1,1,0
1,15.0,2.0,1.0,9.0,6.0,2.0,2160.28564453125,3.0,8.0,1.0,1.0,15-16 años,7.678458529414999,0,1,1,0
1,11.0,1.0,1.0,9.0,6.0,2.0,2160.28564453125,1.0,8.0,1.0,1.0,6-11 años,7.678458529414999,0,1,1,0
1,10.0,1.0,1.0,9.0,6.0,2.0,2160.28564453125,1.0,8.0,1.0,1.0,6-11 años,7.678458529414999,0,1,1,0
1,7.0,1.0,1.0,9.0,6.0,2.0,2160.28564453125,1.0,8.0,1.0,1.0,6-11 años,7.678458529414999,0,1,1,0
1,13.0,2.0,1.0,9.0,6.0,2.0,746.4166259765625,3.0,8.0,1.0,1.0,12-14 años,6.61662276188901,0,1,1,0
1,7.0,2.0,1.0,9.0,6.0,2.0,746.4166259765625,1.0,8.0,1.0,1.0,6-11 años,6.61662276188901,0,1,1,0
1,18.0,2.0,1.0,9.0,6.0,2.0,1574.4791259765625,3.0,2.0,1.0,1.0,17-19 años,7.3623147119674215,0,1,1,0
1,13.0,2.0,1.0,9.0,6.0,2.0,1574.4791259765625,2.0,2.0,1.0,1.0,12-14 años,7.3623147119674215,0,1,1,0
1,7.0,2.0,1.0,9.0,6.0,2.0,975.0,1.0,6.0,1.0,1.0,6-11 años,6.883462586413092,0,1,1,0
1,19.0,1.0,1.0,9.0,6.0,2.0,1900.0,4.0,8.0,6.0,1.0,17-19 años,7.550135342488429,0,1,0,0
1,11.0,2.0,1.0,9.0,6.0,2.0,1900.0,2.0,8.0,6.0,1.0,6-11 años,7.550135342488429,0,1,0,0
1,11.0,2.0,1.0,9.0,6.0,2.0,3711.83984375,1.0,2.0,3.0,1.0,6-11 años,8.219552319325429,0,1,0,0
1,8.0,2.0,1.0,9.0,6.0,2.0,3711.83984375,1.0,2.0,3.0,1.0,6-11 años,8.219552319325429,0,1,0,0
1,17.0,1.0,1.0,9.0,6.0,2.0,1186.1732177734375,3.0,8.0,3.0,1.0,17-19 años,7.079330313005553,0,1,0,0
1,11.0,2.0,1.0,9.0,6.0,2.0,1186.1732177734375,1.0,8.0,3.0,1.0,6-11 años,7.079330313005553,0,1,0,0
1,6.0,1.0,1.0,9.0,6.0,2.0,4330.0,0.0,2.0,10.0,1.0,6-11 años,8.373553741214627,0,1,0,0
1,14.0,1.0,1.0,9.0,6.0,2.0,1241.666748046875,3.0,8.0,3.0,1.0,12-14 años,7.125014952625735,0,1,0,0
1,13.0,1.0,1.0,9.0,6.0,2.0,1241.666748046875,2.0,8.0,3.0,1.0,12-14 años,7.125014952625735,0,1,0,0
1,15.0,1.0,1.0,9.0,6.0,2.0,1673.75,3.0,8.0,1.0,1.0,15-16 años,7.423419179388377,0,1,1,0
1,10.0,1.0,1.0,9.0,6.0,2.0,1673.75,1.0,8.0,1.0,1.0,6-11 años,7.423419179388377,0,1,1,0
1,12.0,1.0,1.0,9.0,6.0,2.0,2132.491455078125,2.0,8.0,1.0,1.0,12-14 años,7.665515097500805,0,1,1,0
1,12.0,1.0,1.0,9.0,6.0,2.0,2132.491455078125,2.0,8.0,1.0,1.0,12-14 años,7.665515097500805,0,1,1,0
1,6.0,2.0,2.0,9.0,6.0,2.0,630.25,0.0,1.0,8.0,2.0,6-11 años,6.44770198058957,1,0,0,0
1,15.0,2.0,2.0,9.0,6.0,2.0,482.2916564941406,3.0,1.0,8.0,2.0,15-16 años,6.18062031508551,1,0,0,0
1,17.0,1.0,2.0,9.0,6.0,2.0,678.3333129882812,3.0,1.0,8.0,2.0,17-19 años,6.521111895166005,1,0,0,0
1,14.0,2.0,2.0,9.0,6.0,2.0,678.3333129882812,1.0,1.0,8.0,2.0,12-14 años,6.521111895166005,1,0,0,0
1,10.0,2.0,2.0,9.0,6.0,2.0,678.3333129882812,1.0,1.0,8.0,2.0,6-11 años,6.521111895166005,1,0,0,0
0,10.0,2.0,2.0,9.0,6.0,2.0,990.6666870117188,0.0,2.0,8.0,2.0,6-11 años,6.899387049827639,1,0,0,1
1,15.0,1.0,2.0,9.0,6.0,2.0,990.6666870117188,3.0,2.0,8.0,2.0,15-16 años,6.899387049827639,1,0,0,0
1,12.0,1.0,2.0,9.0,6.0,2.0,990.6666870117188,3.0,2.0,8.0,2.0,12-14 años,6.899387049827639,1,0,0,0
0,18.0,1.0,2.0,9.0,6.0,2.0,1687.9166259765625,4.0,1.0,8.0,2.0,17-19 años,7.4318425526388845,1,0,0,1
1,15.0,1.0,2.0,9.0,6.0,2.0,1687.9166259765625,3.0,1.0,8.0,2.0,15-16 años,7.4318425526388845,1,0,0,0
1,7.0,2.0,2.0,9.0,6.0,2.0,1343.625,1.0,2.0,8.0,1.0,6-11 años,7.203870442752169,1,1,0,0
1,13.0,1.0,2.0,9.0,6.0,2.0,759.2857055664062,1.0,1.0,8.0,2.0,12-14 años,6.6336942910138585,1,0,0,0
1,11.0,2.0,2.0,9.0,6.0,2.0,759.2857055664062,1.0,1.0,8.0,2.0,6-11 años,6.6336942910138585,1,0,0,0
0,8.0,1.0,2.0,9.0,6.0,2.0,759.2857055664062,0.0,1.0,8.0,2.0,6-11 años,6.6336942910138585,1,0,0,1
0,18.0,2.0,2.0,9.0,6.0,2.0,2223.5625,3.0,1.0,8.0,2.0,17-19 años,7.707315546052799,1,0,0,1
0,19.0,1.0,2.0,9.0,6.0,2.0,2223.5625,4.0,1.0,8.0,2.0,17-19 años,7.707315546052799,1,0,0,1
1,15.0,1.0,2.0,9.0,6.0,2.0,5534.125,2.0,1.0,8.0,2.0,15-16 años,8.618869428446901,1,0,0,0
1,7.0,1.0,2.0,9.0,6.0,1.0,189.89999389648438,1.0,5.0,5.0,1.0,6-11 años,5.251749698759383,1,1,0,0
1,14.0,1.0,2.0,9.0,6.0,1.0,290.0,3.0,5.0,6.0,1.0,12-14 años,5.673323267171493,1,1,0,0
1,12.0,2.0,2.0,9.0,6.0,1.0,290.0,3.0,5.0,6.0,1.0,12-14 años,5.673323267171493,1,1,0,0
1,8.0,1.0,2.0,9.0,6.0,1.0,290.0,1.0,5.0,6.0,1.0,6-11 años,5.673323267171493,1,1,0,0
1,18.0,2.0,2.0,9.0,11.0,1.0,358.92498779296875,3.0,5.0,8.0,1.0,17-19 años,5.885895642496933,1,1,0,0
1,13.0,1.0,2.0,9.0,11.0,1.0,358.92498779296875,3.0,5.0,8.0,1.0,12-14 años,5.885895642496933,1,1,0,0
1,11.0,1.0,2.0,9.0,11.0,1.0,358.92498779296875,1.0,5.0,8.0,1.0,6-11 años,5.885895642496933,1,1,0,0
1,9.0,1.0,2.0,9.0,11.0,1.0,358.92498779296875,1.0,5.0,8.0,1.0,6-11 años,5.885895642496933,1,1,0,0
1,7.0,2.0,2.0,9.0,11.0,1.0,358.92498779296875,1.0,5.0,8.0,1.0,6-11 años,5.885895642496933,1,1,0,0
1,19.0,1.0,2.0,9.0,11.0,1.0,148.25,3.0,5.0,6.0,1.0,17-19 años,5.0056227522727115,1,1,0,0
1,14.0,1.0,2.0,9.0,11.0,1.0,148.25,3.0,5.0,6.0,1.0,12-14 años,5.0056227522727115,1,1,0,0
1,12.0,2.0,2.0,9.0,11.0,1.0,148.25,1.0,5.0,6.0,1.0,12-14 años,5.0056227522727115,1,1,0,0
1,12.0,1.0,2.0,9.0,11.0,1.0,148.25,1.0,5.0,6.0,1.0,12-14 años,5.0056227522727115,1,1,0,0
1,9.0,2.0,2.0,9.0,11.0,1.0,333.3333435058594,1.0,5.0,2.0,1.0,6-11 años,5.812138529720125,1,1,1,0
1,18.0,2.0,2.0,9.0,11.0,1.0,333.3333435058594,3.0,5.0,2.0,1.0,17-19 años,5.812138529720125,1,1,1,0
0,18.0,1.0,2.0,9.0,11.0,1.0,228.90625,3.0,5.0,6.0,1.0,17-19 años,5.437671617132538,1,1,0,1
1,14.0,2.0,2.0,9.0,11.0,2.0,228.90625,3.0,5.0,6.0,1.0,12-14 años,5.437671617132538,1,1,0,0
1,8.0,2.0,2.0,9.0,11.0,1.0,228.90625,1.0,5.0,6.0,1.0,6-11 años,5.437671617132538,1,1,0,0
1,6.0,2.0,2.0,9.0,11.0,1.0,228.90625,0.0,5.0,6.0,1.0,6-11 años,5.437671617132538,1,1,0,0
1,14.0,2.0,2.0,9.0,6.0,1.0,203.1481475830078,3.0,5.0,6.0,1.0,12-14 años,5.31884594392088,1,1,0,0
1,11.0,1.0,2.0,9.0,6.0,1.0,203.1481475830078,1.0,5.0,6.0,1.0,6-11 años,5.31884594392088,1,1,0,0
1,8.0,2.0,2.0,9.0,6.0,1.0,203.1481475830078,1.0,5.0,6.0,1.0,6-11 años,5.31884594392088,1,1,0,0
1,6.0,2.0,2.0,9.0,6.0,1.0,203.1481475830078,0.0,5.0,6.0,1.0,6-11 años,5.31884594392088,1,1,0,0
1,12.0,1.0,2.0,9.0,11.0,1.0,419.995849609375,1.0,5.0,8.0,1.0,12-14 años,6.042622975223751,1,1,0,0
1,7.0,1.0,2.0,9.0,11.0,1.0,419.995849609375,0.0,5.0,8.0,1.0,6-11 años,6.042622975223751,1,1,0,0
1,16.0,1.0,2.0,9.0,6.0,1.0,1675.833251953125,3.0,2.0,6.0,1.0,15-16 años,7.424662324531916,1,1,0,0
1,9.0,1.0,2.0,9.0,11.0,1.0,1675.833251953125,1.0,2.0,6.0,1.0,6-11 años,7.424662324531916,1,1,0,0
1,6.0,1.0,2.0,9.0,6.0,1.0,1675.833251953125,0.0,2.0,6.0,1.0,6-11 años,7.424662324531916,1,1,0,0
1,10.0,1.0,2.0,9.0,6.0,2.0,1697.916748046875,1.0,5.0,5.0,1.0,6-11 años,7.437746119910374,1,1,0,0
1,18.0,1.0,2.0,9.0,6.0,2.0,303.125,3.0,5.0,7.0,1.0,17-19 años,5.717438801103687,1,1,0,0
1,17.0,1.0,2.0,9.0,6.0,2.0,303.125,3.0,5.0,7.0,1.0,17-19 años,5.717438801103687,1,1,0,0
1,12.0,2.0,2.0,9.0,6.0,2.0,303.125,2.0,5.0,7.0,1.0,12-14 años,5.717438801103687,1,1,0,0
0,19.0,2.0,2.0,9.0,6.0,2.0,257.22222900390625,4.0,5.0,6.0,1.0,17-19 años,5.553820566898558,1,1,0,1
1,11.0,2.0,2.0,9.0,6.0,2.0,257.22222900390625,1.0,5.0,6.0,1.0,6-11 años,5.553820566898558,1,1,0,0
1,9.0,2.0,2.0,9.0,6.0,2.0,257.22222900390625,1.0,5.0,6.0,1.0,6-11 años,5.553820566898558,1,1,0,0
1,6.0,1.0,2.0,9.0,6.0,2.0,257.22222900390625,0.0,5.0,6.0,1.0,6-11 años,5.553820566898558,1,1,0,0
0,10.0,2.0,2.0,9.0,6.0,2.0,546.0999755859375,1.0,1.0,6.0,1.0,6-11 años,6.3046315564452815,1,1,0,1
1,7.0,2.0,2.0,9.0,6.0,2.0,546.0999755859375,1.0,1.0,6.0,1.0,6-11 años,6.3046315564452815,1,1,0,0
1,17.0,1.0,2.0,9.0,6.0,2.0,1348.1556396484375,3.0,1.0,6.0,1.0,17-19 años,7.2072342236434395,1,1,0,0
1,7.0,1.0,2.0,9.0,6.0,2.0,699.63330078125,0.0,1.0,6.0,1.0,6-11 años,6.551984641436883,1,1,0,0
1,17.0,2.0,2.0,9.0,6.0,2.0,1893.3333740234375,3.0,1.0,6.0,1.0,17-19 años,7.546622274108919,1,1,0,0
1,6.0,1.0,2.0,9.0,6.0,2.0,2069.283203125,0.0,5.0,6.0,1.0,6-11 años,7.63544069000522,1,1,0,0
1,12.0,1.0,2.0,9.0,6.0,2.0,2069.283203125,1.0,5.0,6.0,1.0,12-14 años,7.63544069000522,1,1,0,0
1,12.0,1.0,2.0,9.0,6.0,2.0,2615.08349609375,1.0,5.0,6.0,1.0,12-14 años,7.869433629534767,1,1,0,0
1,11.0,1.0,2.0,9.0,6.0,2.0,2615.08349609375,1.0,5.0,6.0,1.0,6-11 años,7.869433629534767,1,1,0,0
0,19.0,1.0,2.0,9.0,6.0,2.0,1874.5833740234375,4.0,1.0,6.0,1.0,17-19 años,7.536675022825235,1,1,0,1
1,12.0,1.0,2.0,9.0,6.0,2.0,766.6666870117188,2.0,5.0,6.0,1.0,12-14 años,6.643355637655032,1,1,0,0
0,17.0,2.0,2.0,9.0,6.0,2.0,500.0,4.0,5.0,5.0,1.0,17-19 años,6.2166061010848646,1,1,0,1
1,13.0,2.0,2.0,9.0,6.0,2.0,360.0,2.0,1.0,5.0,1.0,12-14 años,5.8888779583328805,1,1,0,0
1,11.0,1.0,2.0,9.0,6.0,2.0,360.0,1.0,1.0,5.0,1.0,6-11 años,5.8888779583328805,1,1,0,0
1,11.0,1.0,2.0,9.0,6.0,2.0,360.0,1.0,1.0,5.0,1.0,6-11 años,5.8888779583328805,1,1,0,0
1,11.0,2.0,2.0,9.0,6.0,2.0,325.2778015136719,1.0,8.0,1.0,1.0,6-11 años,5.787749170373857,1,1,1,0
1,13.0,1.0,2.0,9.0,6.0,2.0,1858.219970703125,2.0,2.0,1.0,1.0,12-14 años,7.527912308157091,1,1,1,0
1,12.0,2.0,2.0,9.0,6.0,2.0,5236.06689453125,2.0,8.0,1.0,1.0,12-14 años,8.563516867642868,1,1,1,0
1,7.0,2.0,2.0,9.0,6.0,2.0,5236.06689453125,1.0,8.0,1.0,1.0,6-11 años,8.563516867642868,1,1,1,0
1,6.0,1.0,2.0,9.0,6.0,2.0,5236.06689453125,0.0,8.0,1.0,1.0,6-11 años,8.563516867642868,1,1,1,0
1,15.0,2.0,2.0,9.0,6.0,2.0,1004.25,3.0,6.0,1.0,1.0,15-16 años,6.912991545777383,1,1,1,0
1,13.0,2.0,2.0,9.0,6.0,2.0,1004.25,3.0,6.0,1.0,1.0,12-14 años,6.912991545777383,1,1,1,0
1,8.0,1.0,2.0,9.0,6.0,2.0,1004.25,1.0,6.0,1.0,1.0,6-11 años,6.912991545777383,1,1,1,0
1,15.0,2.0,2.0,9.0,6.0,2.0,2263.93994140625,3.0,8.0,2.0,1.0,15-16 años,7.72530352163015,1,1,1,0
1,6.0,2.0,2.0,9.0,6.0,2.0,2263.93994140625,0.0,8.0,2.0,1.0,6-11 años,7.72530352163015,1,1,1,0
1,11.0,2.0,2.0,9.0,6.0,2.0,1663.3333740234375,1.0,6.0,1.0,1.0,6-11 años,7.41717994628079,1,1,1,0
1,14.0,1.0,2.0,9.0,6.0,2.0,2007.3416748046875,3.0,5.0,2.0,1.0,12-14 años,7.605064623111841,1,1,1,0
1,11.0,2.0,2.0,9.0,6.0,2.0,2007.3416748046875,1.0,5.0,2.0,1.0,6-11 años,7.605064623111841,1,1,1,0
1,16.0,1.0,2.0,9.0,6.0,2.0,9460.0,3.0,8.0,6.0,1.0,15-16 años,9.154933364704444,1,1,0,0
1,11.0,1.0,2.0,9.0,6.0,2.0,1246.8333740234375,1.0,5.0,2.0,1.0,6-11 años,7.129164025611234,1,1,1,0
1,8.0,2.0,2.0,9.0,6.0,2.0,1246.8333740234375,1.0,5.0,2.0,1.0,6-11 años,7.129164025611234,1,1,1,0
1,14.0,1.0,2.0,9.0,6.0,2.0,1287.0001220703125,3.0,5.0,1.0,1.0,12-14 años,7.160846001439381,1,1,1,0
0,17.0,2.0,2.0,9.0,6.0,2.0,1287.0001220703125,4.0,5.0,1.0,1.0,17-19 años,7.160846001439381,1,1,1,1
0,18.0,2.0,2.0,9.0,6.0,2.0,493.5555419921875,4.0,5.0,1.0,1.0,17-19 años,6.203659464254267,1,1,1,1
1,16.0,1.0,2.0,9.0,6.0,2.0,493.5555419921875,3.0,5.0,1.0,1.0,15-16 años,6.203659464254267,1,1,1,0
1,12.0,2.0,2.0,9.0,6.0,2.0,493.5555419921875,2.0,5.0,1.0,1.0,12-14 años,6.203659464254267,1,1,1,0
1,9.0,1.0,2.0,9.0,6.0,2.0,493.5555419921875,1.0,5.0,1.0,1.0,6-11 años,6.203659464254267,1,1,1,0
1,7.0,1.0,2.0,9.0,6.0,2.0,493.5555419921875,1.0,5.0,1.0,1.0,6-11 años,6.203659464254267,1,1,1,0
1,19.0,2.0,2.0,9.0,6.0,1.0,2596.60009765625,4.0,5.0,1.0,1.0,17-19 años,7.862343258383435,1,1,1,0
1,15.0,2.0,2.0,9.0,6.0,2.0,2596.60009765625,3.0,5.0,1.0,1.0,15-16 años,7.862343258383435,1,1,1,0
0,17.0,1.0,2.0,9.0,6.0,2.0,708.3333129882812,2.0,6.0,1.0,1.0,17-19 años,6.56432553311149,1,1,1,1
0,7.0,1.0,2.0,9.0,6.0,2.0,708.3333129882812,0.0,6.0,1.0,1.0,6-11 años,6.56432553311149,1,1,1,1
0,14.0,2.0,2.0,9.0,6.0,2.0,708.3333129882812,2.0,6.0,1.0,1.0,12-14 años,6.56432553311149,1,1,1,1
1,16.0,2.0,2.0,9.0,6.0,2.0,1245.0,3.0,2.0,2.0,1.0,15-16 años,7.1276936993473985,1,1,1,0
1,14.0,1.0,2.0,9.0,6.0,2.0,1245.0,3.0,2.0,2.0,1.0,12-14 años,7.1276936993473985,1,1,1,0
1,10.0,2.0,2.0,9.0,6.0,2.0,1245.0,1.0,2.0,2.0,1.0,6-11 años,7.1276936993473985,1,1,1,0
1,10.0,1.0,2.0,9.0,6.0,2.0,776.0999755859375,1.0,2.0,1.0,1.0,6-11 años,6.65556901079831,1,1,1,0
1,7.0,1.0,2.0,9.0,6.0,2.0,776.0999755859375,0.0,2.0,1.0,1.0,6-11 años,6.65556901079831,1,1,1,0
0,17.0,2.0,2.0,9.0,6.0,2.0,310.9166564941406,1.0,2.0,2.0,1.0,17-19 años,5.742736025503468,1,1,1,1
0,16.0,1.0,2.0,9.0,6.0,2.0,310.9166564941406,3.0,2.0,2.0,1.0,15-16 años,5.742736025503468,1,1,1,1
1,12.0,1.0,2.0,9.0,6.0,2.0,310.9166564941406,2.0,2.0,2.0,1.0,12-14 años,5.742736025503468,1,1,1,0
1,13.0,2.0,2.0,9.0,6.0,2.0,470.7221984863281,2.0,8.0,1.0,1.0,12-14 años,6.156390249785674,1,1,1,0
1,11.0,1.0,2.0,9.0,6.0,2.0,470.7221984863281,1.0,8.0,1.0,1.0,6-11 años,6.156390249785674,1,1,1,0
0,19.0,2.0,2.0,9.0,6.0,2.0,555.5555419921875,5.0,2.0,2.0,1.0,17-19 años,6.321766971651201,1,1,1,1
1,15.0,2.0,2.0,9.0,6.0,2.0,555.5555419921875,3.0,2.0,2.0,1.0,15-16 años,6.321766971651201,1,1,1,0
1,11.0,1.0,2.0,9.0,6.0,2.0,555.5555419921875,1.0,2.0,2.0,1.0,6-11 años,6.321766971651201,1,1,1,0
1,16.0,1.0,2.0,9.0,6.0,2.0,970.1547241210938,3.0,5.0,2.0,1.0,15-16 años,6.8784858007270975,1,1,1,0
1,15.0,2.0,2.0,9.0,6.0,2.0,970.1547241210938,3.0,5.0,2.0,1.0,15-16 años,6.8784858007270975,1,1,1,0
1,12.0,2.0,2.0,9.0,6.0,2.0,970.1547241210938,3.0,5.0,2.0,1.0,12-14 años,6.8784858007270975,1,1,1,0
1,10.0,2.0,2.0,9.0,6.0,2.0,970.1547241210938,1.0,5.0,2.0,1.0,6-11 años,6.8784858007270975,1,1,1,0
1,17.0,2.0,2.0,9.0,6.0,2.0,588.8888549804688,3.0,2.0,2.0,1.0,17-19 años,6.379934137764726,1,1,1,0
1,7.0,2.0,2.0,9.0,6.0,2.0,588.8888549804688,1.0,2.0,2.0,1.0,6-11 años,6.379934137764726,1,1,1,0
1,16.0,2.0,2.0,9.0,6.0,2.0,632.316650390625,3.0,5.0,1.0,1.0,15-16 años,6.450970534650992,1,1,1,0
1,18.0,1.0,2.0,9.0,6.0,2.0,575.8928833007812,4.0,5.0,1.0,1.0,17-19 años,6.35765660508133,1,1,1,0
1,14.0,1.0,2.0,9.0,6.0,2.0,575.8928833007812,3.0,5.0,1.0,1.0,12-14 años,6.35765660508133,1,1,1,0
1,14.0,2.0,2.0,9.0,6.0,2.0,991.6666870117188,3.0,5.0,1.0,1.0,12-14 años,6.900394945071196,1,1,1,0
1,11.0,1.0,2.0,9.0,6.0,2.0,991.6666870117188,2.0,5.0,1.0,1.0,6-11 años,6.900394945071196,1,1,1,0
1,7.0,2.0,2.0,9.0,6.0,2.0,991.6666870117188,1.0,5.0,1.0,1.0,6-11 años,6.900394945071196,1,1,1,0
1,19.0,2.0,2.0,9.0,6.0,2.0,1346.6500244140625,4.0,5.0,1.0,1.0,17-19 años,7.206117631958047,1,1,1,0
1,17.0,1.0,2.0,9.0,6.0,2.0,1346.6500244140625,3.0,5.0,1.0,1.0,17-19 años,7.206117631958047,1,1,1,0
1,10.0,2.0,2.0,9.0,6.0,2.0,1346.6500244140625,1.0,5.0,1.0,1.0,6-11 años,7.206117631958047,1,1,1,0
1,14.0,2.0,2.0,9.0,6.0,2.0,2117.86962890625,3.0,6.0,3.0,1.0,12-14 años,7.65863803155549,1,1,0,0
1,11.0,1.0,2.0,9.0,6.0,2.0,2117.86962890625,1.0,6.0,3.0,1.0,6-11 años,7.65863803155549,1,1,0,0
1,9.0,1.0,2.0,9.0,6.0,2.0,2117.86962890625,1.0,6.0,3.0,1.0,6-11 años,7.65863803155549,1,1,0,0
0,19.0,1.0,2.0,9.0,6.0,2.0,1988.7462158203125,3.0,6.0,8.0,1.0,17-19 años,7.595762379847393,1,1,0,1
1,17.0,2.0,2.0,9.0,6.0,2.0,1988.7462158203125,3.0,6.0,8.0,1.0,17-19 años,7.595762379847393,1,1,0,0
1,15.0,1.0,2.0,9.0,6.0,2.0,1988.7462158203125,2.0,6.0,8.0,1.0,15-16 años,7.595762379847393,1,1,0,0
1,6.0,1.0,2.0,9.0,6.0,2.0,1988.7462158203125,0.0,6.0,8.0,1.0,6-11 años,7.595762379847393,1,1,0,0
0,15.0,1.0,2.0,9.0,6.0,2.0,644.2857055664062,3.0,6.0,3.0,1.0,15-16 años,6.469693173086969,1,1,0,1
1,11.0,2.0,2.0,9.0,6.0,2.0,644.2857055664062,1.0,6.0,3.0,1.0,6-11 años,6.469693173086969,1,1,0,0
0,19.0,1.0,2.0,9.0,6.0,2.0,644.2857055664062,3.0,6.0,3.0,1.0,17-19 años,6.469693173086969,1,1,0,1
1,13.0,2.0,2.0,9.0,6.0,2.0,1533.107177734375,3.0,1.0,3.0,1.0,12-14 años,7.335703847631501,1,1,0,0
1,11.0,2.0,2.0,9.0,6.0,2.0,1533.107177734375,1.0,1.0,3.0,1.0,6-11 años,7.335703847631501,1,1,0,0
1,6.0,2.0,2.0,9.0,6.0,2.0,1533.107177734375,0.0,1.0,3.0,1.0,6-11 años,7.335703847631501,1,1,0,0
1,16.0,1.0,2.0,9.0,6.0,2.0,2463.308349609375,3.0,8.0,3.0,1.0,15-16 años,7.80966645871074,1,1,0,0
1,7.0,2.0,2.0,9.0,6.0,2.0,979.1666870117188,1.0,1.0,3.0,1.0,6-11 años,6.887722645988628,1,1,0,0
1,19.0,1.0,2.0,9.0,6.0,1.0,1048.1690673828125,3.0,2.0,3.0,1.0,17-19 años,6.955753765460146,1,1,0,0
1,17.0,1.0,2.0,9.0,6.0,1.0,1048.1690673828125,3.0,2.0,3.0,1.0,17-19 años,6.955753765460146,1,1,0,0
1,14.0,2.0,2.0,9.0,6.0,1.0,1048.1690673828125,3.0,2.0,3.0,1.0,12-14 años,6.955753765460146,1,1,0,0
1,10.0,2.0,2.0,9.0,6.0,1.0,1048.1690673828125,1.0,2.0,3.0,1.0,6-11 años,6.955753765460146,1,1,0,0
1,19.0,2.0,2.0,9.0,6.0,2.0,7649.97509765625,3.0,5.0,8.0,1.0,17-19 años,8.942588382443683,1,1,0,0
0,17.0,2.0,2.0,9.0,6.0,2.0,2284.800048828125,3.0,6.0,3.0,1.0,17-19 años,7.734471372825001,1,1,0,1
1,16.0,1.0,2.0,9.0,6.0,2.0,2122.833251953125,3.0,8.0,3.0,1.0,15-16 años,7.660977872666618,1,1,0,0
1,14.0,2.0,2.0,9.0,6.0,2.0,2122.833251953125,3.0,8.0,3.0,1.0,12-14 años,7.660977872666618,1,1,0,0
1,12.0,1.0,2.0,9.0,6.0,2.0,2122.833251953125,1.0,8.0,3.0,1.0,12-14 años,7.660977872666618,1,1,0,0
1,15.0,1.0,2.0,9.0,6.0,2.0,989.7000122070312,3.0,8.0,7.0,2.0,15-16 años,6.898411776300607,1,0,0,0
1,13.0,2.0,2.0,9.0,6.0,2.0,989.7000122070312,3.0,8.0,7.0,2.0,12-14 años,6.898411776300607,1,0,0,0
1,8.0,2.0,2.0,9.0,6.0,2.0,989.7000122070312,1.0,8.0,7.0,2.0,6-11 años,6.898411776300607,1,0,0,0
0,11.0,1.0,2.0,9.0,6.0,2.0,200.0,1.0,1.0,7.0,2.0,6-11 años,5.303304908059076,1,0,0,1
1,9.0,1.0,2.0,9.0,6.0,2.0,2922.75,1.0,2.0,7.0,1.0,6-11 años,7.980622317898389,1,1,0,0
1,8.0,1.0,2.0,9.0,6.0,2.0,961.02783203125,1.0,1.0,8.0,2.0,6-11 años,6.869043381672617,1,0,0,0
1,9.0,2.0,2.0,9.0,6.0,2.0,1117.6666259765625,1.0,1.0,6.0,2.0,6-11 años,7.019892742545235,1,0,0,0
1,17.0,2.0,2.0,9.0,6.0,2.0,3211.0,3.0,8.0,8.0,2.0,17-19 años,8.074649075066652,1,0,0,0
0,19.0,2.0,2.0,9.0,6.0,2.0,2714.33349609375,3.0,8.0,8.0,2.0,17-19 años,7.906670059481475,1,0,0,1
1,11.0,2.0,2.0,9.0,6.0,2.0,4080.83349609375,1.0,8.0,6.0,2.0,6-11 años,8.314301552751914,1,0,0,0
1,10.0,1.0,2.0,9.0,6.0,2.0,4080.83349609375,1.0,8.0,6.0,2.0,6-11 años,8.314301552751914,1,0,0,0
1,6.0,1.0,2.0,9.0,6.0,2.0,660.8333740234375,0.0,8.0,6.0,2.0,6-11 años,6.495013823384087,1,0,0,0
0,19.0,1.0,2.0,9.0,6.0,2.0,1881.52783203125,2.0,8.0,6.0,2.0,17-19 años,7.540370744176311,1,0,0,1
0,16.0,2.0,2.0,9.0,6.0,2.0,1881.52783203125,3.0,8.0,6.0,2.0,15-16 años,7.540370744176311,1,0,0,1
1,13.0,1.0,2.0,9.0,6.0,2.0,752.7999877929688,1.0,2.0,8.0,2.0,12-14 años,6.6251270646390426,1,0,0,0
1,11.0,2.0,2.0,9.0,6.0,2.0,752.7999877929688,1.0,2.0,8.0,2.0,6-11 años,6.6251270646390426,1,0,0,0
1,7.0,2.0,2.0,9.0,6.0,2.0,752.7999877929688,1.0,2.0,8.0,2.0,6-11 años,6.6251270646390426,1,0,0,0
1,7.0,1.0,2.0,9.0,6.0,2.0,752.7999877929688,1.0,2.0,8.0,2.0,6-11 años,6.6251270646390426,1,0,0,0
1,15.0,2.0,2.0,9.0,6.0,2.0,1028.8599853515625,3.0,1.0,8.0,2.0,15-16 años,6.93717813543159,1,0,0,0
1,12.0,2.0,2.0,9.0,6.0,2.0,1028.8599853515625,2.0,1.0,8.0,2.0,12-14 años,6.93717813543159,1,0,0,0
1,10.0,1.0,2.0,9.0,6.0,2.0,1028.8599853515625,1.0,1.0,8.0,2.0,6-11 años,6.93717813543159,1,0,0,0
1,8.0,1.0,2.0,9.0,6.0,2.0,1028.8599853515625,1.0,1.0,8.0,2.0,6-11 años,6.93717813543159,1,0,0,0
1,6.0,1.0,2.0,9.0,6.0,2.0,1028.8599853515625,0.0,1.0,8.0,2.0,6-11 años,6.93717813543159,1,0,0,0
1,8.0,1.0,2.0,9.0,6.0,2.0,164.3333282470703,1.0,1.0,8.0,2.0,6-11 años,5.107963607293129,1,0,0,0
1,6.0,2.0,2.0,9.0,6.0,2.0,164.3333282470703,0.0,1.0,8.0,2.0,6-11 años,5.107963607293129,1,0,0,0
1,13.0,1.0,2.0,9.0,6.0,2.0,3025.833251953125,3.0,1.0,8.0,1.0,12-14 años,8.01527222060419,1,1,0,0
1,11.0,2.0,2.0,9.0,6.0,2.0,3025.833251953125,1.0,1.0,8.0,1.0,6-11 años,8.01527222060419,1,1,0,0
1,8.0,1.0,2.0,9.0,6.0,2.0,3025.833251953125,1.0,1.0,8.0,1.0,6-11 años,8.01527222060419,1,1,0,0
0,17.0,1.0,2.0,9.0,6.0,2.0,2229.166748046875,3.0,1.0,8.0,1.0,17-19 años,7.709831636567573,1,1,0,1
1,15.0,1.0,2.0,9.0,6.0,2.0,2229.166748046875,3.0,1.0,8.0,1.0,15-16 años,7.709831636567573,1,1,0,0
1,13.0,2.0,2.0,9.0,6.0,2.0,2229.166748046875,1.0,1.0,8.0,1.0,12-14 años,7.709831636567573,1,1,0,0
1,11.0,1.0,2.0,9.0,6.0,2.0,2229.166748046875,1.0,1.0,8.0,1.0,6-11 años,7.709831636567573,1,1,0,0
1,8.0,1.0,2.0,9.0,6.0,2.0,2229.166748046875,1.0,1.0,8.0,1.0,6-11 años,7.709831636567573,1,1,0,0
1,10.0,1.0,2.0,9.0,6.0,2.0,2229.166748046875,1.0,1.0,8.0,1.0,6-11 años,7.709831636567573,1,1,0,0
1,16.0,1.0,2.0,9.0,6.0,2.0,7302.91650390625,3.0,1.0,8.0,1.0,15-16 años,8.89616599065227,1,1,0,0
0,19.0,1.0,2.0,9.0,6.0,2.0,3064.466552734375,3.0,1.0,8.0,2.0,17-19 años,8.027955056275294,1,0,0,1
1,16.0,2.0,2.0,9.0,6.0,2.0,3064.466552734375,3.0,1.0,8.0,2.0,15-16 años,8.027955056275294,1,0,0,0
1,14.0,2.0,2.0,9.0,6.0,2.0,3064.466552734375,3.0,1.0,8.0,2.0,12-14 años,8.027955056275294,1,0,0,0
1,12.0,2.0,2.0,9.0,6.0,2.0,3064.466552734375,1.0,1.0,8.0,2.0,12-14 años,8.027955056275294,1,0,0,0
1,10.0,1.0,2.0,9.0,6.0,2.0,3064.466552734375,1.0,1.0,8.0,2.0,6-11 años,8.027955056275294,1,0,0,0
1,8.0,1.0,2.0,9.0,6.0,2.0,3064.466552734375,1.0,1.0,8.0,2.0,6-11 años,8.027955056275294,1,0,0,0
1,6.0,1.0,2.0,9.0,6.0,2.0,3064.466552734375,1.0,1.0,8.0,2.0,6-11 años,8.027955056275294,1,0,0,0
1,10.0,1.0,2.0,9.0,6.0,2.0,936.5,1.0,1.0,8.0,2.0,6-11 años,6.843216757844566,1,0,0,0
1,7.0,1.0,2.0,9.0,6.0,2.0,936.5,1.0,1.0,8.0,2.0,6-11 años,6.843216757844566,1,0,0,0
1,6.0,2.0,2.0,9.0,6.0,2.0,1762.9285888671875,1.0,2.0,8.0,1.0,6-11 años,7.475298753245704,1,1,0,0
0,18.0,1.0,2.0,9.0,6.0,2.0,1762.9285888671875,3.0,2.0,8.0,1.0,17-19 años,7.475298753245704,1,1,0,1
1,17.0,2.0,2.0,9.0,6.0,2.0,3509.21435546875,3.0,2.0,8.0,1.0,17-19 años,8.163432384529337,1,1,0,0
1,19.0,2.0,2.0,9.0,6.0,2.0,1876.3333740234375,3.0,2.0,8.0,1.0,17-19 años,7.537607630844184,1,1,0,0
1,10.0,2.0,2.0,9.0,6.0,2.0,275.0,1.0,2.0,5.0,1.0,6-11 años,5.62040086571715,1,1,0,0
1,11.0,1.0,2.0,9.0,6.0,2.0,2090.625,1.0,1.0,7.0,2.0,6-11 años,7.645696554814737,1,0,0,0
1,6.0,1.0,2.0,9.0,6.0,2.0,2090.625,0.0,1.0,7.0,2.0,6-11 años,7.645696554814737,1,0,0,0
0,18.0,1.0,2.0,9.0,6.0,2.0,673.3333740234375,4.0,8.0,8.0,2.0,17-19 años,6.513724608840866,1,0,0,1
1,15.0,1.0,2.0,9.0,6.0,2.0,673.3333740234375,2.0,8.0,8.0,2.0,15-16 años,6.513724608840866,1,0,0,0
1,12.0,1.0,2.0,9.0,6.0,2.0,673.3333740234375,2.0,8.0,8.0,2.0,12-14 años,6.513724608840866,1,0,0,0
1,12.0,2.0,2.0,9.0,6.0,2.0,470.8333435058594,1.0,8.0,7.0,2.0,12-14 años,6.1566258374434195,1,0,0,0
1,9.0,2.0,2.0,9.0,6.0,2.0,470.8333435058594,1.0,8.0,7.0,2.0,6-11 años,6.1566258374434195,1,0,0,0
1,17.0,1.0,2.0,9.0,6.0,2.0,539.5833740234375,3.0,8.0,7.0,2.0,17-19 años,6.292648878695786,1,0,0,0
1,11.0,1.0,2.0,9.0,6.0,2.0,539.5833740234375,1.0,8.0,7.0,2.0,6-11 años,6.292648878695786,1,0,0,0
1,6.0,1.0,2.0,9.0,6.0,2.0,694.4445190429688,0.0,1.0,2.0,1.0,6-11 años,6.544551236855886,1,1,1,0
1,9.0,1.0,2.0,9.0,6.0,2.0,665.2777709960938,1.0,2.0,2.0,2.0,6-11 años,6.501706657157093,1,0,1,0
1,16.0,1.0,2.0,9.0,6.0,2.0,744.4445190429688,3.0,2.0,2.0,2.0,15-16 años,6.613980710299211,1,0,1,0
1,15.0,1.0,2.0,9.0,6.0,2.0,744.4445190429688,3.0,2.0,2.0,2.0,15-16 años,6.613980710299211,1,0,1,0
1,15.0,2.0,2.0,9.0,6.0,2.0,716.1666870117188,3.0,2.0,2.0,1.0,15-16 años,6.575308291979197,1,1,1,0
1,14.0,2.0,2.0,9.0,6.0,2.0,716.1666870117188,3.0,2.0,2.0,1.0,12-14 años,6.575308291979197,1,1,1,0
1,11.0,2.0,2.0,9.0,6.0,2.0,716.1666870117188,1.0,2.0,2.0,1.0,6-11 años,6.575308291979197,1,1,1,0
1,9.0,1.0,2.0,9.0,6.0,2.0,716.1666870117188,1.0,2.0,2.0,1.0,6-11 años,6.575308291979197,1,1,1,0
1,14.0,1.0,2.0,9.0,6.0,2.0,602.9761962890625,3.0,1.0,1.0,2.0,12-14 años,6.40353478704077,1,0,1,0
1,11.0,1.0,2.0,9.0,6.0,2.0,602.9761962890625,1.0,1.0,1.0,2.0,6-11 años,6.40353478704077,1,0,1,0
1,7.0,2.0,2.0,9.0,6.0,2.0,602.9761962890625,1.0,1.0,1.0,2.0,6-11 años,6.40353478704077,1,0,1,0
1,17.0,1.0,2.0,9.0,6.0,2.0,345.23809814453125,3.0,2.0,2.0,2.0,17-19 años,5.847126683320962,1,0,1,0
1,14.0,2.0,2.0,9.0,6.0,2.0,345.23809814453125,3.0,2.0,2.0,2.0,12-14 años,5.847126683320962,1,0,1,0
1,11.0,2.0,2.0,9.0,6.0,2.0,345.23809814453125,2.0,2.0,2.0,2.0,6-11 años,5.847126683320962,1,0,1,0
1,8.0,1.0,2.0,9.0,6.0,2.0,345.23809814453125,1.0,2.0,2.0,2.0,6-11 años,5.847126683320962,1,0,1,0
1,14.0,1.0,2.0,9.0,6.0,2.0,900.0,2.0,2.0,1.0,1.0,12-14 años,6.803505257608338,1,1,1,0
1,14.0,1.0,2.0,9.0,6.0,2.0,900.0,2.0,2.0,1.0,1.0,12-14 años,6.803505257608338,1,1,1,0
1,14.0,1.0,2.0,9.0,6.0,2.0,754.7083740234375,3.0,8.0,6.0,2.0,12-14 años,6.627655553113138,1,0,0,0
1,12.0,1.0,2.0,9.0,6.0,2.0,754.7083740234375,1.0,8.0,6.0,2.0,12-14 años,6.627655553113138,1,0,0,0
1,11.0,1.0,2.0,9.0,6.0,2.0,1044.6666259765625,1.0,5.0,8.0,2.0,6-11 años,6.952409880609494,1,0,0,0
1,7.0,1.0,2.0,9.0,6.0,2.0,450.0,1.0,8.0,6.0,2.0,6-11 años,6.111467339502679,1,0,0,0
1,19.0,1.0,2.0,9.0,6.0,2.0,371.1428527832031,3.0,8.0,6.0,2.0,17-19 años,5.9192777934171525,1,0,0,0
1,17.0,1.0,2.0,9.0,6.0,2.0,371.1428527832031,3.0,8.0,6.0,2.0,17-19 años,5.9192777934171525,1,0,0,0
1,14.0,2.0,2.0,9.0,6.0,2.0,371.1428527832031,3.0,8.0,6.0,2.0,12-14 años,5.9192777934171525,1,0,0,0
1,7.0,2.0,2.0,9.0,6.0,2.0,371.1428527832031,1.0,8.0,6.0,2.0,6-11 años,5.9192777934171525,1,0,0,0
1,13.0,2.0,2.0,9.0,6.0,2.0,166.6666717529297,3.0,2.0,6.0,2.0,12-14 años,5.1219779117671935,1,0,0,0
1,11.0,1.0,2.0,9.0,6.0,2.0,166.6666717529297,1.0,2.0,6.0,2.0,6-11 años,5.1219779117671935,1,0,0,0
1,14.0,1.0,2.0,9.0,6.0,2.0,663.8571166992188,3.0,2.0,8.0,1.0,12-14 años,6.499572155463246,1,1,0,0
1,14.0,2.0,2.0,9.0,6.0,2.0,663.8571166992188,3.0,2.0,8.0,1.0,12-14 años,6.499572155463246,1,1,0,0
0,19.0,2.0,2.0,9.0,6.0,2.0,1082.5,4.0,2.0,8.0,1.0,17-19 años,6.987951820976414,1,1,0,1
0,17.0,2.0,2.0,9.0,6.0,2.0,2279.433349609375,4.0,2.0,8.0,1.0,17-19 años,7.732120769506452,1,1,0,1
1,14.0,1.0,2.0,9.0,6.0,2.0,1036.875,2.0,8.0,8.0,1.0,12-14 años,6.944930632582195,1,1,0,0
1,12.0,2.0,2.0,9.0,6.0,2.0,1036.875,1.0,8.0,8.0,1.0,12-14 años,6.944930632582195,1,1,0,0
1,10.0,1.0,2.0,9.0,6.0,2.0,358.3333435058594,1.0,8.0,6.0,1.0,6-11 años,5.884250491110274,1,1,0,0
1,6.0,1.0,2.0,9.0,6.0,2.0,358.3333435058594,0.0,8.0,6.0,1.0,6-11 años,5.884250491110274,1,1,0,0
1,12.0,1.0,2.0,9.0,6.0,2.0,510.0,1.0,8.0,8.0,1.0,12-14 años,6.236369590203704,1,1,0,0
1,8.0,1.0,2.0,9.0,6.0,2.0,510.0,1.0,8.0,8.0,1.0,6-11 años,6.236369590203704,1,1,0,0
1,13.0,2.0,2.0,9.0,6.0,2.0,1046.666748046875,1.0,2.0,8.0,1.0,12-14 años,6.954320825807032,1,1,0,0
1,9.0,1.0,2.0,9.0,6.0,2.0,1046.666748046875,1.0,2.0,8.0,1.0,6-11 años,6.954320825807032,1,1,0,0
1,6.0,2.0,2.0,9.0,6.0,2.0,1046.666748046875,0.0,2.0,8.0,1.0,6-11 años,6.954320825807032,1,1,0,0
1,13.0,1.0,2.0,9.0,6.0,2.0,333.1333312988281,3.0,2.0,6.0,1.0,12-14 años,5.811540108824847,1,1,0,0
1,11.0,2.0,2.0,9.0,6.0,2.0,333.1333312988281,1.0,2.0,6.0,1.0,6-11 años,5.811540108824847,1,1,0,0
1,19.0,2.0,2.0,9.0,6.0,2.0,437.5,3.0,8.0,6.0,2.0,17-19 años,6.083359811812238,1,0,0,0
0,19.0,1.0,2.0,9.0,6.0,2.0,276.19049072265625,3.0,8.0,6.0,1.0,17-19 años,5.624704961975004,1,1,0,1
1,15.0,1.0,2.0,9.0,6.0,2.0,276.19049072265625,3.0,8.0,6.0,1.0,15-16 años,5.624704961975004,1,1,0,0
1,13.0,2.0,2.0,9.0,6.0,2.0,276.19049072265625,3.0,8.0,6.0,1.0,12-14 años,5.624704961975004,1,1,0,0
1,11.0,2.0,2.0,9.0,6.0,2.0,276.19049072265625,1.0,8.0,6.0,1.0,6-11 años,5.624704961975004,1,1,0,0
0,19.0,2.0,2.0,9.0,6.0,2.0,566.6666870117188,4.0,8.0,6.0,1.0,17-19 años,6.341534427834365,1,1,0,1
1,13.0,1.0,2.0,9.0,6.0,2.0,255.4166717529297,3.0,8.0,6.0,1.0,12-14 años,5.546803745369971,1,1,0,0
1,16.0,1.0,2.0,9.0,6.0,2.0,255.4166717529297,3.0,8.0,6.0,1.0,15-16 años,5.546803745369971,1,1,0,0
1,16.0,2.0,2.0,9.0,6.0,2.0,255.4166717529297,3.0,8.0,6.0,1.0,15-16 años,5.546803745369971,1,1,0,0
1,10.0,1.0,2.0,9.0,6.0,2.0,661.0416259765625,1.0,8.0,8.0,1.0,6-11 años,6.495328433078874,1,1,0,0
1,16.0,1.0,2.0,9.0,6.0,2.0,3863.75,3.0,8.0,6.0,1.0,15-16 años,8.259652275876443,1,1,0,0
1,13.0,2.0,2.0,9.0,6.0,2.0,3863.75,3.0,8.0,6.0,1.0,12-14 años,8.259652275876443,1,1,0,0
1,15.0,1.0,2.0,9.0,6.0,2.0,724.5,3.0,8.0,6.0,1.0,15-16 años,6.5868610723242424,1,1,0,0
0,19.0,1.0,2.0,9.0,6.0,1.0,484.10833740234375,3.0,6.0,6.0,1.0,17-19 años,6.184372242080066,1,1,0,1
1,15.0,2.0,2.0,9.0,6.0,1.0,484.10833740234375,3.0,6.0,6.0,1.0,15-16 años,6.184372242080066,1,1,0,0
1,14.0,2.0,2.0,9.0,6.0,2.0,484.10833740234375,3.0,6.0,6.0,1.0,12-14 años,6.184372242080066,1,1,0,0
1,12.0,2.0,2.0,9.0,6.0,1.0,484.10833740234375,2.0,6.0,6.0,1.0,12-14 años,6.184372242080066,1,1,0,0
1,10.0,2.0,2.0,9.0,6.0,1.0,484.10833740234375,1.0,6.0,6.0,1.0,6-11 años,6.184372242080066,1,1,0,0
1,6.0,1.0,2.0,9.0,6.0,1.0,484.10833740234375,0.0,6.0,6.0,1.0,6-11 años,6.184372242080066,1,1,0,0
1,12.0,1.0,2.0,9.0,6.0,2.0,434.4444580078125,2.0,8.0,6.0,1.0,12-14 años,6.076367252011743,1,1,0,0
1,11.0,1.0,2.0,9.0,6.0,2.0,434.4444580078125,1.0,8.0,6.0,1.0,6-11 años,6.076367252011743,1,1,0,0
1,8.0,2.0,2.0,9.0,6.0,2.0,434.4444580078125,1.0,8.0,6.0,1.0,6-11 años,6.076367252011743,1,1,0,0
1,15.0,2.0,2.0,9.0,6.0,2.0,434.4444580078125,3.0,8.0,6.0,1.0,15-16 años,6.076367252011743,1,1,0,0
0,18.0,2.0,2.0,9.0,6.0,2.0,551.1111450195312,3.0,8.0,6.0,1.0,17-19 años,6.313749375682034,1,1,0,1
1,6.0,2.0,2.0,9.0,6.0,2.0,551.1111450195312,0.0,8.0,6.0,1.0,6-11 años,6.313749375682034,1,1,0,0
1,15.0,2.0,2.0,9.0,6.0,2.0,66.0,3.0,1.0,5.0,1.0,15-16 años,4.204692619390966,1,1,0,0
1,12.0,1.0,2.0,9.0,6.0,2.0,66.0,1.0,1.0,5.0,1.0,12-14 años,4.204692619390966,1,1,0,0
1,19.0,2.0,2.0,9.0,6.0,1.0,225.57142639160156,3.0,1.0,6.0,1.0,17-19 años,5.423060243518553,1,1,0,0
1,16.0,1.0,2.0,9.0,6.0,1.0,225.57142639160156,3.0,1.0,6.0,1.0,15-16 años,5.423060243518553,1,1,0,0
1,12.0,1.0,2.0,9.0,6.0,1.0,225.57142639160156,1.0,1.0,6.0,1.0,12-14 años,5.423060243518553,1,1,0,0
1,9.0,1.0,2.0,9.0,6.0,1.0,225.57142639160156,1.0,1.0,6.0,1.0,6-11 años,5.423060243518553,1,1,0,0
1,9.0,1.0,2.0,9.0,6.0,1.0,792.75,1.0,1.0,6.0,1.0,6-11 años,6.676768550206901,1,1,0,0
1,6.0,1.0,2.0,9.0,6.0,1.0,792.75,1.0,1.0,6.0,1.0,6-11 años,6.676768550206901,1,1,0,0
1,15.0,2.0,2.0,9.0,6.0,2.0,810.8571166992188,3.0,1.0,6.0,1.0,15-16 años,6.699324360021947,1,1,0,0
1,13.0,2.0,2.0,9.0,6.0,2.0,810.8571166992188,3.0,1.0,6.0,1.0,12-14 años,6.699324360021947,1,1,0,0
1,10.0,1.0,2.0,9.0,6.0,2.0,810.8571166992188,1.0,1.0,6.0,1.0,6-11 años,6.699324360021947,1,1,0,0
1,6.0,1.0,2.0,9.0,6.0,2.0,810.8571166992188,1.0,1.0,6.0,1.0,6-11 años,6.699324360021947,1,1,0,0
1,14.0,2.0,2.0,9.0,6.0,2.0,401.66668701171875,3.0,1.0,5.0,1.0,12-14 años,5.998109140352441,1,1,0,0
1,11.0,1.0,2.0,9.0,6.0,2.0,401.66668701171875,2.0,1.0,5.0,1.0,6-11 años,5.998109140352441,1,1,0,0
1,7.0,1.0,2.0,9.0,6.0,2.0,401.66668701171875,1.0,1.0,5.0,1.0,6-11 años,5.998109140352441,1,1,0,0
1,6.0,2.0,2.0,9.0,6.0,1.0,941.0,1.0,2.0,6.0,1.0,6-11 años,6.848005274576363,1,1,0,0
1,18.0,1.0,2.0,9.0,6.0,2.0,1150.8443603515625,3.0,1.0,6.0,1.0,17-19 años,7.049119728266997,1,1,0,0
1,16.0,2.0,2.0,9.0,6.0,2.0,1150.8443603515625,3.0,1.0,6.0,1.0,15-16 años,7.049119728266997,1,1,0,0
1,11.0,2.0,2.0,9.0,6.0,2.0,1150.8443603515625,2.0,1.0,6.0,1.0,6-11 años,7.049119728266997,1,1,0,0
1,13.0,1.0,2.0,9.0,6.0,2.0,402.7778015136719,3.0,1.0,6.0,2.0,12-14 años,6.000864730404444,1,0,0,0
1,10.0,1.0,2.0,9.0,6.0,2.0,402.7778015136719,1.0,1.0,6.0,2.0,6-11 años,6.000864730404444,1,0,0,0
1,9.0,1.0,2.0,9.0,6.0,2.0,402.7778015136719,1.0,1.0,6.0,2.0,6-11 años,6.000864730404444,1,0,0,0
1,14.0,1.0,2.0,9.0,6.0,1.0,2799.166748046875,3.0,5.0,6.0,1.0,12-14 años,7.937434247263977,1,1,0,0
1,9.0,2.0,2.0,9.0,6.0,1.0,2799.166748046875,1.0,5.0,6.0,1.0,6-11 años,7.937434247263977,1,1,0,0
1,6.0,1.0,2.0,9.0,6.0,2.0,765.2222290039062,0.0,1.0,6.0,2.0,6-11 años,6.641472243858115,1,0,0,0
1,11.0,1.0,2.0,9.0,6.0,2.0,765.2222290039062,1.0,1.0,6.0,2.0,6-11 años,6.641472243858115,1,0,0,0
1,11.0,1.0,2.0,9.0,6.0,2.0,718.4722290039062,1.0,1.0,5.0,2.0,6-11 años,6.578517927950696,1,0,0,0
0,19.0,2.0,2.0,9.0,6.0,2.0,718.4722290039062,3.0,1.0,5.0,2.0,17-19 años,6.578517927950696,1,0,0,1
1,10.0,2.0,2.0,9.0,6.0,2.0,1175.166748046875,1.0,5.0,6.0,2.0,6-11 años,7.070015910963824,1,0,0,0
1,11.0,1.0,2.0,9.0,6.0,2.0,1175.166748046875,1.0,5.0,6.0,2.0,6-11 años,7.070015910963824,1,0,0,0
1,19.0,2.0,2.0,9.0,6.0,2.0,200.97915649414062,3.0,5.0,6.0,2.0,17-19 años,5.3081645064046254,1,0,0,0
1,11.0,2.0,2.0,9.0,6.0,2.0,200.97915649414062,1.0,5.0,6.0,2.0,6-11 años,5.3081645064046254,1,0,0,0
1,14.0,1.0,2.0,9.0,6.0,2.0,1172.2689208984375,3.0,5.0,6.0,2.0,12-14 años,7.067549081455581,1,0,0,0
1,9.0,1.0,2.0,9.0,6.0,2.0,582.3466796875,1.0,1.0,6.0,2.0,6-11 años,6.368781657452005,1,0,0,0
1,7.0,1.0,2.0,9.0,6.0,2.0,582.3466796875,0.0,1.0,6.0,2.0,6-11 años,6.368781657452005,1,0,0,0
1,14.0,1.0,2.0,9.0,6.0,2.0,2199.28564453125,3.0,5.0,6.0,2.0,12-14 años,7.696342469341424,1,0,0,0
1,13.0,1.0,2.0,9.0,6.0,2.0,2199.28564453125,2.0,5.0,6.0,2.0,12-14 años,7.696342469341424,1,0,0,0
1,8.0,2.0,2.0,9.0,6.0,2.0,2199.28564453125,1.0,5.0,6.0,2.0,6-11 años,7.696342469341424,1,0,0,0
0,11.0,2.0,2.0,9.0,6.0,2.0,261.0,1.0,5.0,6.0,2.0,6-11 años,5.568344503761097,1,0,0,1
0,11.0,2.0,2.0,9.0,6.0,2.0,1429.5,2.0,5.0,7.0,2.0,6-11 años,7.265779312490165,1,0,0,1
1,19.0,2.0,2.0,9.0,6.0,2.0,1429.5,4.0,5.0,7.0,2.0,17-19 años,7.265779312490165,1,0,0,0
1,12.0,2.0,2.0,9.0,6.0,2.0,662.066650390625,3.0,5.0,7.0,1.0,12-14 años,6.496875513625859,1,1,0,0
1,11.0,2.0,2.0,9.0,6.0,2.0,662.066650390625,2.0,5.0,7.0,1.0,6-11 años,6.496875513625859,1,1,0,0
1,8.0,1.0,2.0,9.0,6.0,2.0,662.066650390625,1.0,5.0,7.0,1.0,6-11 años,6.496875513625859,1,1,0,0
1,11.0,1.0,2.0,9.0,6.0,2.0,434.0833435058594,1.0,2.0,3.0,1.0,6-11 años,6.07553760700319,1,1,0,0
1,9.0,2.0,2.0,9.0,6.0,2.0,434.0833435058594,1.0,2.0,3.0,1.0,6-11 años,6.07553760700319,1,1,0,0
1,14.0,1.0,2.0,9.0,6.0,2.0,434.0833435058594,2.0,2.0,3.0,1.0,12-14 años,6.07553760700319,1,1,0,0
1,16.0,2.0,2.0,9.0,6.0,2.0,471.1111145019531,3.0,2.0,1.0,1.0,15-16 años,6.157214369960888,1,1,1,0
1,12.0,2.0,2.0,9.0,6.0,2.0,471.1111145019531,1.0,2.0,1.0,1.0,12-14 años,6.157214369960888,1,1,1,0
1,9.0,2.0,2.0,9.0,6.0,2.0,471.1111145019531,1.0,2.0,1.0,1.0,6-11 años,6.157214369960888,1,1,1,0
1,12.0,2.0,2.0,9.0,6.0,2.0,1671.6666259765625,2.0,8.0,2.0,1.0,12-14 años,7.422174413931771,1,1,1,0
1,16.0,2.0,2.0,9.0,6.0,2.0,4342.85693359375,3.0,2.0,1.0,1.0,15-16 años,8.376517926815845,1,1,1,0
1,14.0,2.0,2.0,9.0,6.0,2.0,4342.85693359375,3.0,2.0,1.0,1.0,12-14 años,8.376517926815845,1,1,1,0
1,12.0,2.0,2.0,9.0,6.0,2.0,4342.85693359375,1.0,2.0,1.0,1.0,12-14 años,8.376517926815845,1,1,1,0
1,10.0,2.0,2.0,9.0,6.0,2.0,4342.85693359375,1.0,2.0,1.0,1.0,6-11 años,8.376517926815845,1,1,1,0
1,12.0,2.0,2.0,9.0,6.0,2.0,841.6666870117188,1.0,2.0,1.0,1.0,12-14 años,6.736571490742292,1,1,1,0
1,10.0,1.0,2.0,9.0,6.0,2.0,841.6666870117188,1.0,2.0,1.0,1.0,6-11 años,6.736571490742292,1,1,1,0
1,16.0,2.0,2.0,9.0,6.0,2.0,1171.449951171875,3.0,8.0,5.0,1.0,15-16 años,7.066850813841683,1,1,0,0
1,13.0,1.0,2.0,9.0,6.0,2.0,1171.449951171875,2.0,8.0,5.0,1.0,12-14 años,7.066850813841683,1,1,0,0
1,15.0,2.0,2.0,9.0,6.0,2.0,866.6666870117188,3.0,8.0,5.0,1.0,15-16 años,6.76580763977446,1,1,0,0
0,19.0,1.0,2.0,9.0,6.0,2.0,715.8444213867188,3.0,5.0,6.0,1.0,17-19 años,6.574858831541216,1,1,0,1
1,16.0,2.0,2.0,9.0,6.0,2.0,715.8444213867188,3.0,5.0,6.0,1.0,15-16 años,6.574858831541216,1,1,0,0
1,15.0,1.0,2.0,9.0,6.0,2.0,715.8444213867188,3.0,5.0,6.0,1.0,15-16 años,6.574858831541216,1,1,0,0
1,8.0,2.0,2.0,9.0,6.0,2.0,715.8444213867188,1.0,5.0,6.0,1.0,6-11 años,6.574858831541216,1,1,0,0
1,16.0,2.0,2.0,9.0,6.0,2.0,573.00830078125,3.0,5.0,6.0,1.0,15-16 años,6.352643857506379,1,1,0,0
1,19.0,1.0,2.0,9.0,6.0,2.0,573.00830078125,3.0,5.0,6.0,1.0,17-19 años,6.352643857506379,1,1,0,0
1,7.0,1.0,2.0,9.0,6.0,2.0,573.00830078125,1.0,5.0,6.0,1.0,6-11 años,6.352643857506379,1,1,0,0
1,12.0,1.0,2.0,9.0,6.0,2.0,573.00830078125,1.0,5.0,6.0,1.0,12-14 años,6.352643857506379,1,1,0,0
1,13.0,1.0,2.0,9.0,6.0,2.0,550.0,3.0,8.0,6.0,1.0,12-14 años,6.311734809152915,1,1,0,0
1,9.0,2.0,2.0,9.0,6.0,2.0,679.5,1.0,5.0,6.0,1.0,6-11 años,6.522827822091521,1,1,0,0
1,6.0,2.0,2.0,9.0,6.0,2.0,679.5,0.0,5.0,6.0,1.0,6-11 años,6.522827822091521,1,1,0,0
1,14.0,1.0,2.0,9.0,6.0,2.0,1473.3333740234375,1.0,5.0,5.0,1.0,12-14 años,7.295961216799202,1,1,0,0
1,10.0,1.0,2.0,9.0,6.0,2.0,1473.3333740234375,1.0,5.0,5.0,1.0,6-11 años,7.295961216799202,1,1,0,0
1,8.0,1.0,2.0,9.0,6.0,2.0,1473.3333740234375,1.0,5.0,5.0,1.0,6-11 años,7.295961216799202,1,1,0,0
1,12.0,2.0,2.0,9.0,6.0,2.0,1080.344970703125,2.0,8.0,6.0,1.0,12-14 años,6.985960888565194,1,1,0,0
1,12.0,2.0,2.0,9.0,6.0,2.0,1080.344970703125,1.0,8.0,6.0,1.0,12-14 años,6.985960888565194,1,1,0,0
1,10.0,2.0,2.0,9.0,6.0,2.0,1080.344970703125,1.0,8.0,6.0,1.0,6-11 años,6.985960888565194,1,1,0,0
