s01a_03,s01a_02,area,depto,s01a_07_1,s01a_09,yhogpc,niv_ed,s06a_06,s06a_07,s06a_12,Real_No_Asiste,Pred_Logistica,Prob_Logistica,Pred_RandomForest,Prob_RandomForest
14.0,1.0,1.0,8.0,6.0,2.0,625.0,3.0,5.0,6.0,1.0,0,0,0.18390106661169248,0,0.013333333333333334
11.0,2.0,1.0,9.0,6.0,2.0,1251.47998046875,1.0,5.0,6.0,1.0,0,0,0.16611514321409812,0,0.0033333333333333335
11.0,2.0,2.0,4.0,6.0,1.0,484.6666564941406,1.0,5.0,5.0,1.0,0,0,0.06719974144792988,0,0.0033333333333333335
8.0,2.0,1.0,7.0,6.0,2.0,2695.0,1.0,8.0,1.0,1.0,0,0,0.0058392619904165215,0,0.0
11.0,2.0,1.0,7.0,6.0,2.0,1805.949951171875,1.0,8.0,1.0,1.0,0,0,0.053428434334508425,0,0.0
16.0,1.0,1.0,2.0,6.0,2.0,609.7857055664062,3.0,5.0,2.0,1.0,0,0,0.40232036891680767,0,0.03666666666666667
17.0,1.0,1.0,2.0,2.0,2.0,2723.333251953125,3.0,3.0,1.0,1.0,0,0,0.31255207920515676,0,0.12
17.0,2.0,1.0,2.0,6.0,2.0,2210.0,3.0,3.0,1.0,1.0,0,0,0.20676769315598434,0,0.0
13.0,1.0,1.0,5.0,6.0,2.0,1458.606689453125,3.0,8.0,2.0,1.0,0,0,0.040760705892951596,0,0.0
19.0,1.0,2.0,4.0,6.0,1.0,1461.375,4.0,7.0,5.0,1.0,1,1,0.9481551468784228,1,0.53
19.0,2.0,2.0,9.0,6.0,2.0,2714.33349609375,3.0,8.0,8.0,2.0,1,1,0.8930259078403691,0,0.24666666666666667
14.0,1.0,2.0,5.0,6.0,1.0,111.11111450195312,3.0,1.0,7.0,1.0,0,0,0.315666040433298,0,0.06333333333333334
15.0,1.0,1.0,7.0,6.0,2.0,2687.949951171875,3.0,5.0,1.0,1.0,0,0,0.18796673658333007,0,0.0
9.0,2.0,1.0,2.0,6.0,1.0,2006.0,1.0,5.0,1.0,1.0,0,0,0.007569081366896575,0,0.02
11.0,2.0,1.0,7.0,6.0,2.0,1256.0,1.0,8.0,1.0,1.0,1,0,0.05504084453371876,0,0.0
7.0,2.0,1.0,8.0,6.0,2.0,1905.199951171875,1.0,1.0,2.0,1.0,0,0,0.010740711351754122,0,0.0
14.0,2.0,1.0,2.0,6.0,1.0,2101.666748046875,3.0,5.0,2.0,1.0,0,0,0.09238734834963187,0,0.0033333333333333335
15.0,2.0,1.0,7.0,6.0,1.0,1982.671875,3.0,5.0,2.0,1.0,0,0,0.29905241431067603,0,0.03666666666666667
17.0,2.0,1.0,1.0,6.0,2.0,1361.477783203125,3.0,8.0,1.0,1.0,0,0,0.2887181055348313,0,0.0
11.0,2.0,1.0,2.0,6.0,2.0,1000.0,1.0,4.0,1.0,1.0,0,0,0.03412421813193144,0,0.0
7.0,2.0,2.0,8.0,6.0,2.0,1772.0,0.0,1.0,6.0,1.0,0,1,0.6831983702788247,0,0.006666666666666667
8.0,2.0,1.0,3.0,6.0,2.0,1010.0,1.0,8.0,1.0,1.0,0,0,0.002635301294861771,0,0.0
14.0,2.0,1.0,3.0,6.0,2.0,2319.683349609375,3.0,5.0,1.0,1.0,0,0,0.03288846418674935,0,0.0
7.0,1.0,1.0,7.0,6.0,2.0,4725.44140625,0.0,8.0,1.0,1.0,0,0,0.23290842491334515,0,0.0
17.0,1.0,1.0,7.0,6.0,2.0,1339.1475830078125,3.0,8.0,1.0,1.0,0,0,0.4731483515249025,0,0.013333333333333334
10.0,2.0,1.0,4.0,6.0,2.0,2278.25,1.0,8.0,1.0,1.0,0,0,0.011858545960603945,0,0.0
10.0,2.0,1.0,4.0,6.0,2.0,550.0,1.0,1.0,1.0,1.0,0,0,0.03794041890953347,0,0.006666666666666667
15.0,2.0,1.0,9.0,6.0,2.0,3199.485595703125,3.0,8.0,1.0,1.0,0,0,0.09632585947757957,0,0.0
15.0,2.0,2.0,1.0,6.0,2.0,1633.1112060546875,2.0,5.0,2.0,1.0,1,1,0.7307256523937343,0,0.14333333333333334
18.0,1.0,1.0,4.0,6.0,2.0,1838.4849853515625,4.0,3.0,1.0,1.0,0,1,0.7907405415716106,0,0.3
13.0,2.0,1.0,3.0,6.0,2.0,1359.9366455078125,3.0,5.0,2.0,1.0,0,0,0.04056600490629712,0,0.0033333333333333335
17.0,2.0,2.0,9.0,6.0,2.0,2279.433349609375,4.0,2.0,8.0,1.0,1,1,0.9084871541419137,1,0.7666666666666667
15.0,1.0,1.0,2.0,6.0,1.0,3004.033203125,3.0,3.0,1.0,1.0,0,0,0.07039395790619357,0,0.0
13.0,1.0,1.0,3.0,6.0,2.0,1353.25830078125,2.0,8.0,1.0,1.0,0,0,0.11169371416508887,0,0.0
14.0,1.0,1.0,3.0,6.0,2.0,2500.0,3.0,8.0,1.0,1.0,0,0,0.03622933815725452,0,0.0
6.0,2.0,1.0,3.0,6.0,2.0,990.05712890625,0.0,5.0,9.0,1.0,0,0,0.06674939835011062,0,0.0
16.0,2.0,1.0,2.0,6.0,2.0,967.1867065429688,3.0,5.0,1.0,1.0,0,0,0.1647951564340784,0,0.0033333333333333335
12.0,2.0,2.0,2.0,6.0,2.0,1349.699951171875,2.0,5.0,1.0,1.0,0,0,0.09110186246002934,0,0.016666666666666666
15.0,1.0,1.0,8.0,6.0,2.0,830.5556030273438,2.0,1.0,1.0,1.0,0,1,0.6753385237168461,0,0.05
19.0,2.0,1.0,9.0,6.0,2.0,995.0,5.0,5.0,1.0,1.0,0,0,0.4172946199344215,0,0.27
10.0,2.0,1.0,2.0,6.0,2.0,530.0,1.0,3.0,2.0,1.0,0,0,0.02876581619557084,0,0.0
11.0,1.0,1.0,9.0,6.0,2.0,2738.02490234375,1.0,8.0,1.0,1.0,0,0,0.053910109860829246,0,0.0
14.0,1.0,2.0,2.0,2.0,1.0,712.5,2.0,3.0,8.0,2.0,0,1,0.5878541966735406,0,0.08666666666666667
9.0,1.0,1.0,7.0,6.0,2.0,1235.75,1.0,4.0,1.0,1.0,0,0,0.021128775010814074,0,0.056666666666666664
7.0,2.0,1.0,7.0,6.0,2.0,1119.0750732421875,0.0,8.0,1.0,1.0,0,0,0.21546295145368685,0,0.0
12.0,2.0,2.0,5.0,6.0,2.0,150.0,2.0,5.0,5.0,1.0,0,0,0.10215746071182219,0,0.043333333333333335
6.0,2.0,1.0,3.0,6.0,2.0,1476.0,0.0,6.0,1.0,1.0,0,0,0.06974050880661414,0,0.0
12.0,1.0,1.0,3.0,6.0,2.0,1983.5953369140625,1.0,8.0,1.0,1.0,0,0,0.06088318419624938,0,0.0033333333333333335
11.0,2.0,1.0,6.0,6.0,2.0,1060.5999755859375,1.0,8.0,2.0,1.0,0,0,0.10063483928433774,0,0.0033333333333333335
14.0,1.0,2.0,2.0,2.0,1.0,478.6666564941406,3.0,5.0,5.0,1.0,0,0,0.1508917703301312,0,0.0
17.0,2.0,1.0,2.0,6.0,1.0,1220.0,3.0,3.0,1.0,1.0,0,0,0.21239933706621056,0,0.05333333333333334
11.0,1.0,2.0,1.0,6.0,2.0,583.3333740234375,1.0,5.0,2.0,1.0,0,0,0.1864038742371476,0,0.0
6.0,1.0,1.0,4.0,6.0,2.0,1301.7777099609375,0.0,8.0,1.0,1.0,0,0,0.07463866551376303,0,0.0033333333333333335
13.0,1.0,1.0,3.0,6.0,2.0,1280.8333740234375,2.0,5.0,5.0,1.0,0,0,0.18107284448643365,0,0.0
7.0,2.0,2.0,4.0,6.0,2.0,960.0,1.0,3.0,7.0,1.0,0,0,0.004730357107684787,0,0.0
7.0,2.0,1.0,2.0,6.0,2.0,3105.5556640625,1.0,3.0,1.0,1.0,0,0,0.0011363270245842289,0,0.0
15.0,1.0,2.0,4.0,2.0,2.0,769.5199584960938,3.0,1.0,7.0,1.0,0,1,0.6079608417526438,0,0.07
17.0,1.0,1.0,6.0,6.0,2.0,1276.6666259765625,3.0,8.0,1.0,1.0,0,0,0.41036139685946316,0,0.006666666666666667
13.0,1.0,1.0,3.0,6.0,2.0,4713.830078125,2.0,5.0,5.0,1.0,0,0,0.15376918277418644,0,0.0033333333333333335
16.0,1.0,1.0,7.0,6.0,2.0,824.0166625976562,3.0,8.0,2.0,1.0,0,1,0.5212004579938632,0,0.0033333333333333335
18.0,1.0,1.0,2.0,6.0,2.0,1599.7916259765625,3.0,3.0,1.0,1.0,0,0,0.4339343219042366,0,0.006666666666666667
13.0,1.0,2.0,1.0,6.0,2.0,1514.6500244140625,3.0,8.0,1.0,1.0,0,0,0.041547228038556525,0,0.0
16.0,2.0,1.0,9.0,6.0,2.0,1472.5,3.0,8.0,9.0,1.0,0,0,0.21098466067218424,0,0.0
12.0,1.0,1.0,4.0,6.0,2.0,337.5,2.0,1.0,1.0,1.0,0,0,0.17498568640773896,0,0.0033333333333333335
19.0,1.0,1.0,7.0,6.0,2.0,1581.5001220703125,4.0,6.0,1.0,1.0,0,1,0.968068119530284,0,0.11
11.0,2.0,1.0,7.0,6.0,2.0,828.1170043945312,1.0,5.0,2.0,1.0,0,0,0.15156423209359035,0,0.0
18.0,2.0,1.0,3.0,6.0,2.0,1204.9000244140625,3.0,5.0,1.0,1.0,0,0,0.4089823331515831,0,0.006666666666666667
16.0,2.0,1.0,7.0,6.0,2.0,4000.0,3.0,5.0,1.0,1.0,0,0,0.24834595441851107,0,0.08333333333333333
12.0,2.0,1.0,1.0,6.0,2.0,611.0,2.0,5.0,1.0,1.0,0,0,0.0779773294907193,0,0.0033333333333333335
8.0,1.0,2.0,9.0,6.0,2.0,3064.466552734375,1.0,1.0,8.0,2.0,0,0,0.06779967572079984,0,0.0033333333333333335
17.0,2.0,1.0,7.0,6.0,2.0,4433.91650390625,3.0,5.0,1.0,1.0,0,0,0.4025299387185866,0,0.18333333333333332
18.0,1.0,1.0,2.0,6.0,2.0,1672.916748046875,3.0,4.0,1.0,1.0,0,1,0.5240159573673663,0,0.01
15.0,2.0,1.0,7.0,6.0,2.0,1114.4932861328125,3.0,8.0,2.0,1.0,0,0,0.27377099013771167,0,0.10333333333333333
6.0,2.0,2.0,3.0,6.0,2.0,1921.1524658203125,0.0,5.0,7.0,1.0,0,0,0.20222893244148485,0,0.023333333333333334
14.0,1.0,2.0,9.0,6.0,2.0,900.0,2.0,2.0,1.0,1.0,0,0,0.4984895705606223,0,0.02
10.0,1.0,1.0,3.0,6.0,2.0,1664.8079833984375,1.0,5.0,5.0,1.0,0,0,0.025778808476198185,0,0.0
13.0,1.0,1.0,9.0,6.0,2.0,1882.1875,3.0,8.0,1.0,1.0,0,0,0.03450362340843091,0,0.0
16.0,2.0,2.0,9.0,6.0,2.0,1171.449951171875,3.0,8.0,5.0,1.0,0,0,0.35286665123530914,0,0.02666666666666667
11.0,1.0,2.0,5.0,27.0,1.0,586.6666870117188,1.0,8.0,1.0,1.0,0,0,0.08366965608868378,0,0.006666666666666667
10.0,1.0,1.0,6.0,6.0,1.0,708.7579956054688,1.0,5.0,2.0,1.0,0,0,0.08109845517587239,0,0.0033333333333333335
17.0,2.0,2.0,1.0,6.0,1.0,860.0,3.0,5.0,7.0,1.0,0,1,0.6687763082795278,0,0.14666666666666667
11.0,1.0,1.0,2.0,6.0,1.0,2588.333251953125,1.0,3.0,1.0,1.0,0,0,0.02885885052077419,0,0.0
9.0,1.0,1.0,8.0,6.0,2.0,2690.0,1.0,6.0,5.0,1.0,0,0,0.016973817997094486,0,0.013333333333333334
10.0,1.0,1.0,7.0,6.0,2.0,235.7142791748047,1.0,8.0,1.0,1.0,0,0,0.03858407670130706,0,0.006666666666666667
6.0,2.0,1.0,5.0,6.0,2.0,2082.833251953125,0.0,3.0,1.0,1.0,0,0,0.03655869895189399,0,0.0
11.0,2.0,1.0,1.0,6.0,2.0,1564.9466552734375,1.0,8.0,1.0,1.0,0,0,0.0339915681734367,0,0.0
11.0,2.0,1.0,1.0,6.0,2.0,750.6777954101562,1.0,6.0,1.0,1.0,0,0,0.04992502819594811,0,0.01
15.0,2.0,1.0,7.0,27.0,1.0,886.0,3.0,6.0,1.0,1.0,0,0,0.30510613849384477,0,0.09666666666666666
17.0,2.0,1.0,2.0,6.0,2.0,994.25,3.0,5.0,8.0,1.0,0,0,0.4409780906510485,0,0.02
9.0,1.0,1.0,9.0,6.0,2.0,407.0833435058594,1.0,5.0,1.0,1.0,0,0,0.01780278860318418,0,0.02666666666666667
11.0,1.0,1.0,3.0,6.0,2.0,4403.72216796875,1.0,8.0,1.0,1.0,0,0,0.026297035907225676,0,0.0
8.0,2.0,1.0,2.0,6.0,2.0,1540.5,1.0,5.0,1.0,1.0,0,0,0.003817997755465039,0,0.0
16.0,2.0,1.0,1.0,6.0,2.0,4554.16650390625,3.0,8.0,1.0,1.0,0,0,0.13926022189090853,0,0.0
17.0,2.0,1.0,2.0,6.0,2.0,1423.4749755859375,3.0,3.0,1.0,1.0,0,0,0.21423919273350786,0,0.0
15.0,1.0,1.0,7.0,6.0,2.0,2977.0,3.0,8.0,1.0,1.0,0,0,0.1576547533207068,0,0.0
19.0,2.0,1.0,1.0,6.0,2.0,1166.6666259765625,5.0,6.0,1.0,1.0,0,0,0.3946540458414215,0,0.02
18.0,2.0,1.0,7.0,6.0,2.0,1476.3665771484375,4.0,8.0,1.0,1.0,1,1,0.8828180529031694,0,0.20333333333333334
15.0,2.0,2.0,9.0,6.0,2.0,2263.93994140625,3.0,8.0,2.0,1.0,0,0,0.29518462416905444,0,0.006666666666666667
8.0,2.0,1.0,2.0,6.0,2.0,2850.6943359375,1.0,3.0,1.0,1.0,0,0,0.0024070938160678807,0,0.0
16.0,2.0,1.0,7.0,6.0,2.0,1339.47998046875,3.0,8.0,1.0,1.0,0,0,0.2402425158174301,0,0.0033333333333333335
6.0,2.0,2.0,2.0,6.0,2.0,516.1904907226562,0.0,5.0,1.0,1.0,0,0,0.11171009113030848,0,0.023333333333333334
8.0,2.0,2.0,4.0,2.0,2.0,766.09521484375,1.0,5.0,8.0,1.0,0,0,0.013773147986649538,0,0.013333333333333334
12.0,2.0,1.0,8.0,6.0,2.0,505.1666564941406,1.0,5.0,2.0,1.0,0,0,0.16094558245687127,0,0.0
14.0,2.0,1.0,7.0,6.0,2.0,2279.916748046875,3.0,5.0,1.0,1.0,0,0,0.07700362238918544,0,0.0
11.0,1.0,2.0,9.0,6.0,2.0,1175.166748046875,1.0,5.0,6.0,2.0,0,0,0.3615085618532672,0,0.09666666666666666
17.0,2.0,1.0,5.0,27.0,1.0,4414.45458984375,3.0,5.0,2.0,1.0,0,1,0.5489783458514098,0,0.29
12.0,1.0,1.0,2.0,6.0,2.0,817.5,2.0,5.0,1.0,1.0,0,0,0.08486478756532562,0,0.0
9.0,1.0,2.0,9.0,6.0,1.0,792.75,1.0,1.0,6.0,1.0,0,0,0.18719892346927858,0,0.0033333333333333335
6.0,2.0,1.0,7.0,6.0,2.0,1139.14990234375,0.0,1.0,1.0,1.0,0,0,0.2809303501853194,0,0.016666666666666666
17.0,1.0,2.0,6.0,6.0,2.0,1258.074951171875,3.0,6.0,7.0,1.0,0,1,0.8014378781144396,0,0.23666666666666666
9.0,2.0,1.0,9.0,6.0,2.0,808.0,1.0,5.0,2.0,1.0,0,0,0.03108009635000725,0,0.0033333333333333335
13.0,1.0,1.0,2.0,6.0,2.0,1353.333251953125,3.0,3.0,2.0,1.0,0,0,0.04573379984757555,0,0.006666666666666667
18.0,1.0,1.0,7.0,6.0,2.0,3288.33349609375,3.0,8.0,1.0,1.0,0,1,0.6267711847508789,0,0.0033333333333333335
7.0,2.0,1.0,7.0,6.0,2.0,945.2799682617188,1.0,5.0,1.0,1.0,0,0,0.0037635808012760367,0,0.0
18.0,1.0,1.0,7.0,6.0,2.0,1544.760009765625,3.0,8.0,1.0,1.0,0,1,0.6497770751402949,0,0.08333333333333333
15.0,1.0,1.0,4.0,6.0,2.0,2681.64794921875,3.0,3.0,2.0,1.0,0,0,0.15001869644705712,0,0.016666666666666666
12.0,1.0,2.0,2.0,6.0,2.0,1299.0,1.0,1.0,7.0,1.0,0,1,0.5006381592078097,0,0.0031598468533141897
8.0,1.0,1.0,7.0,6.0,2.0,500.0,1.0,8.0,1.0,1.0,0,0,0.00896589242850586,0,0.0
12.0,1.0,1.0,3.0,6.0,2.0,289.0416564941406,1.0,8.0,9.0,1.0,0,0,0.07206265766612904,0,0.0
15.0,1.0,1.0,3.0,6.0,2.0,626.2000122070312,3.0,5.0,9.0,1.0,0,0,0.10369033434162112,0,0.0
9.0,2.0,1.0,2.0,6.0,2.0,1695.38232421875,1.0,5.0,1.0,1.0,0,0,0.007878293946809667,0,0.0
11.0,1.0,1.0,7.0,6.0,2.0,2675.0,1.0,8.0,1.0,1.0,0,0,0.06800896787616127,0,0.0
12.0,2.0,1.0,6.0,6.0,2.0,789.5,1.0,5.0,1.0,1.0,0,0,0.10511630205087484,0,0.0
15.0,2.0,1.0,3.0,6.0,2.0,1506.2666015625,3.0,8.0,1.0,1.0,0,0,0.0576843990431211,0,0.0
12.0,2.0,1.0,3.0,6.0,2.0,2357.10009765625,2.0,5.0,10.0,1.0,0,0,0.18436349486816692,0,0.016666666666666666
13.0,1.0,1.0,8.0,6.0,2.0,1133.5428466796875,3.0,5.0,2.0,1.0,0,0,0.0670172832069733,0,0.0
9.0,1.0,1.0,7.0,6.0,2.0,719.7916870117188,1.0,5.0,1.0,1.0,0,0,0.02221375325217226,0,0.0
11.0,1.0,1.0,7.0,6.0,2.0,837.5,1.0,6.0,1.0,1.0,0,0,0.10357208484180898,0,0.01
8.0,2.0,1.0,3.0,6.0,2.0,1308.818359375,1.0,8.0,1.0,1.0,0,0,0.0025907839301724145,0,0.0
9.0,1.0,1.0,5.0,6.0,2.0,1022.6666870117188,1.0,2.0,1.0,1.0,0,0,0.008537476692575641,0,0.0
18.0,2.0,1.0,8.0,6.0,2.0,4319.05029296875,3.0,7.0,5.0,1.0,0,0,0.42615023523372564,0,0.03333333333333333
6.0,2.0,1.0,4.0,6.0,2.0,992.5,0.0,8.0,2.0,1.0,0,0,0.1294190232341739,0,0.0033333333333333335
14.0,1.0,1.0,2.0,6.0,2.0,1780.0,3.0,5.0,1.0,1.0,0,0,0.05532660155132305,0,0.0
12.0,2.0,1.0,8.0,6.0,2.0,1879.0667724609375,1.0,5.0,1.0,1.0,0,0,0.06723334292856341,0,0.0033333333333333335
12.0,1.0,1.0,5.0,6.0,1.0,1233.0833740234375,2.0,5.0,1.0,1.0,0,0,0.061197098709812964,0,0.0
9.0,1.0,2.0,5.0,27.0,1.0,463.0833435058594,1.0,1.0,8.0,1.0,0,0,0.10715333797827103,0,0.006666666666666667
11.0,2.0,1.0,7.0,6.0,2.0,422.02996826171875,1.0,5.0,1.0,1.0,0,0,0.06917638618406505,0,0.0
12.0,2.0,1.0,2.0,6.0,1.0,675.6077270507812,3.0,5.0,2.0,1.0,0,0,0.024651558342305695,0,0.0
8.0,1.0,2.0,8.0,6.0,2.0,866.0,1.0,1.0,5.0,2.0,0,0,0.03835134936241629,0,0.03666666666666667
12.0,1.0,1.0,2.0,6.0,2.0,329.0799865722656,1.0,3.0,1.0,1.0,0,0,0.06742152795616592,0,0.0
13.0,1.0,2.0,4.0,6.0,2.0,90.27777862548828,2.0,5.0,7.0,1.0,0,0,0.427523387143985,0,0.07666666666666666
18.0,1.0,1.0,9.0,6.0,2.0,2727.89990234375,4.0,8.0,1.0,1.0,0,1,0.8819069541715018,0,0.30666666666666664
10.0,2.0,2.0,9.0,6.0,2.0,1175.166748046875,1.0,5.0,6.0,2.0,0,0,0.16622186659455512,0,0.2
8.0,1.0,1.0,2.0,6.0,2.0,1000.0,1.0,4.0,1.0,1.0,0,0,0.005227925990554776,0,0.0
14.0,1.0,2.0,5.0,27.0,1.0,562.7380981445312,3.0,8.0,7.0,1.0,0,0,0.2345580448658693,0,0.01
12.0,2.0,1.0,9.0,6.0,2.0,1195.0277099609375,3.0,1.0,1.0,1.0,0,0,0.037499949689105305,0,0.0
14.0,1.0,1.0,7.0,6.0,2.0,1306.8499755859375,3.0,5.0,2.0,1.0,0,0,0.22768818054555473,0,0.006666666666666667
13.0,1.0,1.0,7.0,6.0,2.0,837.875,2.0,8.0,1.0,1.0,0,0,0.24068110421996378,0,0.0033333333333333335
16.0,2.0,1.0,2.0,6.0,2.0,208.3333282470703,3.0,8.0,1.0,1.0,0,0,0.14485007122293916,0,0.02666666666666667
6.0,1.0,2.0,7.0,6.0,2.0,2710.83349609375,0.0,5.0,1.0,1.0,0,0,0.23086038760994632,0,0.0033333333333333335
19.0,2.0,1.0,1.0,6.0,2.0,2007.0833740234375,3.0,6.0,1.0,1.0,0,1,0.7090176020654064,0,0.08
6.0,1.0,2.0,1.0,6.0,2.0,248.26390075683594,0.0,5.0,7.0,1.0,0,0,0.36320472772854784,0,0.0033333333333333335
18.0,2.0,1.0,5.0,6.0,2.0,1729.642822265625,3.0,6.0,2.0,1.0,0,1,0.6366136931495483,0,0.02666666666666667
9.0,2.0,1.0,3.0,6.0,2.0,2108.967529296875,1.0,5.0,9.0,1.0,0,0,0.006813942462077874,0,0.0
7.0,1.0,2.0,3.0,6.0,2.0,338.63336181640625,1.0,5.0,7.0,1.0,0,0,0.008746094333626787,0,0.0
12.0,2.0,2.0,9.0,6.0,2.0,1080.344970703125,2.0,8.0,6.0,1.0,0,0,0.31896301562801793,0,0.0
15.0,1.0,1.0,7.0,6.0,1.0,1281.63330078125,3.0,5.0,1.0,1.0,0,0,0.1969478354123962,0,0.0
13.0,1.0,2.0,1.0,27.0,2.0,197.59524536132812,2.0,1.0,7.0,1.0,0,1,0.8323275911647114,0,0.22666666666666666
14.0,1.0,1.0,6.0,6.0,2.0,2563.199951171875,3.0,5.0,7.0,1.0,0,0,0.18778603407886132,0,0.06333333333333334
10.0,2.0,1.0,6.0,6.0,2.0,3513.333251953125,1.0,8.0,1.0,1.0,0,0,0.01856093806272478,0,0.0
19.0,2.0,1.0,6.0,6.0,2.0,1416.5,5.0,5.0,1.0,1.0,0,0,0.407868514779146,0,0.07333333333333333
13.0,2.0,1.0,7.0,6.0,1.0,1984.31103515625,2.0,1.0,1.0,1.0,0,0,0.3887301311854676,0,0.006666666666666667
16.0,1.0,2.0,9.0,6.0,2.0,255.4166717529297,3.0,8.0,6.0,1.0,0,1,0.6604290260830992,0,0.05
6.0,1.0,2.0,9.0,6.0,1.0,1675.833251953125,0.0,2.0,6.0,1.0,0,0,0.4771978400315394,0,0.01
10.0,1.0,1.0,7.0,6.0,2.0,1541.63330078125,1.0,5.0,1.0,1.0,0,0,0.04334563750384919,0,0.0
14.0,1.0,1.0,2.0,6.0,2.0,4800.0,3.0,8.0,1.0,1.0,0,0,0.03893293913990879,0,0.0
13.0,1.0,1.0,3.0,6.0,2.0,2907.466796875,3.0,5.0,7.0,1.0,0,0,0.05426535779226516,0,0.006666666666666667
11.0,1.0,1.0,3.0,6.0,2.0,846.6666870117188,1.0,8.0,1.0,1.0,0,0,0.032036620746905733,0,0.0
8.0,1.0,1.0,7.0,6.0,2.0,433.0,1.0,8.0,2.0,1.0,0,0,0.021854482512964356,0,0.0
14.0,1.0,1.0,3.0,6.0,2.0,2230.0,3.0,5.0,1.0,1.0,0,0,0.04438018910256989,0,0.0
17.0,1.0,1.0,6.0,6.0,2.0,1367.973388671875,3.0,5.0,2.0,1.0,0,1,0.6744827745110934,0,0.013333333333333334
17.0,2.0,1.0,7.0,6.0,2.0,3060.694580078125,3.0,8.0,1.0,1.0,0,0,0.37462668529814996,0,0.0033333333333333335
17.0,1.0,1.0,3.0,6.0,2.0,1991.3333740234375,3.0,5.0,6.0,1.0,0,1,0.6066350229996632,0,0.16
9.0,2.0,1.0,7.0,6.0,2.0,2756.637451171875,1.0,5.0,2.0,1.0,0,0,0.0353225232765381,0,0.0033333333333333335
14.0,1.0,1.0,7.0,6.0,2.0,3266.666748046875,3.0,6.0,1.0,1.0,0,0,0.11153376373667018,0,0.0
11.0,1.0,1.0,8.0,6.0,2.0,440.8999938964844,1.0,5.0,1.0,1.0,0,0,0.04840210297531068,0,0.0033333333333333335
10.0,2.0,1.0,3.0,6.0,2.0,2427.800048828125,1.0,8.0,9.0,1.0,0,0,0.011443401248904115,0,0.0
15.0,1.0,1.0,3.0,6.0,2.0,576.6666870117188,1.0,8.0,1.0,1.0,0,0,0.3908863845475664,0,0.08666666666666667
6.0,1.0,1.0,7.0,6.0,2.0,2347.22216796875,0.0,8.0,1.0,1.0,0,0,0.14266427140038432,0,0.0
10.0,1.0,2.0,9.0,6.0,2.0,776.0999755859375,1.0,2.0,1.0,1.0,0,0,0.0553403407738442,0,0.0
11.0,1.0,1.0,2.0,6.0,2.0,866.0,1.0,5.0,1.0,1.0,0,0,0.04710259528709855,0,0.0
10.0,1.0,1.0,3.0,6.0,2.0,1221.429931640625,1.0,6.0,1.0,1.0,0,0,0.02161393861941565,0,0.0
18.0,2.0,1.0,3.0,6.0,2.0,836.0333251953125,4.0,5.0,9.0,1.0,0,1,0.8085350970096195,0,0.25666666666666665
6.0,2.0,1.0,4.0,6.0,2.0,716.5,0.0,6.0,1.0,1.0,0,0,0.08046303968914077,0,0.013333333333333334
8.0,1.0,2.0,2.0,6.0,2.0,858.6666870117188,1.0,5.0,1.0,1.0,0,0,0.00812984308696055,0,0.0
11.0,1.0,1.0,8.0,6.0,2.0,1254.166748046875,1.0,7.0,1.0,1.0,0,0,0.033851049582683576,0,0.013333333333333334
17.0,1.0,2.0,4.0,2.0,1.0,88.19445037841797,3.0,5.0,6.0,1.0,0,1,0.7899143285077179,0,0.07666666666666666
15.0,2.0,1.0,7.0,6.0,2.0,3283.33349609375,3.0,8.0,2.0,1.0,0,0,0.24982365941773838,0,0.0
12.0,2.0,1.0,6.0,6.0,2.0,896.0,1.0,6.0,1.0,1.0,0,0,0.12034126212453589,0,0.0
17.0,2.0,2.0,1.0,6.0,2.0,1079.4610595703125,3.0,7.0,1.0,1.0,0,0,0.35409335637775013,0,0.006666666666666667
17.0,1.0,2.0,5.0,6.0,2.0,1255.0,3.0,5.0,1.0,1.0,0,0,0.38058452894731515,0,0.02666666666666667
9.0,2.0,1.0,9.0,6.0,2.0,390.1785583496094,1.0,5.0,1.0,1.0,0,0,0.013177635921472558,0,0.0033333333333333335
15.0,2.0,1.0,3.0,6.0,2.0,1560.8499755859375,3.0,8.0,5.0,1.0,0,0,0.08075474476468415,0,0.0
18.0,2.0,1.0,7.0,6.0,2.0,1916.3333740234375,4.0,5.0,1.0,1.0,1,1,0.8993681744302026,0,0.13
13.0,2.0,1.0,2.0,6.0,1.0,3215.8056640625,2.0,5.0,1.0,1.0,0,0,0.10842996200630264,0,0.016666666666666666
17.0,2.0,1.0,7.0,6.0,2.0,1256.0,3.0,8.0,1.0,1.0,0,0,0.3990907181603579,0,0.0033333333333333335
11.0,1.0,1.0,2.0,6.0,2.0,1059.583251953125,1.0,2.0,1.0,1.0,0,0,0.048520208602123596,0,0.0033333333333333335
11.0,2.0,2.0,7.0,6.0,2.0,731.1714477539062,1.0,1.0,1.0,1.0,0,0,0.21291183144127834,0,0.01
10.0,2.0,2.0,4.0,2.0,2.0,766.09521484375,1.0,5.0,8.0,1.0,0,0,0.05751255801616031,0,0.01
7.0,1.0,1.0,3.0,6.0,2.0,1931.666748046875,0.0,8.0,5.0,1.0,0,0,0.17320715024816774,0,0.0033333333333333335
6.0,1.0,1.0,5.0,6.0,2.0,608.6666259765625,0.0,5.0,1.0,1.0,0,0,0.07635039769727202,0,0.0
14.0,2.0,1.0,2.0,6.0,2.0,2987.800048828125,3.0,5.0,7.0,1.0,0,0,0.09747631383786999,0,0.0
18.0,2.0,1.0,9.0,6.0,2.0,808.0,3.0,5.0,2.0,1.0,0,1,0.7696198583087809,0,0.016666666666666666
10.0,1.0,1.0,1.0,6.0,2.0,937.4066772460938,1.0,5.0,1.0,1.0,0,0,0.028030550449652854,0,0.0
7.0,2.0,1.0,3.0,6.0,2.0,1248.4000244140625,0.0,5.0,1.0,1.0,0,0,0.11932261714651904,0,0.0
19.0,1.0,1.0,1.0,6.0,2.0,1300.0,4.0,5.0,1.0,1.0,0,1,0.9417471649722562,1,0.6
15.0,2.0,1.0,2.0,6.0,2.0,1499.75,3.0,5.0,1.0,1.0,0,0,0.08388152231894141,0,0.0
12.0,2.0,1.0,6.0,6.0,2.0,1916.0250244140625,1.0,8.0,1.0,1.0,0,0,0.08301986237372334,0,0.0033333333333333335
14.0,1.0,1.0,3.0,6.0,2.0,1169.1666259765625,3.0,8.0,5.0,1.0,0,0,0.05517076917959651,0,0.0
8.0,2.0,1.0,6.0,6.0,2.0,2761.666748046875,1.0,5.0,2.0,1.0,0,0,0.013341864174644426,0,0.013333333333333334
7.0,2.0,1.0,5.0,6.0,2.0,622.0499877929688,1.0,5.0,1.0,1.0,0,0,0.001420724844182649,0,0.0
11.0,1.0,1.0,3.0,6.0,2.0,960.7999877929688,1.0,5.0,2.0,1.0,0,0,0.0895927910230895,0,0.0
13.0,2.0,1.0,8.0,6.0,2.0,1748.645751953125,1.0,1.0,6.0,1.0,0,1,0.5712316032135493,0,0.0
12.0,1.0,1.0,5.0,6.0,2.0,1458.606689453125,2.0,8.0,2.0,1.0,0,0,0.11747657230714358,0,0.0
15.0,2.0,1.0,2.0,6.0,2.0,673.2000122070312,3.0,3.0,1.0,1.0,0,0,0.061150517649257434,0,0.0
9.0,1.0,1.0,2.0,6.0,2.0,1169.666748046875,1.0,3.0,1.0,1.0,0,0,0.007487463453615497,0,0.0
14.0,2.0,1.0,6.0,6.0,2.0,2850.822265625,3.0,5.0,2.0,1.0,0,0,0.13299855516578787,0,0.0
10.0,2.0,2.0,7.0,6.0,2.0,441.8333435058594,1.0,7.0,2.0,1.0,0,0,0.08712883200656041,0,0.0
15.0,2.0,2.0,5.0,6.0,2.0,866.6666870117188,3.0,5.0,2.0,1.0,0,0,0.20656199573347608,0,0.006666666666666667
13.0,1.0,1.0,7.0,6.0,2.0,3943.89990234375,3.0,8.0,1.0,1.0,0,0,0.03895176534364477,0,0.0033333333333333335
15.0,2.0,2.0,6.0,6.0,2.0,90.33333587646484,3.0,8.0,5.0,1.0,0,0,0.21470670073313053,0,0.03666666666666667
18.0,2.0,1.0,2.0,6.0,2.0,1100.0,4.0,5.0,1.0,1.0,0,1,0.8246247885040016,0,0.05333333333333334
14.0,1.0,1.0,2.0,6.0,1.0,929.4443969726562,1.0,4.0,1.0,1.0,0,0,0.30087761822372244,0,0.02
14.0,2.0,1.0,2.0,6.0,2.0,1368.8900146484375,3.0,5.0,1.0,1.0,0,0,0.04226616657686368,0,0.0
14.0,1.0,2.0,8.0,6.0,2.0,405.4285583496094,3.0,1.0,6.0,1.0,0,0,0.4581068926103898,0,0.04
6.0,2.0,2.0,2.0,6.0,2.0,1564.0,0.0,8.0,7.0,1.0,0,0,0.2072256778384053,1,0.5633333333333334
15.0,2.0,2.0,3.0,27.0,2.0,180.55555725097656,2.0,6.0,7.0,1.0,0,1,0.8356338812472281,0,0.36
17.0,1.0,1.0,3.0,6.0,2.0,1506.5250244140625,3.0,5.0,1.0,1.0,0,0,0.30656219241131233,0,0.10666666666666667
6.0,2.0,1.0,3.0,6.0,2.0,1817.1444091796875,0.0,8.0,1.0,1.0,0,0,0.049047347631215175,0,0.0
19.0,2.0,2.0,9.0,6.0,2.0,718.4722290039062,3.0,1.0,5.0,2.0,1,1,0.9544088076001859,0,0.46
14.0,1.0,1.0,2.0,6.0,2.0,2020.6666259765625,3.0,5.0,1.0,1.0,0,0,0.054611943195384816,0,0.0
10.0,2.0,1.0,2.0,6.0,2.0,507.1428527832031,1.0,3.0,2.0,1.0,0,0,0.028802343075749987,0,0.0
10.0,2.0,1.0,4.0,6.0,2.0,466.6666564941406,1.0,5.0,2.0,1.0,0,0,0.03830938244132557,0,0.2966666666666667
8.0,1.0,1.0,2.0,6.0,2.0,4500.0,1.0,3.0,1.0,1.0,0,0,0.00297447806252522,0,0.0
14.0,2.0,2.0,2.0,2.0,1.0,760.6875,3.0,5.0,2.0,1.0,0,0,0.18029619308947534,0,0.013333333333333334
9.0,2.0,1.0,2.0,6.0,1.0,1383.675048828125,1.0,5.0,2.0,1.0,0,0,0.0190721040448514,0,0.0033333333333333335
14.0,1.0,2.0,5.0,6.0,2.0,1820.0,3.0,3.0,7.0,1.0,0,0,0.10606134317497319,0,0.02
12.0,1.0,2.0,6.0,6.0,2.0,869.7667236328125,3.0,5.0,8.0,1.0,0,0,0.059236085402832095,0,0.04
8.0,1.0,1.0,7.0,6.0,2.0,1088.9166259765625,1.0,5.0,2.0,1.0,0,0,0.025511973964695567,0,0.0
13.0,1.0,2.0,5.0,6.0,1.0,111.11111450195312,3.0,1.0,7.0,1.0,0,0,0.18077814981439028,0,0.08
7.0,1.0,1.0,8.0,6.0,2.0,375.0,0.0,1.0,2.0,1.0,0,1,0.5898346930981289,0,0.006666666666666667
16.0,2.0,1.0,5.0,6.0,1.0,1463.3333740234375,3.0,3.0,1.0,1.0,0,0,0.08565364237090177,0,0.02
14.0,1.0,1.0,3.0,6.0,2.0,813.611083984375,3.0,5.0,1.0,1.0,0,0,0.04794352781174774,0,0.0
7.0,1.0,1.0,8.0,6.0,2.0,1017.9666748046875,1.0,7.0,1.0,1.0,0,0,0.0018566217912349072,0,0.0
13.0,2.0,2.0,9.0,6.0,2.0,166.6666717529297,3.0,2.0,6.0,2.0,0,0,0.21569284266849992,0,0.03333333333333333
16.0,1.0,1.0,5.0,6.0,2.0,1612.6666259765625,3.0,5.0,1.0,1.0,0,0,0.15982705859628857,0,0.016666666666666666
11.0,2.0,2.0,4.0,6.0,1.0,233.24075317382812,1.0,1.0,8.0,1.0,0,0,0.1922367632835432,0,0.0033333333333333335
11.0,1.0,1.0,3.0,6.0,2.0,818.3699951171875,1.0,6.0,1.0,1.0,0,0,0.04512248915580097,0,0.0
12.0,2.0,1.0,6.0,6.0,2.0,1329.0,2.0,5.0,1.0,1.0,0,0,0.09250751881774043,0,0.0
10.0,1.0,1.0,7.0,6.0,2.0,2020.6666259765625,1.0,8.0,2.0,1.0,0,0,0.08185818863773282,0,0.0
19.0,2.0,1.0,3.0,6.0,2.0,1500.0,4.0,8.0,9.0,1.0,0,1,0.8747805025863369,0,0.07333333333333333
19.0,2.0,1.0,3.0,6.0,2.0,1800.0,4.0,5.0,2.0,1.0,0,1,0.9497548669719186,0,0.4666666666666667
16.0,2.0,1.0,5.0,6.0,1.0,1750.5369873046875,3.0,8.0,1.0,1.0,1,0,0.1004284649957917,0,0.07
16.0,2.0,2.0,6.0,6.0,2.0,750.0,3.0,8.0,1.0,1.0,0,0,0.2765763939696885,0,0.006666666666666667
16.0,2.0,1.0,2.0,6.0,2.0,1539.2723388671875,3.0,3.0,8.0,1.0,0,0,0.19884996820038237,0,0.0
8.0,2.0,1.0,6.0,6.0,2.0,221.5,1.0,6.0,2.0,1.0,0,0,0.01799152865195938,0,0.01
13.0,1.0,2.0,3.0,27.0,2.0,157.68519592285156,1.0,1.0,7.0,1.0,0,1,0.7869456454816821,0,0.05333333333333334
18.0,2.0,2.0,2.0,6.0,1.0,2330.0,4.0,1.0,7.0,1.0,1,1,0.9770731893047223,1,0.7533333333333333
13.0,1.0,1.0,2.0,6.0,2.0,1271.6666259765625,2.0,5.0,1.0,1.0,0,0,0.15887114111334302,0,0.0
16.0,1.0,1.0,2.0,6.0,2.0,2768.5,3.0,5.0,1.0,1.0,0,0,0.19474848123316246,0,0.14333333333333334
13.0,1.0,1.0,7.0,6.0,2.0,950.0,1.0,8.0,1.0,1.0,0,0,0.2602962206065977,0,0.0
11.0,2.0,1.0,6.0,6.0,2.0,1324.0,1.0,5.0,1.0,1.0,0,0,0.05168575823822363,0,0.0
16.0,2.0,1.0,2.0,6.0,2.0,828.3333129882812,3.0,3.0,1.0,1.0,0,0,0.11890278237795861,0,0.0033333333333333335
10.0,2.0,1.0,7.0,6.0,2.0,900.5833129882812,1.0,5.0,1.0,1.0,0,0,0.03343680745120257,0,0.0
17.0,2.0,2.0,9.0,6.0,2.0,3509.21435546875,3.0,2.0,8.0,1.0,0,1,0.6274006886606551,0,0.14333333333333334
18.0,1.0,2.0,2.0,2.0,1.0,1427.8499755859375,3.0,1.0,1.0,1.0,1,1,0.8452750743129118,0,0.16666666666666666
8.0,1.0,1.0,2.0,6.0,1.0,133.5,1.0,5.0,1.0,1.0,0,0,0.005487002701140996,0,0.0
6.0,1.0,1.0,7.0,6.0,2.0,1300.0,0.0,1.0,1.0,1.0,0,0,0.3446707789999507,0,0.48
8.0,1.0,1.0,6.0,6.0,2.0,186.6666717529297,1.0,6.0,1.0,1.0,0,0,0.010036413010211447,0,0.0033333333333333335
17.0,1.0,1.0,9.0,6.0,2.0,1089.199951171875,3.0,8.0,2.0,1.0,0,1,0.6372119844551762,0,0.03666666666666667
6.0,1.0,1.0,8.0,6.0,2.0,1334.0333251953125,0.0,1.0,3.0,1.0,0,1,0.5066195170896389,0,0.04666666666666667
11.0,1.0,1.0,7.0,6.0,2.0,783.7333374023438,1.0,5.0,2.0,1.0,0,0,0.19570629246357815,0,0.0
18.0,2.0,1.0,9.0,6.0,2.0,675.0,4.0,2.0,1.0,1.0,0,1,0.8869198099948393,0,0.3233333333333333
12.0,1.0,1.0,2.0,6.0,2.0,994.25,2.0,4.0,1.0,1.0,0,0,0.08242792607927155,0,0.0
7.0,1.0,1.0,5.0,27.0,1.0,1372.6041259765625,1.0,5.0,1.0,1.0,0,0,0.003660763184771601,0,0.02
11.0,2.0,1.0,7.0,6.0,2.0,1725.86669921875,1.0,8.0,1.0,1.0,0,0,0.053660429039075655,0,0.0
12.0,1.0,1.0,7.0,6.0,2.0,1082.5,1.0,5.0,1.0,1.0,0,0,0.16891394304866936,0,0.0
18.0,1.0,1.0,7.0,6.0,2.0,2214.433349609375,3.0,5.0,2.0,1.0,0,1,0.8423741474596713,0,0.04666666666666667
6.0,1.0,2.0,7.0,6.0,2.0,394.4444580078125,0.0,8.0,1.0,1.0,0,0,0.21976639594135453,0,0.05333333333333334
19.0,1.0,1.0,2.0,6.0,2.0,2260.260009765625,4.0,3.0,1.0,1.0,1,1,0.8945111044391586,1,0.6666666666666666
18.0,2.0,1.0,3.0,27.0,2.0,2382.25,4.0,5.0,1.0,1.0,1,1,0.8782750936763528,0,0.43333333333333335
9.0,1.0,1.0,2.0,6.0,2.0,2723.333251953125,1.0,3.0,1.0,1.0,0,0,0.006855510876708576,0,0.0
8.0,2.0,2.0,9.0,6.0,2.0,715.8444213867188,1.0,5.0,6.0,1.0,0,0,0.03292366495017178,0,0.01
15.0,2.0,1.0,2.0,6.0,2.0,300.0,3.0,4.0,1.0,1.0,0,0,0.0875559784634278,0,0.006666666666666667
14.0,1.0,1.0,1.0,6.0,1.0,545.5556030273438,3.0,5.0,2.0,1.0,0,0,0.15619435159311781,0,0.013333333333333334
11.0,2.0,1.0,3.0,6.0,2.0,433.0,1.0,1.0,2.0,1.0,0,0,0.15446486623436226,0,0.0
9.0,1.0,1.0,2.0,6.0,2.0,1131.9791259765625,1.0,5.0,1.0,1.0,0,0,0.011019264436632037,0,0.0
8.0,2.0,1.0,3.0,6.0,2.0,1513.3333740234375,1.0,8.0,1.0,1.0,0,0,0.0025607488257836254,0,0.0
9.0,1.0,1.0,2.0,6.0,2.0,871.52001953125,1.0,5.0,1.0,1.0,0,0,0.011182707978635912,0,0.0
9.0,1.0,1.0,2.0,6.0,2.0,1008.3333129882812,1.0,5.0,1.0,1.0,0,0,0.011096558136862987,0,0.0
18.0,1.0,1.0,1.0,6.0,2.0,3411.416748046875,4.0,8.0,1.0,1.0,0,1,0.84927692359785,0,0.016666666666666666
14.0,1.0,1.0,3.0,6.0,2.0,2875.0,3.0,8.0,1.0,1.0,0,0,0.03548824107135985,0,0.0
7.0,1.0,2.0,6.0,6.0,2.0,1660.2249755859375,0.0,8.0,7.0,1.0,0,1,0.531693805666594,0,0.02
13.0,1.0,1.0,3.0,6.0,2.0,1186.25,2.0,6.0,1.0,1.0,0,0,0.1532266912343527,0,0.0
7.0,2.0,1.0,2.0,6.0,2.0,855.2083129882812,0.0,5.0,1.0,1.0,0,0,0.14552662110430462,0,0.0
14.0,1.0,1.0,4.0,6.0,2.0,625.0,3.0,8.0,1.0,1.0,0,0,0.04467627052485576,0,0.0
13.0,2.0,1.0,7.0,6.0,2.0,713.47998046875,2.0,8.0,1.0,1.0,0,0,0.1902577384089977,0,0.0
16.0,2.0,1.0,7.0,6.0,2.0,1871.3887939453125,3.0,6.0,1.0,1.0,0,0,0.30422439018830466,0,0.0033333333333333335
13.0,2.0,2.0,2.0,2.0,1.0,704.8095092773438,3.0,5.0,8.0,1.0,0,0,0.07594897031949366,0,0.013333333333333334
17.0,2.0,1.0,2.0,6.0,2.0,1005.5556030273438,3.0,2.0,1.0,1.0,0,0,0.30034891198075253,0,0.0
18.0,2.0,1.0,7.0,6.0,2.0,1672.6083984375,4.0,8.0,1.0,1.0,0,1,0.8816525578206943,1,0.6166666666666667
8.0,1.0,1.0,7.0,6.0,2.0,2226.666748046875,1.0,8.0,1.0,1.0,0,0,0.008130053846272993,0,0.0
11.0,1.0,1.0,5.0,6.0,2.0,1010.0,1.0,8.0,1.0,1.0,0,0,0.02881739547283654,0,0.0
17.0,1.0,1.0,7.0,6.0,2.0,1925.0,3.0,6.0,1.0,1.0,0,1,0.553171956233568,0,0.0033333333333333335
7.0,1.0,1.0,7.0,6.0,2.0,116.0,0.0,8.0,1.0,1.0,0,0,0.2832358681659747,0,0.04666666666666667
9.0,1.0,2.0,5.0,6.0,2.0,1202.666748046875,1.0,8.0,1.0,1.0,0,0,0.01006558591057408,0,0.0033333333333333335
13.0,2.0,1.0,7.0,6.0,2.0,1673.75,3.0,5.0,1.0,1.0,0,0,0.039679017790326565,0,0.0
11.0,1.0,1.0,8.0,6.0,2.0,980.5916137695312,1.0,6.0,9.0,1.0,0,0,0.05911973179350196,0,0.0
14.0,1.0,1.0,7.0,6.0,2.0,979.6099853515625,3.0,5.0,1.0,1.0,0,0,0.10881101962771428,0,0.0
11.0,1.0,2.0,7.0,6.0,2.0,658.3333740234375,1.0,1.0,7.0,2.0,0,1,0.5768347161457336,0,0.07666666666666666
15.0,2.0,1.0,2.0,6.0,2.0,1212.857177734375,3.0,1.0,1.0,1.0,0,0,0.18551817669792772,0,0.006666666666666667
12.0,2.0,1.0,1.0,6.0,2.0,122.91666412353516,1.0,8.0,2.0,1.0,0,0,0.16423270614438892,0,0.006666666666666667
8.0,1.0,2.0,8.0,6.0,2.0,1954.260009765625,1.0,1.0,1.0,1.0,0,0,0.01857008825861774,0,0.006666666666666667
19.0,2.0,1.0,3.0,6.0,2.0,937.2944946289062,3.0,5.0,2.0,1.0,1,1,0.783246293129612,0,0.36666666666666664
14.0,1.0,1.0,3.0,6.0,2.0,1359.9366455078125,3.0,5.0,2.0,1.0,0,0,0.10720713781572015,0,0.016666666666666666
15.0,2.0,1.0,2.0,6.0,2.0,1250.0,3.0,3.0,1.0,1.0,0,0,0.05928471413814037,0,0.0
17.0,1.0,1.0,2.0,6.0,2.0,241.0,3.0,5.0,9.0,1.0,0,0,0.38842119612607323,0,0.04666666666666667
9.0,2.0,1.0,5.0,6.0,2.0,4755.41650390625,1.0,5.0,1.0,1.0,0,0,0.0048844615043108375,0,0.0
13.0,1.0,2.0,4.0,6.0,1.0,528.3333740234375,3.0,5.0,1.0,1.0,0,0,0.03892788589769411,0,0.016666666666666666
17.0,1.0,1.0,4.0,6.0,2.0,188.75,3.0,8.0,2.0,1.0,0,1,0.5186259480763153,0,0.09666666666666666
19.0,2.0,1.0,7.0,6.0,2.0,950.0,5.0,6.0,2.0,1.0,0,1,0.7253520738267542,0,0.056666666666666664
17.0,2.0,2.0,7.0,41.0,2.0,974.25,1.0,8.0,5.0,1.0,1,1,0.9977359072930508,1,0.5633333333333334
10.0,1.0,2.0,1.0,6.0,2.0,474.28570556640625,1.0,1.0,6.0,1.0,0,0,0.2823586768914944,0,0.013333333333333334
14.0,1.0,1.0,3.0,6.0,2.0,820.0,3.0,8.0,1.0,1.0,0,0,0.03973607750508502,0,0.0
11.0,1.0,1.0,2.0,6.0,2.0,1754.1666259765625,1.0,5.0,1.0,1.0,0,0,0.04487547545583657,0,0.0
18.0,2.0,2.0,5.0,6.0,1.0,1515.5,4.0,8.0,1.0,1.0,0,1,0.8044288264230011,1,0.5533333333333333
7.0,2.0,1.0,2.0,6.0,2.0,2435.910888671875,0.0,8.0,7.0,1.0,0,0,0.25560706943233447,0,0.07333333333333333
8.0,1.0,1.0,7.0,6.0,2.0,590.9000244140625,1.0,8.0,1.0,1.0,0,0,0.008919839110665732,0,0.0
14.0,2.0,2.0,3.0,27.0,2.0,660.0,3.0,5.0,7.0,1.0,0,0,0.2357097427061198,0,0.016666666666666666
6.0,1.0,1.0,1.0,6.0,2.0,489.92498779296875,0.0,5.0,2.0,1.0,0,0,0.2540217697354202,0,0.0
9.0,1.0,1.0,3.0,6.0,2.0,1033.3333740234375,1.0,5.0,5.0,2.0,0,0,0.017736084087285105,0,0.0033333333333333335
14.0,2.0,1.0,5.0,6.0,2.0,7909.0,3.0,8.0,1.0,1.0,0,0,0.01804695979238181,0,0.0
6.0,1.0,1.0,3.0,6.0,1.0,944.8333740234375,0.0,8.0,1.0,1.0,0,0,0.06717538643356862,0,0.0
6.0,2.0,1.0,2.0,6.0,2.0,3122.916748046875,0.0,3.0,1.0,1.0,0,0,0.046313298764575836,0,0.0
6.0,1.0,1.0,7.0,6.0,2.0,755.5833129882812,1.0,8.0,1.0,1.0,0,0,0.002036309698774475,0,0.03333333333333333
8.0,1.0,1.0,3.0,6.0,2.0,1717.333251953125,1.0,8.0,1.0,1.0,0,0,0.0034358309678377717,0,0.0
6.0,1.0,2.0,7.0,6.0,2.0,1172.6343994140625,0.0,1.0,8.0,1.0,0,1,0.6057341187279698,0,0.06666666666666667
10.0,2.0,1.0,9.0,6.0,2.0,624.0,1.0,8.0,1.0,1.0,0,0,0.022139691441863805,0,0.0
6.0,2.0,1.0,7.0,6.0,2.0,1400.0,0.0,8.0,2.0,1.0,0,0,0.24132154151523513,0,0.03666666666666667
17.0,1.0,1.0,9.0,6.0,2.0,1938.0,3.0,1.0,2.0,2.0,0,1,0.8726659905227957,0,0.14
8.0,1.0,2.0,4.0,6.0,2.0,1148.3333740234375,1.0,5.0,7.0,1.0,0,0,0.019300555831339553,0,0.0
10.0,1.0,1.0,3.0,6.0,2.0,807.4074096679688,1.0,5.0,9.0,1.0,0,0,0.02055819003942286,0,0.0
16.0,1.0,1.0,7.0,6.0,2.0,1416.6666259765625,3.0,8.0,1.0,1.0,0,0,0.29958718055373645,0,0.0
13.0,2.0,1.0,2.0,6.0,2.0,340.24798583984375,2.0,3.0,1.0,1.0,0,0,0.09048466580172228,0,0.006666666666666667
12.0,1.0,1.0,8.0,6.0,2.0,2273.25,1.0,8.0,1.0,1.0,0,0,0.0729655378443294,0,0.006666666666666667
6.0,1.0,1.0,8.0,6.0,2.0,519.5999755859375,0.0,1.0,9.0,1.0,0,0,0.2316783110484133,0,0.013333333333333334
6.0,2.0,1.0,3.0,6.0,2.0,4174.58349609375,0.0,5.0,9.0,1.0,0,0,0.05626521499002611,0,0.0
17.0,2.0,2.0,7.0,54.0,2.0,687.5,3.0,5.0,1.0,1.0,0,1,0.859323304485532,0,0.18666666666666668
13.0,2.0,1.0,7.0,6.0,2.0,550.0,3.0,7.0,2.0,1.0,0,0,0.07254567035512581,0,0.006666666666666667
7.0,2.0,2.0,4.0,6.0,1.0,751.9400024414062,0.0,5.0,5.0,1.0,0,0,0.2492032908609815,0,0.02666666666666667
17.0,1.0,1.0,2.0,6.0,2.0,1136.111083984375,3.0,3.0,1.0,1.0,0,0,0.2735601402656335,0,0.0033333333333333335
6.0,2.0,1.0,8.0,6.0,2.0,1045.5999755859375,0.0,1.0,6.0,1.0,0,0,0.41533139695683347,0,0.0
10.0,1.0,1.0,8.0,6.0,2.0,2854.080078125,1.0,1.0,6.0,1.0,0,0,0.1568593424758765,0,0.02666666666666667
10.0,1.0,1.0,7.0,6.0,2.0,1820.4833984375,1.0,5.0,2.0,1.0,0,0,0.09886165349960929,0,0.0
12.0,1.0,1.0,7.0,6.0,1.0,2345.83349609375,3.0,5.0,1.0,1.0,0,0,0.02464364008287846,0,0.0033333333333333335
7.0,2.0,1.0,7.0,6.0,2.0,2230.7666015625,1.0,6.0,2.0,1.0,0,0,0.010017571469875402,0,0.05333333333333334
15.0,2.0,1.0,2.0,6.0,2.0,1054.6666259765625,3.0,5.0,1.0,1.0,0,0,0.08585749339765493,0,0.0
19.0,1.0,1.0,1.0,6.0,2.0,2442.708251953125,4.0,5.0,1.0,1.0,0,1,0.9380585231762615,1,0.58
18.0,1.0,1.0,7.0,6.0,2.0,1101.5999755859375,3.0,5.0,2.0,1.0,0,1,0.8506380366192482,0,0.21666666666666667
15.0,2.0,2.0,6.0,6.0,2.0,2825.237548828125,3.0,1.0,5.0,2.0,1,0,0.48921516412681565,0,0.35
10.0,2.0,2.0,9.0,6.0,2.0,4342.85693359375,1.0,2.0,1.0,1.0,0,0,0.03397020526767019,0,0.0
7.0,2.0,1.0,2.0,6.0,2.0,1106.0050048828125,1.0,5.0,1.0,1.0,0,0,0.001876086469176577,0,0.0
13.0,1.0,1.0,2.0,6.0,1.0,1247.8125,2.0,5.0,2.0,1.0,0,0,0.31267475914382453,0,0.0
9.0,1.0,1.0,6.0,6.0,2.0,795.0,1.0,5.0,2.0,1.0,0,0,0.041202815325393424,0,0.0
17.0,2.0,1.0,5.0,6.0,2.0,1217.2222900390625,3.0,5.0,1.0,1.0,0,0,0.23039443428035755,0,0.06333333333333334
9.0,2.0,1.0,2.0,6.0,2.0,1500.0,1.0,3.0,1.0,1.0,0,0,0.0054191039095511815,0,0.0
13.0,2.0,1.0,2.0,6.0,2.0,1450.27783203125,2.0,5.0,1.0,1.0,0,0,0.1209611368853928,0,0.0
13.0,1.0,1.0,3.0,6.0,2.0,760.0,3.0,5.0,1.0,1.0,0,0,0.023594622247085643,0,0.0
9.0,2.0,1.0,8.0,6.0,2.0,999.7142944335938,1.0,8.0,6.0,1.0,0,0,0.023880407185115814,0,0.01
13.0,1.0,1.0,2.0,6.0,2.0,1299.0,2.0,5.0,1.0,1.0,0,0,0.15866245586318042,0,0.0
11.0,2.0,2.0,2.0,6.0,2.0,311.7599792480469,1.0,5.0,7.0,1.0,0,0,0.13241468396210082,0,0.01
15.0,2.0,1.0,1.0,6.0,2.0,628.5199584960938,3.0,8.0,1.0,1.0,0,0,0.08831653740242232,0,0.0
13.0,1.0,1.0,7.0,6.0,2.0,1653.268310546875,2.0,6.0,1.0,1.0,0,0,0.30131045157371433,0,0.0033333333333333335
12.0,2.0,2.0,3.0,27.0,1.0,637.0833129882812,2.0,6.0,7.0,1.0,0,0,0.34647565456110563,0,0.07333333333333333
14.0,2.0,1.0,7.0,6.0,2.0,1279.023681640625,3.0,5.0,2.0,1.0,0,0,0.17853291379086836,0,0.0
6.0,2.0,1.0,1.0,6.0,2.0,2684.083251953125,0.0,6.0,1.0,1.0,0,0,0.09526939995203192,0,0.006666666666666667
6.0,2.0,2.0,3.0,6.0,2.0,631.9444580078125,0.0,5.0,5.0,1.0,0,0,0.12764668207853408,0,0.0033333333333333335
6.0,2.0,2.0,4.0,6.0,2.0,395.8333435058594,0.0,5.0,7.0,1.0,0,0,0.23612657951342617,0,0.013333333333333334
10.0,1.0,1.0,2.0,6.0,2.0,1350.5999755859375,1.0,5.0,1.0,1.0,0,0,0.02248414930595781,0,0.0
7.0,2.0,2.0,8.0,6.0,2.0,583.5555419921875,0.0,2.0,2.0,1.0,0,0,0.4029487797977813,0,0.043333333333333335
8.0,1.0,1.0,3.0,6.0,2.0,1276.313232421875,1.0,5.0,1.0,1.0,0,0,0.004282778253583536,0,0.0
11.0,2.0,1.0,2.0,6.0,2.0,2265.83349609375,1.0,4.0,1.0,1.0,0,0,0.03181799820360072,0,0.0
8.0,2.0,1.0,3.0,6.0,2.0,829.8571166992188,1.0,5.0,5.0,1.0,0,0,0.004653362617717282,0,0.0
16.0,2.0,1.0,7.0,6.0,2.0,484.0,3.0,8.0,2.0,1.0,0,0,0.44961934137796644,0,0.11
19.0,1.0,1.0,3.0,6.0,2.0,1494.3887939453125,4.0,8.0,5.0,1.0,1,1,0.9263122003903596,1,0.6
9.0,1.0,1.0,2.0,6.0,2.0,822.8809204101562,1.0,5.0,1.0,1.0,0,0,0.011213494555663277,0,0.0
10.0,2.0,1.0,4.0,6.0,2.0,2436.0,1.0,8.0,2.0,1.0,0,0,0.028427586470339248,0,0.013333333333333334
19.0,2.0,1.0,3.0,6.0,2.0,2835.91650390625,4.0,8.0,9.0,1.0,1,1,0.866173206444951,0,0.16
14.0,2.0,1.0,8.0,6.0,2.0,2448.71435546875,3.0,5.0,5.0,1.0,0,0,0.05658869329543824,0,0.0033333333333333335
16.0,1.0,1.0,5.0,6.0,2.0,1391.6666259765625,3.0,6.0,1.0,1.0,0,0,0.18416646376753945,0,0.01
16.0,1.0,1.0,1.0,6.0,2.0,216.5,3.0,5.0,1.0,1.0,0,0,0.25521133693764875,0,0.01
12.0,1.0,1.0,8.0,6.0,2.0,285.71429443359375,1.0,1.0,2.0,1.0,0,0,0.3924023755086411,0,0.0
9.0,1.0,1.0,7.0,6.0,2.0,713.47998046875,1.0,8.0,1.0,1.0,0,0,0.018339261801893342,0,0.0
6.0,2.0,1.0,7.0,6.0,2.0,739.7753295898438,0.0,8.0,2.0,1.0,0,0,0.2482986708327561,0,0.0
10.0,1.0,2.0,1.0,6.0,2.0,1290.0,1.0,5.0,9.0,1.0,0,0,0.04445437600093589,0,0.0033333333333333335
14.0,2.0,1.0,1.0,6.0,2.0,989.8800048828125,3.0,8.0,1.0,1.0,0,0,0.04342410761686023,0,0.0
15.0,2.0,1.0,5.0,6.0,1.0,754.870849609375,3.0,8.0,1.0,1.0,0,0,0.053510611974219004,0,0.0033333333333333335
9.0,1.0,1.0,7.0,6.0,2.0,1096.0745849609375,1.0,5.0,2.0,1.0,0,0,0.05186511430041679,0,0.0
18.0,1.0,1.0,2.0,6.0,2.0,940.0,3.0,4.0,1.0,1.0,0,1,0.5344538735646747,0,0.006666666666666667
8.0,1.0,1.0,5.0,6.0,2.0,646.0,1.0,5.0,1.0,1.0,0,0,0.004018923931798459,0,0.0
6.0,2.0,2.0,9.0,6.0,1.0,203.1481475830078,0.0,5.0,6.0,1.0,0,0,0.41197841151389347,0,0.0
12.0,2.0,2.0,1.0,6.0,2.0,121.66667175292969,2.0,5.0,8.0,1.0,0,0,0.2014113762863966,0,0.03666666666666667
14.0,1.0,1.0,2.0,6.0,2.0,1043.9222412109375,3.0,3.0,2.0,1.0,0,0,0.09253275685422864,0,0.0
18.0,1.0,1.0,6.0,6.0,2.0,507.5,5.0,6.0,1.0,1.0,0,0,0.35591590961940134,0,0.07
6.0,2.0,1.0,7.0,6.0,2.0,3905.177490234375,0.0,8.0,2.0,1.0,0,0,0.21608076852371333,0,0.15666666666666668
10.0,2.0,1.0,3.0,6.0,2.0,1934.1666259765625,1.0,8.0,5.0,1.0,0,0,0.015520301522056454,0,0.0
8.0,1.0,1.0,6.0,6.0,2.0,1155.5,1.0,8.0,1.0,1.0,0,0,0.006684044616665776,0,0.0
8.0,2.0,2.0,2.0,6.0,2.0,206.6666717529297,1.0,5.0,7.0,1.0,0,0,0.016532814538742745,0,0.013333333333333334
12.0,2.0,1.0,7.0,6.0,2.0,3166.083251953125,3.0,8.0,1.0,1.0,0,0,0.014700577967553434,0,0.0
11.0,1.0,1.0,3.0,6.0,2.0,915.4849853515625,1.0,5.0,1.0,1.0,0,0,0.038558184869405564,0,0.0
16.0,1.0,1.0,7.0,6.0,1.0,1453.1666259765625,3.0,6.0,2.0,1.0,0,1,0.5940630494472331,0,0.013333333333333334
7.0,1.0,2.0,1.0,27.0,2.0,479.6499938964844,0.0,5.0,10.0,1.0,0,1,0.7981133682867747,0,0.07
11.0,1.0,2.0,7.0,6.0,2.0,2069.583251953125,1.0,5.0,1.0,1.0,0,0,0.12212983595874334,0,0.006666666666666667
18.0,1.0,1.0,7.0,6.0,2.0,2529.16650390625,3.0,8.0,1.0,1.0,0,1,0.6368658861937776,0,0.0033333333333333335
16.0,1.0,1.0,9.0,6.0,2.0,1040.0,3.0,8.0,1.0,1.0,0,0,0.2551244170096974,0,0.0
9.0,2.0,2.0,7.0,6.0,2.0,1009.5198974609375,1.0,7.0,2.0,1.0,0,0,0.04233105180059313,0,0.0
10.0,1.0,2.0,2.0,6.0,1.0,713.2000122070312,1.0,5.0,7.0,1.0,0,0,0.08657871213416389,0,0.0
6.0,1.0,1.0,2.0,6.0,1.0,767.0833129882812,0.0,5.0,1.0,1.0,0,0,0.09810066577261367,0,0.0
12.0,2.0,1.0,3.0,6.0,2.0,1545.0,3.0,8.0,9.0,1.0,0,0,0.007218597654402952,0,0.006666666666666667
18.0,1.0,1.0,2.0,6.0,1.0,263.0,3.0,5.0,1.0,1.0,0,1,0.5438445136521328,0,0.02666666666666667
12.0,2.0,2.0,1.0,27.0,2.0,478.3333435058594,2.0,5.0,7.0,1.0,0,0,0.41275288160435564,0,0.08666666666666667
9.0,2.0,1.0,2.0,6.0,2.0,1034.0679931640625,1.0,5.0,1.0,1.0,0,0,0.008179338304847177,0,0.0
13.0,1.0,1.0,2.0,6.0,2.0,308.6666564941406,2.0,5.0,2.0,1.0,0,0,0.329297604477747,0,0.013333333333333334
16.0,1.0,1.0,2.0,6.0,1.0,1162.5,3.0,5.0,2.0,1.0,0,0,0.3893615597859985,0,0.01
14.0,1.0,1.0,8.0,6.0,2.0,666.6666870117188,3.0,8.0,1.0,1.0,0,0,0.04900221111009792,0,0.0
8.0,2.0,1.0,9.0,6.0,2.0,3711.83984375,1.0,2.0,3.0,1.0,0,0,0.020930758799656047,0,0.0
12.0,2.0,1.0,8.0,6.0,2.0,606.2000122070312,1.0,1.0,6.0,1.0,0,0,0.40488814470893136,0,0.0
17.0,2.0,1.0,2.0,6.0,2.0,1780.0,3.0,5.0,1.0,1.0,0,0,0.28249596212576483,0,0.006666666666666667
12.0,1.0,2.0,1.0,6.0,1.0,332.7778015136719,1.0,5.0,8.0,1.0,0,0,0.2699783658352243,0,0.0
10.0,2.0,1.0,6.0,6.0,2.0,1717.245849609375,1.0,5.0,1.0,1.0,0,0,0.024860356317504894,0,0.0
10.0,1.0,1.0,6.0,6.0,2.0,513.9285888671875,1.0,5.0,1.0,1.0,0,0,0.0357768533275757,0,0.0033333333333333335
10.0,2.0,1.0,6.0,6.0,2.0,624.0,1.0,5.0,1.0,1.0,0,0,0.026421201747171216,0,0.0
11.0,1.0,1.0,3.0,6.0,2.0,1409.791748046875,1.0,6.0,1.0,1.0,0,0,0.04368801814726226,0,0.0
18.0,1.0,1.0,6.0,6.0,2.0,3420.699951171875,3.0,5.0,1.0,1.0,1,1,0.6102285299035111,0,0.08
16.0,2.0,1.0,3.0,6.0,2.0,855.3932495117188,3.0,5.0,1.0,1.0,0,0,0.13909332659138615,0,0.0
9.0,2.0,2.0,5.0,6.0,2.0,5330.85400390625,1.0,5.0,7.0,1.0,0,0,0.01893782490921049,0,0.0
16.0,1.0,2.0,7.0,6.0,2.0,651.6166381835938,3.0,8.0,1.0,1.0,0,0,0.40351211109319024,0,0.02
8.0,2.0,1.0,3.0,6.0,2.0,856.6666259765625,1.0,5.0,1.0,1.0,0,0,0.003232148045256511,0,0.0
12.0,2.0,1.0,7.0,6.0,2.0,1183.3333740234375,1.0,6.0,1.0,1.0,0,0,0.14841405664094615,0,0.0
11.0,2.0,1.0,4.0,6.0,2.0,662.1666870117188,1.0,8.0,1.0,1.0,0,0,0.026776940914878047,0,0.0
18.0,2.0,1.0,9.0,6.0,2.0,492.0278015136719,4.0,8.0,1.0,1.0,0,1,0.8619911069587094,0,0.043333333333333335
15.0,2.0,2.0,8.0,6.0,2.0,3281.666748046875,3.0,1.0,9.0,2.0,0,0,0.3151906007570049,0,0.11
13.0,2.0,1.0,1.0,6.0,2.0,890.844970703125,3.0,5.0,2.0,1.0,0,0,0.06135357359940426,0,0.0
18.0,1.0,1.0,3.0,6.0,2.0,1162.00830078125,3.0,5.0,1.0,1.0,0,0,0.48519836440916947,0,0.043333333333333335
13.0,1.0,2.0,5.0,27.0,1.0,74.0,3.0,5.0,8.0,1.0,0,0,0.11571093370312303,0,0.016666666666666666
15.0,2.0,1.0,7.0,6.0,2.0,1015.0,3.0,8.0,1.0,1.0,0,0,0.13352726715998747,0,0.0
13.0,1.0,1.0,2.0,6.0,2.0,568.2166748046875,3.0,5.0,2.0,1.0,0,0,0.06879174023693221,0,0.006666666666666667
10.0,2.0,1.0,6.0,6.0,2.0,739.0016479492188,1.0,5.0,2.0,1.0,0,0,0.062202023579346497,0,0.01
11.0,2.0,1.0,8.0,6.0,2.0,819.6666870117188,1.0,8.0,5.0,1.0,0,0,0.04155099918258114,0,0.0
18.0,1.0,1.0,2.0,6.0,2.0,316.0,1.0,5.0,2.0,1.0,1,1,0.9563015966334841,0,0.49333333333333335
9.0,1.0,2.0,2.0,6.0,1.0,189.34999084472656,1.0,3.0,1.0,1.0,0,0,0.011671245827533842,0,0.0
17.0,2.0,2.0,6.0,6.0,2.0,435.3333435058594,3.0,5.0,7.0,1.0,0,1,0.7265774182134999,0,0.013333333333333334
15.0,2.0,1.0,6.0,6.0,2.0,829.0,3.0,5.0,1.0,1.0,0,0,0.12763394425596047,0,0.0
12.0,1.0,1.0,4.0,6.0,2.0,2669.270751953125,2.0,8.0,1.0,1.0,0,0,0.05869493166608888,0,0.0
9.0,1.0,1.0,2.0,6.0,2.0,216.5738067626953,1.0,5.0,1.0,1.0,0,0,0.011604366731836055,0,0.0033333333333333335
10.0,1.0,1.0,7.0,6.0,2.0,1466.5556640625,1.0,5.0,2.0,1.0,0,0,0.1006787604912502,0,0.0
15.0,1.0,1.0,2.0,6.0,2.0,840.0,3.0,3.0,1.0,1.0,0,0,0.08059029894761839,0,0.0
19.0,1.0,1.0,5.0,6.0,2.0,1211.506591796875,4.0,8.0,1.0,1.0,0,1,0.8892717033309684,0,0.16333333333333333
17.0,1.0,1.0,8.0,6.0,2.0,1752.3333740234375,3.0,6.0,1.0,1.0,0,0,0.3866909342476882,0,0.03
10.0,2.0,1.0,2.0,6.0,2.0,1315.1666259765625,1.0,5.0,2.0,1.0,0,0,0.04006210418934403,0,0.0
8.0,1.0,1.0,2.0,6.0,2.0,1180.166748046875,1.0,8.0,7.0,1.0,0,0,0.011594644398039087,0,0.009826513519980857
16.0,2.0,2.0,7.0,6.0,1.0,300.0,3.0,8.0,1.0,1.0,0,0,0.3318463693117917,0,0.02
17.0,1.0,1.0,7.0,6.0,2.0,1024.5999755859375,3.0,5.0,1.0,1.0,0,1,0.5265883079617111,0,0.006666666666666667
19.0,1.0,1.0,8.0,6.0,2.0,1293.0555419921875,4.0,6.0,5.0,1.0,0,1,0.9572180542138988,0,0.33
15.0,1.0,2.0,7.0,6.0,1.0,416.66668701171875,3.0,1.0,6.0,2.0,0,1,0.8248819925253514,0,0.09
14.0,2.0,1.0,4.0,6.0,1.0,2024.0,3.0,8.0,1.0,1.0,0,0,0.03012903935341584,0,0.02666666666666667
8.0,2.0,1.0,2.0,6.0,2.0,2927.083251953125,1.0,5.0,1.0,1.0,0,0,0.0035280824288149637,0,0.0
8.0,1.0,1.0,7.0,6.0,2.0,433.3333435058594,1.0,8.0,1.0,1.0,0,0,0.008999817924024916,0,0.0
15.0,2.0,2.0,1.0,6.0,2.0,446.111083984375,3.0,5.0,5.0,2.0,0,0,0.26310602882826006,0,0.13666666666666666
16.0,2.0,1.0,2.0,6.0,2.0,700.0,3.0,5.0,1.0,1.0,0,0,0.1669081368085866,0,0.0
11.0,2.0,2.0,3.0,27.0,1.0,112.66667175292969,1.0,5.0,5.0,1.0,0,0,0.1178760609364234,0,0.0
11.0,1.0,1.0,5.0,6.0,2.0,2185.0,1.0,8.0,1.0,1.0,0,0,0.026995908415969303,0,0.013333333333333334
8.0,2.0,1.0,7.0,6.0,2.0,1099.4000244140625,1.0,1.0,1.0,1.0,0,0,0.018795570585270767,0,0.0
14.0,2.0,2.0,8.0,6.0,2.0,1179.7222900390625,3.0,2.0,2.0,1.0,0,0,0.1482535014220134,0,0.023333333333333334
18.0,1.0,1.0,7.0,6.0,2.0,3877.5322265625,3.0,8.0,1.0,1.0,0,1,0.6188591981775755,0,0.016666666666666666
12.0,1.0,1.0,7.0,6.0,2.0,1190.8333740234375,2.0,8.0,2.0,1.0,0,0,0.2677222716426566,0,0.0033333333333333335
18.0,1.0,1.0,2.0,6.0,2.0,1844.7916259765625,4.0,4.0,1.0,1.0,1,1,0.8569558634501041,0,0.04666666666666667
16.0,2.0,1.0,7.0,6.0,2.0,1208.0,3.0,8.0,1.0,1.0,0,0,0.2416170438968098,0,0.013333333333333334
10.0,2.0,1.0,2.0,6.0,2.0,1217.666748046875,1.0,3.0,1.0,1.0,0,0,0.011442316278889052,0,0.0
15.0,1.0,1.0,3.0,6.0,1.0,2043.0556640625,3.0,8.0,9.0,1.0,0,0,0.07896828190134503,0,0.0
7.0,1.0,1.0,3.0,6.0,2.0,775.4166870117188,1.0,5.0,1.0,1.0,0,0,0.0021129579354422063,0,0.0
15.0,2.0,2.0,1.0,6.0,2.0,705.5556030273438,3.0,8.0,1.0,1.0,0,0,0.12740612365608403,0,0.013333333333333334
19.0,2.0,1.0,2.0,6.0,1.0,979.4666137695312,4.0,5.0,1.0,1.0,1,1,0.906329436770238,1,0.7733333333333333
8.0,1.0,1.0,6.0,6.0,2.0,1004.25,1.0,8.0,1.0,1.0,0,0,0.006741694471576843,0,0.0
9.0,2.0,2.0,6.0,6.0,2.0,136.25,1.0,5.0,2.0,1.0,0,0,0.047365565115434605,0,0.0
12.0,2.0,1.0,7.0,6.0,2.0,1031.5277099609375,1.0,5.0,2.0,1.0,0,0,0.2695927985645416,0,0.0
7.0,2.0,1.0,2.0,6.0,2.0,779.4000244140625,0.0,5.0,1.0,1.0,0,0,0.14606631449891436,0,0.0033333333333333335
13.0,1.0,1.0,7.0,6.0,2.0,221.42857360839844,3.0,6.0,1.0,1.0,0,0,0.0667066783312331,0,0.2833333333333333
10.0,1.0,1.0,2.0,6.0,2.0,2535.395751953125,1.0,3.0,1.0,1.0,0,0,0.014375402641305162,0,0.0
17.0,2.0,2.0,1.0,27.0,2.0,310.61907958984375,3.0,5.0,7.0,1.0,0,1,0.8122058483194795,0,0.18
7.0,2.0,1.0,7.0,6.0,2.0,765.0,1.0,1.0,1.0,1.0,0,0,0.009254323038600047,0,0.0
16.0,2.0,2.0,5.0,6.0,2.0,183.33334350585938,3.0,1.0,7.0,1.0,0,1,0.6017718731963914,0,0.10333333333333333
19.0,2.0,1.0,2.0,6.0,2.0,1076.0,4.0,5.0,1.0,1.0,0,1,0.9077691797413332,0,0.33
11.0,2.0,1.0,7.0,6.0,2.0,403.0333251953125,1.0,5.0,2.0,1.0,0,0,0.15471548881522718,0,0.0
19.0,2.0,1.0,1.0,6.0,2.0,1988.8416748046875,4.0,1.0,2.0,1.0,1,1,0.98568810509654,0,0.37666666666666665
11.0,2.0,2.0,9.0,6.0,2.0,257.22222900390625,1.0,5.0,6.0,1.0,0,0,0.2419717416860898,0,0.10333333333333333
15.0,1.0,1.0,6.0,6.0,2.0,2485.666748046875,3.0,6.0,1.0,1.0,0,0,0.1748359197732239,0,0.0033333333333333335
12.0,2.0,1.0,8.0,6.0,2.0,599.6666870117188,2.0,8.0,6.0,1.0,0,0,0.1698602372212855,0,0.016666666666666666
15.0,1.0,1.0,3.0,6.0,2.0,1985.4166259765625,3.0,8.0,1.0,1.0,0,0,0.07486554057108326,0,0.0
9.0,1.0,1.0,7.0,6.0,2.0,1340.2508544921875,1.0,8.0,1.0,1.0,0,0,0.017705248933549505,0,0.0
8.0,2.0,2.0,2.0,6.0,2.0,499.6499938964844,1.0,1.0,7.0,1.0,0,0,0.03888281219507317,0,0.0
14.0,1.0,1.0,7.0,6.0,2.0,3180.0,3.0,8.0,1.0,1.0,0,0,0.08130775179607286,0,0.0
17.0,1.0,1.0,2.0,6.0,1.0,6511.66650390625,3.0,5.0,1.0,1.0,0,0,0.28522445927842266,0,0.006666666666666667
10.0,1.0,1.0,3.0,6.0,2.0,2313.553955078125,1.0,5.0,2.0,1.0,0,0,0.041755609804706835,0,0.0033333333333333335
9.0,2.0,1.0,2.0,6.0,2.0,2191.25,1.0,5.0,1.0,1.0,0,0,0.007659799517342243,0,0.0
9.0,2.0,2.0,5.0,6.0,2.0,1516.6666259765625,1.0,8.0,7.0,1.0,0,0,0.019351894884620812,0,0.026163372384987112
12.0,1.0,2.0,7.0,6.0,2.0,572.4166259765625,2.0,8.0,1.0,1.0,0,0,0.1890156778180549,0,0.013333333333333334
11.0,1.0,2.0,9.0,11.0,1.0,358.92498779296875,1.0,5.0,8.0,1.0,0,0,0.1521498708503641,0,0.0033333333333333335
16.0,1.0,1.0,6.0,6.0,2.0,1672.77001953125,3.0,1.0,1.0,1.0,0,0,0.4921222762238023,0,0.013333333333333334
16.0,1.0,2.0,1.0,6.0,2.0,67.22222137451172,3.0,5.0,7.0,2.0,0,1,0.658990006269685,0,0.07666666666666666
19.0,1.0,1.0,1.0,6.0,2.0,2692.800048828125,4.0,4.0,1.0,1.0,0,1,0.9359342627469511,0,0.29
13.0,1.0,1.0,7.0,6.0,2.0,1025.0,3.0,8.0,1.0,1.0,0,0,0.04570153622181241,0,0.013333333333333334
15.0,1.0,1.0,3.0,6.0,2.0,2269.4443359375,3.0,5.0,1.0,1.0,0,0,0.08830581518988978,0,0.0
17.0,2.0,1.0,7.0,6.0,2.0,1900.0,3.0,8.0,1.0,1.0,0,0,0.39029584313665433,0,0.0
9.0,1.0,1.0,2.0,6.0,1.0,1063.199951171875,1.0,5.0,1.0,1.0,0,0,0.010817718284111728,0,0.0
16.0,1.0,1.0,7.0,6.0,2.0,1372.666748046875,3.0,8.0,1.0,1.0,0,0,0.30011522441688004,0,0.0033333333333333335
6.0,1.0,1.0,6.0,6.0,2.0,717.8571166992188,0.0,8.0,1.0,1.0,0,0,0.1236048059723669,0,0.12333333333333334
9.0,1.0,1.0,4.0,6.0,2.0,899.2999877929688,1.0,8.0,1.0,1.0,0,0,0.008369340134723135,0,0.0
13.0,1.0,1.0,7.0,6.0,2.0,1754.1666259765625,3.0,8.0,1.0,1.0,0,0,0.04391769734606828,0,0.0
11.0,2.0,1.0,3.0,6.0,2.0,1089.8582763671875,1.0,5.0,1.0,1.0,0,0,0.02839512425439145,0,0.0
9.0,1.0,1.0,3.0,6.0,2.0,1136.0,1.0,8.0,1.0,1.0,0,0,0.007395208614010032,0,0.0
7.0,1.0,1.0,2.0,6.0,1.0,894.0,0.0,5.0,2.0,1.0,0,0,0.3570475537593949,0,0.0033333333333333335
19.0,2.0,1.0,2.0,6.0,2.0,2108.7099609375,4.0,5.0,1.0,1.0,0,1,0.902706208876326,0,0.06
11.0,1.0,1.0,9.0,6.0,2.0,1480.0,1.0,5.0,1.0,1.0,0,0,0.0693238112623133,0,0.0033333333333333335
12.0,2.0,1.0,8.0,6.0,2.0,1226.8333740234375,3.0,5.0,1.0,1.0,0,0,0.010122412478395935,0,0.0
19.0,1.0,1.0,7.0,6.0,2.0,1474.0,4.0,8.0,2.0,1.0,0,1,0.9813592188004119,1,0.5633333333333334
18.0,2.0,1.0,2.0,6.0,2.0,864.0086059570312,3.0,5.0,1.0,1.0,0,0,0.46445270109195874,0,0.043333333333333335
18.0,2.0,1.0,7.0,6.0,2.0,1033.2667236328125,5.0,5.0,1.0,1.0,0,0,0.3037155667443529,0,0.08666666666666667
9.0,2.0,2.0,6.0,6.0,2.0,501.3416442871094,1.0,5.0,7.0,1.0,0,0,0.05045486215063144,0,0.0
10.0,1.0,1.0,1.0,6.0,2.0,989.8800048828125,1.0,8.0,1.0,1.0,0,0,0.023089618052341252,0,0.0
14.0,1.0,1.0,7.0,6.0,2.0,499.75,3.0,5.0,1.0,1.0,0,0,0.11149969016977823,0,0.006666666666666667
15.0,1.0,2.0,7.0,6.0,2.0,470.4166564941406,3.0,5.0,6.0,1.0,0,1,0.5879044961344323,0,0.056666666666666664
15.0,1.0,1.0,3.0,6.0,2.0,1519.7750244140625,3.0,5.0,1.0,1.0,0,0,0.09181732267925524,0,0.0
12.0,1.0,2.0,5.0,6.0,2.0,630.0000610351562,2.0,1.0,6.0,1.0,0,0,0.47834550894600186,0,0.03666666666666667
6.0,2.0,2.0,9.0,6.0,2.0,1762.9285888671875,1.0,2.0,8.0,1.0,0,0,0.004072083516807237,0,0.006666666666666667
10.0,2.0,1.0,5.0,6.0,2.0,881.2037353515625,1.0,5.0,8.0,1.0,0,0,0.02393921360175789,0,0.0
9.0,1.0,1.0,3.0,6.0,2.0,461.4285583496094,1.0,6.0,1.0,1.0,0,0,0.010917137216131198,0,0.0
15.0,1.0,2.0,2.0,6.0,1.0,1216.316650390625,3.0,8.0,6.0,1.0,0,0,0.3555353458287432,0,0.023333333333333334
17.0,2.0,2.0,3.0,6.0,1.0,1304.385009765625,3.0,5.0,7.0,1.0,0,1,0.5667099702824707,0,0.03666666666666667
8.0,1.0,2.0,5.0,6.0,2.0,352.5000305175781,1.0,5.0,6.0,1.0,0,0,0.02179339837501077,0,0.0
9.0,1.0,2.0,4.0,6.0,2.0,871.9000244140625,1.0,8.0,2.0,1.0,0,0,0.030522540977716544,0,0.0
11.0,1.0,1.0,2.0,6.0,2.0,1668.9776611328125,1.0,5.0,6.0,1.0,0,0,0.14480560703973666,0,0.0
12.0,1.0,2.0,2.0,6.0,2.0,713.75,1.0,8.0,8.0,1.0,0,0,0.19901647887754842,0,0.0
7.0,1.0,1.0,2.0,6.0,2.0,826.875,1.0,5.0,2.0,1.0,0,0,0.00634327786961936,0,0.0
10.0,1.0,1.0,8.0,6.0,2.0,599.6666870117188,1.0,8.0,6.0,1.0,0,0,0.06636987395386934,0,0.0
12.0,2.0,1.0,8.0,6.0,2.0,1980.0,2.0,6.0,6.0,1.0,0,0,0.21231475628539723,0,0.0033333333333333335
19.0,2.0,1.0,4.0,6.0,2.0,850.0,4.0,5.0,2.0,1.0,1,1,0.9570898921704876,0,0.4266666666666667
19.0,1.0,1.0,7.0,6.0,2.0,1236.4000244140625,4.0,5.0,2.0,1.0,1,1,0.984830039599173,1,0.6033333333333334
12.0,1.0,1.0,7.0,6.0,2.0,2513.333251953125,1.0,8.0,2.0,1.0,0,0,0.2747051207049442,0,0.0
17.0,2.0,2.0,5.0,6.0,1.0,111.11111450195312,3.0,8.0,6.0,1.0,1,1,0.5818540172632574,0,0.2
9.0,1.0,1.0,7.0,6.0,2.0,1581.5001220703125,1.0,6.0,1.0,1.0,0,0,0.024714833862518677,0,0.0
13.0,1.0,1.0,3.0,6.0,2.0,522.5,3.0,8.0,1.0,1.0,0,0,0.019738168372988647,0,0.0
17.0,1.0,1.0,3.0,6.0,2.0,495.0,3.0,8.0,1.0,1.0,0,0,0.27800060801529786,0,0.0
12.0,2.0,1.0,2.0,6.0,2.0,2153.199951171875,1.0,5.0,1.0,1.0,0,0,0.06599297011813435,0,0.01
7.0,1.0,2.0,7.0,6.0,2.0,703.625,1.0,1.0,1.0,1.0,0,0,0.018915411170199067,0,0.016666666666666666
13.0,2.0,1.0,2.0,6.0,1.0,633.4166259765625,2.0,5.0,1.0,1.0,0,0,0.12354716528791188,0,0.0
16.0,1.0,1.0,7.0,6.0,2.0,422.02996826171875,3.0,5.0,1.0,1.0,0,0,0.35516221370478374,0,0.016666666666666666
7.0,1.0,1.0,4.0,6.0,2.0,1134.13330078125,1.0,8.0,2.0,1.0,0,0,0.004666785814405194,0,0.0
8.0,1.0,1.0,2.0,6.0,2.0,1319.0,1.0,5.0,1.0,1.0,0,0,0.005245925981661132,0,0.0
6.0,1.0,2.0,5.0,6.0,2.0,154.41665649414062,0.0,5.0,7.0,1.0,0,0,0.2563907022902176,0,0.013333333333333334
17.0,2.0,1.0,8.0,6.0,2.0,1169.0999755859375,3.0,1.0,6.0,1.0,1,1,0.7823087464868521,0,0.09333333333333334
16.0,1.0,1.0,7.0,6.0,2.0,2316.666748046875,3.0,8.0,1.0,1.0,0,0,0.2889041966624206,0,0.0033333333333333335
14.0,2.0,1.0,7.0,6.0,2.0,4570.5,3.0,6.0,1.0,1.0,0,0,0.07898634820129434,0,0.0
17.0,1.0,1.0,3.0,6.0,2.0,4010.39990234375,3.0,5.0,1.0,1.0,0,0,0.27700387490837663,0,0.17
13.0,2.0,1.0,2.0,6.0,2.0,740.0,2.0,5.0,1.0,1.0,0,0,0.12534523000898634,0,0.0
15.0,1.0,1.0,7.0,6.0,2.0,5779.16650390625,3.0,8.0,1.0,1.0,0,0,0.13752915437456006,0,0.0
7.0,1.0,2.0,5.0,27.0,1.0,546.6666259765625,1.0,5.0,8.0,1.0,0,0,0.011046656765648935,0,0.006666666666666667
14.0,1.0,1.0,8.0,6.0,2.0,1726.5875244140625,3.0,1.0,1.0,1.0,0,0,0.1261638347675831,0,0.013333333333333334
19.0,2.0,1.0,4.0,6.0,2.0,1333.3333740234375,3.0,8.0,1.0,1.0,0,1,0.5688150975481618,0,0.06333333333333334
9.0,2.0,1.0,7.0,6.0,2.0,2367.71435546875,1.0,5.0,2.0,1.0,0,0,0.03608796472329023,0,0.013333333333333334
8.0,2.0,1.0,7.0,6.0,2.0,2072.419921875,1.0,8.0,2.0,1.0,0,0,0.014752702132852463,0,0.03666666666666667
16.0,2.0,1.0,7.0,6.0,2.0,2759.166748046875,3.0,8.0,1.0,1.0,0,0,0.22574323431831547,0,0.0
9.0,1.0,1.0,7.0,6.0,2.0,1239.5833740234375,1.0,8.0,1.0,1.0,0,0,0.017805609092740517,0,0.0033333333333333335
11.0,1.0,1.0,3.0,6.0,2.0,2105.0,1.0,8.0,1.0,1.0,0,0,0.02987954966357541,0,0.0
18.0,2.0,1.0,4.0,6.0,2.0,1320.0,4.0,3.0,1.0,1.0,0,1,0.7412614712066594,0,0.07333333333333333
15.0,1.0,1.0,2.0,6.0,2.0,1151.8443603515625,3.0,5.0,1.0,1.0,0,0,0.11260996178035913,0,0.0
17.0,2.0,2.0,8.0,6.0,2.0,2746.0,4.0,5.0,2.0,1.0,1,1,0.884503143314248,1,0.5866666666666667
9.0,1.0,2.0,8.0,6.0,2.0,1345.8333740234375,1.0,5.0,5.0,1.0,0,0,0.02352331143864695,0,0.0033333333333333335
18.0,1.0,1.0,7.0,6.0,2.0,1325.0,4.0,8.0,2.0,1.0,0,1,0.9621223780858634,0,0.12
7.0,1.0,2.0,4.0,6.0,2.0,676.3888549804688,1.0,7.0,7.0,1.0,0,0,0.006931412153296364,0,0.0
9.0,2.0,1.0,4.0,6.0,2.0,1989.5833740234375,1.0,6.0,1.0,1.0,0,0,0.008251258163035957,0,0.0
11.0,1.0,2.0,2.0,6.0,1.0,40.0,2.0,4.0,8.0,2.0,0,0,0.15040333646091839,0,0.03
16.0,1.0,1.0,2.0,6.0,2.0,820.0,3.0,5.0,2.0,1.0,0,0,0.39943427471782506,0,0.0033333333333333335
14.0,1.0,2.0,3.0,6.0,1.0,600.7899780273438,3.0,5.0,7.0,1.0,0,0,0.16842786728111966,0,0.02
16.0,2.0,1.0,6.0,6.0,2.0,951.2919921875,3.0,5.0,1.0,1.0,0,0,0.23295318069363397,0,0.0
11.0,1.0,1.0,3.0,6.0,2.0,741.6666870117188,1.0,8.0,9.0,1.0,0,0,0.034937733484449104,0,0.0
13.0,2.0,2.0,9.0,6.0,2.0,276.19049072265625,3.0,8.0,6.0,1.0,0,0,0.1353514470927265,0,0.01
13.0,2.0,1.0,2.0,6.0,2.0,1348.0,2.0,5.0,1.0,1.0,0,0,0.12158418299004337,0,0.0
15.0,1.0,1.0,2.0,6.0,2.0,779.4000244140625,3.0,5.0,1.0,1.0,0,0,0.1147551008019228,0,0.0
7.0,2.0,2.0,9.0,6.0,2.0,979.1666870117188,1.0,1.0,3.0,1.0,0,0,0.04073489353043989,0,0.02666666666666667
9.0,2.0,1.0,1.0,6.0,2.0,452.46429443359375,1.0,5.0,2.0,1.0,0,0,0.025040764719453164,0,0.0
7.0,2.0,2.0,4.0,6.0,2.0,1615.0,0.0,3.0,7.0,1.0,0,0,0.2902379287718038,0,0.023333333333333334
9.0,2.0,2.0,4.0,6.0,1.0,820.625,1.0,5.0,2.0,1.0,0,0,0.026897104574379216,0,0.0033333333333333335
16.0,1.0,1.0,3.0,6.0,2.0,1683.3333740234375,3.0,8.0,5.0,1.0,0,0,0.19856036084206322,0,0.0033333333333333335
10.0,2.0,1.0,7.0,6.0,1.0,2802.31982421875,1.0,5.0,2.0,1.0,0,0,0.06945079584626632,0,0.0
12.0,1.0,1.0,1.0,6.0,2.0,1750.0,3.0,6.0,1.0,1.0,0,0,0.01890115682001668,0,0.0
15.0,1.0,1.0,7.0,6.0,2.0,1572.083251953125,3.0,8.0,2.0,1.0,0,0,0.33287000717649307,0,0.1
11.0,2.0,1.0,5.0,27.0,2.0,535.5999755859375,1.0,5.0,7.0,1.0,0,0,0.12947152548720753,0,0.016666666666666666
10.0,2.0,1.0,3.0,6.0,2.0,1219.4000244140625,1.0,8.0,6.0,1.0,0,0,0.03930523775303082,0,0.0033333333333333335
16.0,2.0,1.0,1.0,6.0,2.0,341.66668701171875,3.0,7.0,1.0,1.0,0,0,0.15304430427258683,0,0.0
13.0,2.0,1.0,2.0,6.0,2.0,1450.2733154296875,3.0,5.0,1.0,1.0,0,0,0.02058166373445375,0,0.0
10.0,1.0,1.0,5.0,6.0,2.0,720.8333129882812,1.0,5.0,2.0,1.0,0,0,0.04140342561770271,0,0.0
15.0,2.0,2.0,3.0,6.0,2.0,637.8571166992188,3.0,7.0,7.0,1.0,1,0,0.18667395963643812,0,0.016666666666666666
16.0,1.0,1.0,2.0,6.0,1.0,979.4666137695312,3.0,5.0,1.0,1.0,0,0,0.20754744689239885,0,0.0
9.0,2.0,2.0,4.0,6.0,2.0,118.0555648803711,1.0,1.0,7.0,1.0,0,0,0.07286631389049592,0,0.0033333333333333335
12.0,2.0,2.0,4.0,6.0,2.0,394.2222595214844,1.0,8.0,8.0,1.0,0,0,0.14482879523179643,0,0.0
12.0,1.0,1.0,2.0,6.0,1.0,6244.7919921875,1.0,5.0,1.0,1.0,0,0,0.06914329007776573,0,0.02666666666666667
12.0,1.0,1.0,7.0,6.0,2.0,656.5,3.0,1.0,6.0,1.0,0,0,0.19988156120516795,0,0.10666666666666667
9.0,1.0,1.0,9.0,6.0,2.0,924.8822631835938,1.0,5.0,2.0,1.0,0,0,0.041495171143854634,0,0.0033333333333333335
8.0,1.0,2.0,6.0,6.0,2.0,281.25,1.0,8.0,7.0,1.0,0,0,0.027946187139247142,0,0.0
6.0,1.0,1.0,2.0,6.0,2.0,338.5375061035156,0.0,5.0,1.0,1.0,0,0,0.10234684841094756,0,0.0033333333333333335
7.0,1.0,1.0,3.0,6.0,2.0,2870.833251953125,1.0,8.0,1.0,1.0,0,0,0.001541715691109567,0,0.0
15.0,1.0,1.0,2.0,6.0,2.0,2639.091796875,3.0,8.0,1.0,1.0,0,0,0.08743574653570586,0,0.0
16.0,2.0,1.0,2.0,6.0,2.0,1317.333251953125,3.0,3.0,1.0,1.0,0,0,0.11600532454055644,0,0.0
8.0,1.0,2.0,5.0,6.0,2.0,989.25,1.0,5.0,2.0,1.0,0,0,0.01452263076571835,0,0.0033333333333333335
17.0,2.0,1.0,2.0,6.0,2.0,2000.0,3.0,3.0,1.0,1.0,0,0,0.2087435299113143,0,0.0
15.0,1.0,1.0,2.0,6.0,2.0,1487.5556640625,3.0,5.0,1.0,1.0,0,0,0.11070647503906843,0,0.0
8.0,1.0,1.0,7.0,6.0,2.0,2550.0,1.0,6.0,1.0,1.0,0,0,0.011340016658114896,0,0.0
7.0,1.0,1.0,7.0,6.0,2.0,1024.0555419921875,0.0,8.0,2.0,1.0,0,0,0.47997672222963234,0,0.0033333333333333335
13.0,1.0,1.0,7.0,6.0,2.0,2655.5556640625,3.0,6.0,1.0,1.0,0,0,0.05854896865434288,0,0.0
6.0,2.0,1.0,4.0,6.0,2.0,1082.5,0.0,5.0,1.0,1.0,0,0,0.06814711134408077,0,0.0033333333333333335
18.0,1.0,1.0,6.0,6.0,2.0,1324.0,4.0,5.0,1.0,1.0,0,1,0.9065355487933104,0,0.47333333333333333
16.0,1.0,2.0,7.0,6.0,2.0,372.0,3.0,1.0,2.0,1.0,0,1,0.8342834655452576,0,0.16333333333333333
18.0,2.0,1.0,3.0,6.0,2.0,1056.9259033203125,4.0,5.0,9.0,1.0,0,1,0.806572725960082,1,0.59
9.0,2.0,1.0,5.0,6.0,1.0,672.7083740234375,1.0,5.0,1.0,1.0,0,0,0.006023703462972777,0,0.0
12.0,1.0,1.0,2.0,6.0,2.0,2889.583251953125,2.0,4.0,1.0,1.0,0,0,0.07459543905361499,0,0.0
16.0,1.0,2.0,3.0,27.0,2.0,597.3333740234375,3.0,8.0,5.0,1.0,0,0,0.4474928109101956,0,0.05333333333333334
8.0,2.0,2.0,7.0,6.0,2.0,400.2778015136719,1.0,1.0,2.0,2.0,0,0,0.09268987550253838,0,0.02666666666666667
8.0,1.0,2.0,5.0,6.0,1.0,659.3333129882812,1.0,5.0,7.0,1.0,0,0,0.015768421812605345,0,0.0
15.0,2.0,1.0,3.0,6.0,2.0,795.7599487304688,3.0,8.0,5.0,1.0,0,0,0.08406149241967324,0,0.0
14.0,2.0,2.0,3.0,27.0,1.0,630.9000244140625,3.0,5.0,7.0,1.0,0,0,0.2319597697657519,0,0.01
14.0,2.0,1.0,7.0,6.0,2.0,626.6666259765625,3.0,7.0,2.0,1.0,0,0,0.14000039243193577,0,0.0
16.0,2.0,1.0,2.0,6.0,2.0,1252.0833740234375,3.0,5.0,1.0,1.0,0,0,0.1625658316898728,0,0.0
17.0,2.0,2.0,3.0,6.0,2.0,631.9444580078125,3.0,5.0,5.0,1.0,0,0,0.4270913184718832,0,0.03
10.0,1.0,1.0,1.0,6.0,2.0,1242.219970703125,1.0,8.0,1.0,1.0,0,0,0.022766474804185036,0,0.0
11.0,1.0,1.0,9.0,6.0,2.0,1524.0,1.0,8.0,1.0,1.0,0,0,0.05756126469509626,0,0.0
13.0,1.0,1.0,1.0,6.0,2.0,949.4816284179688,3.0,8.0,1.0,1.0,0,0,0.028724467338527286,0,0.0
16.0,2.0,1.0,9.0,6.0,2.0,1284.0,3.0,8.0,1.0,1.0,0,0,0.19910267338772195,0,0.0
7.0,1.0,1.0,2.0,6.0,2.0,980.0,0.0,5.0,1.0,1.0,0,0,0.1868268725183879,0,0.0
17.0,1.0,1.0,2.0,6.0,2.0,3675.0,3.0,6.0,1.0,1.0,0,0,0.3599848394452562,0,0.0033333333333333335
9.0,1.0,1.0,8.0,6.0,2.0,1839.333251953125,1.0,8.0,6.0,1.0,0,0,0.03070854194841687,0,0.0
9.0,1.0,1.0,7.0,6.0,2.0,600.0,1.0,5.0,2.0,1.0,0,0,0.05327745616440461,0,0.0
10.0,2.0,1.0,7.0,6.0,2.0,1026.0533447265625,0.0,5.0,5.0,1.0,1,1,0.8153721354901584,0,0.07333333333333333
17.0,1.0,1.0,7.0,6.0,2.0,1390.5167236328125,3.0,8.0,1.0,1.0,0,0,0.47241641083460195,0,0.0
17.0,1.0,1.0,9.0,6.0,2.0,3203.666748046875,3.0,6.0,1.0,1.0,0,0,0.4741900119862515,0,0.013333333333333334
12.0,1.0,2.0,5.0,6.0,2.0,511.8388671875,1.0,5.0,7.0,1.0,0,0,0.23984437349400325,0,0.0
18.0,2.0,1.0,3.0,6.0,2.0,1535.833251953125,3.0,5.0,1.0,1.0,0,0,0.4044176799001131,0,0.023333333333333334
18.0,1.0,1.0,7.0,6.0,2.0,2036.9833984375,3.0,5.0,1.0,1.0,0,1,0.6869513570690553,0,0.10666666666666667
11.0,2.0,1.0,7.0,6.0,2.0,845.8214111328125,1.0,1.0,1.0,1.0,0,0,0.15075462052647415,0,0.016666666666666666
10.0,1.0,1.0,7.0,6.0,2.0,1250.9832763671875,1.0,6.0,2.0,2.0,0,0,0.15448899846148326,0,0.07
13.0,1.0,1.0,7.0,6.0,2.0,869.3333129882812,3.0,8.0,1.0,1.0,0,0,0.046091199546058226,0,0.0
11.0,2.0,1.0,7.0,6.0,2.0,1470.166748046875,1.0,5.0,1.0,1.0,0,0,0.06541653347123381,0,0.0
11.0,2.0,1.0,7.0,6.0,2.0,941.8777465820312,1.0,1.0,2.0,1.0,0,0,0.3028112027645361,0,0.013333333333333334
12.0,2.0,1.0,2.0,6.0,2.0,2505.555419921875,2.0,8.0,7.0,1.0,0,0,0.12031518237587213,0,0.013333333333333334
6.0,1.0,1.0,3.0,6.0,2.0,974.7999877929688,0.0,5.0,1.0,1.0,0,0,0.08210792499365488,0,0.0
17.0,2.0,1.0,5.0,6.0,1.0,437.1875,3.0,8.0,1.0,1.0,1,0,0.20099719671635002,0,0.30666666666666664
13.0,2.0,1.0,2.0,6.0,2.0,609.4444580078125,2.0,5.0,1.0,1.0,0,0,0.1261657256220625,0,0.0
17.0,2.0,1.0,2.0,6.0,2.0,1067.3519287109375,3.0,5.0,1.0,1.0,0,0,0.29082584435634606,0,0.006666666666666667
10.0,2.0,1.0,7.0,6.0,2.0,1194.6666259765625,1.0,8.0,2.0,1.0,0,0,0.06436567021777985,0,0.0
6.0,1.0,2.0,9.0,6.0,2.0,765.2222290039062,0.0,1.0,6.0,2.0,0,1,0.7604528305635571,0,0.07666666666666666
17.0,2.0,2.0,9.0,6.0,2.0,310.9166564941406,1.0,2.0,2.0,1.0,1,1,0.9499920505506659,0,0.32
10.0,1.0,1.0,4.0,6.0,2.0,1000.0,1.0,5.0,2.0,1.0,0,0,0.0498790995080154,0,0.0
13.0,2.0,1.0,2.0,6.0,2.0,1140.8125,1.0,5.0,1.0,1.0,1,0,0.13531726483732898,0,0.0
9.0,1.0,1.0,2.0,6.0,1.0,1891.6666259765625,1.0,5.0,1.0,1.0,0,0,0.010322514791716074,0,0.0033333333333333335
9.0,1.0,2.0,2.0,6.0,2.0,513.3333740234375,1.0,8.0,8.0,1.0,0,0,0.026779722213728728,0,0.009737452651483836
18.0,1.0,1.0,7.0,6.0,2.0,1256.0,3.0,8.0,1.0,1.0,0,1,0.6535240971775785,0,0.01
8.0,1.0,1.0,2.0,6.0,2.0,1282.3519287109375,1.0,5.0,1.0,1.0,0,0,0.005256869619022859,0,0.0
6.0,1.0,1.0,4.0,6.0,2.0,640.4199829101562,0.0,8.0,2.0,1.0,0,0,0.17086901769385082,0,0.08666666666666667
11.0,1.0,2.0,1.0,27.0,2.0,523.3333740234375,1.0,8.0,7.0,1.0,0,0,0.29503632517458284,0,0.0
6.0,1.0,1.0,2.0,6.0,2.0,2697.222412109375,0.0,5.0,2.0,1.0,0,0,0.1968642840222767,0,0.0033333333333333335
18.0,2.0,2.0,3.0,27.0,1.0,693.888916015625,4.0,8.0,7.0,1.0,1,1,0.9629006629009239,1,0.6066666666666667
16.0,1.0,1.0,2.0,6.0,1.0,1246.6666259765625,3.0,5.0,1.0,1.0,0,0,0.20504649385534965,0,0.0033333333333333335
18.0,2.0,1.0,3.0,6.0,2.0,797.5,3.0,6.0,2.0,1.0,0,1,0.671254719371133,0,0.02666666666666667
7.0,2.0,1.0,2.0,6.0,2.0,1000.0,1.0,3.0,1.0,1.0,0,0,0.0012814826994423279,0,0.0
9.0,1.0,1.0,2.0,6.0,2.0,693.47998046875,1.0,5.0,1.0,1.0,0,0,0.011295808705601278,0,0.0
15.0,1.0,1.0,6.0,6.0,2.0,1095.0,3.0,5.0,1.0,1.0,0,0,0.16372762472230892,0,0.0
18.0,2.0,1.0,2.0,6.0,1.0,877.5,3.0,5.0,1.0,1.0,0,0,0.45864572311104573,0,0.01
10.0,2.0,1.0,6.0,6.0,2.0,851.0833129882812,1.0,5.0,2.0,1.0,0,0,0.061829329165622476,0,0.0
17.0,2.0,1.0,2.0,6.0,2.0,584.2857055664062,3.0,5.0,1.0,1.0,0,0,0.2965538455520389,0,0.0
16.0,2.0,2.0,5.0,27.0,2.0,58.92856979370117,2.0,1.0,7.0,1.0,1,1,0.952885564933339,1,0.6266666666666667
14.0,1.0,1.0,2.0,6.0,2.0,1361.0,3.0,5.0,1.0,1.0,0,0,0.05659186666203269,0,0.0
10.0,1.0,1.0,2.0,6.0,2.0,4285.0,1.0,3.0,1.0,1.0,0,0,0.013025036304483777,0,0.0
17.0,2.0,1.0,2.0,6.0,1.0,202.06666564941406,3.0,2.0,1.0,1.0,0,0,0.30527534576884496,0,0.06
15.0,1.0,1.0,2.0,2.0,2.0,555.8333129882812,3.0,5.0,1.0,1.0,0,0,0.14790436521874045,0,0.0
9.0,1.0,1.0,2.0,6.0,2.0,857.4500122070312,1.0,5.0,1.0,1.0,0,0,0.011191605121943608,0,0.0
6.0,2.0,2.0,9.0,6.0,2.0,1533.107177734375,0.0,1.0,3.0,1.0,0,1,0.6374135332303985,0,0.02666666666666667
11.0,2.0,2.0,1.0,6.0,2.0,1513.3333740234375,1.0,5.0,8.0,1.0,0,0,0.11071644008907747,0,0.0
10.0,1.0,1.0,2.0,6.0,2.0,502.8571472167969,1.0,5.0,2.0,1.0,0,0,0.05606716591831981,0,0.0
13.0,2.0,1.0,7.0,6.0,2.0,4053.633544921875,3.0,8.0,1.0,1.0,0,0,0.028791203841695243,0,0.0
11.0,2.0,1.0,9.0,6.0,2.0,1916.6666259765625,1.0,8.0,1.0,1.0,0,0,0.04210524115716118,0,0.0
9.0,1.0,1.0,2.0,6.0,2.0,1512.5,1.0,3.0,1.0,1.0,0,0,0.007343221831579805,0,0.0
15.0,2.0,1.0,6.0,6.0,2.0,1417.5,3.0,6.0,1.0,1.0,0,0,0.142195676917586,0,0.0
13.0,1.0,2.0,8.0,6.0,1.0,2375.0,3.0,8.0,3.0,1.0,0,0,0.11375370717090788,0,0.02666666666666667
18.0,2.0,1.0,2.0,6.0,1.0,685.8333740234375,3.0,5.0,1.0,1.0,0,0,0.46136729846641894,0,0.006666666666666667
15.0,1.0,1.0,7.0,6.0,2.0,828.1170043945312,3.0,5.0,2.0,1.0,0,0,0.3877637636925047,0,0.0
17.0,2.0,1.0,6.0,6.0,2.0,2897.791748046875,3.0,8.0,1.0,1.0,0,0,0.31829035524027766,0,0.0
11.0,1.0,1.0,2.0,6.0,2.0,584.2857055664062,1.0,5.0,1.0,1.0,0,0,0.047830696878677484,0,0.0
14.0,1.0,1.0,1.0,6.0,2.0,200.0,3.0,5.0,1.0,1.0,0,0,0.07278257207038652,0,0.01
6.0,1.0,2.0,4.0,6.0,2.0,1148.3333740234375,0.0,5.0,7.0,1.0,0,0,0.28688694817063104,0,0.0
14.0,2.0,2.0,3.0,27.0,1.0,323.8095397949219,3.0,1.0,7.0,1.0,0,0,0.4292816774662999,0,0.05333333333333334
10.0,2.0,2.0,7.0,6.0,2.0,605.8333740234375,1.0,8.0,2.0,1.0,0,0,0.09723728191075148,0,0.0
6.0,2.0,1.0,2.0,6.0,2.0,2474.43994140625,0.0,5.0,2.0,1.0,0,0,0.15449501395129941,0,0.03
11.0,2.0,1.0,7.0,6.0,1.0,953.25,1.0,5.0,1.0,1.0,0,0,0.0658429609669596,0,0.0033333333333333335
13.0,1.0,2.0,8.0,6.0,2.0,476.1904602050781,1.0,1.0,4.0,1.0,0,0,0.3334099255552229,0,0.02
8.0,2.0,2.0,3.0,6.0,2.0,1548.6112060546875,1.0,1.0,7.0,1.0,0,0,0.03006799687438518,0,0.0
10.0,2.0,1.0,6.0,6.0,2.0,457.0724792480469,1.0,6.0,1.0,1.0,0,0,0.03110589826636952,0,0.0
7.0,1.0,1.0,5.0,6.0,2.0,542.6500244140625,1.0,5.0,1.0,1.0,0,0,0.0019380572468309736,0,0.0033333333333333335
7.0,1.0,1.0,3.0,6.0,2.0,561.8333129882812,1.0,5.0,2.0,1.0,0,0,0.005245616594973415,0,0.0
15.0,2.0,1.0,3.0,6.0,2.0,1500.0,3.0,6.0,1.0,1.0,0,0,0.08028356184465682,0,0.0
8.0,1.0,1.0,8.0,6.0,2.0,727.6041870117188,1.0,1.0,6.0,1.0,0,0,0.04587507349330359,0,0.0033333333333333335
16.0,2.0,2.0,9.0,6.0,2.0,1881.52783203125,3.0,8.0,6.0,2.0,1,1,0.6421724582218317,0,0.09
6.0,1.0,1.0,9.0,6.0,2.0,1500.89990234375,0.0,5.0,1.0,1.0,0,0,0.14274120349109867,0,0.0033333333333333335
15.0,1.0,1.0,6.0,6.0,2.0,1498.0,3.0,5.0,1.0,1.0,0,0,0.16059775132631599,0,0.0
17.0,1.0,2.0,8.0,6.0,2.0,711.4666748046875,3.0,1.0,8.0,1.0,0,1,0.8020837520322681,0,0.20333333333333334
17.0,2.0,1.0,5.0,6.0,2.0,814.72216796875,3.0,5.0,1.0,1.0,0,0,0.23449942148607753,0,0.0
14.0,2.0,1.0,2.0,6.0,2.0,817.5,3.0,5.0,1.0,1.0,0,0,0.04356064271545394,0,0.0
12.0,1.0,1.0,9.0,6.0,2.0,1641.6666259765625,3.0,8.0,1.0,1.0,0,0,0.017037536587371883,0,0.0
11.0,2.0,2.0,8.0,6.0,2.0,2138.020751953125,1.0,1.0,5.0,1.0,0,0,0.15340325115235506,0,0.0
10.0,1.0,1.0,7.0,6.0,2.0,1235.0,1.0,8.0,1.0,1.0,0,0,0.036520037875698484,0,0.0033333333333333335
19.0,2.0,1.0,2.0,6.0,2.0,857.4500122070312,3.0,5.0,1.0,1.0,0,1,0.6445730791781027,1,0.6633333333333333
16.0,1.0,2.0,9.0,6.0,2.0,9460.0,3.0,8.0,6.0,1.0,0,1,0.534703127081498,0,0.006666666666666667
15.0,2.0,1.0,7.0,6.0,2.0,2609.722412109375,3.0,8.0,1.0,1.0,0,0,0.1233279815763713,0,0.0
8.0,1.0,2.0,5.0,6.0,2.0,708.2000122070312,1.0,8.0,7.0,1.0,0,0,0.013255049189661295,0,0.0033333333333333335
8.0,2.0,1.0,1.0,6.0,2.0,954.7649536132812,1.0,8.0,1.0,1.0,0,0,0.003973411147846391,0,0.0
14.0,1.0,1.0,7.0,6.0,2.0,950.0,3.0,6.0,2.0,1.0,0,0,0.26066781370618447,0,0.013333333333333334
17.0,2.0,1.0,7.0,6.0,2.0,1802.1666259765625,3.0,8.0,1.0,1.0,0,0,0.3916274866684024,0,0.0
10.0,1.0,1.0,7.0,6.0,2.0,3905.177490234375,1.0,8.0,2.0,1.0,0,0,0.07411791219719457,0,0.0
10.0,1.0,2.0,3.0,6.0,2.0,757.0833740234375,1.0,8.0,5.0,1.0,0,0,0.033520573577536704,0,0.0
14.0,1.0,1.0,2.0,6.0,2.0,621.5476684570312,2.0,5.0,2.0,1.0,0,1,0.502018486901062,0,0.016666666666666666
14.0,1.0,2.0,1.0,27.0,2.0,1179.4000244140625,3.0,5.0,1.0,1.0,0,0,0.18568924622394503,0,0.056666666666666664
12.0,2.0,1.0,7.0,6.0,2.0,2756.224853515625,2.0,8.0,1.0,1.0,0,0,0.09092183685191155,0,0.0
19.0,2.0,1.0,2.0,6.0,2.0,861.3888549804688,4.0,5.0,1.0,1.0,0,1,0.908791186281674,1,0.6466666666666666
19.0,2.0,1.0,3.0,6.0,2.0,944.8333740234375,4.0,8.0,1.0,1.0,0,1,0.8689780681262367,0,0.05333333333333334
10.0,1.0,2.0,9.0,6.0,2.0,1028.8599853515625,1.0,1.0,8.0,2.0,0,0,0.2630878436377115,0,0.0033333333333333335
6.0,1.0,1.0,2.0,6.0,1.0,1891.6666259765625,0.0,5.0,1.0,1.0,0,0,0.09255797981151255,0,0.0033333333333333335
6.0,2.0,1.0,2.0,6.0,2.0,1118.5,0.0,3.0,1.0,1.0,0,0,0.05164548485585252,0,0.0
19.0,1.0,1.0,3.0,27.0,2.0,1715.324951171875,4.0,8.0,5.0,1.0,1,1,0.961819293074806,1,0.6166666666666667
15.0,1.0,1.0,7.0,6.0,2.0,1128.4166259765625,3.0,7.0,1.0,1.0,0,0,0.15441481964181866,0,0.0
17.0,2.0,2.0,1.0,6.0,2.0,375.3777770996094,3.0,5.0,7.0,1.0,0,1,0.679821968663469,0,0.02
9.0,2.0,1.0,3.0,6.0,2.0,1256.9324951171875,1.0,5.0,1.0,1.0,0,0,0.0065812431658997745,0,0.0
11.0,2.0,1.0,5.0,27.0,1.0,676.5,1.0,5.0,7.0,1.0,0,0,0.12605611065166178,0,0.06
15.0,1.0,1.0,3.0,6.0,2.0,1485.4166259765625,3.0,5.0,1.0,1.0,0,0,0.09198123114816778,0,0.0
18.0,1.0,2.0,5.0,27.0,2.0,719.7222290039062,1.0,1.0,6.0,1.0,1,1,0.9942387241972642,0,0.31666666666666665
14.0,2.0,1.0,7.0,6.0,2.0,1040.0,3.0,5.0,2.0,1.0,0,0,0.18054560367719072,0,0.01
16.0,1.0,2.0,7.0,6.0,2.0,538.0,3.0,7.0,9.0,1.0,0,0,0.39390028854484166,0,0.013333333333333334
12.0,2.0,1.0,9.0,6.0,2.0,808.0,2.0,5.0,2.0,1.0,0,0,0.20774466550718337,0,0.0
8.0,2.0,1.0,7.0,6.0,2.0,715.5799560546875,1.0,5.0,2.0,1.0,0,0,0.019304549806838853,0,0.0
15.0,1.0,1.0,7.0,6.0,2.0,1055.0555419921875,3.0,8.0,1.0,1.0,0,0,0.17279931671282872,0,0.016666666666666666
19.0,2.0,1.0,7.0,6.0,2.0,1586.0208740234375,4.0,8.0,1.0,1.0,0,1,0.9399385408079467,0,0.07333333333333333
15.0,2.0,1.0,1.0,6.0,2.0,994.8250122070312,3.0,5.0,1.0,1.0,0,0,0.10346332079949808,0,0.006666666666666667
11.0,2.0,1.0,6.0,6.0,2.0,1750.0,1.0,6.0,1.0,1.0,0,0,0.058671193655616155,0,0.0
8.0,1.0,2.0,4.0,6.0,1.0,1550.0,1.0,5.0,5.0,1.0,0,0,0.00998247594030446,0,0.0033333333333333335
14.0,2.0,1.0,5.0,6.0,2.0,706.9600219726562,3.0,8.0,1.0,1.0,0,0,0.02699154854837753,0,0.0
11.0,2.0,1.0,2.0,6.0,2.0,1313.333251953125,1.0,6.0,1.0,1.0,0,0,0.03989709879326384,0,0.0
10.0,2.0,1.0,3.0,6.0,2.0,1131.25,1.0,5.0,1.0,1.0,0,0,0.013756104439786048,0,0.0
10.0,2.0,1.0,2.0,6.0,2.0,1727.7777099609375,1.0,3.0,1.0,1.0,0,0,0.01111713217564574,0,0.0
6.0,2.0,1.0,3.0,6.0,2.0,2655.966552734375,0.0,8.0,1.0,1.0,0,0,0.046858605889778464,0,0.0
9.0,1.0,2.0,9.0,6.0,2.0,2117.86962890625,1.0,6.0,3.0,1.0,0,0,0.10161020929997172,0,0.01
15.0,1.0,1.0,7.0,6.0,2.0,1104.1666259765625,3.0,5.0,1.0,1.0,0,0,0.20217736902986552,0,0.0
19.0,1.0,1.0,7.0,6.0,2.0,1319.0,4.0,5.0,2.0,1.0,0,1,0.9847593358146653,1,0.5933333333333334
19.0,1.0,2.0,5.0,6.0,2.0,2033.3333740234375,4.0,5.0,2.0,1.0,1,1,0.9720025503220099,1,0.6833333333333333
13.0,1.0,1.0,8.0,6.0,2.0,1355.833251953125,3.0,6.0,2.0,1.0,0,0,0.07672983624062342,0,0.0033333333333333335
18.0,1.0,1.0,2.0,6.0,2.0,1400.0,4.0,3.0,1.0,1.0,0,1,0.8099252273456842,0,0.49
10.0,2.0,2.0,6.0,6.0,2.0,2025.0,1.0,5.0,8.0,1.0,0,0,0.06772226475825874,0,0.0033333333333333335
13.0,2.0,1.0,7.0,6.0,2.0,235.7142791748047,2.0,8.0,1.0,1.0,0,0,0.19450089281759084,0,0.0033333333333333335
14.0,1.0,1.0,3.0,6.0,2.0,905.5,3.0,8.0,1.0,1.0,0,0,0.039550002748356745,0,0.0033333333333333335
10.0,1.0,2.0,8.0,6.0,2.0,1088.888916015625,1.0,5.0,5.0,1.0,0,0,0.04861679480158649,0,0.0
13.0,1.0,1.0,6.0,6.0,2.0,540.120849609375,3.0,5.0,1.0,1.0,0,0,0.04420619463140331,0,0.0
9.0,2.0,2.0,3.0,6.0,2.0,603.4124755859375,1.0,5.0,5.0,1.0,0,0,0.014765960390712343,0,0.0
15.0,1.0,1.0,3.0,6.0,2.0,878.6666870117188,3.0,6.0,1.0,1.0,0,0,0.10943899027679768,0,0.0
19.0,1.0,1.0,2.0,6.0,1.0,1766.1666259765625,4.0,3.0,1.0,1.0,0,1,0.8950429818193574,0,0.3933333333333333
9.0,1.0,1.0,4.0,6.0,1.0,1052.5,1.0,3.0,1.0,1.0,0,0,0.006706354369228468,0,0.0
7.0,2.0,1.0,7.0,6.0,2.0,559.5833740234375,0.0,8.0,1.0,1.0,0,0,0.22091845846920333,0,0.0033333333333333335
7.0,1.0,2.0,5.0,6.0,2.0,3139.074951171875,0.0,5.0,8.0,1.0,0,0,0.3024534874275437,0,0.006666666666666667
8.0,1.0,1.0,5.0,6.0,2.0,1950.0,1.0,8.0,1.0,1.0,0,0,0.0030692784326630646,0,0.0033333333333333335
18.0,1.0,1.0,7.0,6.0,2.0,3166.083251953125,3.0,8.0,1.0,1.0,0,1,0.6284045001243072,0,0.013333333333333334
9.0,2.0,1.0,7.0,6.0,1.0,1701.166748046875,1.0,8.0,1.0,1.0,0,0,0.012545665222296606,0,0.013333333333333334
9.0,2.0,1.0,7.0,6.0,2.0,1082.5,1.0,6.0,1.0,1.0,0,0,0.01882990216819412,0,0.0
12.0,2.0,2.0,2.0,6.0,2.0,919.7916870117188,2.0,5.0,7.0,1.0,0,0,0.2161680205032441,0,0.01
18.0,1.0,1.0,3.0,6.0,1.0,2043.0556640625,4.0,8.0,9.0,1.0,0,1,0.8114472512982613,0,0.20333333333333334
11.0,2.0,1.0,2.0,6.0,1.0,1115.0,1.0,3.0,1.0,1.0,0,0,0.023240778467984575,0,0.0
16.0,2.0,2.0,2.0,6.0,2.0,434.11572265625,3.0,5.0,5.0,1.0,0,0,0.30714832489291455,0,0.03666666666666667
13.0,1.0,2.0,4.0,6.0,2.0,1086.666748046875,3.0,5.0,7.0,1.0,0,0,0.09725364129304881,0,0.006666666666666667
15.0,2.0,1.0,7.0,6.0,2.0,4298.3330078125,3.0,6.0,1.0,1.0,0,0,0.1540323383561135,0,0.0
11.0,1.0,2.0,2.0,2.0,1.0,1007.2166748046875,1.0,1.0,8.0,2.0,0,0,0.3822475905615293,0,0.01
17.0,1.0,1.0,7.0,6.0,2.0,1250.4166259765625,3.0,5.0,1.0,1.0,0,1,0.5233692286725969,0,0.03
11.0,1.0,1.0,9.0,6.0,2.0,1588.7999267578125,1.0,5.0,1.0,1.0,0,0,0.06892361872910754,0,0.0033333333333333335
15.0,2.0,1.0,7.0,6.0,2.0,1960.9052734375,3.0,8.0,2.0,1.0,0,0,0.26425719988146323,0,0.0
17.0,2.0,1.0,2.0,6.0,2.0,1727.6666259765625,3.0,5.0,1.0,1.0,0,0,0.2831027266144415,0,0.0
6.0,2.0,1.0,3.0,6.0,2.0,655.0,0.0,5.0,5.0,1.0,0,0,0.08803035392007942,0,0.0033333333333333335
13.0,2.0,1.0,1.0,6.0,2.0,665.5556030273438,3.0,5.0,1.0,1.0,0,0,0.026207670651326613,0,0.0
8.0,1.0,1.0,7.0,6.0,2.0,908.25,1.0,8.0,2.0,1.0,0,0,0.021281215272784208,0,0.0
19.0,2.0,1.0,2.0,6.0,1.0,6244.7919921875,5.0,5.0,1.0,1.0,0,0,0.24941434359579884,0,0.16666666666666666
12.0,2.0,1.0,3.0,6.0,2.0,1575.5333251953125,2.0,6.0,8.0,1.0,0,0,0.10663488532796976,0,0.016666666666666666
10.0,2.0,2.0,5.0,6.0,2.0,928.0208129882812,1.0,5.0,1.0,1.0,0,0,0.01896507725059062,0,0.0
13.0,1.0,1.0,2.0,6.0,2.0,1548.3333740234375,2.0,5.0,1.0,1.0,0,0,0.15676909990588284,0,0.0
14.0,1.0,2.0,5.0,27.0,2.0,166.6666717529297,3.0,5.0,7.0,1.0,0,0,0.2805911399564411,0,0.006666666666666667
10.0,2.0,1.0,2.0,6.0,2.0,809.3999633789062,1.0,1.0,1.0,1.0,0,0,0.040980154554218204,0,0.0
14.0,1.0,1.0,3.0,6.0,2.0,2884.375,3.0,8.0,1.0,1.0,0,0,0.035469901987375575,0,0.0
19.0,2.0,1.0,2.0,6.0,2.0,1897.6221923828125,4.0,5.0,1.0,1.0,1,1,0.9037608545962998,0,0.17333333333333334
10.0,2.0,1.0,3.0,6.0,2.0,1012.7449951171875,1.0,5.0,1.0,1.0,0,0,0.013848312775393914,0,0.0
10.0,1.0,1.0,7.0,6.0,2.0,3021.958251953125,1.0,5.0,2.0,1.0,0,0,0.09290932107846221,0,0.0
11.0,2.0,1.0,7.0,6.0,2.0,792.1666259765625,1.0,6.0,1.0,1.0,0,0,0.07856131410682025,0,0.0
7.0,1.0,1.0,7.0,6.0,2.0,917.4598388671875,0.0,8.0,2.0,1.0,0,0,0.48149781876498127,0,0.01
16.0,1.0,1.0,3.0,6.0,2.0,902.5,3.0,8.0,5.0,1.0,0,0,0.20575906285874038,0,0.0033333333333333335
14.0,2.0,2.0,4.0,6.0,1.0,233.24075317382812,3.0,1.0,8.0,1.0,0,0,0.22904709689375963,0,0.016666666666666666
15.0,2.0,1.0,7.0,6.0,2.0,5792.55615234375,3.0,8.0,1.0,1.0,0,0,0.10496563840202164,0,0.0
16.0,1.0,1.0,4.0,6.0,2.0,815.625,3.0,8.0,1.0,1.0,0,0,0.16814122702310538,0,0.0
14.0,1.0,1.0,2.0,6.0,2.0,828.3333129882812,3.0,3.0,1.0,1.0,0,0,0.04027137070212942,0,0.0033333333333333335
18.0,1.0,1.0,9.0,6.0,2.0,1072.1387939453125,3.0,8.0,1.0,1.0,0,1,0.5990103318294342,0,0.0033333333333333335
14.0,1.0,1.0,7.0,6.0,2.0,322.0,3.0,5.0,1.0,1.0,0,0,0.11251028564252001,0,0.043333333333333335
18.0,2.0,1.0,5.0,6.0,2.0,613.3333740234375,3.0,5.0,1.0,1.0,0,0,0.39311394503699026,0,0.0
11.0,1.0,2.0,9.0,6.0,2.0,765.2222290039062,1.0,1.0,6.0,2.0,0,1,0.586509101261273,0,0.02666666666666667
7.0,2.0,1.0,5.0,6.0,1.0,813.7933349609375,1.0,5.0,2.0,1.0,0,0,0.003373304682609766,0,0.0
14.0,2.0,1.0,3.0,6.0,2.0,2750.443359375,3.0,8.0,9.0,1.0,0,0,0.02880127338925206,0,0.0
17.0,2.0,1.0,7.0,6.0,1.0,953.25,3.0,5.0,1.0,1.0,0,0,0.4455762029646839,0,0.06666666666666667
8.0,1.0,1.0,6.0,6.0,2.0,2010.02783203125,1.0,8.0,1.0,1.0,0,0,0.00636741628610987,0,0.0
11.0,1.0,1.0,7.0,6.0,2.0,3222.4599609375,1.0,5.0,1.0,1.0,0,0,0.07921975357500151,0,0.0
12.0,2.0,2.0,9.0,6.0,2.0,493.5555419921875,2.0,5.0,1.0,1.0,0,0,0.14110295091619648,0,0.03666666666666667
14.0,1.0,2.0,5.0,6.0,2.0,534.0,3.0,5.0,6.0,1.0,0,0,0.20090011339063818,0,0.01
18.0,2.0,1.0,7.0,6.0,2.0,1954.579833984375,3.0,8.0,2.0,1.0,0,1,0.766449986906041,0,0.02666666666666667
10.0,1.0,1.0,3.0,6.0,2.0,1144.0179443359375,1.0,5.0,2.0,1.0,0,0,0.044514113091661256,0,0.0
11.0,2.0,2.0,9.0,6.0,2.0,325.2778015136719,1.0,8.0,1.0,1.0,0,0,0.06793084139465529,0,0.0
17.0,1.0,1.0,3.0,6.0,2.0,2600.5,3.0,5.0,1.0,1.0,0,0,0.29343130442336995,0,0.11
12.0,2.0,1.0,4.0,6.0,2.0,425.0,3.0,5.0,1.0,1.0,0,0,0.009600087880868337,0,0.0
18.0,1.0,1.0,7.0,6.0,2.0,1820.2066650390625,4.0,5.0,2.0,1.0,1,1,0.967781205336623,1,0.5166666666666667
15.0,2.0,1.0,6.0,6.0,2.0,1102.9246826171875,3.0,5.0,2.0,1.0,0,0,0.2616399072893196,0,0.0
18.0,2.0,1.0,7.0,6.0,2.0,4736.08349609375,3.0,1.0,1.0,1.0,1,1,0.7720734938313868,0,0.16
7.0,2.0,1.0,1.0,6.0,2.0,1884.0,1.0,6.0,1.0,1.0,0,0,0.0025730264378204994,0,0.0
15.0,2.0,1.0,9.0,6.0,2.0,3085.125,3.0,6.0,1.0,1.0,0,0,0.1326532851675985,0,0.0
16.0,1.0,1.0,7.0,6.0,2.0,1541.63330078125,3.0,5.0,1.0,1.0,0,0,0.3406441139160096,0,0.44333333333333336
17.0,1.0,1.0,2.0,995.0,2.0,1207.1021728515625,0.0,5.0,1.0,1.0,1,1,0.9999259383619701,1,0.6333333333333333
14.0,1.0,1.0,6.0,6.0,2.0,1790.8160400390625,3.0,8.0,1.0,1.0,0,0,0.06889222153497691,0,0.0033333333333333335
18.0,2.0,1.0,9.0,6.0,2.0,373.1999816894531,4.0,2.0,3.0,1.0,1,1,0.9687046793485619,1,0.5433333333333333
16.0,2.0,1.0,4.0,6.0,2.0,337.5,3.0,1.0,1.0,1.0,0,0,0.31279146091877535,0,0.006666666666666667
19.0,2.0,1.0,7.0,6.0,2.0,2778.65576171875,5.0,8.0,1.0,1.0,0,0,0.404174825444945,0,0.0
14.0,1.0,1.0,2.0,6.0,2.0,2461.0166015625,3.0,8.0,7.0,1.0,0,0,0.11056752957875209,0,0.006666666666666667
11.0,2.0,1.0,2.0,6.0,2.0,771.5277709960938,1.0,3.0,1.0,1.0,0,0,0.024218961354927914,0,0.0033333333333333335
18.0,2.0,1.0,3.0,6.0,2.0,2109.97216796875,4.0,6.0,5.0,1.0,0,1,0.8589817410133946,0,0.22666666666666666
6.0,2.0,1.0,5.0,6.0,2.0,1080.5555419921875,0.0,5.0,2.0,1.0,0,0,0.12716801497010297,0,0.0
15.0,2.0,1.0,3.0,6.0,2.0,2429.607421875,3.0,8.0,9.0,1.0,0,0,0.05938746423381512,0,0.0
14.0,1.0,1.0,3.0,6.0,2.0,3577.173828125,3.0,6.0,1.0,1.0,0,0,0.04796798231449358,0,0.0
12.0,2.0,1.0,2.0,6.0,2.0,577.0238037109375,2.0,3.0,1.0,1.0,0,0,0.044848080154560425,0,0.0
18.0,2.0,2.0,3.0,27.0,1.0,630.9000244140625,3.0,5.0,7.0,1.0,0,1,0.8522066838789305,0,0.10666666666666667
17.0,2.0,1.0,2.0,6.0,2.0,949.5093994140625,3.0,4.0,1.0,1.0,0,0,0.28775127469786416,0,0.0
19.0,2.0,1.0,3.0,6.0,2.0,1497.3865966796875,5.0,8.0,1.0,1.0,1,0,0.2297004971394575,0,0.0
18.0,2.0,2.0,9.0,11.0,1.0,358.92498779296875,3.0,5.0,8.0,1.0,0,1,0.7589255654229017,0,0.17
16.0,1.0,1.0,9.0,6.0,1.0,5547.05810546875,3.0,8.0,1.0,1.0,0,0,0.20559219015349411,0,0.02
18.0,1.0,1.0,6.0,6.0,2.0,1948.5,3.0,8.0,1.0,1.0,0,1,0.5833271654597233,0,0.006666666666666667
8.0,2.0,1.0,8.0,6.0,2.0,3909.60009765625,1.0,8.0,1.0,1.0,0,0,0.0027556719517175506,0,0.0
7.0,1.0,1.0,2.0,6.0,2.0,903.4722290039062,1.0,5.0,1.0,1.0,0,0,0.002576833842292578,0,0.0
8.0,2.0,2.0,5.0,27.0,2.0,874.5833129882812,1.0,8.0,6.0,1.0,0,0,0.02586428625018694,0,0.01
19.0,2.0,1.0,7.0,6.0,2.0,1188.1357421875,4.0,5.0,2.0,1.0,1,1,0.9795560533604994,0,0.27
13.0,1.0,1.0,7.0,6.0,2.0,1911.5999755859375,3.0,6.0,1.0,1.0,0,0,0.06093760857521116,0,0.0
18.0,1.0,1.0,7.0,6.0,2.0,1501.066650390625,1.0,7.0,2.0,1.0,1,1,0.9670942187975099,0,0.44333333333333336
12.0,2.0,1.0,7.0,6.0,2.0,1311.0,2.0,5.0,6.0,1.0,0,0,0.3215431251158384,0,0.07333333333333333
11.0,2.0,1.0,8.0,6.0,2.0,808.2666625976562,1.0,1.0,1.0,1.0,0,0,0.08232590216688447,0,0.0
8.0,2.0,1.0,9.0,6.0,2.0,862.63330078125,1.0,3.0,2.0,1.0,0,0,0.010273245737839526,0,0.0
7.0,1.0,1.0,2.0,6.0,2.0,1588.8887939453125,1.0,8.0,1.0,1.0,0,0,0.0020379360857010484,0,0.0
17.0,2.0,2.0,4.0,6.0,2.0,595.0,3.0,5.0,7.0,1.0,0,1,0.608921403802326,0,0.01
17.0,1.0,2.0,4.0,6.0,2.0,2077.41650390625,3.0,8.0,7.0,1.0,0,1,0.6150417291948487,0,0.023333333333333334
16.0,1.0,1.0,5.0,6.0,1.0,162.2291717529297,3.0,8.0,1.0,1.0,0,0,0.14243873388143424,0,0.09666666666666666
19.0,1.0,1.0,2.0,6.0,2.0,2500.0,5.0,3.0,1.0,1.0,0,0,0.2796087799436822,0,0.006666666666666667
18.0,1.0,1.0,8.0,6.0,2.0,1567.606689453125,4.0,1.0,2.0,1.0,0,1,0.9740989207733788,1,0.5866666666666667
19.0,2.0,2.0,1.0,6.0,2.0,511.4444580078125,1.0,7.0,7.0,1.0,1,1,0.9798400325085541,0,0.32666666666666666
11.0,2.0,1.0,2.0,6.0,2.0,1339.4444580078125,1.0,4.0,1.0,1.0,0,0,0.03349041649543275,0,0.0
17.0,1.0,1.0,2.0,6.0,2.0,861.9583129882812,3.0,5.0,1.0,1.0,0,0,0.36051325751866087,0,0.006666666666666667
16.0,2.0,1.0,2.0,6.0,2.0,1262.3800048828125,3.0,5.0,1.0,1.0,0,0,0.1624857171577665,0,0.0
14.0,1.0,1.0,3.0,6.0,2.0,1604.4443359375,3.0,8.0,1.0,1.0,0,0,0.03805991277576821,0,0.0
11.0,1.0,1.0,9.0,6.0,2.0,1196.0,1.0,6.0,2.0,1.0,0,0,0.1791469625263107,0,0.0
8.0,2.0,1.0,7.0,6.0,2.0,306.0,1.0,8.0,1.0,1.0,0,0,0.006688001367534538,0,0.0033333333333333335
16.0,2.0,2.0,9.0,6.0,2.0,715.8444213867188,3.0,5.0,6.0,1.0,0,1,0.6291031967221049,0,0.07333333333333333
10.0,2.0,1.0,3.0,6.0,2.0,1492.674072265625,1.0,5.0,9.0,1.0,0,0,0.014637912915545656,0,0.0
16.0,2.0,1.0,3.0,6.0,2.0,1169.1666259765625,3.0,8.0,5.0,1.0,0,0,0.1581014048241015,0,0.0033333333333333335
19.0,2.0,1.0,8.0,6.0,2.0,779.4000244140625,5.0,5.0,2.0,1.0,0,1,0.5343952960082304,0,0.07666666666666666
8.0,1.0,2.0,4.0,6.0,2.0,1122.5,1.0,5.0,7.0,1.0,0,0,0.019328527454585923,0,0.0
9.0,1.0,1.0,7.0,6.0,2.0,1284.300048828125,1.0,8.0,1.0,1.0,0,0,0.01776096016349502,0,0.0
6.0,2.0,1.0,2.0,6.0,2.0,1502.77783203125,0.0,3.0,2.0,1.0,0,0,0.11587836823222224,0,0.023333333333333334
8.0,2.0,1.0,7.0,6.0,2.0,1609.900146484375,1.0,8.0,1.0,1.0,0,0,0.006210612016405347,0,0.0
11.0,1.0,1.0,4.0,6.0,2.0,337.875,1.0,8.0,1.0,1.0,0,0,0.036684164362485894,0,0.0
10.0,1.0,1.0,2.0,6.0,1.0,1944.1666259765625,1.0,3.0,1.0,1.0,0,0,0.01453498554046626,0,0.006666666666666667
8.0,2.0,1.0,2.0,6.0,2.0,1151.0,1.0,5.0,2.0,1.0,0,0,0.009549230853880123,0,0.0
13.0,2.0,1.0,2.0,6.0,2.0,2740.683349609375,2.0,3.0,1.0,1.0,0,0,0.07980863823963821,0,0.0
11.0,1.0,1.0,8.0,6.0,2.0,1154.9166259765625,1.0,5.0,2.0,1.0,0,0,0.1072468983562264,0,0.0
12.0,1.0,1.0,7.0,6.0,2.0,1080.0,2.0,8.0,1.0,1.0,0,0,0.13009569137156984,0,0.0033333333333333335
10.0,2.0,2.0,1.0,6.0,2.0,3220.416748046875,1.0,5.0,5.0,1.0,0,0,0.03901482060262431,0,0.0033333333333333335
12.0,1.0,1.0,1.0,6.0,1.0,487.3055419921875,1.0,5.0,1.0,1.0,0,0,0.11222139718620382,0,0.0
14.0,2.0,2.0,9.0,6.0,2.0,345.23809814453125,3.0,2.0,2.0,2.0,0,0,0.2807518763060529,0,0.013333333333333334
19.0,2.0,1.0,7.0,6.0,1.0,1371.8665771484375,5.0,5.0,1.0,1.0,0,0,0.46647677696013035,0,0.12
16.0,2.0,1.0,3.0,6.0,2.0,1409.1666259765625,3.0,8.0,1.0,1.0,0,0,0.11400391339812878,0,0.0
11.0,2.0,1.0,5.0,6.0,2.0,2835.324951171875,1.0,8.0,1.0,1.0,0,0,0.019295933432845688,0,0.0
13.0,1.0,1.0,2.0,6.0,2.0,931.8599853515625,3.0,5.0,1.0,1.0,0,0,0.028569625789798648,0,0.0
11.0,2.0,2.0,3.0,6.0,2.0,631.728515625,1.0,5.0,8.0,1.0,0,0,0.0800358313386238,0,0.0
12.0,1.0,1.0,2.0,6.0,2.0,1713.9444580078125,1.0,3.0,1.0,1.0,0,0,0.06261123914510917,0,0.0033333333333333335
18.0,2.0,1.0,5.0,6.0,2.0,1024.4166259765625,3.0,5.0,1.0,1.0,0,0,0.387521928277391,0,0.11333333333333333
13.0,2.0,1.0,2.0,6.0,2.0,957.2916259765625,3.0,5.0,1.0,1.0,0,0,0.02115747521458654,0,0.0
10.0,1.0,2.0,3.0,6.0,2.0,603.4124755859375,1.0,5.0,5.0,1.0,0,0,0.04082678566996271,0,0.0
16.0,2.0,1.0,2.0,6.0,2.0,4026.193359375,3.0,5.0,1.0,1.0,0,0,0.14211435126627456,0,0.0033333333333333335
14.0,1.0,1.0,7.0,6.0,2.0,1574.5999755859375,3.0,8.0,1.0,1.0,0,0,0.08843147816917737,0,0.0033333333333333335
17.0,1.0,1.0,3.0,6.0,2.0,1435.5799560546875,3.0,5.0,5.0,1.0,0,0,0.3898725570374905,0,0.0033333333333333335
8.0,2.0,1.0,7.0,6.0,2.0,1324.0,1.0,5.0,1.0,1.0,0,0,0.007668472708529645,0,0.0
8.0,1.0,1.0,4.0,6.0,2.0,400.0,1.0,8.0,2.0,1.0,0,0,0.010117517550358453,0,0.0
10.0,1.0,1.0,7.0,6.0,2.0,3164.559814453125,1.0,6.0,1.0,1.0,0,0,0.04615494391483285,0,0.01
16.0,2.0,1.0,2.0,6.0,2.0,1619.669921875,3.0,5.0,1.0,1.0,0,0,0.15972544347802894,0,0.0
7.0,1.0,1.0,7.0,6.0,2.0,2210.0,1.0,8.0,1.0,1.0,0,0,0.0039096316298046704,0,0.0033333333333333335
12.0,1.0,1.0,3.0,6.0,2.0,2437.91650390625,2.0,1.0,1.0,1.0,0,0,0.14406145239289153,0,0.0033333333333333335
17.0,1.0,1.0,2.0,6.0,1.0,708.4299926757812,3.0,3.0,1.0,1.0,0,0,0.27392849430664085,0,0.0033333333333333335
12.0,2.0,1.0,7.0,6.0,2.0,1634.1666259765625,2.0,8.0,1.0,1.0,0,0,0.09636438101967981,0,0.0
14.0,2.0,2.0,5.0,6.0,2.0,877.7777709960938,3.0,5.0,5.0,1.0,0,0,0.06788541473472243,0,0.0033333333333333335
18.0,1.0,1.0,3.0,27.0,2.0,1688.699951171875,3.0,5.0,9.0,1.0,1,1,0.6686548271162036,0,0.02666666666666667
7.0,1.0,1.0,7.0,6.0,2.0,713.2333374023438,1.0,5.0,2.0,1.0,0,0,0.012634465467748978,0,0.0
16.0,1.0,1.0,2.0,6.0,2.0,804.7333374023438,3.0,4.0,1.0,1.0,0,0,0.2093447522059365,0,0.01
12.0,2.0,1.0,4.0,6.0,1.0,2024.0,1.0,8.0,1.0,1.0,0,0,0.04944467287048419,0,0.06333333333333334
11.0,1.0,1.0,7.0,6.0,2.0,1190.8333740234375,1.0,8.0,2.0,1.0,0,0,0.16347397540310807,0,0.0
10.0,2.0,1.0,3.0,6.0,2.0,1229.7532958984375,1.0,5.0,9.0,1.0,0,0,0.014856283356461596,0,0.0
12.0,1.0,1.0,2.0,6.0,2.0,1641.6666259765625,1.0,3.0,1.0,1.0,0,0,0.06285417105106009,0,0.0033333333333333335
10.0,1.0,1.0,7.0,6.0,2.0,1206.1904296875,1.0,5.0,1.0,1.0,0,0,0.044147772925043585,0,0.0
6.0,2.0,1.0,7.0,6.0,2.0,3725.3916015625,0.0,8.0,1.0,1.0,0,0,0.10168734027089958,0,0.0
17.0,1.0,1.0,2.0,6.0,1.0,1028.375,3.0,5.0,1.0,1.0,0,0,0.3531445608639245,0,0.02
17.0,1.0,1.0,7.0,6.0,2.0,2088.75,4.0,5.0,1.0,1.0,1,1,0.8518951552037752,0,0.48333333333333334
15.0,2.0,2.0,7.0,6.0,2.0,2294.89990234375,3.0,8.0,1.0,1.0,1,0,0.1781970907632033,0,0.013333333333333334
11.0,1.0,1.0,7.0,6.0,2.0,954.3333129882812,1.0,1.0,2.0,1.0,0,0,0.37094602542156624,0,0.05
16.0,2.0,2.0,2.0,6.0,2.0,279.0,3.0,5.0,2.0,1.0,0,0,0.43322217553617537,0,0.11
13.0,1.0,1.0,3.0,6.0,2.0,1949.75,3.0,8.0,1.0,1.0,0,0,0.01821990335307681,0,0.0
12.0,1.0,1.0,3.0,6.0,2.0,1154.1666259765625,3.0,8.0,1.0,1.0,0,0,0.009205580725912085,0,0.0
12.0,1.0,1.0,3.0,6.0,2.0,1480.5,1.0,8.0,1.0,1.0,0,0,0.06254843192410213,0,0.0
10.0,2.0,2.0,3.0,6.0,2.0,442.8571472167969,1.0,8.0,5.0,1.0,0,0,0.025331803397942117,0,0.0
12.0,2.0,1.0,3.0,6.0,1.0,4561.17333984375,2.0,8.0,1.0,1.0,0,0,0.03477878067028728,0,0.02
7.0,2.0,1.0,2.0,6.0,2.0,1339.875,1.0,3.0,1.0,1.0,0,0,0.0012568565669666984,0,0.0
17.0,2.0,1.0,5.0,6.0,2.0,714.4500122070312,3.0,5.0,2.0,1.0,0,0,0.43116342645539546,0,0.03
16.0,2.0,1.0,2.0,6.0,2.0,93.75714111328125,3.0,5.0,1.0,1.0,0,0,0.17178272493377583,0,0.006666666666666667
15.0,2.0,1.0,2.0,6.0,2.0,846.95556640625,3.0,5.0,1.0,1.0,1,0,0.08679399801496628,0,0.0
17.0,1.0,1.0,6.0,6.0,2.0,1693.300048828125,3.0,5.0,1.0,1.0,0,0,0.4525667855903431,0,0.02
17.0,2.0,1.0,2.0,6.0,1.0,1913.0,3.0,3.0,1.0,1.0,0,0,0.20584786706542893,0,0.013333333333333334
17.0,2.0,1.0,5.0,6.0,2.0,2060.0,3.0,5.0,2.0,1.0,0,0,0.4124072018232586,0,0.013333333333333334
7.0,1.0,1.0,7.0,6.0,2.0,1305.6666259765625,0.0,5.0,2.0,1.0,0,1,0.5249165699097953,0,0.023333333333333334
19.0,2.0,2.0,1.0,6.0,2.0,370.41668701171875,4.0,5.0,7.0,1.0,1,1,0.9807688231855148,0,0.32
19.0,2.0,1.0,4.0,6.0,2.0,906.8499755859375,3.0,5.0,1.0,1.0,1,1,0.6218436094106492,0,0.38666666666666666
7.0,2.0,1.0,7.0,6.0,2.0,586.3333129882812,0.0,8.0,1.0,1.0,0,0,0.22065538636183915,0,0.0
18.0,1.0,2.0,6.0,6.0,2.0,1060.9666748046875,0.0,8.0,7.0,1.0,1,1,0.9997444292543402,0,0.35333333333333333
15.0,1.0,1.0,4.0,6.0,2.0,1000.0,3.0,8.0,2.0,1.0,0,0,0.19054354505236323,0,0.0033333333333333335
6.0,1.0,1.0,5.0,6.0,1.0,3465.169921875,0.0,5.0,2.0,1.0,0,0,0.14447054577561766,0,0.0033333333333333335
7.0,2.0,2.0,1.0,6.0,2.0,847.2194213867188,1.0,5.0,5.0,1.0,0,0,0.005064989588499368,0,0.0
8.0,2.0,2.0,4.0,6.0,2.0,650.0,1.0,5.0,5.0,1.0,0,0,0.007928376591474197,0,0.0
11.0,1.0,1.0,4.0,6.0,1.0,1105.2000732421875,1.0,5.0,1.0,1.0,0,0,0.041546340466338844,0,0.0
12.0,2.0,1.0,2.0,6.0,2.0,600.0,3.0,5.0,1.0,1.0,0,0,0.010443507113414921,0,0.0
17.0,1.0,1.0,2.0,6.0,2.0,2957.46337890625,3.0,5.0,1.0,1.0,0,0,0.33338280388240915,0,0.03333333333333333
13.0,1.0,1.0,7.0,6.0,2.0,1981.3333740234375,2.0,5.0,2.0,1.0,0,0,0.4705113027892464,0,0.0
12.0,1.0,1.0,7.0,6.0,2.0,1408.3333740234375,1.0,8.0,2.0,1.0,0,0,0.2874678767314185,0,0.006666666666666667
11.0,2.0,2.0,5.0,6.0,2.0,927.9666748046875,1.0,5.0,1.0,1.0,0,0,0.038840285435588845,0,0.0
18.0,2.0,2.0,2.0,6.0,2.0,609.7916870117188,3.0,2.0,8.0,1.0,1,1,0.7269082763987746,0,0.16
19.0,2.0,2.0,5.0,6.0,1.0,1214.1666259765625,3.0,5.0,5.0,1.0,1,1,0.7359758175682517,0,0.36
15.0,2.0,1.0,1.0,6.0,2.0,1730.357177734375,3.0,5.0,1.0,1.0,0,0,0.0996277102624095,0,0.0
15.0,2.0,1.0,2.0,6.0,2.0,1331.0,3.0,5.0,2.0,1.0,0,0,0.18529831043845435,0,0.0
11.0,2.0,1.0,6.0,6.0,2.0,1102.9246826171875,1.0,5.0,2.0,1.0,0,0,0.11955750050723644,0,0.0
18.0,1.0,1.0,6.0,6.0,2.0,1372.0875244140625,4.0,5.0,2.0,1.0,0,1,0.9596717515810737,1,0.6133333333333333
7.0,1.0,2.0,6.0,6.0,2.0,2164.7666015625,0.0,5.0,1.0,1.0,0,0,0.33326513209656006,0,0.006666666666666667
15.0,2.0,1.0,1.0,6.0,2.0,1106.25,3.0,8.0,1.0,1.0,0,0,0.08614228945497038,0,0.0
11.0,1.0,1.0,3.0,6.0,2.0,570.0,1.0,8.0,1.0,1.0,0,0,0.03253070614633122,0,0.0
16.0,1.0,1.0,3.0,6.0,2.0,3892.0,3.0,8.0,1.0,1.0,0,0,0.13171149436917884,0,0.06
7.0,2.0,1.0,7.0,6.0,2.0,939.4000244140625,1.0,7.0,1.0,1.0,0,0,0.0027196281891478354,0,0.0033333333333333335
10.0,1.0,1.0,7.0,6.0,2.0,1195.375,1.0,5.0,1.0,1.0,0,0,0.04417386978211185,0,0.0
7.0,1.0,1.0,7.0,6.0,2.0,2367.71435546875,1.0,5.0,2.0,1.0,0,0,0.011507425498877632,0,0.0
18.0,1.0,1.0,3.0,6.0,2.0,2666.666748046875,3.0,6.0,1.0,1.0,0,1,0.5033188913749911,0,0.01
17.0,1.0,1.0,3.0,6.0,2.0,1787.0999755859375,3.0,5.0,5.0,1.0,0,0,0.3851034048929419,0,0.03666666666666667
8.0,2.0,1.0,2.0,6.0,1.0,242.6266632080078,1.0,3.0,1.0,1.0,0,0,0.0027307819609162557,0,0.0
15.0,2.0,1.0,1.0,27.0,2.0,958.6666870117188,3.0,5.0,1.0,1.0,0,0,0.19007801593293777,0,0.05
17.0,2.0,1.0,1.0,6.0,2.0,550.625,3.0,5.0,1.0,1.0,0,0,0.3409005656511025,0,0.016666666666666666
11.0,2.0,1.0,3.0,6.0,2.0,1000.8333129882812,1.0,8.0,7.0,1.0,0,0,0.060877354565251174,0,0.0
11.0,2.0,1.0,7.0,6.0,2.0,925.0,1.0,6.0,1.0,1.0,0,0,0.07801339656162876,0,0.0
14.0,2.0,2.0,5.0,27.0,2.0,305.5555725097656,3.0,5.0,8.0,1.0,0,0,0.16889126949324726,0,0.05
17.0,2.0,1.0,4.0,6.0,2.0,986.6666870117188,3.0,5.0,2.0,1.0,0,0,0.47961401528774045,0,0.016666666666666666
18.0,2.0,2.0,3.0,6.0,2.0,2543.875,4.0,5.0,5.0,1.0,0,1,0.8847520458305075,0,0.4766666666666667
19.0,2.0,1.0,2.0,6.0,2.0,1668.657958984375,4.0,5.0,2.0,1.0,0,1,0.9590289686014346,1,0.8666666666666667
17.0,2.0,2.0,2.0,2.0,1.0,381.1111145019531,3.0,1.0,5.0,1.0,0,1,0.746184469118901,0,0.13333333333333333
13.0,1.0,1.0,7.0,6.0,2.0,1925.0,3.0,8.0,1.0,1.0,0,0,0.04350947516970907,0,0.0
14.0,2.0,1.0,3.0,6.0,2.0,957.4249877929688,3.0,5.0,5.0,1.0,0,0,0.05025982977425265,0,0.0
8.0,2.0,2.0,1.0,6.0,2.0,829.0554809570312,1.0,5.0,1.0,1.0,0,0,0.00734545210249103,0,0.0
15.0,1.0,2.0,6.0,6.0,2.0,1580.0,3.0,5.0,8.0,1.0,0,0,0.3557653296181924,0,0.07333333333333333
15.0,1.0,1.0,9.0,6.0,2.0,2439.333251953125,3.0,8.0,6.0,1.0,0,0,0.3516859802640548,0,0.02666666666666667
7.0,2.0,1.0,2.0,6.0,2.0,2541.666748046875,1.0,3.0,1.0,1.0,0,0,0.0011735085986986557,0,0.0
19.0,1.0,1.0,7.0,6.0,2.0,870.3333129882812,3.0,5.0,1.0,1.0,0,1,0.8306046190528164,0,0.3433333333333333
8.0,1.0,1.0,3.0,6.0,2.0,418.55413818359375,1.0,1.0,5.0,1.0,0,0,0.015664807674668144,0,0.0
16.0,1.0,1.0,7.0,6.0,2.0,1722.5,3.0,8.0,2.0,1.0,0,1,0.5083721728935241,0,0.023333333333333334
8.0,1.0,2.0,7.0,6.0,2.0,102.5,1.0,8.0,2.0,1.0,0,0,0.033320924471864626,0,0.006666666666666667
17.0,2.0,1.0,3.0,6.0,2.0,2221.2373046875,3.0,6.0,5.0,1.0,0,0,0.3450780108103738,0,0.0
11.0,1.0,1.0,6.0,6.0,2.0,899.8333129882812,1.0,8.0,1.0,1.0,0,0,0.05870447216272401,0,0.0033333333333333335
6.0,2.0,1.0,2.0,6.0,2.0,1073.2083740234375,0.0,5.0,1.0,1.0,0,0,0.07447406691026526,0,0.0
16.0,1.0,1.0,7.0,6.0,2.0,3666.666748046875,3.0,8.0,1.0,1.0,0,0,0.2733119638634647,0,0.0033333333333333335
17.0,1.0,1.0,2.0,6.0,2.0,1014.25,3.0,5.0,1.0,1.0,0,0,0.35850868550109377,1,0.5533333333333333
9.0,2.0,1.0,6.0,6.0,2.0,221.5,1.0,6.0,2.0,1.0,0,0,0.03688471780944589,0,0.01
13.0,2.0,1.0,5.0,6.0,2.0,3943.333251953125,2.0,3.0,1.0,1.0,0,0,0.05626143811305435,0,0.0
11.0,1.0,2.0,7.0,41.0,2.0,388.3407287597656,1.0,8.0,5.0,2.0,0,1,0.910798128714651,0,0.2633333333333333
18.0,2.0,2.0,1.0,6.0,2.0,1584.1500244140625,4.0,8.0,5.0,1.0,0,1,0.9093655559863759,0,0.2966666666666667
19.0,2.0,1.0,1.0,27.0,2.0,1191.75,4.0,5.0,2.0,1.0,1,1,0.9835464646544173,0,0.37666666666666665
10.0,2.0,2.0,2.0,6.0,2.0,818.0,1.0,1.0,7.0,1.0,0,0,0.14790901873794404,0,0.0
14.0,1.0,1.0,9.0,6.0,2.0,699.3056030273438,3.0,5.0,2.0,1.0,0,0,0.19303405412882577,0,0.01
18.0,1.0,1.0,2.0,6.0,2.0,819.3999633789062,3.0,5.0,1.0,1.0,0,1,0.5415585898789111,0,0.0
8.0,2.0,1.0,7.0,6.0,2.0,1404.159912109375,1.0,1.0,2.0,1.0,0,0,0.04426264858190206,0,0.0
14.0,2.0,1.0,3.0,6.0,2.0,836.6666870117188,3.0,8.0,5.0,1.0,0,0,0.04196444595215812,0,0.0
8.0,2.0,1.0,7.0,6.0,2.0,384.75,1.0,8.0,2.0,1.0,0,0,0.016222629373395386,0,0.0
7.0,1.0,2.0,2.0,6.0,1.0,540.0,1.0,5.0,7.0,1.0,0,0,0.010372076596482628,0,0.0
13.0,2.0,1.0,7.0,6.0,2.0,971.3499755859375,2.0,5.0,2.0,1.0,0,0,0.409301084223606,0,0.0
18.0,1.0,1.0,7.0,6.0,2.0,3338.888916015625,3.0,6.0,1.0,1.0,0,1,0.7047445888620913,0,0.0033333333333333335
11.0,1.0,2.0,2.0,6.0,2.0,485.0,1.0,1.0,7.0,1.0,0,0,0.33442493163936393,0,0.006493180186647523
14.0,2.0,1.0,3.0,6.0,2.0,908.4933471679688,3.0,8.0,1.0,1.0,0,0,0.029411823226365427,0,0.0033333333333333335
14.0,2.0,1.0,7.0,6.0,2.0,1471.193359375,3.0,8.0,2.0,1.0,0,0,0.15016762379002366,0,0.13666666666666666
11.0,1.0,2.0,9.0,6.0,2.0,166.6666717529297,1.0,2.0,6.0,2.0,0,0,0.38486110282353625,0,0.09
8.0,2.0,1.0,2.0,6.0,2.0,2555.0,1.0,8.0,1.0,1.0,0,0,0.0029641997516111573,0,0.0033333333333333335
15.0,2.0,2.0,9.0,6.0,2.0,1004.25,3.0,6.0,1.0,1.0,0,0,0.20684152065834543,0,0.08333333333333333
7.0,2.0,2.0,9.0,6.0,2.0,546.0999755859375,1.0,1.0,6.0,1.0,0,0,0.038688190563628176,0,0.4
12.0,1.0,1.0,7.0,6.0,2.0,3375.9443359375,3.0,6.0,1.0,1.0,0,0,0.027758496486280003,0,0.0
10.0,2.0,1.0,3.0,6.0,2.0,532.0,1.0,5.0,5.0,1.0,0,0,0.020355711012314738,0,0.0
18.0,2.0,1.0,2.0,6.0,2.0,1018.0,4.0,4.0,1.0,1.0,0,1,0.8221522348006848,0,0.05
8.0,1.0,1.0,8.0,6.0,2.0,2188.5595703125,1.0,8.0,5.0,1.0,0,0,0.005928032364374616,0,0.0033333333333333335
9.0,2.0,1.0,5.0,6.0,1.0,1954.2857666015625,1.0,5.0,1.0,1.0,0,0,0.005600566801872689,0,0.023333333333333334
8.0,1.0,1.0,7.0,6.0,2.0,1527.780029296875,1.0,8.0,1.0,1.0,0,0,0.008458631241128192,0,0.0
13.0,1.0,2.0,9.0,6.0,2.0,1171.449951171875,2.0,8.0,5.0,1.0,0,0,0.34689075618210186,0,0.01
11.0,2.0,1.0,4.0,6.0,2.0,1316.7777099609375,1.0,5.0,1.0,1.0,0,0,0.031234192489679045,0,0.006666666666666667
11.0,1.0,1.0,3.0,6.0,2.0,599.3611450195312,1.0,5.0,5.0,1.0,0,0,0.055521777568822706,0,0.0
18.0,2.0,1.0,7.0,6.0,2.0,1391.5692138671875,4.0,8.0,2.0,1.0,0,1,0.9490432706308113,0,0.11333333333333333
14.0,1.0,1.0,3.0,6.0,2.0,1482.783203125,3.0,8.0,7.0,1.0,0,0,0.09662544363754487,0,0.01
7.0,2.0,1.0,2.0,6.0,1.0,1063.199951171875,1.0,5.0,1.0,1.0,0,0,0.001838733698122789,0,0.0
10.0,1.0,1.0,7.0,6.0,2.0,1141.2642822265625,1.0,8.0,1.0,1.0,0,0,0.036709045943503285,0,0.0
16.0,1.0,1.0,1.0,6.0,2.0,808.2666625976562,3.0,5.0,1.0,1.0,0,0,0.2488348205030455,0,0.0
15.0,1.0,2.0,3.0,6.0,1.0,295.875,3.0,5.0,7.0,1.0,0,0,0.30110169000973586,0,0.0
13.0,1.0,2.0,7.0,41.0,2.0,896.111083984375,3.0,5.0,5.0,2.0,0,1,0.8781358545290926,1,0.63
12.0,1.0,2.0,8.0,6.0,1.0,106.5999984741211,2.0,1.0,7.0,1.0,0,0,0.4853717390907019,0,0.13666666666666666
17.0,2.0,1.0,3.0,6.0,2.0,950.0,3.0,8.0,1.0,1.0,0,0,0.21637647968056561,0,0.0
14.0,2.0,2.0,6.0,6.0,2.0,474.66668701171875,3.0,8.0,8.0,1.0,0,0,0.14549125985921954,0,0.006666666666666667
17.0,2.0,1.0,2.0,6.0,2.0,817.5,3.0,5.0,1.0,1.0,0,0,0.2937803381553717,0,0.006666666666666667
9.0,1.0,2.0,5.0,27.0,2.0,204.7619171142578,1.0,1.0,8.0,1.0,0,0,0.11078061721540826,0,0.0
7.0,2.0,1.0,2.0,6.0,2.0,560.8333129882812,0.0,8.0,1.0,1.0,0,0,0.12463171878823927,0,0.03666666666666667
18.0,1.0,1.0,2.0,6.0,1.0,2588.333251953125,4.0,3.0,1.0,1.0,0,1,0.7955970245791434,1,0.63
16.0,1.0,1.0,3.0,6.0,2.0,4504.0,3.0,8.0,1.0,1.0,0,0,0.12776184958359332,0,0.04666666666666667
16.0,1.0,1.0,4.0,6.0,2.0,1750.0,3.0,8.0,1.0,1.0,0,0,0.1608022516702817,0,0.006666666666666667
16.0,2.0,1.0,4.0,27.0,1.0,1387.2618408203125,3.0,5.0,2.0,1.0,0,0,0.4609160764561541,0,0.09666666666666666
10.0,2.0,1.0,7.0,6.0,2.0,1087.5,1.0,8.0,1.0,1.0,0,0,0.027364651501781335,0,0.0
15.0,2.0,1.0,7.0,6.0,2.0,1740.0,3.0,8.0,1.0,1.0,0,0,0.12880470575358546,0,0.0
13.0,2.0,1.0,3.0,6.0,2.0,613.3333129882812,2.0,5.0,1.0,1.0,0,0,0.10510237326148364,0,0.0
17.0,1.0,1.0,2.0,6.0,2.0,2203.125,3.0,3.0,2.0,1.0,0,0,0.46570641259970275,0,0.02666666666666667
6.0,1.0,1.0,7.0,6.0,2.0,1083.3333740234375,0.0,5.0,1.0,1.0,0,0,0.17871120660000517,0,0.03333333333333333
10.0,1.0,1.0,2.0,6.0,2.0,1018.0,1.0,5.0,1.0,1.0,0,0,0.02290583868963966,0,0.0
19.0,1.0,2.0,7.0,6.0,2.0,1888.663330078125,4.0,5.0,1.0,1.0,1,1,0.9746748440248316,1,0.53
16.0,2.0,2.0,4.0,2.0,2.0,321.76666259765625,3.0,1.0,7.0,1.0,0,1,0.7099557160789,0,0.08333333333333333
10.0,2.0,1.0,7.0,6.0,2.0,2868.766845703125,1.0,8.0,1.0,1.0,0,0,0.024781081518777344,0,0.0
8.0,2.0,2.0,2.0,6.0,2.0,1564.0,1.0,8.0,7.0,1.0,0,0,0.0126257524963516,1,0.5560571463581122
10.0,2.0,2.0,5.0,6.0,2.0,1220.5556640625,1.0,6.0,2.0,1.0,0,0,0.05195714439182125,0,0.0
6.0,1.0,1.0,8.0,6.0,2.0,1208.5,0.0,5.0,1.0,1.0,0,0,0.0982459908016938,0,0.0033333333333333335
14.0,2.0,2.0,2.0,6.0,2.0,1058.0,3.0,5.0,7.0,1.0,0,0,0.15438799302106515,0,0.0
13.0,2.0,1.0,4.0,6.0,2.0,758.3333129882812,2.0,5.0,2.0,1.0,1,0,0.24257190328725162,0,0.056666666666666664
11.0,2.0,1.0,4.0,6.0,2.0,1021.875,1.0,8.0,2.0,1.0,0,0,0.06218752195604168,0,0.0
6.0,2.0,1.0,2.0,6.0,2.0,1500.0,0.0,3.0,1.0,1.0,0,0,0.05058774894362929,0,0.0
8.0,1.0,1.0,3.0,6.0,2.0,1124.1875,1.0,5.0,1.0,1.0,0,0,0.0043200225882829135,0,0.0
18.0,2.0,1.0,2.0,6.0,2.0,610.0,3.0,5.0,1.0,1.0,0,0,0.46806619072845673,0,0.0
9.0,2.0,1.0,3.0,6.0,2.0,720.0,1.0,5.0,1.0,1.0,0,0,0.006784982726268704,0,0.0
17.0,1.0,1.0,1.0,6.0,2.0,2861.5,3.0,5.0,1.0,1.0,0,0,0.3810994705470265,0,0.0
9.0,2.0,1.0,2.0,6.0,2.0,920.0,1.0,5.0,1.0,1.0,0,0,0.008232406100984614,0,0.0
9.0,2.0,1.0,7.0,6.0,2.0,2332.31884765625,1.0,5.0,1.0,1.0,0,0,0.015019741155508776,0,0.0
18.0,1.0,1.0,9.0,6.0,2.0,1873.8333740234375,3.0,5.0,1.0,1.0,1,1,0.6344830718126716,0,0.04666666666666667
16.0,2.0,2.0,3.0,27.0,1.0,442.8571472167969,3.0,8.0,5.0,1.0,0,0,0.3702676226828369,0,0.016666666666666666
18.0,1.0,1.0,2.0,54.0,2.0,3750.0,3.0,3.0,1.0,1.0,0,1,0.7662122249871457,0,0.06666666666666667
14.0,1.0,1.0,2.0,6.0,2.0,1657.6666259765625,3.0,5.0,1.0,1.0,0,0,0.05569323655725453,0,0.0
18.0,1.0,1.0,3.0,6.0,2.0,1000.0933837890625,4.0,8.0,6.0,1.0,0,1,0.9390670808914359,0,0.25
10.0,2.0,1.0,6.0,6.0,2.0,833.2099609375,1.0,5.0,2.0,1.0,0,0,0.06188862160243,0,0.0
8.0,1.0,1.0,3.0,27.0,2.0,2855.166748046875,0.0,8.0,9.0,1.0,0,0,0.3890202971508429,0,0.14666666666666667
10.0,1.0,1.0,4.0,6.0,2.0,608.3333129882812,1.0,1.0,1.0,1.0,0,0,0.05069534415793444,0,0.0033333333333333335
8.0,1.0,1.0,3.0,6.0,2.0,1029.5999755859375,1.0,8.0,1.0,1.0,0,0,0.0035731037835428168,0,0.0
6.0,1.0,1.0,7.0,6.0,2.0,922.63330078125,0.0,1.0,2.0,1.0,0,1,0.5693654460030503,0,0.13666666666666666
7.0,2.0,2.0,8.0,6.0,2.0,1633.3333740234375,1.0,2.0,2.0,1.0,0,0,0.007065579623352903,0,0.0
13.0,2.0,2.0,2.0,6.0,2.0,3490.87353515625,2.0,5.0,1.0,1.0,0,0,0.1563910216557558,0,0.016666666666666666
13.0,2.0,1.0,7.0,6.0,1.0,1529.2115478515625,3.0,5.0,1.0,1.0,0,0,0.039136463031114246,0,0.02666666666666667
15.0,1.0,1.0,2.0,6.0,2.0,873.7999877929688,3.0,8.0,7.0,1.0,0,0,0.22150758994673547,0,0.02666666666666667
16.0,1.0,1.0,3.0,6.0,2.0,933.7039794921875,3.0,5.0,9.0,1.0,0,0,0.19198985306726066,0,0.0033333333333333335
15.0,2.0,1.0,9.0,6.0,2.0,2160.28564453125,3.0,8.0,1.0,1.0,0,0,0.10162233383558936,0,0.006666666666666667
6.0,2.0,1.0,2.0,6.0,2.0,338.5375061035156,0.0,5.0,1.0,1.0,0,0,0.07742103405838989,0,0.0033333333333333335
10.0,1.0,1.0,6.0,6.0,2.0,2139.6416015625,1.0,5.0,1.0,1.0,0,0,0.03270568641330084,0,0.0
19.0,1.0,1.0,7.0,6.0,2.0,2709.537353515625,4.0,8.0,1.0,1.0,0,1,0.9522441413643674,0,0.48333333333333334
13.0,2.0,1.0,2.0,6.0,2.0,1868.574951171875,3.0,3.0,1.0,1.0,0,0,0.013730696928596364,0,0.0
10.0,1.0,1.0,2.0,6.0,1.0,1261.2667236328125,1.0,5.0,1.0,1.0,0,0,0.02210296930958418,0,0.0
6.0,2.0,2.0,7.0,6.0,2.0,519.5999755859375,0.0,5.0,1.0,1.0,0,0,0.2002555453008271,0,0.0033333333333333335
9.0,1.0,1.0,7.0,6.0,2.0,768.5750122070312,1.0,8.0,2.0,1.0,1,0,0.043809264752835225,0,0.0
16.0,2.0,1.0,7.0,6.0,2.0,2147.699951171875,3.0,8.0,2.0,1.0,0,0,0.42621458568042053,0,0.016666666666666666
14.0,2.0,2.0,8.0,6.0,2.0,913.3666381835938,3.0,1.0,2.0,1.0,0,0,0.293093809177397,0,0.006666666666666667
10.0,2.0,1.0,3.0,6.0,2.0,2546.508056640625,1.0,5.0,1.0,1.0,0,0,0.012700616516831298,0,0.0
15.0,2.0,1.0,3.0,6.0,2.0,1522.4554443359375,3.0,8.0,1.0,1.0,0,0,0.05763411672785936,0,0.0
19.0,1.0,2.0,3.0,6.0,2.0,1424.693359375,4.0,5.0,5.0,1.0,0,1,0.9587516015842937,0,0.43
6.0,1.0,1.0,6.0,6.0,2.0,3069.4443359375,0.0,4.0,1.0,1.0,0,0,0.1279885844824258,0,0.01
17.0,2.0,1.0,9.0,6.0,2.0,2000.0,3.0,8.0,1.0,1.0,0,0,0.3328066009957601,0,0.0
6.0,2.0,2.0,7.0,6.0,2.0,1246.5277099609375,0.0,6.0,5.0,1.0,0,0,0.28835174006378633,0,0.02666666666666667
16.0,1.0,1.0,7.0,6.0,2.0,3943.89990234375,3.0,8.0,1.0,1.0,0,0,0.2701757344176492,0,0.01
12.0,2.0,1.0,8.0,6.0,2.0,555.0,1.0,6.0,1.0,1.0,0,0,0.08349467903441594,0,0.0
16.0,1.0,1.0,8.0,6.0,2.0,214.2857208251953,3.0,1.0,1.0,1.0,0,0,0.4075226473078009,0,0.01
8.0,1.0,2.0,2.0,6.0,2.0,485.0,1.0,1.0,7.0,1.0,0,0,0.052143264837308155,0,0.0033333333333333335
16.0,1.0,1.0,3.0,6.0,2.0,3095.83349609375,3.0,8.0,1.0,1.0,0,0,0.1370042156153218,0,0.04
19.0,2.0,1.0,3.0,6.0,2.0,671.1500244140625,4.0,5.0,2.0,1.0,0,1,0.9527463941013332,0,0.3433333333333333
10.0,2.0,1.0,2.0,6.0,2.0,2819.800048828125,1.0,5.0,1.0,1.0,0,0,0.015327092635669993,0,0.0
17.0,1.0,2.0,4.0,2.0,1.0,561.111083984375,3.0,1.0,7.0,1.0,0,1,0.8701983112624886,0,0.06333333333333334
14.0,2.0,1.0,4.0,6.0,2.0,2648.958251953125,3.0,8.0,1.0,1.0,0,0,0.029747723141969974,0,0.0
10.0,1.0,1.0,2.0,6.0,2.0,3269.4443359375,1.0,3.0,1.0,1.0,0,0,0.013792822645630249,0,0.0
10.0,2.0,1.0,1.0,6.0,2.0,1134.699951171875,1.0,8.0,2.0,1.0,0,0,0.0407166401133698,0,0.0
17.0,2.0,2.0,3.0,27.0,2.0,62.5,3.0,1.0,7.0,1.0,0,1,0.8770428033381164,0,0.05
10.0,2.0,1.0,2.0,6.0,2.0,4250.83349609375,1.0,5.0,1.0,1.0,0,0,0.014140217985847837,0,0.0
8.0,1.0,1.0,7.0,6.0,2.0,1137.9583740234375,1.0,8.0,2.0,1.0,0,0,0.021009429961310565,0,0.0
15.0,1.0,1.0,8.0,6.0,2.0,1822.4261474609375,3.0,5.0,5.0,1.0,0,0,0.1500676366358807,0,0.01
16.0,2.0,2.0,7.0,6.0,2.0,947.6799926757812,3.0,7.0,2.0,1.0,0,1,0.5139183594517298,0,0.06
16.0,1.0,2.0,2.0,2.0,1.0,704.8095092773438,3.0,5.0,8.0,1.0,0,1,0.5049403302141781,0,0.006666666666666667
15.0,1.0,2.0,6.0,6.0,2.0,812.2916870117188,3.0,8.0,1.0,1.0,0,0,0.19846854474006093,0,0.01
9.0,2.0,1.0,2.0,6.0,2.0,1021.0,1.0,5.0,1.0,1.0,0,0,0.00818540067235938,0,0.0
11.0,1.0,1.0,1.0,6.0,2.0,1569.1806640625,1.0,5.0,2.0,1.0,0,0,0.12514533265290362,0,0.0
17.0,2.0,1.0,7.0,6.0,2.0,811.875,3.0,8.0,1.0,1.0,0,0,0.4051944983155488,0,0.0
11.0,2.0,1.0,7.0,6.0,2.0,1236.4000244140625,1.0,5.0,2.0,1.0,0,0,0.14858734438101875,0,0.0
11.0,1.0,1.0,2.0,6.0,2.0,1792.006591796875,1.0,3.0,1.0,1.0,0,0,0.030830389639366268,0,0.0
12.0,2.0,1.0,3.0,6.0,2.0,889.875,1.0,8.0,5.0,1.0,0,0,0.0681397422949406,0,0.0
13.0,2.0,1.0,3.0,6.0,2.0,4125.0,2.0,8.0,1.0,1.0,0,0,0.07320299652957855,0,0.0
11.0,2.0,1.0,6.0,6.0,2.0,1279.6666259765625,1.0,6.0,1.0,1.0,0,0,0.06017382366307641,0,0.0
17.0,2.0,2.0,1.0,6.0,2.0,1319.0167236328125,3.0,5.0,1.0,1.0,0,0,0.42836398145816434,0,0.03
19.0,2.0,1.0,2.0,6.0,2.0,1910.0,4.0,3.0,1.0,1.0,1,1,0.8642674237078672,0,0.18666666666666668
19.0,1.0,1.0,4.0,6.0,2.0,1239.46240234375,4.0,8.0,1.0,1.0,0,1,0.9082792405232265,0,0.24666666666666667
9.0,1.0,2.0,4.0,6.0,1.0,557.0833129882812,1.0,5.0,7.0,1.0,0,0,0.03994044070565937,0,0.0
8.0,1.0,2.0,2.0,2.0,1.0,221.25,1.0,1.0,8.0,1.0,0,0,0.048980520662823906,0,0.0033333333333333335
7.0,1.0,2.0,8.0,6.0,1.0,433.0555419921875,1.0,1.0,4.0,1.0,0,0,0.005841723160052243,0,0.0
15.0,1.0,1.0,1.0,6.0,2.0,1711.4693603515625,3.0,5.0,1.0,1.0,0,0,0.13081293433367377,0,0.0033333333333333335
16.0,1.0,1.0,3.0,6.0,2.0,300.0,3.0,8.0,1.0,1.0,0,0,0.1570190617632949,0,0.04
9.0,1.0,1.0,3.0,6.0,2.0,2062.55615234375,1.0,8.0,9.0,1.0,0,0,0.0076241677992313,0,0.0
19.0,2.0,1.0,2.0,6.0,2.0,1218.9000244140625,4.0,5.0,1.0,1.0,0,1,0.9070829763077698,1,0.6933333333333334
12.0,1.0,2.0,2.0,6.0,1.0,600.0,2.0,5.0,2.0,1.0,0,0,0.25478419938487357,0,0.013333333333333334
12.0,1.0,1.0,3.0,6.0,2.0,2890.680908203125,1.0,8.0,9.0,1.0,0,0,0.06272901862900168,0,0.0
19.0,2.0,1.0,6.0,6.0,2.0,540.120849609375,4.0,5.0,1.0,1.0,1,1,0.9397823953927846,0,0.49
14.0,2.0,1.0,7.0,6.0,2.0,277.0833435058594,1.0,2.0,2.0,1.0,1,1,0.6372136302204174,0,0.04
16.0,1.0,1.0,7.0,6.0,2.0,2780.041748046875,3.0,8.0,1.0,1.0,0,0,0.2834930393960016,0,0.0
6.0,2.0,1.0,4.0,6.0,2.0,1466.6666259765625,0.0,5.0,2.0,1.0,0,0,0.1496654023882995,0,0.0
17.0,2.0,1.0,4.0,6.0,2.0,719.6428833007812,3.0,8.0,1.0,1.0,0,0,0.23820482182762756,0,0.0033333333333333335
17.0,1.0,2.0,6.0,6.0,2.0,797.0238037109375,3.0,5.0,7.0,1.0,0,1,0.7795677311936637,0,0.013333333333333334
16.0,2.0,1.0,7.0,6.0,2.0,1542.7110595703125,3.0,7.0,1.0,1.0,0,0,0.21530421283324228,0,0.01
7.0,1.0,1.0,7.0,6.0,2.0,1598.3333740234375,0.0,5.0,1.0,1.0,0,0,0.3063540934012509,0,0.0033333333333333335
11.0,1.0,1.0,7.0,6.0,2.0,3500.550048828125,2.0,8.0,1.0,1.0,0,0,0.05864575433648419,0,0.0
8.0,1.0,2.0,3.0,27.0,2.0,328.75,1.0,8.0,8.0,1.0,0,0,0.021494210882479048,0,0.0
7.0,1.0,1.0,2.0,6.0,2.0,1001.4666137695312,0.0,5.0,1.0,1.0,0,0,0.18664051734509185,0,0.0
11.0,1.0,1.0,4.0,6.0,2.0,4639.0,1.0,8.0,1.0,1.0,0,0,0.028919153884562728,0,0.0
7.0,1.0,1.0,2.0,6.0,2.0,1425.0250244140625,1.0,5.0,1.0,1.0,0,0,0.0025013313065090853,0,0.006666666666666667
10.0,2.0,1.0,1.0,6.0,2.0,1740.0,1.0,5.0,1.0,1.0,0,0,0.01987130715916311,0,0.0
17.0,1.0,2.0,1.0,6.0,2.0,981.7667236328125,3.0,5.0,5.0,1.0,0,1,0.5990684265960908,0,0.07666666666666666
17.0,1.0,1.0,2.0,2.0,1.0,1993.9400634765625,3.0,5.0,1.0,1.0,0,0,0.4058158737701747,0,0.043333333333333335
19.0,1.0,1.0,6.0,6.0,2.0,1717.245849609375,4.0,5.0,1.0,1.0,1,1,0.9519784577598552,1,0.59
9.0,2.0,1.0,2.0,6.0,2.0,1331.0,1.0,5.0,2.0,1.0,0,0,0.0195571012694309,0,0.0
19.0,2.0,1.0,3.0,6.0,2.0,1486.1500244140625,4.0,5.0,5.0,1.0,1,1,0.9184394046883789,0,0.19666666666666666
19.0,1.0,1.0,7.0,6.0,2.0,3745.41650390625,5.0,5.0,2.0,1.0,0,1,0.7229929224227273,0,0.09
9.0,2.0,2.0,2.0,6.0,2.0,72.66667175292969,1.0,2.0,5.0,1.0,0,0,0.019421722965641822,0,0.0
6.0,2.0,1.0,7.0,6.0,2.0,1145.0,0.0,5.0,1.0,1.0,0,0,0.1376286306528218,0,0.01
14.0,1.0,2.0,5.0,6.0,2.0,3050.0,3.0,8.0,7.0,1.0,0,0,0.1181477345088169,0,0.0
11.0,1.0,1.0,8.0,6.0,2.0,993.3333129882812,1.0,5.0,1.0,1.0,0,0,0.046968150785888375,0,0.0
10.0,1.0,1.0,5.0,6.0,2.0,750.0,1.0,8.0,1.0,1.0,0,0,0.014203020524979565,0,0.0
17.0,1.0,1.0,7.0,6.0,2.0,1206.1904296875,3.0,5.0,1.0,1.0,0,1,0.5239998467740319,0,0.016666666666666666
13.0,1.0,2.0,9.0,6.0,2.0,402.7778015136719,3.0,1.0,6.0,2.0,0,0,0.463761137603961,0,0.04
19.0,2.0,1.0,2.0,6.0,2.0,757.75,4.0,1.0,1.0,1.0,0,1,0.9608278562219452,0,0.31666666666666665
10.0,1.0,1.0,4.0,6.0,1.0,1199.166748046875,1.0,5.0,1.0,1.0,0,0,0.020209095761321374,0,0.0
9.0,1.0,2.0,8.0,6.0,2.0,625.0,1.0,6.0,2.0,1.0,0,0,0.04786419561594864,0,0.006666666666666667
12.0,1.0,1.0,5.0,6.0,2.0,523.0555419921875,1.0,5.0,2.0,1.0,0,0,0.16027885900534108,0,0.0
6.0,1.0,2.0,2.0,2.0,1.0,478.6666564941406,0.0,5.0,5.0,1.0,0,0,0.24161339697380313,0,0.05333333333333334
14.0,1.0,1.0,7.0,6.0,2.0,2952.75,3.0,5.0,1.0,1.0,0,0,0.09834622616385427,0,0.0
15.0,2.0,1.0,1.0,6.0,2.0,900.3966674804688,3.0,5.0,2.0,1.0,0,0,0.22206286018080706,0,0.0
9.0,2.0,2.0,6.0,6.0,2.0,144.44444274902344,1.0,6.0,8.0,1.0,0,0,0.04337505226006105,0,0.006666666666666667
6.0,2.0,1.0,8.0,6.0,2.0,1681.199951171875,0.0,5.0,1.0,1.0,0,0,0.07240049233488974,0,0.0
8.0,2.0,1.0,8.0,6.0,2.0,214.2857208251953,1.0,1.0,1.0,1.0,0,0,0.010059060042684805,0,0.0
19.0,1.0,1.0,6.0,6.0,2.0,2045.4166259765625,4.0,8.0,1.0,1.0,0,1,0.9411521915782914,1,0.72
14.0,2.0,2.0,5.0,6.0,2.0,1249.300048828125,3.0,5.0,7.0,1.0,0,0,0.11736024752036417,0,0.006666666666666667
11.0,2.0,1.0,7.0,6.0,2.0,1133.3333740234375,1.0,8.0,2.0,1.0,0,0,0.12610832811448475,0,0.0
10.0,2.0,1.0,7.0,6.0,2.0,1390.5167236328125,1.0,8.0,1.0,1.0,0,0,0.026907376717772432,0,0.0033333333333333335
6.0,1.0,2.0,2.0,6.0,1.0,486.0,0.0,5.0,7.0,1.0,0,0,0.3099781591277631,0,0.01
6.0,2.0,1.0,5.0,6.0,2.0,904.8333129882812,0.0,8.0,1.0,1.0,0,0,0.04686833641833345,0,0.01
7.0,1.0,1.0,3.0,6.0,2.0,1247.2559814453125,0.0,5.0,1.0,1.0,0,0,0.1554740231905849,0,0.0
12.0,2.0,1.0,7.0,6.0,2.0,2910.0,3.0,8.0,1.0,1.0,0,0,0.014914125613180666,0,0.0
7.0,2.0,1.0,7.0,6.0,2.0,2271.183349609375,1.0,8.0,2.0,1.0,0,0,0.00703252818491753,0,0.18666666666666668
15.0,2.0,1.0,7.0,6.0,2.0,628.7000122070312,3.0,5.0,2.0,1.0,0,0,0.3204247111131394,0,0.0
11.0,2.0,2.0,2.0,6.0,2.0,866.0,1.0,1.0,7.0,1.0,0,0,0.26570645725223424,0,0.0
15.0,2.0,1.0,2.0,6.0,2.0,360.9166564941406,3.0,3.0,1.0,1.0,0,0,0.06218344904805271,0,0.0033333333333333335
11.0,1.0,1.0,7.0,6.0,2.0,428.7416687011719,1.0,5.0,2.0,1.0,0,0,0.19892021317357222,0,0.0
18.0,2.0,1.0,2.0,6.0,2.0,12722.7080078125,3.0,3.0,1.0,1.0,0,0,0.23002937457528497,0,0.0
14.0,1.0,1.0,2.0,6.0,2.0,2265.83349609375,3.0,4.0,1.0,1.0,0,0,0.05279754620078695,0,0.0
11.0,1.0,1.0,2.0,6.0,2.0,999.25,1.0,5.0,1.0,1.0,0,0,0.046761886808546725,0,0.0
17.0,1.0,1.0,4.0,6.0,2.0,3079.5,3.0,7.0,2.0,1.0,0,0,0.4449775455061606,0,0.013333333333333334
19.0,1.0,1.0,2.0,6.0,2.0,2000.0,4.0,3.0,1.0,1.0,0,1,0.8959067426795688,1,0.5433333333333333
19.0,2.0,1.0,7.0,6.0,2.0,2703.566650390625,4.0,6.0,1.0,1.0,0,1,0.9543948804503826,0,0.38666666666666666
14.0,2.0,1.0,8.0,6.0,2.0,873.24169921875,2.0,5.0,5.0,1.0,0,0,0.3006017309061084,0,0.016666666666666666
8.0,1.0,1.0,9.0,995.0,2.0,1072.1387939453125,0.0,8.0,1.0,1.0,1,1,0.9581742624191505,1,0.67
19.0,1.0,2.0,3.0,6.0,2.0,660.0,3.0,5.0,7.0,1.0,1,1,0.8917763611629602,0,0.23333333333333334
15.0,2.0,1.0,2.0,6.0,2.0,2535.395751953125,3.0,3.0,1.0,1.0,0,0,0.0553170930047799,0,0.0
15.0,2.0,1.0,8.0,6.0,2.0,599.6666870117188,3.0,8.0,6.0,1.0,0,0,0.2220348263209258,0,0.02
6.0,2.0,2.0,6.0,6.0,2.0,958.5,0.0,6.0,1.0,1.0,0,0,0.18096716292673817,0,0.06333333333333334
10.0,2.0,2.0,5.0,27.0,2.0,441.1111145019531,1.0,1.0,8.0,1.0,0,0,0.1590280181342376,0,0.006666666666666667
8.0,2.0,1.0,7.0,6.0,2.0,1169.0999755859375,1.0,5.0,2.0,1.0,0,0,0.01881980853155424,0,0.0
18.0,1.0,1.0,7.0,6.0,2.0,2895.466796875,3.0,5.0,2.0,1.0,0,1,0.8371357871978621,0,0.07
13.0,2.0,1.0,2.0,6.0,2.0,832.25,3.0,3.0,1.0,1.0,0,0,0.014556487932017593,0,0.0033333333333333335
7.0,1.0,1.0,2.0,6.0,2.0,881.625,1.0,4.0,1.0,1.0,0,0,0.0025248254483152765,0,0.0
14.0,2.0,1.0,2.0,6.0,2.0,798.3333129882812,3.0,3.0,1.0,1.0,0,0,0.03000889461322806,0,0.0
13.0,1.0,1.0,2.0,6.0,2.0,1127.7833251953125,3.0,3.0,1.0,1.0,0,0,0.019351377146636616,0,0.0
11.0,1.0,1.0,3.0,6.0,2.0,626.2000122070312,1.0,5.0,9.0,1.0,0,0,0.04245037617292919,0,0.0
14.0,2.0,1.0,4.0,6.0,2.0,1320.0,3.0,3.0,1.0,1.0,0,0,0.026579459524795502,0,0.0
6.0,1.0,1.0,9.0,6.0,2.0,1410.666748046875,0.0,8.0,9.0,1.0,0,0,0.13012610604012323,0,0.0033333333333333335
16.0,2.0,1.0,3.0,6.0,2.0,720.0,3.0,5.0,2.0,1.0,0,0,0.28600586108621556,0,0.01
6.0,2.0,1.0,9.0,6.0,2.0,2833.333251953125,0.0,6.0,2.0,1.0,0,0,0.24663854028804186,0,0.0033333333333333335
14.0,1.0,2.0,1.0,27.0,2.0,2090.89990234375,3.0,5.0,5.0,1.0,0,0,0.23757242406810103,0,0.12666666666666668
17.0,2.0,1.0,8.0,6.0,2.0,1200.0,3.0,1.0,6.0,1.0,0,1,0.7820077808126725,0,0.08666666666666667
17.0,1.0,1.0,3.0,6.0,2.0,2411.138916015625,3.0,8.0,1.0,1.0,0,0,0.25655816552641925,0,0.013333333333333334
12.0,2.0,1.0,6.0,6.0,2.0,666.6666870117188,1.0,6.0,1.0,1.0,0,0,0.1217359566786818,0,0.0
7.0,1.0,1.0,3.0,6.0,2.0,2261.163330078125,1.0,5.0,1.0,1.0,0,0,0.0019412453469503552,0,0.0
13.0,1.0,1.0,3.0,6.0,2.0,2591.666748046875,3.0,8.0,1.0,1.0,0,0,0.017574987712564022,0,0.0
10.0,2.0,1.0,2.0,6.0,1.0,1138.4041748046875,1.0,2.0,1.0,1.0,0,0,0.017175269332591222,0,0.0
8.0,2.0,2.0,4.0,2.0,2.0,805.5556030273438,1.0,1.0,8.0,1.0,0,0,0.03297482766987361,0,0.023333333333333334
6.0,2.0,1.0,3.0,6.0,2.0,389.4166564941406,0.0,8.0,6.0,1.0,0,0,0.1671558915074651,0,0.07333333333333333
10.0,2.0,1.0,4.0,6.0,2.0,815.625,1.0,8.0,1.0,1.0,0,0,0.012879342527706113,0,0.0
11.0,2.0,1.0,2.0,6.0,2.0,570.3228759765625,1.0,5.0,1.0,1.0,0,0,0.035681981214363584,0,0.0
8.0,2.0,1.0,7.0,6.0,2.0,1360.466552734375,1.0,8.0,1.0,1.0,0,0,0.006299239278800439,0,0.0
13.0,1.0,1.0,2.0,6.0,2.0,888.3753051757812,3.0,5.0,1.0,1.0,0,0,0.028638694920357654,0,0.0
17.0,2.0,1.0,2.0,6.0,2.0,704.8611450195312,3.0,5.0,1.0,1.0,0,0,0.2951180075061911,0,0.0
10.0,2.0,1.0,7.0,6.0,2.0,403.0333251953125,1.0,5.0,2.0,1.0,0,0,0.08051216580806855,0,0.006666666666666667
12.0,1.0,1.0,6.0,6.0,2.0,482.97998046875,2.0,5.0,2.0,1.0,0,0,0.2634145305366539,0,0.0033333333333333335
19.0,1.0,1.0,3.0,6.0,2.0,1740.0,3.0,8.0,1.0,1.0,0,1,0.6104195409412286,1,0.6266666666666667
15.0,2.0,1.0,2.0,6.0,2.0,501.0,3.0,5.0,1.0,1.0,0,0,0.08837433772620472,0,0.0
19.0,2.0,1.0,1.0,6.0,2.0,3182.333251953125,4.0,5.0,1.0,1.0,0,1,0.9144204535911862,0,0.09
13.0,1.0,1.0,2.0,6.0,2.0,1207.97216796875,3.0,5.0,1.0,1.0,0,0,0.028134819576294396,0,0.0
18.0,2.0,2.0,6.0,6.0,2.0,2580.27783203125,3.0,5.0,9.0,1.0,1,1,0.6655624858199899,0,0.16333333333333333
10.0,2.0,1.0,8.0,6.0,2.0,1703.416748046875,1.0,5.0,1.0,1.0,0,0,0.01638946697658619,0,0.0
19.0,2.0,2.0,5.0,6.0,1.0,179.1666717529297,6.0,5.0,7.0,1.0,1,1,0.9820297541534416,0,0.4033333333333333
17.0,2.0,1.0,8.0,6.0,2.0,779.4000244140625,3.0,5.0,2.0,1.0,0,1,0.5074000355321068,0,0.29
6.0,1.0,1.0,3.0,6.0,2.0,1702.7476806640625,1.0,8.0,2.0,1.0,0,0,0.001939026611252423,0,0.01
16.0,1.0,1.0,7.0,6.0,1.0,2728.711181640625,3.0,8.0,2.0,1.0,0,0,0.48834652083681573,0,0.0033333333333333335
17.0,1.0,1.0,7.0,6.0,2.0,979.6099853515625,3.0,5.0,1.0,1.0,0,1,0.5272293974057283,0,0.006666666666666667
9.0,1.0,1.0,5.0,6.0,1.0,437.1875,1.0,8.0,1.0,1.0,0,0,0.006813365306304422,0,0.0
9.0,1.0,1.0,8.0,6.0,2.0,359.2166442871094,1.0,1.0,5.0,1.0,0,0,0.03957046643838827,0,0.0
6.0,1.0,2.0,4.0,6.0,2.0,1460.0,0.0,3.0,7.0,1.0,0,0,0.2114523381494144,0,0.01
11.0,2.0,1.0,7.0,6.0,2.0,1000.0167236328125,1.0,6.0,1.0,1.0,0,0,0.07770551157409375,0,0.0
11.0,2.0,1.0,1.0,6.0,2.0,1878.125,1.0,5.0,1.0,1.0,0,0,0.040349904688401834,0,0.0
9.0,2.0,2.0,4.0,6.0,2.0,443.2166748046875,1.0,7.0,7.0,1.0,0,0,0.022242449647807905,0,0.0
17.0,2.0,1.0,7.0,6.0,2.0,805.0,3.0,8.0,1.0,1.0,0,0,0.40528922009890817,0,0.0
15.0,1.0,2.0,5.0,6.0,2.0,1172.2222900390625,3.0,5.0,1.0,1.0,0,0,0.12379400664198126,0,0.0033333333333333335
13.0,2.0,2.0,2.0,6.0,2.0,1287.5,2.0,5.0,7.0,1.0,0,0,0.3608134554583612,0,0.006666666666666667
8.0,2.0,2.0,2.0,6.0,2.0,81.18054962158203,1.0,8.0,7.0,1.0,0,0,0.013727295045674907,0,0.13
14.0,1.0,1.0,9.0,6.0,2.0,1545.0,3.0,8.0,1.0,1.0,0,0,0.07076613304730196,0,0.0
16.0,2.0,1.0,2.0,6.0,2.0,504.1666564941406,3.0,3.0,1.0,1.0,0,0,0.120857896012453,0,0.0
12.0,1.0,1.0,3.0,6.0,2.0,680.0,2.0,8.0,1.0,1.0,0,0,0.058834357291319465,0,0.0
15.0,2.0,1.0,2.0,6.0,2.0,1067.3519287109375,3.0,5.0,1.0,1.0,0,0,0.08580059697093034,0,0.006666666666666667
10.0,2.0,1.0,7.0,6.0,2.0,1520.625,1.0,8.0,2.0,1.0,0,0,0.0632526025554924,0,0.0
13.0,2.0,1.0,2.0,6.0,2.0,3706.666748046875,3.0,3.0,1.0,1.0,0,0,0.012378137142819629,0,0.0
10.0,2.0,1.0,7.0,6.0,2.0,1150.2646484375,1.0,8.0,1.0,1.0,0,0,0.02726931894462848,0,0.0
10.0,1.0,2.0,5.0,6.0,2.0,186.6666717529297,1.0,1.0,8.0,1.0,0,0,0.11383164355229473,0,0.006666666666666667
16.0,2.0,1.0,5.0,6.0,2.0,2329.738037109375,3.0,5.0,1.0,1.0,0,0,0.11846947418052507,0,0.0
15.0,2.0,1.0,2.0,6.0,2.0,993.1412963867188,3.0,5.0,1.0,1.0,0,0,0.08613393354388962,0,0.0
11.0,2.0,2.0,9.0,6.0,2.0,2007.3416748046875,1.0,5.0,2.0,1.0,0,0,0.16536373243977537,0,0.01
7.0,1.0,1.0,7.0,6.0,2.0,439.5833435058594,1.0,5.0,2.0,1.0,0,0,0.01283110348893241,0,0.0
6.0,2.0,1.0,3.0,6.0,2.0,794.0476684570312,0.0,8.0,1.0,1.0,0,0,0.051848225385263326,0,0.023333333333333334
10.0,1.0,2.0,8.0,6.0,2.0,466.388916015625,1.0,8.0,7.0,1.0,0,0,0.07508070752344011,0,0.006577605798169645
13.0,2.0,1.0,2.0,6.0,1.0,577.3333129882812,3.0,5.0,1.0,1.0,0,0,0.021139357264834124,0,0.0
10.0,2.0,1.0,5.0,6.0,2.0,980.5,1.0,5.0,1.0,1.0,0,0,0.012571305242877378,0,0.0
16.0,1.0,2.0,1.0,27.0,2.0,977.3106079101562,3.0,5.0,7.0,1.0,0,1,0.730167344472033,1,0.5133333333333333
15.0,2.0,2.0,8.0,6.0,2.0,830.0,3.0,2.0,1.0,1.0,0,0,0.13109750321830468,0,0.0033333333333333335
19.0,2.0,1.0,7.0,6.0,2.0,73979.3984375,4.0,8.0,1.0,1.0,0,0,0.19975160243157944,0,0.06333333333333334
10.0,2.0,2.0,1.0,27.0,2.0,977.3106079101562,1.0,5.0,7.0,1.0,0,0,0.14869953512094822,0,0.0033333333333333335
9.0,1.0,1.0,8.0,6.0,2.0,1144.07080078125,1.0,1.0,9.0,1.0,0,0,0.028893675860525044,0,0.02
8.0,2.0,1.0,2.0,6.0,2.0,894.3299560546875,1.0,5.0,1.0,1.0,0,0,0.003961093547009321,0,0.0
11.0,2.0,1.0,7.0,6.0,2.0,571.6666870117188,1.0,8.0,2.0,1.0,0,0,0.12968937341098133,0,0.0
17.0,1.0,1.0,7.0,6.0,2.0,6137.5,3.0,8.0,1.0,1.0,0,0,0.40569211938553895,0,0.0033333333333333335
15.0,2.0,1.0,1.0,6.0,2.0,877.0499877929688,3.0,8.0,1.0,1.0,0,0,0.08717930951875673,0,0.0
15.0,1.0,2.0,9.0,6.0,2.0,989.7000122070312,3.0,8.0,7.0,2.0,0,0,0.4788521665129546,0,0.03
10.0,1.0,1.0,3.0,6.0,2.0,2411.138916015625,1.0,8.0,1.0,1.0,0,0,0.01427216449679864,0,0.0
10.0,1.0,1.0,7.0,6.0,2.0,871.5972290039062,1.0,8.0,1.0,1.0,0,0,0.03725806197422934,0,0.0
11.0,2.0,2.0,3.0,6.0,1.0,968.3333740234375,1.0,5.0,7.0,1.0,0,0,0.10469055001320034,0,0.0
16.0,2.0,1.0,6.0,6.0,2.0,1384.300048828125,1.0,6.0,2.0,1.0,0,1,0.8620492573722793,0,0.28
14.0,2.0,1.0,4.0,6.0,2.0,766.1000366210938,3.0,5.0,2.0,1.0,0,0,0.0927130066583919,0,0.016666666666666666
14.0,2.0,2.0,6.0,6.0,2.0,201.55555725097656,3.0,8.0,5.0,1.0,0,0,0.11501935212659292,0,0.03
8.0,1.0,2.0,8.0,6.0,2.0,411.3095397949219,1.0,6.0,1.0,1.0,0,0,0.009798427979297579,0,0.0033333333333333335
13.0,1.0,1.0,3.0,6.0,2.0,870.1749877929688,2.0,5.0,9.0,1.0,0,0,0.14600666467090212,0,0.0
10.0,1.0,1.0,2.0,6.0,2.0,1633.1944580078125,1.0,8.0,1.0,1.0,0,0,0.018264887450095326,0,0.0
18.0,2.0,1.0,7.0,6.0,2.0,2257.35009765625,4.0,8.0,1.0,1.0,1,1,0.8781200921988752,0,0.08333333333333333
7.0,2.0,1.0,9.0,6.0,2.0,1154.9749755859375,1.0,7.0,1.0,1.0,0,0,0.002106553967818104,0,0.0
8.0,2.0,1.0,2.0,6.0,2.0,783.2999877929688,1.0,3.0,2.0,1.0,0,0,0.0066365408941143345,0,0.0
13.0,2.0,1.0,7.0,6.0,2.0,845.8214111328125,3.0,1.0,1.0,1.0,0,0,0.09585299911912,0,0.03333333333333333
19.0,1.0,2.0,8.0,6.0,2.0,913.3666381835938,4.0,1.0,2.0,1.0,1,1,0.9919709611463168,1,0.71
18.0,1.0,1.0,8.0,6.0,2.0,2367.708251953125,4.0,5.0,1.0,1.0,1,1,0.8564744175095478,1,0.61
8.0,2.0,1.0,2.0,2.0,1.0,923.25,1.0,5.0,1.0,1.0,0,0,0.005105271330744754,0,0.0033333333333333335
8.0,2.0,1.0,3.0,6.0,2.0,1221.429931640625,1.0,6.0,1.0,1.0,0,0,0.003707399145978083,0,0.0
15.0,1.0,1.0,8.0,6.0,2.0,1937.25,3.0,1.0,1.0,1.0,0,0,0.2296956091048111,0,0.03666666666666667
8.0,1.0,1.0,7.0,6.0,2.0,2105.333251953125,1.0,8.0,1.0,1.0,0,0,0.008186175924504376,0,0.0
12.0,2.0,1.0,3.0,6.0,2.0,614.6666870117188,2.0,1.0,9.0,1.0,0,0,0.13004675322091525,0,0.006666666666666667
6.0,2.0,1.0,5.0,6.0,2.0,1514.4000244140625,0.0,5.0,2.0,1.0,0,0,0.12444063367614576,0,0.0
18.0,1.0,1.0,2.0,6.0,2.0,2516.211181640625,3.0,3.0,1.0,1.0,0,0,0.42111372590356244,0,0.0
18.0,1.0,1.0,7.0,6.0,2.0,1544.760009765625,3.0,8.0,1.0,1.0,1,1,0.6497770751402949,0,0.08333333333333333
17.0,2.0,1.0,2.0,6.0,2.0,17241.666015625,3.0,2.0,1.0,1.0,0,0,0.14507565146819057,0,0.013333333333333334
18.0,2.0,1.0,7.0,6.0,2.0,2140.0,3.0,8.0,1.0,1.0,0,1,0.5689417766597806,0,0.05
16.0,1.0,1.0,3.0,6.0,1.0,961.3999633789062,3.0,1.0,1.0,1.0,0,0,0.3429768075613877,0,0.006666666666666667
15.0,1.0,1.0,3.0,6.0,2.0,600.0,3.0,8.0,1.0,1.0,0,0,0.0805387514674995,0,0.0
17.0,2.0,2.0,8.0,6.0,2.0,750.0,3.0,1.0,2.0,1.0,0,1,0.7926383657095599,0,0.02666666666666667
12.0,2.0,1.0,2.0,6.0,1.0,485.71429443359375,2.0,5.0,1.0,1.0,0,0,0.06367683940032362,0,0.0
9.0,1.0,1.0,7.0,6.0,2.0,1340.2508544921875,1.0,8.0,1.0,1.0,0,0,0.017705248933549505,0,0.0
10.0,1.0,1.0,2.0,6.0,2.0,623.2749633789062,1.0,5.0,1.0,1.0,0,0,0.023416322224724624,0,0.0
11.0,2.0,1.0,7.0,6.0,2.0,600.0,1.0,5.0,2.0,1.0,0,0,0.1532487181115183,0,0.0
17.0,2.0,1.0,2.0,6.0,2.0,2032.0833740234375,3.0,5.0,1.0,1.0,0,0,0.27958432856652865,0,0.0
14.0,2.0,1.0,8.0,6.0,2.0,1092.375,3.0,1.0,2.0,1.0,0,0,0.21327157178168352,0,0.0033333333333333335
16.0,2.0,2.0,1.0,6.0,2.0,869.1666259765625,3.0,5.0,5.0,1.0,0,0,0.3461966540001159,0,0.01
7.0,1.0,1.0,2.0,6.0,2.0,685.5,0.0,5.0,1.0,1.0,0,0,0.18939795238370857,0,0.0033333333333333335
11.0,2.0,1.0,1.0,6.0,2.0,1543.800048828125,1.0,5.0,1.0,1.0,0,0,0.041096465653178434,0,0.0
6.0,2.0,1.0,4.0,6.0,2.0,1284.0,0.0,3.0,1.0,1.0,0,0,0.04675948539798058,0,0.0
11.0,2.0,1.0,3.0,6.0,2.0,1591.942626953125,1.0,8.0,9.0,1.0,0,0,0.024753373891706582,0,0.0
9.0,2.0,1.0,2.0,6.0,2.0,1579.625,1.0,5.0,1.0,1.0,0,0,0.007930183873276726,0,0.0
16.0,2.0,1.0,3.0,6.0,2.0,433.0,3.0,1.0,2.0,1.0,0,0,0.4991211945726106,0,0.07
12.0,1.0,1.0,2.0,6.0,2.0,1568.666748046875,1.0,5.0,1.0,1.0,0,0,0.09029623446865297,0,0.0033333333333333335
11.0,2.0,1.0,1.0,6.0,2.0,1726.033447265625,1.0,5.0,1.0,1.0,0,0,0.040687906694095555,0,0.0033333333333333335
17.0,1.0,2.0,9.0,6.0,2.0,539.5833740234375,3.0,8.0,7.0,2.0,0,1,0.8046689061752724,0,0.07666666666666666
10.0,2.0,1.0,5.0,6.0,2.0,1016.6666870117188,1.0,5.0,1.0,1.0,0,0,0.012545667503405614,0,0.0
19.0,2.0,1.0,4.0,6.0,2.0,666.6666870117188,4.0,7.0,1.0,1.0,1,1,0.8686154415770763,0,0.19666666666666666
8.0,1.0,1.0,8.0,6.0,2.0,1003.4166870117188,1.0,1.0,6.0,1.0,0,0,0.04518988345886246,0,0.0033333333333333335
9.0,1.0,1.0,6.0,6.0,2.0,992.625,1.0,8.0,1.0,1.0,0,0,0.01399871924161434,0,0.0
7.0,2.0,1.0,3.0,6.0,2.0,1648.33740234375,0.0,8.0,1.0,1.0,0,0,0.09817177019757085,0,0.0
14.0,1.0,2.0,1.0,6.0,2.0,1923.75,1.0,5.0,7.0,1.0,0,1,0.6789824068411606,0,0.06
14.0,1.0,1.0,3.0,6.0,2.0,556.6666870117188,3.0,5.0,1.0,1.0,0,0,0.04861842823372056,0,0.0
12.0,1.0,1.0,1.0,6.0,2.0,5275.0,2.0,6.0,1.0,1.0,0,0,0.09348942495177706,0,0.006666666666666667
17.0,1.0,1.0,7.0,6.0,2.0,2952.75,3.0,5.0,1.0,1.0,0,0,0.4990582302722947,0,0.02666666666666667
16.0,2.0,1.0,2.0,6.0,2.0,491.8333435058594,3.0,5.0,2.0,1.0,0,0,0.33279697119144686,0,0.06
8.0,1.0,1.0,4.0,6.0,2.0,1493.6112060546875,1.0,3.0,1.0,1.0,0,0,0.0032111350954489976,0,0.006666666666666667
19.0,1.0,2.0,9.0,6.0,2.0,573.00830078125,3.0,5.0,6.0,1.0,0,1,0.9549980773636931,1,0.7266666666666667
12.0,1.0,1.0,2.0,6.0,2.0,1917.60546875,2.0,3.0,1.0,1.0,0,0,0.0557915586828772,0,0.0033333333333333335
9.0,1.0,1.0,2.0,6.0,2.0,2068.657470703125,1.0,5.0,9.0,2.0,0,0,0.015552876747956081,0,0.0033333333333333335
15.0,2.0,1.0,5.0,6.0,2.0,1452.0,3.0,5.0,1.0,1.0,0,0,0.06331929144599634,0,0.0
19.0,1.0,1.0,4.0,6.0,2.0,3182.58349609375,3.0,2.0,2.0,1.0,1,1,0.8342752387875247,0,0.16333333333333333
13.0,2.0,2.0,2.0,6.0,2.0,2363.33349609375,2.0,1.0,8.0,1.0,0,0,0.4810267184065661,0,0.03666666666666667
14.0,2.0,1.0,7.0,6.0,2.0,1082.5,3.0,6.0,1.0,1.0,0,0,0.09476350517484818,0,0.0
16.0,1.0,1.0,7.0,6.0,2.0,626.6666259765625,3.0,7.0,2.0,1.0,0,0,0.49146527062964596,0,0.0
17.0,2.0,2.0,9.0,6.0,2.0,1893.3333740234375,3.0,1.0,6.0,1.0,0,1,0.8902527838511135,0,0.11666666666666667
10.0,2.0,1.0,7.0,6.0,2.0,1081.9749755859375,1.0,5.0,2.0,1.0,0,0,0.07768536579144938,0,0.0
16.0,2.0,1.0,8.0,6.0,2.0,2281.25,3.0,5.0,1.0,1.0,0,0,0.15527525435636225,0,0.016666666666666666
8.0,2.0,1.0,4.0,27.0,2.0,789.816650390625,1.0,8.0,2.0,1.0,0,0,0.014710878751548008,0,0.03333333333333333
13.0,2.0,2.0,3.0,6.0,2.0,1424.693359375,3.0,5.0,5.0,1.0,0,0,0.03597345132527861,0,0.0
8.0,2.0,2.0,3.0,6.0,2.0,463.3333435058594,1.0,5.0,5.0,1.0,0,0,0.007175579591586967,0,0.0
7.0,2.0,1.0,4.0,6.0,2.0,4800.60009765625,0.0,3.0,1.0,1.0,0,0,0.07737566198225182,0,0.0
19.0,2.0,1.0,2.0,6.0,2.0,737.3333740234375,4.0,5.0,1.0,1.0,1,1,0.9093772979293455,1,0.7
9.0,2.0,1.0,5.0,6.0,2.0,2329.738037109375,1.0,5.0,1.0,1.0,0,0,0.005606879113221999,0,0.0
9.0,2.0,1.0,2.0,6.0,1.0,2101.666748046875,1.0,5.0,2.0,1.0,0,0,0.01831921870434986,0,0.0
6.0,2.0,1.0,7.0,6.0,2.0,753.625,0.0,8.0,1.0,1.0,0,0,0.11828860363008038,0,0.03666666666666667
18.0,1.0,1.0,6.0,6.0,2.0,597.5,3.0,5.0,1.0,1.0,0,1,0.6478628478699222,0,0.013333333333333334
17.0,2.0,2.0,1.0,27.0,2.0,197.59524536132812,3.0,1.0,7.0,1.0,0,1,0.9141826702236895,0,0.08
18.0,1.0,1.0,4.0,6.0,2.0,1108.09521484375,3.0,5.0,1.0,1.0,0,1,0.513759508646069,0,0.016666666666666666
7.0,1.0,1.0,7.0,6.0,2.0,460.0,1.0,7.0,2.0,1.0,0,0,0.009281610970095618,0,0.0
17.0,1.0,1.0,7.0,6.0,2.0,1810.0714111328125,3.0,8.0,2.0,1.0,0,1,0.6826136013354096,0,0.0033333333333333335
10.0,2.0,1.0,9.0,6.0,2.0,1318.1749267578125,1.0,2.0,7.0,1.0,0,0,0.06901329151317073,0,0.0033333333333333335
9.0,2.0,1.0,6.0,6.0,2.0,693.5416259765625,1.0,6.0,2.0,1.0,0,0,0.03593802755007518,0,0.0
11.0,2.0,2.0,1.0,27.0,2.0,750.0,1.0,7.0,7.0,1.0,0,0,0.21068864179421634,0,0.013333333333333334
17.0,1.0,1.0,3.0,6.0,2.0,1870.9000244140625,3.0,5.0,2.0,1.0,0,1,0.5157869708399209,0,0.13
17.0,2.0,1.0,8.0,6.0,2.0,4319.05029296875,3.0,7.0,5.0,1.0,0,0,0.26213547343190013,0,0.016666666666666666
13.0,2.0,1.0,2.0,6.0,2.0,1250.0,3.0,5.0,1.0,1.0,0,0,0.020813712746627,0,0.0
6.0,1.0,1.0,3.0,6.0,2.0,10344.4443359375,0.0,8.0,1.0,1.0,0,0,0.04126364246323207,0,0.0033333333333333335
13.0,2.0,1.0,2.0,6.0,1.0,4127.38916015625,3.0,5.0,1.0,2.0,0,0,0.023680551439841324,0,0.006666666666666667
15.0,2.0,1.0,7.0,6.0,2.0,2338.1083984375,3.0,7.0,1.0,1.0,0,0,0.11144797260971412,0,0.0033333333333333335
16.0,1.0,1.0,2.0,6.0,1.0,345.08001708984375,3.0,5.0,1.0,1.0,0,0,0.2135751180187545,0,0.0
12.0,1.0,2.0,7.0,6.0,2.0,947.6799926757812,2.0,7.0,2.0,1.0,0,0,0.3300613387372404,0,0.01
8.0,1.0,1.0,3.0,6.0,2.0,1950.333251953125,1.0,8.0,1.0,1.0,0,0,0.0033905259637564225,0,0.0
9.0,2.0,1.0,7.0,6.0,2.0,1649.3099365234375,1.0,5.0,1.0,1.0,0,0,0.015608428839591048,0,0.0
12.0,2.0,1.0,5.0,6.0,2.0,2993.06689453125,1.0,8.0,1.0,1.0,0,0,0.039163072857278984,0,0.0
8.0,1.0,1.0,7.0,6.0,2.0,1466.3890380859375,1.0,8.0,1.0,1.0,0,0,0.008488115308967988,0,0.0
8.0,1.0,1.0,2.0,6.0,2.0,1349.4632568359375,1.0,5.0,1.0,1.0,0,0,0.00523684646842271,0,0.0
18.0,1.0,1.0,2.0,6.0,2.0,2088.68017578125,4.0,3.0,1.0,1.0,1,1,0.8037906574614493,0,0.09333333333333334
19.0,2.0,1.0,2.0,6.0,2.0,1539.2723388671875,4.0,3.0,8.0,1.0,0,1,0.9256967603784702,0,0.24
8.0,1.0,1.0,5.0,6.0,2.0,694.4444580078125,1.0,5.0,1.0,1.0,0,0,0.004007854353676087,0,0.0
6.0,1.0,1.0,8.0,6.0,2.0,1480.142822265625,0.0,5.0,2.0,1.0,0,0,0.20880286353211608,0,0.0033333333333333335
6.0,1.0,1.0,3.0,6.0,1.0,1254.578369140625,0.0,5.0,9.0,1.0,0,0,0.08557154128971223,0,0.0
11.0,1.0,1.0,8.0,6.0,2.0,907.3200073242188,1.0,5.0,5.0,1.0,0,0,0.06655059526743004,0,0.0
6.0,2.0,1.0,5.0,27.0,1.0,2262.13330078125,1.0,3.0,2.0,1.0,0,0,0.002048344330174747,0,0.06666666666666667
6.0,1.0,2.0,1.0,6.0,2.0,842.0799560546875,0.0,5.0,7.0,1.0,0,0,0.3553907486360032,0,0.0
6.0,1.0,1.0,2.0,6.0,2.0,1118.708251953125,0.0,5.0,1.0,1.0,0,0,0.09832162499233757,0,0.0033333333333333335
12.0,2.0,1.0,8.0,6.0,2.0,3748.333251953125,2.0,6.0,1.0,1.0,0,0,0.06361022370083064,0,0.0
16.0,2.0,2.0,1.0,27.0,1.0,533.0,2.0,5.0,7.0,1.0,1,1,0.9289701043021978,0,0.4866666666666667
8.0,1.0,1.0,2.0,6.0,2.0,601.2111206054688,1.0,5.0,1.0,1.0,0,0,0.005464451442745706,0,0.0
12.0,2.0,2.0,7.0,6.0,2.0,1695.9166259765625,1.0,7.0,2.0,1.0,0,0,0.2796397889433775,0,0.0033333333333333335
8.0,1.0,2.0,1.0,6.0,2.0,157.3611297607422,1.0,1.0,7.0,1.0,0,0,0.06422849160234403,0,0.01
15.0,1.0,1.0,8.0,6.0,2.0,1748.645751953125,3.0,1.0,6.0,1.0,0,1,0.5194637981042369,0,0.12333333333333334
9.0,1.0,2.0,3.0,6.0,2.0,651.2000122070312,1.0,6.0,5.0,1.0,0,0,0.02324203791228976,0,0.0033333333333333335
6.0,2.0,1.0,3.0,6.0,2.0,800.0,0.0,8.0,5.0,1.0,0,0,0.07295247150631581,0,0.013333333333333334
11.0,1.0,1.0,3.0,6.0,2.0,2506.111083984375,1.0,5.0,1.0,1.0,0,0,0.035325277889259585,0,0.0
19.0,2.0,1.0,7.0,6.0,2.0,1541.63330078125,4.0,5.0,1.0,1.0,0,1,0.9502146142723641,0,0.09
16.0,1.0,2.0,5.0,6.0,1.0,1115.27783203125,3.0,5.0,6.0,1.0,0,1,0.5095350478730791,0,0.023333333333333334
17.0,1.0,1.0,6.0,6.0,2.0,1015.5333862304688,3.0,8.0,1.0,1.0,0,0,0.41397808004735126,0,0.0033333333333333335
12.0,1.0,1.0,2.0,6.0,2.0,864.0086059570312,3.0,5.0,1.0,1.0,0,0,0.013927426357621835,0,0.0
9.0,2.0,1.0,7.0,6.0,2.0,2110.39990234375,1.0,5.0,1.0,1.0,0,0,0.015208575571294923,0,0.0
12.0,1.0,1.0,9.0,6.0,2.0,492.0278015136719,2.0,8.0,1.0,1.0,0,0,0.10810597676572246,0,0.0033333333333333335
12.0,2.0,1.0,2.0,6.0,2.0,1030.0,1.0,8.0,1.0,1.0,0,0,0.05832046034883877,0,0.0
17.0,1.0,1.0,9.0,6.0,2.0,3769.66650390625,3.0,1.0,2.0,1.0,0,1,0.8177208335795905,0,0.13333333333333333
14.0,1.0,1.0,2.0,6.0,2.0,2300.41650390625,3.0,5.0,1.0,1.0,0,0,0.053792160700881594,0,0.0
15.0,1.0,1.0,7.0,6.0,2.0,1603.3333740234375,3.0,8.0,1.0,1.0,0,0,0.16836517213691118,0,0.0
16.0,1.0,1.0,7.0,6.0,2.0,1088.9166259765625,3.0,5.0,2.0,1.0,0,1,0.5660352028286857,0,0.03666666666666667
18.0,1.0,1.0,8.0,6.0,2.0,1301.72998046875,3.0,1.0,2.0,1.0,0,1,0.8741879600271149,0,0.24
15.0,1.0,1.0,2.0,6.0,2.0,881.8333129882812,3.0,5.0,1.0,1.0,0,0,0.11416160288046266,0,0.0
10.0,2.0,1.0,3.0,6.0,2.0,4027.472412109375,1.0,8.0,1.0,1.0,0,0,0.009622677176145955,0,0.0
6.0,2.0,2.0,5.0,6.0,2.0,989.25,0.0,5.0,2.0,1.0,0,0,0.18148245867233787,0,0.0
13.0,1.0,1.0,2.0,6.0,1.0,1162.5,3.0,5.0,2.0,1.0,0,0,0.06525531010543889,0,0.0
15.0,2.0,2.0,1.0,6.0,2.0,370.41668701171875,3.0,5.0,7.0,1.0,0,0,0.3270828151871417,0,0.0033333333333333335
12.0,1.0,1.0,8.0,6.0,2.0,1004.25,3.0,5.0,1.0,1.0,0,0,0.013876193047937656,0,0.0
14.0,1.0,1.0,3.0,6.0,2.0,2077.361083984375,3.0,8.0,1.0,1.0,0,0,0.03708243482064941,0,0.0
9.0,1.0,1.0,4.0,6.0,2.0,1449.5833740234375,1.0,8.0,1.0,1.0,0,0,0.008112271053800814,0,0.0
11.0,2.0,1.0,3.0,6.0,2.0,1612.0999755859375,1.0,8.0,1.0,1.0,0,0,0.022785806036215883,0,0.0
8.0,1.0,2.0,2.0,2.0,1.0,312.5,1.0,5.0,7.0,1.0,0,0,0.02850566270523276,0,0.02
15.0,1.0,2.0,5.0,6.0,1.0,207.9166717529297,3.0,1.0,5.0,1.0,0,0,0.3395780247999158,0,0.04666666666666667
14.0,2.0,1.0,6.0,6.0,2.0,1780.0,3.0,1.0,1.0,1.0,0,0,0.13957940666199123,0,0.0
10.0,2.0,1.0,8.0,6.0,2.0,1211.8333740234375,1.0,5.0,5.0,2.0,0,0,0.032827809811062786,0,0.0033333333333333335
17.0,1.0,1.0,3.0,6.0,1.0,4973.87939453125,3.0,8.0,1.0,1.0,0,0,0.22565211810418323,0,0.16
16.0,1.0,1.0,8.0,6.0,2.0,1168.9111328125,3.0,1.0,6.0,1.0,0,1,0.7002225001026842,0,0.26666666666666666
12.0,1.0,1.0,8.0,6.0,2.0,974.25,2.0,5.0,2.0,1.0,0,0,0.18505694019315042,0,0.0
10.0,2.0,1.0,7.0,6.0,2.0,858.3333129882812,1.0,5.0,1.0,1.0,0,0,0.03351495109948569,0,0.0
8.0,2.0,2.0,3.0,6.0,2.0,282.91668701171875,1.0,5.0,8.0,1.0,0,0,0.009623375901456132,0,0.0
11.0,1.0,2.0,9.0,6.0,2.0,2090.625,1.0,1.0,7.0,2.0,0,0,0.4960461439409563,0,0.18
11.0,2.0,1.0,1.0,6.0,2.0,2591.416748046875,1.0,5.0,1.0,1.0,0,0,0.03880029684695171,0,0.0
12.0,1.0,2.0,9.0,6.0,2.0,2069.283203125,1.0,5.0,6.0,1.0,0,0,0.44975442224525236,0,0.0033333333333333335
19.0,2.0,1.0,1.0,6.0,2.0,1472.199951171875,4.0,5.0,1.0,1.0,1,1,0.9217670916990014,0,0.13
10.0,1.0,1.0,9.0,6.0,2.0,3932.361083984375,1.0,3.0,2.0,1.0,0,0,0.04916216174599608,0,0.0
17.0,1.0,1.0,7.0,6.0,2.0,1630.56005859375,3.0,8.0,1.0,1.0,0,0,0.4689977405548122,0,0.006666666666666667
14.0,1.0,1.0,7.0,6.0,2.0,1066.6666259765625,3.0,5.0,1.0,1.0,0,0,0.10832938076097934,0,0.0
11.0,2.0,2.0,9.0,6.0,2.0,1429.5,2.0,5.0,7.0,2.0,1,0,0.21578653256377936,0,0.13666666666666666
15.0,1.0,1.0,1.0,6.0,2.0,2571.35009765625,3.0,5.0,1.0,1.0,0,0,0.12532475576285326,0,0.0
10.0,2.0,1.0,4.0,6.0,2.0,844.9066162109375,1.0,5.0,2.0,1.0,0,0,0.03752070432030776,0,0.07666666666666666
15.0,2.0,1.0,2.0,6.0,2.0,1035.4166259765625,3.0,1.0,1.0,1.0,0,0,0.18705571884359326,0,0.0033333333333333335
10.0,1.0,1.0,3.0,6.0,2.0,2302.083251953125,1.0,5.0,5.0,1.0,0,0,0.024879550797082175,0,0.0
6.0,1.0,2.0,5.0,6.0,2.0,2049.16650390625,0.0,8.0,2.0,1.0,0,0,0.1890170949853056,0,0.006666666666666667
17.0,2.0,1.0,3.0,6.0,2.0,671.638916015625,3.0,8.0,1.0,1.0,0,0,0.2190866946594312,0,0.0
16.0,2.0,1.0,2.0,6.0,2.0,2272.83349609375,3.0,5.0,1.0,1.0,0,0,0.1547777021943273,0,0.0033333333333333335
19.0,2.0,1.0,7.0,6.0,2.0,2208.333251953125,5.0,8.0,1.0,1.0,0,0,0.41204984067908906,0,0.0
14.0,1.0,1.0,3.0,6.0,2.0,1141.666748046875,3.0,8.0,1.0,1.0,0,0,0.039040361412461595,0,0.0
16.0,1.0,1.0,8.0,6.0,2.0,1564.47998046875,3.0,5.0,2.0,1.0,0,0,0.39028821886934445,0,0.04
7.0,2.0,1.0,6.0,6.0,2.0,810.9833374023438,1.0,5.0,1.0,1.0,0,0,0.002931018333192859,0,0.0033333333333333335
14.0,2.0,2.0,5.0,6.0,2.0,2355.555419921875,3.0,8.0,7.0,1.0,0,0,0.0930551142929299,0,0.023333333333333334
15.0,2.0,1.0,4.0,6.0,2.0,2587.199951171875,3.0,5.0,2.0,1.0,0,0,0.16141621886223684,0,0.0
10.0,1.0,2.0,9.0,6.0,2.0,3064.466552734375,1.0,1.0,8.0,2.0,0,0,0.24115748371185675,0,0.006666666666666667
7.0,2.0,2.0,1.0,27.0,2.0,1623.75,1.0,5.0,7.0,1.0,0,0,0.018096760785596567,0,0.0033333333333333335
14.0,2.0,2.0,2.0,6.0,2.0,866.0,3.0,1.0,7.0,1.0,0,0,0.31116571334213616,0,0.006666666666666667
15.0,1.0,1.0,2.0,6.0,2.0,540.0,3.0,5.0,1.0,1.0,0,0,0.11615266246722283,0,0.0
8.0,2.0,1.0,2.0,6.0,2.0,3009.349853515625,1.0,5.0,1.0,1.0,0,0,0.0035115880399740097,0,0.0
7.0,2.0,1.0,7.0,6.0,2.0,1031.5277099609375,1.0,5.0,2.0,1.0,0,0,0.009163647389006139,0,0.0
18.0,1.0,2.0,9.0,6.0,2.0,575.8928833007812,4.0,5.0,1.0,1.0,0,1,0.9395902065136418,1,0.81
6.0,2.0,2.0,4.0,6.0,1.0,966.0,0.0,5.0,2.0,1.0,0,0,0.21139717249467746,0,0.006666666666666667
8.0,1.0,1.0,9.0,58.0,2.0,1148.2833251953125,1.0,2.0,1.0,1.0,0,0,0.014494010354922572,0,0.0
6.0,1.0,1.0,8.0,6.0,2.0,793.8333129882812,0.0,7.0,2.0,1.0,0,0,0.165317500128845,0,0.02
17.0,2.0,1.0,6.0,6.0,2.0,1790.8160400390625,3.0,8.0,1.0,1.0,0,0,0.33217579201802494,0,0.006666666666666667
11.0,2.0,1.0,8.0,6.0,2.0,1563.8333740234375,1.0,7.0,6.0,1.0,0,0,0.08329447373146076,0,0.006666666666666667
7.0,1.0,1.0,3.0,6.0,2.0,786.2333374023438,1.0,5.0,1.0,1.0,0,0,0.0021116546072031893,0,0.0
11.0,2.0,1.0,8.0,6.0,2.0,866.0,1.0,5.0,1.0,1.0,0,0,0.035250187539814015,0,0.0
11.0,1.0,1.0,8.0,6.0,2.0,845.5799560546875,1.0,8.0,1.0,1.0,0,0,0.03925179040524491,0,0.0
12.0,1.0,1.0,6.0,6.0,2.0,5298.33349609375,2.0,8.0,1.0,1.0,0,0,0.08318925265509494,0,0.0033333333333333335
14.0,2.0,1.0,4.0,6.0,2.0,2465.666748046875,3.0,6.0,2.0,1.0,0,0,0.09800485018097502,0,0.0
10.0,2.0,1.0,2.0,6.0,2.0,810.4166259765625,1.0,5.0,1.0,1.0,0,0,0.017160710280715655,0,0.0
11.0,1.0,1.0,7.0,6.0,2.0,957.2333984375,1.0,5.0,2.0,1.0,0,0,0.1941498635157351,0,0.0
11.0,1.0,1.0,8.0,6.0,2.0,1690.0,1.0,5.0,6.0,1.0,0,0,0.1451871575857457,0,0.0
16.0,1.0,1.0,7.0,6.0,2.0,2144.85009765625,3.0,8.0,1.0,1.0,0,0,0.290926133360089,0,0.0
12.0,1.0,1.0,8.0,6.0,2.0,1501.0999755859375,3.0,8.0,1.0,1.0,0,0,0.011118192611277925,0,0.0
6.0,2.0,1.0,3.0,6.0,2.0,1316.929931640625,0.0,8.0,1.0,1.0,0,0,0.050398361067770445,0,0.0
18.0,2.0,1.0,2.0,6.0,2.0,93.75714111328125,3.0,5.0,1.0,1.0,0,0,0.4754201177117898,0,0.09333333333333334
9.0,1.0,2.0,3.0,27.0,2.0,343.4333190917969,1.0,1.0,6.0,1.0,0,0,0.20364033215961952,0,0.0
15.0,1.0,1.0,3.0,6.0,2.0,1464.0,3.0,8.0,1.0,1.0,0,0,0.07695628045210444,0,0.0
8.0,1.0,1.0,4.0,6.0,2.0,783.3333129882812,1.0,3.0,2.0,1.0,0,0,0.008186300003506806,0,0.0
19.0,2.0,1.0,2.0,6.0,2.0,2455.0,4.0,3.0,1.0,1.0,1,1,0.8605710790356164,0,0.06333333333333334
18.0,2.0,1.0,2.0,6.0,2.0,1548.3333740234375,3.0,5.0,1.0,1.0,0,0,0.45473719877060714,0,0.0
16.0,1.0,1.0,7.0,6.0,2.0,1178.25,3.0,8.0,1.0,1.0,0,0,0.30245477303159024,0,0.016666666666666666
14.0,1.0,2.0,6.0,6.0,2.0,1148.1666259765625,3.0,5.0,5.0,1.0,0,0,0.16908916423504175,0,0.05
15.0,2.0,2.0,1.0,6.0,2.0,227.08334350585938,2.0,1.0,8.0,1.0,1,1,0.8485647160664096,0,0.3433333333333333
11.0,2.0,1.0,9.0,6.0,2.0,1903.77783203125,1.0,8.0,9.0,1.0,0,0,0.04564499701625526,0,0.0
9.0,1.0,2.0,9.0,6.0,2.0,1046.666748046875,1.0,2.0,8.0,1.0,0,0,0.0502061169587518,0,0.0
17.0,1.0,1.0,3.0,6.0,2.0,1460.433349609375,3.0,8.0,1.0,1.0,0,0,0.26706028982856966,0,0.0033333333333333335
12.0,1.0,1.0,2.0,6.0,2.0,1716.6666259765625,2.0,3.0,1.0,1.0,0,0,0.05639974906996291,0,0.0
14.0,2.0,1.0,8.0,6.0,2.0,1566.25,3.0,8.0,1.0,1.0,0,0,0.034771448102808564,0,0.0
12.0,2.0,1.0,7.0,6.0,2.0,2977.0,2.0,8.0,1.0,1.0,0,0,0.0898840695814833,0,0.0
18.0,1.0,1.0,2.0,5.0,1.0,683.3333129882812,3.0,5.0,1.0,1.0,0,1,0.7495539272509729,0,0.01
10.0,2.0,2.0,5.0,27.0,2.0,153.33334350585938,1.0,5.0,8.0,1.0,0,0,0.07283272786503897,0,0.0
6.0,1.0,1.0,1.0,6.0,2.0,1679.166748046875,0.0,8.0,1.0,1.0,0,0,0.09608691704481635,0,0.0
13.0,2.0,2.0,1.0,27.0,2.0,218.3333282470703,2.0,5.0,7.0,1.0,0,1,0.5985889328840075,0,0.20333333333333334
8.0,1.0,1.0,4.0,6.0,2.0,625.0,1.0,8.0,1.0,1.0,0,0,0.004084680540071372,0,0.0
7.0,1.0,1.0,9.0,6.0,2.0,3280.0,1.0,8.0,1.0,1.0,0,0,0.0028851373152070803,0,0.0
8.0,2.0,1.0,2.0,6.0,2.0,93.75714111328125,1.0,5.0,1.0,1.0,0,0,0.004145811697440764,0,0.0
10.0,2.0,1.0,2.0,6.0,2.0,1029.166748046875,1.0,5.0,1.0,1.0,0,0,0.016951072935308897,0,0.0
14.0,2.0,1.0,7.0,6.0,2.0,945.2799682617188,3.0,5.0,1.0,1.0,0,0,0.08260410788652357,0,0.0033333333333333335
10.0,1.0,1.0,6.0,6.0,2.0,770.9091186523438,1.0,5.0,1.0,1.0,0,0,0.03527353467014402,0,0.0
19.0,1.0,1.0,8.0,6.0,2.0,1569.625,5.0,1.0,5.0,1.0,0,1,0.6809550638143141,0,0.24333333333333335
16.0,2.0,1.0,3.0,6.0,2.0,2228.333251953125,3.0,8.0,1.0,1.0,0,0,0.10935888275083241,0,0.006666666666666667
16.0,2.0,1.0,8.0,6.0,2.0,1257.75,3.0,8.0,1.0,1.0,0,0,0.13808502606423592,0,0.006666666666666667
6.0,1.0,1.0,2.0,6.0,2.0,1651.0,0.0,5.0,2.0,1.0,0,0,0.20649184543786642,0,0.0033333333333333335
8.0,2.0,2.0,2.0,6.0,2.0,955.9332885742188,1.0,5.0,7.0,1.0,0,0,0.01585063417602981,0,0.02
19.0,1.0,1.0,1.0,6.0,2.0,1361.477783203125,5.0,8.0,1.0,1.0,0,0,0.3806186339695346,0,0.006666666666666667
12.0,2.0,1.0,8.0,6.0,2.0,1718.3333740234375,1.0,6.0,2.0,1.0,0,0,0.17335313804313915,0,0.0
10.0,1.0,1.0,7.0,6.0,2.0,1443.9000244140625,1.0,8.0,2.0,1.0,0,0,0.08437055823178655,0,0.0
15.0,2.0,1.0,3.0,6.0,2.0,446.75665283203125,3.0,8.0,1.0,1.0,0,0,0.06106612929601983,0,0.0
8.0,2.0,1.0,2.0,6.0,2.0,1932.5,1.0,4.0,1.0,1.0,0,0,0.003653888867200443,0,0.013333333333333334
12.0,1.0,1.0,3.0,6.0,2.0,3283.66259765625,1.0,8.0,1.0,1.0,0,0,0.05677012081589436,0,0.0
15.0,2.0,1.0,8.0,6.0,2.0,1567.36669921875,3.0,5.0,5.0,1.0,0,0,0.1165011651634162,0,0.0033333333333333335
17.0,1.0,1.0,2.0,6.0,1.0,1904.1666259765625,3.0,5.0,1.0,1.0,0,0,0.3417941476774101,0,0.016666666666666666
9.0,1.0,1.0,2.0,6.0,2.0,1695.38232421875,1.0,5.0,1.0,1.0,0,0,0.010673755600122625,0,0.0
16.0,2.0,1.0,6.0,6.0,2.0,2583.75,3.0,6.0,1.0,1.0,0,0,0.24480458307021485,0,0.0
11.0,2.0,1.0,3.0,6.0,2.0,2285.0,1.0,5.0,1.0,1.0,0,0,0.026569801657936473,0,0.0
8.0,2.0,1.0,2.0,6.0,2.0,488.452392578125,1.0,5.0,1.0,1.0,0,0,0.004053694709513855,0,0.0
7.0,1.0,1.0,7.0,6.0,2.0,885.0999755859375,0.0,5.0,2.0,1.0,0,1,0.530908082655791,0,0.0033333333333333335
10.0,1.0,1.0,2.0,6.0,2.0,754.3054809570312,1.0,5.0,2.0,1.0,0,0,0.055311289019544116,0,0.0
10.0,2.0,1.0,5.0,6.0,1.0,1010.0,1.0,8.0,1.0,1.0,0,0,0.01011117094175768,0,0.0
15.0,2.0,1.0,2.0,6.0,1.0,3038.800048828125,3.0,3.0,1.0,1.0,0,0,0.052693074790716735,0,0.006666666666666667
18.0,2.0,2.0,5.0,27.0,1.0,151.3333282470703,3.0,1.0,7.0,1.0,0,1,0.9292013485343897,0,0.10666666666666667
7.0,1.0,1.0,4.0,6.0,2.0,833.3333129882812,1.0,5.0,1.0,1.0,0,0,0.0023530945843379465,0,0.0
15.0,1.0,2.0,4.0,2.0,1.0,294.7916564941406,3.0,1.0,7.0,1.0,0,1,0.6090429211838286,0,0.05
9.0,1.0,1.0,8.0,6.0,2.0,1472.199951171875,1.0,2.0,6.0,1.0,0,0,0.039435763812802976,0,0.016666666666666666
16.0,2.0,1.0,2.0,6.0,2.0,241.0,3.0,5.0,9.0,1.0,0,0,0.18275762913143537,0,0.06666666666666667
13.0,2.0,1.0,7.0,6.0,2.0,1333.3333740234375,3.0,8.0,1.0,1.0,0,0,0.03347305565835424,0,0.0
6.0,1.0,2.0,8.0,6.0,2.0,1876.3333740234375,0.0,5.0,2.0,1.0,0,0,0.2808749488234938,0,0.006666666666666667
6.0,1.0,1.0,3.0,6.0,2.0,532.0,0.0,5.0,5.0,1.0,0,0,0.116665239890878,0,0.0033333333333333335
16.0,1.0,2.0,2.0,6.0,1.0,320.0,3.0,5.0,2.0,1.0,0,1,0.503210629668169,0,0.07666666666666666
11.0,1.0,1.0,1.0,6.0,2.0,967.9583129882812,1.0,8.0,1.0,1.0,0,0,0.04713597999158596,0,0.0
18.0,2.0,1.0,2.0,6.0,2.0,1390.13330078125,4.0,3.0,1.0,1.0,0,1,0.7583381894211826,0,0.006666666666666667
15.0,1.0,1.0,2.0,6.0,1.0,625.0,3.0,5.0,1.0,1.0,0,0,0.11336375794204326,0,0.0
19.0,1.0,1.0,3.0,6.0,2.0,1870.9000244140625,4.0,5.0,2.0,1.0,1,1,0.962375002860334,1,0.5766666666666667
19.0,2.0,1.0,7.0,6.0,2.0,1386.433349609375,3.0,5.0,2.0,1.0,1,1,0.896056568215796,0,0.4766666666666667
11.0,1.0,1.0,5.0,6.0,2.0,1013.3333129882812,1.0,5.0,1.0,1.0,0,0,0.03483276377632782,0,0.0
17.0,1.0,1.0,2.0,6.0,1.0,1166.6666259765625,3.0,5.0,1.0,1.0,0,0,0.3513408290942733,0,0.01
15.0,1.0,1.0,7.0,6.0,2.0,962.9666748046875,3.0,5.0,2.0,1.0,0,0,0.3859353229733964,0,0.006666666666666667
6.0,2.0,1.0,7.0,6.0,2.0,1159.833251953125,0.0,5.0,1.0,1.0,0,0,0.13752802357988383,0,0.013333333333333334
10.0,2.0,1.0,4.0,6.0,2.0,563.3333129882812,1.0,1.0,2.0,1.0,0,0,0.08837958832654223,0,0.06666666666666667
18.0,1.0,1.0,2.0,6.0,2.0,1125.5833740234375,3.0,2.0,2.0,1.0,0,1,0.7486757577620122,0,0.10666666666666667
6.0,1.0,1.0,1.0,6.0,2.0,1108.562255859375,0.0,5.0,1.0,1.0,0,0,0.11785731362902882,0,0.006666666666666667
6.0,2.0,2.0,5.0,27.0,2.0,156.25,0.0,1.0,7.0,1.0,0,1,0.5575627934409106,0,0.023333333333333334
11.0,1.0,2.0,3.0,27.0,2.0,328.75,1.0,8.0,8.0,1.0,0,0,0.16710660177724113,0,0.0
10.0,1.0,1.0,7.0,6.0,2.0,405.2666320800781,1.0,8.0,2.0,1.0,0,0,0.08907183854726937,0,0.0
15.0,2.0,2.0,3.0,27.0,1.0,630.9000244140625,3.0,5.0,7.0,1.0,1,0,0.38699648764524774,0,0.013333333333333334
11.0,1.0,1.0,8.0,6.0,2.0,999.7142944335938,1.0,8.0,6.0,1.0,0,0,0.12681896600751916,0,0.0033333333333333335
18.0,2.0,1.0,5.0,6.0,2.0,1000.0,4.0,5.0,1.0,1.0,1,1,0.7768798828035329,0,0.16666666666666666
8.0,2.0,1.0,2.0,6.0,2.0,736.898193359375,1.0,3.0,1.0,1.0,0,0,0.0027154129122729785,0,0.0
12.0,2.0,1.0,7.0,6.0,2.0,3276.1318359375,1.0,8.0,1.0,1.0,0,0,0.09786088303777937,0,0.0
10.0,1.0,1.0,9.0,6.0,2.0,2617.474853515625,1.0,8.0,1.0,1.0,0,0,0.026715004909005347,0,0.0
7.0,2.0,1.0,4.0,6.0,2.0,443.3333435058594,1.0,8.0,1.0,1.0,0,0,0.0014570908014329997,0,0.0
16.0,1.0,1.0,5.0,6.0,1.0,1982.1666259765625,3.0,5.0,1.0,1.0,0,0,0.15404353491623818,0,0.01
10.0,1.0,1.0,2.0,6.0,2.0,3706.666748046875,1.0,3.0,1.0,1.0,0,0,0.013456947287422437,0,0.0
7.0,2.0,2.0,4.0,6.0,2.0,1029.9000244140625,1.0,1.0,5.0,1.0,0,0,0.009072032094360314,0,0.0
8.0,2.0,2.0,5.0,27.0,1.0,254.1666717529297,1.0,5.0,7.0,1.0,0,0,0.023905812991755968,0,0.0
16.0,1.0,1.0,5.0,6.0,2.0,1315.3714599609375,3.0,5.0,2.0,1.0,0,0,0.322505353527545,0,0.0033333333333333335
11.0,2.0,2.0,5.0,6.0,2.0,832.7400512695312,1.0,5.0,8.0,1.0,0,0,0.07220946766622374,0,0.0
9.0,2.0,1.0,4.0,6.0,2.0,4800.60009765625,1.0,3.0,1.0,1.0,0,0,0.0040858540929912465,0,0.0
17.0,2.0,1.0,7.0,6.0,2.0,1077.4444580078125,3.0,8.0,1.0,1.0,0,0,0.40154102297624966,0,0.0
11.0,1.0,2.0,7.0,6.0,2.0,441.8333435058594,1.0,7.0,2.0,1.0,0,0,0.21326003241215752,0,0.0
6.0,2.0,2.0,1.0,27.0,2.0,2308.33349609375,0.0,5.0,7.0,1.0,0,0,0.43094667031491324,0,0.03333333333333333
11.0,2.0,1.0,6.0,6.0,2.0,457.5,1.0,5.0,1.0,1.0,0,0,0.05416818308978906,0,0.0
16.0,2.0,1.0,2.0,6.0,2.0,813.6889038085938,3.0,3.0,1.0,1.0,0,0,0.11899051249772151,0,0.0
7.0,2.0,1.0,4.0,6.0,2.0,500.0,0.0,1.0,1.0,1.0,0,0,0.2788961062455996,0,0.0033333333333333335
9.0,1.0,1.0,1.0,6.0,2.0,855.0,1.0,8.0,1.0,1.0,0,0,0.011266126096816279,0,0.0
8.0,1.0,1.0,7.0,6.0,2.0,1990.0,1.0,5.0,1.0,1.0,0,0,0.010006012058520461,0,0.0
13.0,1.0,1.0,2.0,6.0,2.0,898.0,3.0,5.0,1.0,1.0,0,0,0.028623393532063446,0,0.0
12.0,1.0,1.0,3.0,6.0,2.0,879.6666870117188,3.0,5.0,9.0,1.0,0,0,0.012329728987531346,0,0.0033333333333333335
18.0,2.0,1.0,2.0,6.0,1.0,566.6666870117188,3.0,8.0,1.0,1.0,0,0,0.41483566536297617,0,0.06
12.0,1.0,1.0,7.0,6.0,2.0,2165.0,2.0,8.0,1.0,1.0,0,0,0.12323608345147018,0,0.0
12.0,2.0,1.0,2.0,6.0,2.0,661.111083984375,1.0,3.0,1.0,1.0,0,0,0.049620025349004476,0,0.0
18.0,1.0,1.0,2.0,6.0,2.0,981.6666870117188,4.0,3.0,1.0,1.0,0,1,0.813579381888156,1,0.6033333333333334
16.0,2.0,2.0,9.0,6.0,2.0,573.00830078125,3.0,5.0,6.0,1.0,0,1,0.6310063576973134,0,0.09666666666666666
13.0,1.0,2.0,8.0,6.0,1.0,391.6666564941406,2.0,1.0,6.0,2.0,0,1,0.7809401025806523,0,0.09666666666666666
8.0,2.0,1.0,9.0,6.0,2.0,786.6666870117188,1.0,5.0,1.0,1.0,0,0,0.006206348574079177,0,0.0
12.0,1.0,1.0,8.0,6.0,2.0,1567.36669921875,3.0,5.0,5.0,1.0,0,0,0.019237670311546877,0,0.0
12.0,2.0,1.0,6.0,6.0,2.0,430.93328857421875,2.0,5.0,1.0,1.0,0,0,0.09690835617684253,0,0.0
9.0,1.0,1.0,7.0,6.0,2.0,445.5,1.0,7.0,2.0,1.0,0,0,0.03935733701600365,0,0.0
6.0,2.0,1.0,7.0,6.0,2.0,1275.0,0.0,6.0,2.0,1.0,0,0,0.31349985226343213,0,0.03333333333333333
14.0,2.0,2.0,1.0,6.0,2.0,712.0,3.0,5.0,8.0,1.0,0,0,0.1399392281808709,0,0.006666666666666667
11.0,2.0,1.0,1.0,6.0,2.0,602.9500122070312,1.0,5.0,2.0,1.0,0,0,0.10012407682944448,0,0.0
10.0,2.0,1.0,7.0,6.0,2.0,715.5799560546875,1.0,5.0,2.0,1.0,0,0,0.07919939009073824,0,0.013333333333333334
8.0,1.0,1.0,8.0,6.0,2.0,807.9443969726562,1.0,5.0,1.0,1.0,0,0,0.005423636374731675,0,0.0
12.0,1.0,1.0,7.0,6.0,2.0,656.0,1.0,6.0,2.0,1.0,0,0,0.3751436542761435,0,0.0
11.0,1.0,1.0,7.0,6.0,2.0,221.42857360839844,1.0,6.0,1.0,1.0,0,0,0.10688776045238939,0,0.05333333333333334
16.0,2.0,1.0,2.0,6.0,1.0,189.0,3.0,5.0,1.0,1.0,0,0,0.16783006996249528,0,0.023333333333333334
19.0,1.0,1.0,6.0,6.0,2.0,2175.0,5.0,6.0,1.0,1.0,0,1,0.5122144138774093,0,0.03666666666666667
12.0,1.0,1.0,2.0,6.0,1.0,1659.4166259765625,2.0,3.0,1.0,1.0,0,0,0.05538019889889912,0,0.0033333333333333335
6.0,2.0,1.0,7.0,6.0,2.0,1412.5,0.0,5.0,2.0,1.0,0,0,0.2788487297224411,0,0.006666666666666667
11.0,1.0,1.0,3.0,6.0,2.0,1802.6666259765625,1.0,7.0,5.0,1.0,0,0,0.038092452823221205,0,0.006666666666666667
17.0,2.0,1.0,3.0,6.0,2.0,638.1818237304688,3.0,8.0,9.0,1.0,0,0,0.23408321058723405,0,0.0
7.0,1.0,2.0,1.0,6.0,1.0,248.26390075683594,0.0,5.0,7.0,1.0,0,1,0.5382368045676217,0,0.01
12.0,2.0,1.0,5.0,6.0,2.0,1582.5,2.0,3.0,1.0,1.0,0,0,0.031608563440889914,0,0.0
16.0,2.0,1.0,3.0,6.0,2.0,1379.21875,3.0,5.0,1.0,1.0,0,0,0.13554624527277886,0,0.0
13.0,1.0,2.0,1.0,6.0,2.0,705.5556030273438,2.0,8.0,1.0,1.0,0,0,0.22916365775953226,0,0.04
12.0,1.0,1.0,7.0,6.0,2.0,2303.25,2.0,5.0,2.0,1.0,0,0,0.29446068717984536,0,0.0
10.0,2.0,2.0,1.0,6.0,2.0,461.04168701171875,1.0,8.0,7.0,1.0,0,0,0.06792177489155915,0,0.0
8.0,2.0,1.0,9.0,6.0,2.0,1155.0,1.0,8.0,1.0,1.0,0,0,0.005001540910038548,0,0.0
6.0,2.0,1.0,7.0,6.0,2.0,1887.913330078125,0.0,8.0,2.0,1.0,0,0,0.23625199700111024,0,0.12666666666666668
17.0,2.0,2.0,3.0,27.0,2.0,433.6666564941406,3.0,5.0,8.0,1.0,1,1,0.6706274784356895,0,0.043333333333333335
16.0,1.0,1.0,2.0,6.0,1.0,1216.9444580078125,3.0,5.0,3.0,1.0,0,1,0.5005584799356281,0,0.01
19.0,2.0,2.0,2.0,6.0,2.0,434.11572265625,4.0,5.0,5.0,1.0,1,1,0.9569918239544947,1,0.66
17.0,1.0,1.0,2.0,6.0,2.0,1820.683349609375,3.0,3.0,1.0,1.0,0,0,0.26585274049708973,0,0.0033333333333333335
6.0,2.0,2.0,1.0,27.0,2.0,197.59524536132812,0.0,1.0,7.0,1.0,0,1,0.6764729111015514,0,0.07666666666666666
6.0,1.0,1.0,5.0,6.0,1.0,723.875,0.0,5.0,1.0,1.0,0,0,0.07431780222255893,0,0.0
9.0,2.0,1.0,4.0,6.0,1.0,1050.0,1.0,5.0,1.0,1.0,0,0,0.007271455425931773,0,0.0033333333333333335
16.0,1.0,2.0,3.0,6.0,2.0,171.1458282470703,3.0,1.0,8.0,1.0,0,1,0.6183134189778243,0,0.06666666666666667
12.0,2.0,1.0,2.0,6.0,2.0,1549.0,1.0,5.0,1.0,1.0,0,0,0.06815402842315095,0,0.0
19.0,1.0,2.0,3.0,6.0,2.0,1452.0555419921875,4.0,5.0,5.0,1.0,1,1,0.9586897005292722,0,0.43666666666666665
13.0,2.0,1.0,3.0,6.0,2.0,1594.7916259765625,2.0,6.0,1.0,1.0,0,0,0.11513123853887684,0,0.006666666666666667
8.0,1.0,1.0,3.0,6.0,2.0,2990.555419921875,1.0,5.0,1.0,1.0,0,0,0.003884556690207312,0,0.0
16.0,1.0,1.0,2.0,6.0,2.0,309.7799987792969,3.0,5.0,1.0,1.0,0,0,0.21773828179756183,0,0.0033333333333333335
8.0,1.0,1.0,3.0,6.0,2.0,1097.5,1.0,8.0,1.0,1.0,0,0,0.0035593111589796943,0,0.0
8.0,1.0,1.0,2.0,6.0,2.0,1331.0,1.0,5.0,2.0,1.0,0,0,0.012799199622836738,0,0.0
10.0,1.0,1.0,3.0,6.0,2.0,961.3999633789062,1.0,1.0,1.0,1.0,0,0,0.0447333037485625,0,0.0033333333333333335
6.0,2.0,1.0,2.0,6.0,1.0,189.0,0.0,5.0,1.0,1.0,0,0,0.07642363672479316,0,0.02
13.0,1.0,2.0,3.0,27.0,2.0,190.1666717529297,3.0,1.0,7.0,1.0,0,0,0.33506323749526773,0,0.23333333333333334
9.0,1.0,1.0,7.0,6.0,2.0,1384.1666259765625,1.0,8.0,2.0,1.0,0,0,0.04235860651523371,0,0.02666666666666667
8.0,1.0,2.0,4.0,6.0,1.0,491.6666564941406,0.0,5.0,1.0,1.0,0,0,0.3992709434854992,0,0.12666666666666668
19.0,1.0,1.0,7.0,27.0,2.0,2756.637451171875,3.0,5.0,2.0,1.0,1,1,0.9564817117949245,0,0.26
17.0,1.0,2.0,2.0,6.0,1.0,189.34999084472656,3.0,3.0,1.0,1.0,0,0,0.3704165987333845,0,0.05
12.0,2.0,1.0,3.0,6.0,2.0,1081.699951171875,3.0,8.0,9.0,1.0,0,0,0.007410893894801707,0,0.006666666666666667
12.0,1.0,1.0,5.0,6.0,2.0,1273.5714111328125,3.0,5.0,1.0,1.0,0,0,0.010056548202861362,0,0.0
18.0,1.0,1.0,7.0,6.0,2.0,5560.65478515625,4.0,8.0,1.0,1.0,0,1,0.8901638032908743,0,0.0033333333333333335
11.0,2.0,1.0,7.0,6.0,2.0,1069.7554931640625,1.0,1.0,1.0,1.0,0,0,0.1491230594922663,0,0.02666666666666667
11.0,1.0,1.0,7.0,6.0,2.0,2389.833251953125,1.0,8.0,2.0,1.0,1,0,0.15431598524058265,0,0.023333333333333334
16.0,1.0,1.0,7.0,6.0,2.0,1334.0,3.0,8.0,1.0,1.0,0,0,0.3005797037938831,0,0.006666666666666667
6.0,2.0,1.0,6.0,6.0,2.0,2500.0,0.0,6.0,1.0,1.0,0,0,0.11788575884962553,0,0.0
12.0,1.0,2.0,4.0,6.0,1.0,484.6666564941406,2.0,5.0,5.0,1.0,0,0,0.15477514130349265,0,0.013333333333333334
13.0,2.0,2.0,3.0,6.0,2.0,654.6666870117188,3.0,1.0,7.0,1.0,0,0,0.15107745060240932,0,0.0033333333333333335
17.0,2.0,1.0,9.0,6.0,2.0,2300.0,3.0,6.0,1.0,1.0,0,0,0.4114019393199462,0,0.0033333333333333335
17.0,2.0,1.0,8.0,6.0,2.0,933.3333129882812,3.0,1.0,1.0,1.0,0,1,0.5038761996358523,0,0.10666666666666667
6.0,2.0,1.0,4.0,6.0,1.0,1199.166748046875,0.0,5.0,1.0,1.0,0,0,0.06631206141935997,0,0.0033333333333333335
14.0,2.0,1.0,1.0,6.0,2.0,1416.25,3.0,5.0,1.0,1.0,0,0,0.05113800099035549,0,0.0
15.0,2.0,2.0,3.0,27.0,2.0,730.5916137695312,2.0,1.0,7.0,1.0,0,1,0.9114186691900806,0,0.31666666666666665
8.0,2.0,1.0,3.0,6.0,2.0,1169.1666259765625,1.0,8.0,5.0,1.0,0,0,0.003755092798013381,0,0.0
8.0,1.0,2.0,2.0,6.0,2.0,1296.25,1.0,5.0,7.0,1.0,0,0,0.02100998204808044,0,0.01590974285901195
12.0,1.0,1.0,3.0,995.0,2.0,1242.6666259765625,1.0,5.0,9.0,1.0,0,1,0.7697841896211151,0,0.06333333333333334
7.0,1.0,1.0,2.0,6.0,2.0,1229.1666259765625,0.0,8.0,1.0,1.0,0,0,0.15696469853047662,0,0.0
9.0,2.0,1.0,2.0,6.0,2.0,1421.875,1.0,3.0,1.0,1.0,0,0,0.005443227374389332,0,0.0
13.0,2.0,1.0,6.0,6.0,2.0,717.8571166992188,3.0,8.0,1.0,1.0,0,0,0.026953505207678887,0,0.0
8.0,1.0,2.0,1.0,6.0,2.0,874.8888549804688,1.0,6.0,8.0,1.0,0,0,0.02201205661724936,0,0.0033333333333333335
17.0,2.0,1.0,2.0,6.0,2.0,570.3228759765625,3.0,5.0,1.0,1.0,0,0,0.29672037875455326,0,0.0
15.0,2.0,1.0,7.0,6.0,2.0,2993.2666015625,3.0,8.0,1.0,1.0,0,0,0.12097700933920903,0,0.0
8.0,2.0,2.0,5.0,6.0,2.0,677.2916259765625,1.0,5.0,1.0,1.0,0,0,0.004468062378324489,0,0.0
16.0,2.0,1.0,2.0,6.0,2.0,4695.41650390625,3.0,4.0,1.0,1.0,0,0,0.13496146207303394,0,0.0
14.0,2.0,1.0,3.0,6.0,2.0,761.5,3.0,5.0,1.0,1.0,0,0,0.03584251451260015,0,0.0
8.0,1.0,1.0,7.0,6.0,2.0,1476.6666259765625,1.0,5.0,1.0,1.0,0,0,0.010300911366109016,0,0.0
17.0,1.0,1.0,5.0,6.0,2.0,1322.1944580078125,3.0,6.0,1.0,1.0,0,0,0.3214587877047375,0,0.02666666666666667
16.0,1.0,2.0,2.0,6.0,1.0,1000.0,3.0,5.0,8.0,1.0,0,0,0.43137007026131424,0,0.006666666666666667
15.0,1.0,1.0,4.0,6.0,2.0,866.0,3.0,5.0,2.0,1.0,0,0,0.2239421389049753,0,0.0
12.0,2.0,1.0,2.0,6.0,2.0,1025.0,1.0,1.0,1.0,1.0,0,0,0.15570981010694424,0,0.0
12.0,1.0,2.0,9.0,6.0,1.0,225.57142639160156,1.0,1.0,6.0,1.0,0,1,0.6848339905558782,0,0.016666666666666666
8.0,2.0,2.0,1.0,6.0,1.0,488.9666748046875,1.0,5.0,7.0,1.0,0,0,0.019418589061479988,0,0.0033333333333333335
18.0,1.0,2.0,7.0,6.0,2.0,2133.85009765625,3.0,7.0,9.0,1.0,0,1,0.7216125226168245,0,0.12333333333333334
11.0,1.0,2.0,1.0,6.0,2.0,1402.919921875,1.0,5.0,5.0,1.0,0,0,0.1134172786604732,0,0.0
14.0,2.0,2.0,3.0,6.0,2.0,1157.7083740234375,3.0,8.0,7.0,1.0,0,0,0.10827030515255937,0,0.0033333333333333335
19.0,2.0,1.0,3.0,6.0,2.0,1208.8499755859375,5.0,5.0,1.0,1.0,0,0,0.2694280494846866,0,0.09666666666666666
16.0,1.0,1.0,7.0,6.0,2.0,1101.5999755859375,3.0,5.0,2.0,1.0,0,1,0.5658570982223178,0,0.03666666666666667
12.0,2.0,1.0,8.0,6.0,2.0,700.0,1.0,1.0,1.0,1.0,0,0,0.15873848646646316,0,0.0
11.0,2.0,2.0,9.0,6.0,2.0,4080.83349609375,1.0,8.0,6.0,2.0,0,0,0.22488832913838955,0,0.06666666666666667
17.0,1.0,1.0,2.0,6.0,2.0,1207.97216796875,3.0,5.0,1.0,1.0,0,0,0.3559659108448434,0,0.03333333333333333
9.0,2.0,1.0,2.0,6.0,2.0,658.5416870117188,1.0,5.0,1.0,1.0,0,0,0.008355335940617345,0,0.0
9.0,2.0,2.0,6.0,6.0,2.0,461.39166259765625,1.0,8.0,7.0,1.0,0,0,0.04194270216094307,0,0.0033333333333333335
10.0,1.0,1.0,4.0,27.0,2.0,480.0,1.0,8.0,2.0,1.0,0,0,0.08275478386247025,0,0.03333333333333333
9.0,2.0,1.0,1.0,6.0,2.0,342.625,1.0,5.0,1.0,1.0,0,0,0.010396340607028603,0,0.0
10.0,2.0,1.0,6.0,6.0,2.0,1052.5333251953125,1.0,1.0,1.0,1.0,0,0,0.06086119619411815,0,0.0
14.0,2.0,2.0,2.0,6.0,1.0,888.8555297851562,3.0,2.0,5.0,1.0,0,0,0.09157831142429107,0,0.03333333333333333
17.0,1.0,2.0,1.0,27.0,2.0,758.4142456054688,3.0,5.0,8.0,1.0,0,1,0.8034141843424181,0,0.22666666666666666
18.0,2.0,2.0,8.0,6.0,2.0,649.5,5.0,8.0,2.0,1.0,0,0,0.4077190238110724,0,0.33666666666666667
9.0,2.0,1.0,7.0,6.0,2.0,932.135009765625,1.0,5.0,2.0,1.0,0,0,0.03905383957443182,0,0.0
11.0,2.0,1.0,1.0,6.0,2.0,970.2913208007812,1.0,5.0,1.0,1.0,0,0,0.042408018788280086,0,0.0
11.0,1.0,1.0,5.0,6.0,2.0,646.1904907226562,1.0,1.0,1.0,1.0,0,0,0.08273038889610557,0,0.04
7.0,1.0,1.0,2.0,6.0,2.0,2391.88330078125,1.0,8.0,1.0,1.0,0,0,0.0019466825075104793,0,0.0033333333333333335
15.0,1.0,2.0,8.0,6.0,2.0,701.7333374023438,3.0,1.0,5.0,1.0,0,0,0.41086575584169416,0,0.16666666666666666
14.0,1.0,1.0,5.0,6.0,1.0,1315.0,3.0,8.0,1.0,1.0,0,0,0.034365778340202754,0,0.06333333333333334
8.0,1.0,1.0,7.0,6.0,2.0,367.23333740234375,1.0,6.0,1.0,1.0,0,0,0.012827707913405435,0,0.006666666666666667
18.0,2.0,1.0,3.0,6.0,2.0,2900.0,4.0,6.0,1.0,1.0,0,1,0.8017645773254642,0,0.31666666666666665
15.0,1.0,1.0,7.0,6.0,2.0,516.6666870117188,3.0,5.0,2.0,1.0,0,0,0.39199877615728157,0,0.0
6.0,2.0,1.0,2.0,6.0,2.0,438.0,0.0,3.0,1.0,1.0,0,0,0.05358431301540413,0,0.006666666666666667
6.0,1.0,1.0,7.0,6.0,2.0,1159.13330078125,0.0,5.0,2.0,1.0,0,0,0.3476924603259848,0,0.006666666666666667
12.0,2.0,1.0,8.0,6.0,2.0,359.2166442871094,1.0,1.0,5.0,1.0,0,0,0.21689957835740015,0,0.0
17.0,2.0,2.0,6.0,6.0,2.0,290.2778015136719,3.0,6.0,7.0,1.0,0,1,0.7584371690841487,0,0.09
16.0,1.0,1.0,3.0,6.0,2.0,1486.1500244140625,3.0,5.0,5.0,1.0,0,0,0.23360575124605637,0,0.0
9.0,1.0,2.0,5.0,6.0,1.0,821.1904296875,1.0,5.0,1.0,1.0,0,0,0.012208707843013648,0,0.0
11.0,2.0,2.0,3.0,6.0,2.0,1564.365966796875,1.0,5.0,9.0,1.0,0,0,0.04472397526049849,0,0.0
18.0,1.0,2.0,2.0,6.0,2.0,1198.5277099609375,3.0,8.0,7.0,1.0,0,1,0.7943229560857876,0,0.05
18.0,1.0,1.0,7.0,6.0,2.0,1798.3333740234375,4.0,5.0,1.0,1.0,1,1,0.9243845484240879,0,0.29333333333333333
15.0,1.0,1.0,3.0,6.0,2.0,4010.39990234375,3.0,5.0,1.0,1.0,0,0,0.08061512098290712,0,0.0
10.0,2.0,1.0,2.0,6.0,2.0,3522.5,1.0,5.0,1.0,1.0,0,0,0.014732509054301115,0,0.0
8.0,2.0,1.0,3.0,6.0,2.0,898.6666870117188,1.0,6.0,1.0,1.0,0,0,0.003776176495059079,0,0.0
8.0,1.0,2.0,1.0,27.0,2.0,265.0,1.0,8.0,7.0,1.0,0,0,0.044436085580079394,0,0.023333333333333334
11.0,2.0,1.0,8.0,6.0,2.0,1744.0,1.0,8.0,1.0,1.0,0,0,0.027771762666069302,0,0.0
6.0,2.0,1.0,7.0,6.0,2.0,3222.4599609375,0.0,5.0,1.0,1.0,0,0,0.12413058343016187,0,0.0
16.0,1.0,2.0,9.0,6.0,2.0,2122.833251953125,3.0,8.0,3.0,1.0,0,1,0.6540513557744537,0,0.056666666666666664
7.0,2.0,1.0,2.0,6.0,2.0,1599.7916259765625,1.0,3.0,1.0,1.0,0,0,0.0012383433555570686,0,0.0
10.0,1.0,1.0,9.0,6.0,2.0,1165.7999267578125,1.0,1.0,1.0,1.0,0,0,0.08154454356645856,0,0.013333333333333334
13.0,1.0,2.0,7.0,6.0,2.0,436.2916564941406,3.0,5.0,1.0,1.0,0,0,0.0835907584392829,0,0.03
17.0,2.0,1.0,5.0,6.0,2.0,5354.97216796875,3.0,5.0,8.0,1.0,0,0,0.3116082326762557,0,0.043333333333333335
18.0,1.0,1.0,2.0,6.0,2.0,1874.4443359375,4.0,3.0,1.0,1.0,0,1,0.8057148967480093,0,0.09333333333333334
9.0,2.0,1.0,3.0,6.0,2.0,1180.0,1.0,8.0,1.0,1.0,0,0,0.0054400412606303026,0,0.0
7.0,1.0,1.0,6.0,6.0,2.0,896.0,1.0,6.0,1.0,1.0,0,0,0.004635708185918823,0,0.0
11.0,2.0,1.0,2.0,6.0,2.0,721.6666870117188,1.0,5.0,1.0,1.0,0,0,0.03538548946600729,0,0.0
19.0,2.0,1.0,5.0,6.0,2.0,694.4444580078125,3.0,5.0,1.0,1.0,0,1,0.5740623242154652,1,0.5366666666666666
16.0,1.0,1.0,7.0,6.0,2.0,1777.25,3.0,8.0,1.0,1.0,0,0,0.2952799333346126,0,0.01
12.0,1.0,1.0,2.0,6.0,2.0,2042.5,2.0,1.0,7.0,1.0,0,0,0.36226277392243006,0,0.013333333333333334
18.0,1.0,1.0,2.0,6.0,2.0,1314.5,3.0,3.0,1.0,1.0,0,0,0.4379444741113773,0,0.013333333333333334
18.0,2.0,1.0,7.0,6.0,2.0,2552.97998046875,4.0,8.0,1.0,1.0,0,1,0.8762998445635385,0,0.12
11.0,1.0,1.0,3.0,6.0,2.0,2479.13916015625,1.0,6.0,9.0,1.0,0,0,0.04464028311484441,0,0.0
17.0,1.0,1.0,2.0,6.0,2.0,969.8082885742188,3.0,5.0,7.0,1.0,0,1,0.6006654319182009,0,0.03333333333333333
12.0,2.0,1.0,7.0,6.0,2.0,1820.2066650390625,2.0,5.0,2.0,1.0,0,0,0.23999579744234117,0,0.0
7.0,1.0,2.0,3.0,6.0,2.0,993.3333740234375,1.0,8.0,8.0,1.0,0,0,0.004960340661587348,0,0.0033333333333333335
16.0,2.0,1.0,4.0,6.0,2.0,616.6666870117188,3.0,8.0,1.0,1.0,0,0,0.13079095018881956,0,0.0
8.0,2.0,1.0,7.0,6.0,2.0,739.7753295898438,1.0,8.0,2.0,1.0,0,0,0.015901897608542125,0,0.0
19.0,1.0,2.0,2.0,6.0,1.0,757.8333129882812,3.0,3.0,7.0,1.0,1,1,0.8698077773707481,0,0.17666666666666667
15.0,1.0,1.0,7.0,6.0,2.0,4439.34228515625,3.0,8.0,1.0,1.0,0,0,0.1468685421078876,0,0.0
12.0,2.0,1.0,3.0,6.0,2.0,4245.89990234375,1.0,8.0,5.0,1.0,0,0,0.05692205923418338,0,0.0
10.0,1.0,1.0,2.0,6.0,2.0,1372.2222900390625,1.0,5.0,1.0,1.0,0,0,0.02245699938243565,0,0.0
18.0,2.0,1.0,3.0,6.0,2.0,545.1666870117188,3.0,8.0,1.0,1.0,0,0,0.37134668490928374,0,0.0033333333333333335
14.0,1.0,1.0,4.0,6.0,2.0,673.3333129882812,2.0,3.0,2.0,1.0,0,0,0.38277753938809983,0,0.05333333333333334
18.0,2.0,1.0,2.0,6.0,2.0,1106.0050048828125,4.0,5.0,1.0,1.0,1,1,0.8245751396963973,0,0.04666666666666667
18.0,1.0,1.0,2.0,6.0,1.0,1824.1666259765625,3.0,5.0,2.0,1.0,0,1,0.7284605563736005,0,0.02666666666666667
16.0,1.0,1.0,3.0,6.0,2.0,2706.25,3.0,8.0,1.0,1.0,0,0,0.13965865383287585,0,0.0
12.0,2.0,1.0,3.0,6.0,2.0,780.0,2.0,8.0,1.0,1.0,0,0,0.043746652070398136,0,0.0
8.0,2.0,1.0,2.0,6.0,2.0,4187.5,1.0,4.0,1.0,1.0,0,0,0.003213399054836997,0,0.0
14.0,2.0,2.0,6.0,6.0,2.0,166.6666717529297,3.0,5.0,5.0,1.0,0,0,0.13675729346478868,0,0.03666666666666667
19.0,1.0,2.0,4.0,6.0,2.0,500.1666564941406,4.0,1.0,8.0,1.0,1,1,0.9889112247715963,1,0.56
15.0,2.0,1.0,1.0,6.0,1.0,725.927734375,3.0,1.0,2.0,1.0,0,0,0.4082110200494878,0,0.18666666666666668
12.0,2.0,2.0,9.0,6.0,2.0,970.1547241210938,3.0,5.0,2.0,1.0,0,0,0.056659724195617066,0,0.0
16.0,2.0,2.0,4.0,6.0,2.0,2108.333251953125,3.0,5.0,5.0,1.0,0,0,0.2681058631662715,0,0.016666666666666666
14.0,1.0,1.0,6.0,6.0,2.0,1030.0,3.0,5.0,1.0,1.0,0,0,0.08593129924223412,0,0.0
10.0,1.0,1.0,7.0,6.0,2.0,2105.333251953125,1.0,8.0,1.0,1.0,0,0,0.03480925948518029,0,0.0
16.0,2.0,1.0,8.0,6.0,2.0,328.35833740234375,3.0,1.0,1.0,1.0,0,0,0.33464839242285865,0,0.0033333333333333335
7.0,1.0,1.0,2.0,6.0,2.0,1252.0833740234375,1.0,3.0,1.0,1.0,0,0,0.0017154429161720926,0,0.0
10.0,1.0,1.0,6.0,6.0,2.0,895.5606689453125,1.0,5.0,1.0,1.0,0,0,0.03503185744209619,0,0.0
6.0,2.0,1.0,2.0,6.0,2.0,488.452392578125,0.0,5.0,1.0,1.0,0,0,0.07681113608397801,0,0.0
13.0,2.0,2.0,5.0,6.0,2.0,677.2916259765625,2.0,5.0,1.0,1.0,0,0,0.1381625507719782,0,0.006666666666666667
18.0,2.0,1.0,8.0,6.0,2.0,1547.9166259765625,4.0,5.0,1.0,1.0,0,1,0.8215193743593776,0,0.3333333333333333
15.0,2.0,1.0,6.0,6.0,2.0,4182.5,3.0,8.0,1.0,1.0,0,0,0.09032073169485892,0,0.0
12.0,1.0,1.0,7.0,6.0,2.0,963.888916015625,1.0,8.0,2.0,1.0,0,0,0.29269980324882394,0,0.0
8.0,1.0,1.0,3.0,6.0,2.0,1490.0,1.0,6.0,1.0,1.0,0,0,0.004954142685499134,0,0.0
19.0,1.0,1.0,7.0,6.0,2.0,2900.0,5.0,5.0,2.0,1.0,0,1,0.7325666107430009,0,0.09
13.0,2.0,1.0,2.0,6.0,2.0,3572.91650390625,2.0,8.0,1.0,1.0,0,0,0.09106656335781817,0,0.0
7.0,2.0,1.0,2.0,6.0,2.0,1817.5,1.0,3.0,1.0,1.0,0,0,0.001223046309147721,0,0.0
15.0,2.0,1.0,7.0,6.0,2.0,1346.583251953125,3.0,5.0,2.0,1.0,0,0,0.3115553838021256,0,0.0033333333333333335
12.0,1.0,2.0,6.0,6.0,2.0,805.25830078125,2.0,5.0,7.0,1.0,0,0,0.3670859890405367,0,0.06
8.0,2.0,1.0,1.0,27.0,2.0,729.9888305664062,1.0,5.0,2.0,1.0,0,0,0.02395512357902355,0,0.0
17.0,2.0,1.0,2.0,6.0,2.0,4714.58349609375,3.0,3.0,1.0,1.0,0,0,0.18426837087180734,0,0.0
15.0,2.0,2.0,2.0,6.0,2.0,2061.666748046875,1.0,8.0,7.0,1.0,0,1,0.6842780956614329,0,0.2530707859848172
6.0,1.0,2.0,1.0,6.0,2.0,864.0499877929688,0.0,5.0,5.0,2.0,0,0,0.2888792675932833,0,0.14333333333333334
8.0,2.0,1.0,7.0,6.0,2.0,822.699951171875,1.0,8.0,2.0,1.0,0,0,0.015827886477668782,0,0.0
14.0,2.0,1.0,7.0,6.0,2.0,582.9000244140625,3.0,6.0,1.0,1.0,0,0,0.0972419181534285,0,0.006666666666666667
9.0,2.0,1.0,2.0,6.0,2.0,376.8637390136719,1.0,5.0,1.0,1.0,0,0,0.008489809709641458,0,0.0
6.0,1.0,2.0,1.0,6.0,2.0,772.1000366210938,0.0,5.0,9.0,1.0,0,0,0.18313059390309958,0,0.0033333333333333335
9.0,2.0,1.0,6.0,6.0,2.0,627.2916870117188,1.0,5.0,1.0,1.0,0,0,0.012813960608991103,0,0.0
11.0,2.0,1.0,9.0,6.0,2.0,1662.699951171875,1.0,6.0,1.0,1.0,0,0,0.05977379217600267,0,0.0
12.0,1.0,1.0,2.0,6.0,2.0,1025.3333740234375,2.0,5.0,2.0,1.0,0,0,0.18397362993314462,0,0.0
6.0,1.0,1.0,2.0,6.0,2.0,852.9166870117188,0.0,5.0,7.0,1.0,0,0,0.2291213156614212,0,0.006666666666666667
8.0,1.0,1.0,7.0,6.0,2.0,1941.6666259765625,1.0,8.0,1.0,1.0,0,0,0.008262488057413819,0,0.0
19.0,2.0,1.0,7.0,6.0,2.0,1352.933349609375,4.0,5.0,2.0,1.0,1,1,0.9793665440225104,0,0.47333333333333333
14.0,2.0,1.0,3.0,6.0,2.0,345.40997314453125,3.0,5.0,2.0,1.0,0,0,0.08563814255187792,0,0.0033333333333333335
17.0,2.0,1.0,1.0,6.0,2.0,1493.333251953125,3.0,5.0,1.0,1.0,0,0,0.32889820670008213,0,0.0033333333333333335
6.0,2.0,2.0,4.0,6.0,2.0,2114.28564453125,0.0,3.0,7.0,1.0,0,0,0.15974950734759347,0,0.03
6.0,1.0,2.0,9.0,6.0,2.0,694.4445190429688,0.0,1.0,2.0,1.0,0,1,0.6137854405309724,0,0.05333333333333334
19.0,2.0,2.0,9.0,6.0,2.0,257.22222900390625,4.0,5.0,6.0,1.0,1,1,0.9886875883030414,1,0.6333333333333333
17.0,2.0,2.0,7.0,27.0,1.0,104.16667175292969,3.0,2.0,8.0,1.0,0,1,0.8381622859975308,0,0.17333333333333334
10.0,2.0,1.0,7.0,6.0,2.0,1655.8333740234375,1.0,8.0,1.0,1.0,0,0,0.02651310172439402,0,0.0
13.0,2.0,2.0,3.0,6.0,2.0,796.5833129882812,3.0,5.0,5.0,1.0,0,0,0.03723958221002332,0,0.0
13.0,1.0,2.0,2.0,6.0,2.0,376.66668701171875,3.0,1.0,7.0,1.0,0,0,0.23191530756274942,0,0.03333333333333333
15.0,1.0,1.0,3.0,6.0,2.0,1643.75,3.0,8.0,1.0,1.0,0,0,0.07622955532705299,0,0.0
17.0,1.0,1.0,2.0,6.0,2.0,609.7857055664062,3.0,5.0,2.0,1.0,0,1,0.584558960689186,0,0.16333333333333333
13.0,2.0,1.0,4.0,6.0,2.0,840.0,3.0,5.0,1.0,1.0,0,0,0.019402950142643677,0,0.0
12.0,1.0,2.0,7.0,27.0,1.0,104.16667175292969,2.0,2.0,8.0,1.0,0,1,0.5358630801870824,0,0.11666666666666667
13.0,1.0,2.0,8.0,6.0,2.0,1608.953369140625,2.0,8.0,5.0,1.0,0,0,0.24999867074112322,0,0.02666666666666667
11.0,1.0,1.0,2.0,6.0,2.0,978.0,2.0,3.0,1.0,1.0,0,0,0.028963267876597237,0,0.0
8.0,2.0,1.0,6.0,6.0,2.0,1045.0,1.0,8.0,1.0,1.0,0,0,0.004959358758154571,0,0.0
11.0,1.0,1.0,7.0,6.0,2.0,1194.6666259765625,1.0,8.0,2.0,1.0,0,0,0.1634440123619298,0,0.0
9.0,1.0,1.0,5.0,6.0,2.0,138.2916717529297,1.0,5.0,2.0,1.0,0,0,0.020915459717504477,0,0.0
14.0,1.0,2.0,9.0,6.0,2.0,2007.3416748046875,3.0,5.0,2.0,1.0,0,0,0.2515224995352237,0,0.006666666666666667
11.0,1.0,1.0,8.0,6.0,2.0,971.36328125,1.0,1.0,2.0,1.0,0,0,0.2290395072019968,0,0.0033333333333333335
16.0,1.0,2.0,1.0,6.0,2.0,425.0,3.0,1.0,8.0,1.0,0,1,0.7061372682566154,0,0.18666666666666668
12.0,1.0,2.0,3.0,27.0,2.0,660.0,1.0,5.0,7.0,1.0,0,0,0.41232390254453927,0,0.0
10.0,1.0,2.0,3.0,27.0,1.0,183.83334350585938,1.0,1.0,8.0,1.0,0,0,0.21977399242772425,0,0.0
8.0,2.0,1.0,2.0,6.0,2.0,487.125,1.0,5.0,1.0,1.0,0,0,0.004054001064647439,0,0.0
10.0,1.0,1.0,6.0,6.0,2.0,1571.333251953125,1.0,8.0,1.0,1.0,0,0,0.02791036308006419,0,0.0
8.0,2.0,2.0,3.0,6.0,2.0,614.375,1.0,8.0,7.0,1.0,0,0,0.010865002541621416,0,0.013333333333333334
10.0,1.0,1.0,7.0,6.0,2.0,461.1111145019531,1.0,8.0,2.0,1.0,0,0,0.08881316168617003,0,0.0
12.0,2.0,2.0,8.0,6.0,1.0,669.4443969726562,1.0,1.0,6.0,2.0,0,1,0.5799046580507956,0,0.0033333333333333335
19.0,1.0,1.0,6.0,6.0,2.0,2602.77783203125,5.0,5.0,2.0,1.0,0,1,0.6826855098983852,0,0.10333333333333333
17.0,1.0,2.0,1.0,6.0,2.0,370.41668701171875,3.0,5.0,7.0,1.0,0,1,0.7426400151671197,0,0.0033333333333333335
11.0,2.0,2.0,1.0,6.0,2.0,819.4000244140625,1.0,5.0,5.0,1.0,0,0,0.08871371468215208,0,0.0
17.0,1.0,1.0,9.0,6.0,2.0,1545.0,3.0,8.0,1.0,1.0,0,0,0.4102309899806657,0,0.0
19.0,2.0,2.0,5.0,27.0,1.0,470.8333435058594,3.0,1.0,6.0,1.0,0,1,0.9729632131160568,0,0.39666666666666667
10.0,1.0,1.0,7.0,6.0,2.0,2541.666748046875,1.0,8.0,1.0,1.0,0,0,0.033980904347772456,0,0.0
15.0,1.0,1.0,7.0,6.0,2.0,2008.125,3.0,8.0,1.0,1.0,0,0,0.16515003358310498,0,0.0033333333333333335
19.0,2.0,1.0,1.0,6.0,2.0,675.9743041992188,3.0,5.0,1.0,1.0,0,1,0.6917252044992771,1,0.5266666666666666
9.0,2.0,1.0,2.0,6.0,1.0,3134.333251953125,1.0,3.0,1.0,1.0,0,0,0.0048283467961297,0,0.0033333333333333335
9.0,2.0,1.0,2.0,6.0,2.0,649.5,1.0,5.0,1.0,1.0,0,0,0.008359619475411001,0,0.0
17.0,2.0,1.0,2.0,6.0,1.0,1709.39453125,3.0,8.0,1.0,1.0,0,0,0.24110036135258314,0,0.05333333333333334
14.0,1.0,1.0,2.0,6.0,2.0,823.8095092773438,3.0,8.0,1.0,1.0,0,0,0.04838785668323365,0,0.0
15.0,1.0,1.0,7.0,6.0,2.0,1825.183349609375,3.0,8.0,1.0,1.0,0,0,0.1665969440298325,0,0.0
8.0,1.0,1.0,7.0,6.0,2.0,1827.7618408203125,1.0,5.0,2.0,1.0,0,0,0.024482735635581964,0,0.0
18.0,1.0,1.0,3.0,6.0,2.0,1268.3333740234375,3.0,8.0,1.0,1.0,0,0,0.4350479280121126,0,0.0
15.0,2.0,1.0,2.0,6.0,2.0,1037.5,3.0,8.0,1.0,1.0,0,0,0.07173761710353958,0,0.0
19.0,2.0,1.0,5.0,6.0,1.0,2108.738037109375,5.0,5.0,1.0,1.0,0,0,0.23659360825311262,0,0.09666666666666666
8.0,1.0,1.0,7.0,6.0,2.0,980.7916870117188,1.0,7.0,2.0,1.0,0,0,0.018654400724270968,0,0.0
6.0,2.0,1.0,2.0,6.0,2.0,4386.66650390625,0.0,3.0,1.0,1.0,0,0,0.04322509068781524,0,0.0
12.0,2.0,1.0,3.0,6.0,2.0,2777.778076171875,1.0,8.0,1.0,1.0,0,0,0.043609981131458954,0,0.0
7.0,2.0,2.0,2.0,6.0,1.0,841.86669921875,0.0,5.0,6.0,1.0,0,0,0.47498685833927107,0,0.056666666666666664
12.0,2.0,1.0,7.0,6.0,2.0,1235.75,1.0,4.0,1.0,1.0,0,0,0.1267181380967943,0,0.013333333333333334
14.0,2.0,1.0,3.0,6.0,2.0,560.8800048828125,3.0,6.0,1.0,1.0,0,0,0.04220319228647143,0,0.006666666666666667
17.0,1.0,2.0,6.0,6.0,1.0,649.5,3.0,8.0,1.0,1.0,0,1,0.5163599865617711,0,0.05
11.0,1.0,1.0,6.0,6.0,2.0,2860.555419921875,1.0,8.0,2.0,1.0,0,0,0.12061862138091412,0,0.0033333333333333335
6.0,1.0,1.0,7.0,6.0,2.0,1235.0,0.0,8.0,1.0,1.0,0,0,0.1506187382487449,0,0.03333333333333333
18.0,2.0,1.0,6.0,6.0,2.0,513.9285888671875,3.0,5.0,1.0,1.0,0,1,0.5763817036421628,0,0.0033333333333333335
18.0,2.0,1.0,2.0,2.0,2.0,340.5833435058594,3.0,5.0,1.0,1.0,0,1,0.5415645496433886,0,0.07333333333333333
15.0,1.0,1.0,8.0,6.0,2.0,1589.916748046875,3.0,1.0,2.0,1.0,0,0,0.4280193180263357,0,0.07
7.0,1.0,2.0,7.0,6.0,2.0,606.2000122070312,1.0,1.0,1.0,1.0,0,0,0.019019039641823957,0,0.013333333333333334
13.0,2.0,1.0,7.0,6.0,1.0,1015.6732788085938,3.0,8.0,1.0,1.0,0,0,0.03332982230580041,0,0.06666666666666667
9.0,1.0,2.0,9.0,11.0,1.0,358.92498779296875,1.0,5.0,8.0,1.0,0,0,0.03944954148309609,0,0.0033333333333333335
6.0,1.0,1.0,3.0,6.0,2.0,1797.75,0.0,6.0,2.0,1.0,0,0,0.19744543385363564,0,0.016666666666666666
8.0,2.0,1.0,6.0,6.0,2.0,3366.666748046875,1.0,8.0,1.0,1.0,0,0,0.004345658511309932,0,0.0
9.0,2.0,2.0,3.0,6.0,2.0,119.16666412353516,1.0,6.0,5.0,1.0,0,0,0.017734297557432697,0,0.0
13.0,2.0,1.0,2.0,6.0,2.0,5586.83349609375,3.0,3.0,1.0,1.0,0,0,0.011130801083161645,0,0.0
9.0,2.0,1.0,7.0,6.0,2.0,1533.3333740234375,1.0,6.0,2.0,1.0,0,0,0.04398889959802386,0,0.0
12.0,1.0,1.0,3.0,6.0,2.0,1360.0150146484375,3.0,8.0,1.0,1.0,0,0,0.00909887228726612,0,0.0
14.0,2.0,2.0,6.0,6.0,2.0,1622.9166259765625,3.0,1.0,1.0,1.0,0,0,0.1985901309478969,0,0.013333333333333334
10.0,2.0,1.0,2.0,6.0,2.0,2334.375,1.0,3.0,1.0,1.0,0,0,0.010742316968737332,0,0.0
8.0,2.0,1.0,7.0,6.0,2.0,2155.79443359375,1.0,8.0,1.0,1.0,0,0,0.006020948374434953,0,0.0
14.0,1.0,1.0,7.0,6.0,2.0,794.4443969726562,3.0,5.0,1.0,1.0,0,0,0.10984169847854264,0,0.0
9.0,2.0,2.0,7.0,6.0,2.0,1016.1312255859375,1.0,5.0,1.0,1.0,0,0,0.02428435314613079,0,0.0
7.0,2.0,1.0,3.0,6.0,2.0,1760.137939453125,1.0,5.0,1.0,1.0,0,0,0.0014710009846899247,0,0.0
15.0,1.0,1.0,3.0,6.0,2.0,1596.683349609375,3.0,6.0,5.0,1.0,0,0,0.1451458690003202,0,0.0033333333333333335
14.0,2.0,1.0,3.0,6.0,2.0,1537.5,3.0,5.0,5.0,1.0,0,0,0.048700405181951775,0,0.0
8.0,2.0,1.0,7.0,6.0,2.0,3180.0,1.0,8.0,1.0,1.0,0,0,0.005680501756524625,0,0.0
13.0,1.0,2.0,3.0,6.0,2.0,134.4791717529297,3.0,1.0,7.0,1.0,0,0,0.19941715975529398,0,0.14333333333333334
12.0,1.0,1.0,2.0,6.0,2.0,1251.7332763671875,2.0,5.0,7.0,1.0,0,0,0.19540035357961755,0,0.006666666666666667
18.0,2.0,2.0,3.0,27.0,2.0,209.58334350585938,4.0,5.0,7.0,1.0,1,1,0.9707620544054263,1,0.5866666666666667
7.0,1.0,1.0,4.0,6.0,2.0,509.79998779296875,1.0,5.0,2.0,1.0,0,0,0.005876297649169467,0,0.0
11.0,2.0,2.0,6.0,6.0,2.0,2200.0,1.0,6.0,5.0,1.0,0,0,0.11690705234228606,0,0.0
10.0,2.0,2.0,7.0,6.0,2.0,1344.25,1.0,5.0,2.0,1.0,0,0,0.11159678174782363,0,0.0
13.0,1.0,2.0,5.0,6.0,2.0,636.6666259765625,2.0,5.0,2.0,1.0,0,0,0.3494230229229384,0,0.03666666666666667
7.0,1.0,1.0,9.0,6.0,2.0,1008.3333129882812,1.0,8.0,1.0,1.0,0,0,0.003283894340246132,0,0.0
8.0,1.0,1.0,7.0,6.0,2.0,1275.11328125,1.0,5.0,1.0,1.0,0,0,0.010419036889726951,0,0.0
12.0,1.0,1.0,4.0,6.0,2.0,1084.3333740234375,1.0,5.0,2.0,1.0,0,0,0.1858564996144459,0,0.0
17.0,1.0,1.0,3.0,6.0,2.0,2427.022216796875,3.0,8.0,1.0,1.0,0,0,0.2563850244730547,0,0.013333333333333334
17.0,2.0,1.0,2.0,6.0,1.0,685.75,3.0,5.0,1.0,1.0,0,0,0.29066473908999624,0,0.006666666666666667
6.0,2.0,1.0,3.0,6.0,2.0,1309.0,0.0,8.0,9.0,1.0,0,0,0.054580946949578886,0,0.016666666666666666
16.0,1.0,2.0,1.0,27.0,1.0,195.8333282470703,2.0,5.0,8.0,1.0,1,1,0.9281898977340665,0,0.41333333333333333
9.0,1.0,1.0,7.0,6.0,2.0,1883.0599365234375,1.0,8.0,1.0,1.0,0,0,0.017173596309683032,0,0.0
13.0,1.0,2.0,4.0,6.0,2.0,960.0,3.0,3.0,7.0,1.0,0,0,0.06858035402394452,0,0.0033333333333333335
10.0,1.0,2.0,3.0,6.0,2.0,660.0,1.0,5.0,7.0,1.0,0,0,0.07332069033308358,0,0.0
7.0,1.0,1.0,1.0,6.0,2.0,762.0833129882812,0.0,5.0,1.0,1.0,0,0,0.2217063906876817,0,0.0
10.0,2.0,1.0,6.0,6.0,2.0,1610.1923828125,1.0,5.0,1.0,1.0,0,0,0.02500914182538013,0,0.0
18.0,1.0,1.0,5.0,6.0,2.0,1753.75,3.0,5.0,2.0,1.0,0,1,0.6698053578697474,0,0.02
12.0,2.0,1.0,3.0,6.0,2.0,1578.800048828125,2.0,5.0,7.0,1.0,0,0,0.12490853050209992,0,0.0
9.0,1.0,1.0,8.0,6.0,2.0,3658.777587890625,1.0,8.0,1.0,1.0,0,0,0.00789832318683399,0,0.006666666666666667
13.0,2.0,2.0,4.0,6.0,2.0,757.75,3.0,7.0,9.0,1.0,0,0,0.023068961802023998,0,0.0
9.0,1.0,1.0,7.0,6.0,2.0,660.0,1.0,8.0,1.0,1.0,0,0,0.018394380203304275,0,0.0
17.0,1.0,1.0,7.0,6.0,2.0,1079.5,3.0,5.0,1.0,1.0,0,1,0.525805885907264,0,0.01
17.0,1.0,1.0,9.0,6.0,2.0,1195.0277099609375,3.0,1.0,1.0,1.0,0,1,0.6787251548508411,0,0.05333333333333334
13.0,2.0,1.0,2.0,6.0,2.0,1011.818603515625,2.0,5.0,1.0,1.0,0,0,0.12365160780869172,0,0.0
17.0,2.0,2.0,2.0,6.0,2.0,295.0,3.0,5.0,2.0,1.0,0,1,0.6148372942127719,0,0.19333333333333333
14.0,2.0,2.0,9.0,6.0,1.0,203.1481475830078,3.0,5.0,6.0,1.0,0,0,0.28098879001696736,0,0.023333333333333334
12.0,2.0,2.0,8.0,6.0,2.0,346.3999938964844,1.0,6.0,4.0,1.0,0,0,0.07830276760815057,0,0.0
7.0,2.0,1.0,6.0,6.0,2.0,882.5,0.0,5.0,1.0,1.0,0,0,0.20729116575935524,0,0.023333333333333334
14.0,2.0,1.0,4.0,6.0,2.0,1244.875,3.0,8.0,2.0,1.0,0,0,0.07555717044990978,0,0.0033333333333333335
8.0,2.0,1.0,1.0,6.0,2.0,1333.291748046875,1.0,8.0,1.0,1.0,0,0,0.003888688348980742,0,0.0
16.0,2.0,2.0,6.0,6.0,2.0,2233.541748046875,3.0,1.0,1.0,1.0,0,1,0.5111509039620122,0,0.013333333333333334
19.0,2.0,1.0,1.0,6.0,2.0,2187.5,5.0,6.0,1.0,1.0,0,0,0.38080201538558517,0,0.016666666666666666
17.0,2.0,1.0,6.0,6.0,2.0,6444.44384765625,3.0,8.0,1.0,1.0,0,0,0.276001993833788,0,0.0
10.0,1.0,2.0,4.0,6.0,2.0,743.3333740234375,1.0,3.0,7.0,1.0,0,0,0.056350702463755016,0,0.0
9.0,2.0,1.0,2.0,6.0,1.0,1014.1666870117188,1.0,5.0,1.0,1.0,0,0,0.00800709002925464,0,0.0
12.0,1.0,2.0,6.0,6.0,2.0,426.4444580078125,1.0,1.0,1.0,1.0,0,0,0.37642397673082545,0,0.01
16.0,1.0,1.0,2.0,6.0,2.0,599.861083984375,3.0,3.0,1.0,1.0,0,0,0.15665857388484133,0,0.02
19.0,1.0,1.0,5.0,6.0,2.0,1127.5,4.0,5.0,1.0,1.0,0,1,0.9075523262380887,1,0.91
10.0,2.0,1.0,7.0,6.0,2.0,958.3333740234375,1.0,5.0,5.0,1.0,0,0,0.04728813331504661,0,0.0
14.0,2.0,2.0,3.0,2.0,1.0,84.02777862548828,3.0,1.0,7.0,1.0,0,0,0.3318840251778604,0,0.02
9.0,1.0,1.0,7.0,6.0,2.0,531.0,0.0,5.0,2.0,1.0,0,1,0.8346127519411081,0,0.08333333333333333
8.0,2.0,1.0,3.0,6.0,2.0,1648.33740234375,1.0,8.0,1.0,1.0,0,0,0.002541112670528862,0,0.0
7.0,1.0,1.0,8.0,6.0,2.0,1449.9583740234375,0.0,1.0,1.0,1.0,0,0,0.35470851389009034,0,0.03
13.0,2.0,1.0,7.0,6.0,2.0,1630.56005859375,1.0,8.0,1.0,1.0,0,0,0.1994346934247559,0,0.0
16.0,2.0,1.0,3.0,6.0,2.0,549.17333984375,3.0,5.0,2.0,1.0,0,0,0.28800412446274526,0,0.023333333333333334
18.0,2.0,2.0,1.0,6.0,2.0,121.66667175292969,3.0,5.0,8.0,1.0,0,1,0.7626463966759651,0,0.1
19.0,1.0,2.0,9.0,6.0,2.0,276.19049072265625,3.0,8.0,6.0,1.0,1,1,0.9466466190978737,0,0.3433333333333333
9.0,2.0,1.0,3.0,6.0,2.0,2792.044189453125,1.0,8.0,1.0,1.0,0,0,0.004963518161104494,0,0.0
16.0,1.0,1.0,2.0,6.0,2.0,2614.47216796875,2.0,5.0,7.0,1.0,1,1,0.810935242245621,0,0.19666666666666666
12.0,1.0,1.0,4.0,6.0,2.0,2608.333251953125,1.0,8.0,1.0,1.0,0,0,0.06534469938619021,0,0.0
14.0,2.0,1.0,9.0,6.0,2.0,1072.1387939453125,3.0,8.0,1.0,1.0,0,0,0.05445187402514231,0,0.0
7.0,1.0,2.0,4.0,6.0,2.0,561.111083984375,0.0,1.0,7.0,1.0,0,1,0.6803282045282782,0,0.013333333333333334
6.0,2.0,1.0,2.0,6.0,2.0,365.5277404785156,0.0,5.0,1.0,1.0,0,0,0.07731090333393578,0,0.0
10.0,1.0,1.0,9.0,6.0,2.0,2095.83349609375,1.0,6.0,1.0,1.0,0,0,0.03874873606660521,0,0.0
11.0,1.0,1.0,9.0,6.0,2.0,2956.66650390625,2.0,8.0,1.0,1.0,0,0,0.04795053734188819,0,0.0033333333333333335
14.0,1.0,1.0,2.0,6.0,2.0,5750.0,3.0,3.0,1.0,1.0,0,0,0.030698800449158126,0,0.0
7.0,2.0,1.0,5.0,6.0,2.0,9296.4443359375,1.0,8.0,2.0,1.0,0,0,0.0017493270742805038,0,0.013333333333333334
9.0,1.0,2.0,7.0,41.0,2.0,1201.75,1.0,8.0,5.0,2.0,0,1,0.6904609830714246,0,0.0033333333333333335
19.0,2.0,1.0,9.0,6.0,2.0,1072.1387939453125,4.0,8.0,1.0,1.0,0,1,0.9266333499182373,0,0.013333333333333334
19.0,2.0,1.0,3.0,6.0,2.0,2981.133544921875,4.0,5.0,1.0,1.0,0,1,0.8777756789897522,0,0.1
11.0,1.0,1.0,1.0,27.0,2.0,1332.5833740234375,1.0,8.0,2.0,1.0,0,0,0.19477317465655528,0,0.023333333333333334
13.0,2.0,1.0,2.0,6.0,2.0,1550.348876953125,1.0,5.0,1.0,1.0,1,0,0.13260136818163265,0,0.0
18.0,2.0,2.0,7.0,6.0,2.0,1009.5198974609375,3.0,7.0,2.0,1.0,0,1,0.8215374929171789,0,0.10333333333333333
17.0,1.0,1.0,7.0,6.0,2.0,2516.9599609375,3.0,8.0,1.0,1.0,0,0,0.45640138715415773,0,0.0
15.0,1.0,1.0,5.0,6.0,2.0,833.3333129882812,3.0,3.0,3.0,1.0,0,0,0.2002820701655226,0,0.03666666666666667
8.0,2.0,1.0,2.0,6.0,1.0,1166.6666259765625,1.0,5.0,1.0,1.0,0,0,0.003813340103844664,0,0.0
13.0,1.0,1.0,2.0,6.0,2.0,1175.0,3.0,5.0,7.0,1.0,0,0,0.07223970796377557,0,0.0
6.0,1.0,1.0,9.0,6.0,2.0,373.1999816894531,1.0,2.0,3.0,1.0,0,0,0.007980983568054543,0,0.0033333333333333335
13.0,2.0,2.0,1.0,6.0,2.0,615.2777709960938,3.0,1.0,7.0,1.0,0,0,0.2116328161833399,0,0.02666666666666667
7.0,1.0,1.0,5.0,6.0,2.0,1472.7777099609375,0.0,8.0,1.0,1.0,0,0,0.11909216274941398,0,0.0
11.0,1.0,1.0,7.0,6.0,2.0,1463.3055419921875,1.0,5.0,1.0,1.0,0,0,0.08687238431816997,0,0.0
15.0,2.0,2.0,8.0,6.0,2.0,2138.020751953125,3.0,1.0,5.0,1.0,0,0,0.32104148160189094,0,0.04666666666666667
18.0,1.0,2.0,6.0,6.0,2.0,1516.2166748046875,3.0,5.0,5.0,1.0,0,1,0.7918572413072501,0,0.11666666666666667
12.0,1.0,2.0,3.0,27.0,2.0,425.82708740234375,1.0,1.0,8.0,2.0,0,1,0.6307594933838133,0,0.01
9.0,2.0,2.0,5.0,6.0,1.0,792.6979370117188,1.0,5.0,1.0,1.0,0,0,0.00902946685415796,0,0.0
18.0,1.0,1.0,2.0,6.0,2.0,768.09521484375,3.0,5.0,1.0,1.0,0,1,0.5422866312881465,0,0.0
10.0,2.0,1.0,6.0,6.0,2.0,978.1666870117188,1.0,8.0,1.0,1.0,0,0,0.021393542738371636,0,0.0
12.0,2.0,2.0,3.0,27.0,1.0,183.83334350585938,2.0,1.0,8.0,1.0,0,0,0.447750215632655,0,0.09
6.0,2.0,1.0,7.0,6.0,2.0,1527.083251953125,0.0,7.0,1.0,1.0,0,0,0.10126680316620673,0,0.0
15.0,1.0,1.0,8.0,6.0,2.0,1144.07080078125,3.0,1.0,9.0,1.0,0,0,0.2533163923416439,0,0.26
10.0,1.0,1.0,3.0,6.0,2.0,989.419921875,1.0,5.0,1.0,1.0,0,0,0.018746657897348144,0,0.0
13.0,1.0,1.0,3.0,6.0,2.0,626.2000122070312,3.0,5.0,9.0,1.0,0,0,0.025792934125718345,0,0.0
16.0,2.0,1.0,2.0,6.0,1.0,3038.800048828125,3.0,3.0,1.0,1.0,0,0,0.10416164773506856,0,0.006666666666666667
18.0,2.0,1.0,2.0,6.0,2.0,2768.5,4.0,5.0,1.0,1.0,1,1,0.8104017316920686,0,0.023333333333333334
9.0,1.0,2.0,1.0,6.0,2.0,1113.4599609375,1.0,5.0,7.0,1.0,0,0,0.05259045197560103,0,0.0
13.0,1.0,1.0,4.0,6.0,2.0,2076.893310546875,3.0,5.0,1.0,1.0,0,0,0.024436341109129872,0,0.0
9.0,1.0,1.0,9.0,6.0,2.0,2956.66650390625,1.0,8.0,1.0,1.0,0,0,0.012715152372134664,0,0.0
14.0,2.0,2.0,7.0,6.0,2.0,1730.7132568359375,3.0,5.0,2.0,1.0,0,0,0.24278690875909814,0,0.0
14.0,1.0,2.0,9.0,6.0,2.0,434.0833435058594,2.0,2.0,3.0,1.0,0,1,0.79837577269904,0,0.14333333333333334
10.0,1.0,1.0,7.0,6.0,2.0,962.5,1.0,5.0,2.0,1.0,0,0,0.10331782031920497,0,0.0
17.0,1.0,1.0,8.0,6.0,2.0,214.2857208251953,3.0,1.0,1.0,1.0,0,1,0.5897923362980487,0,0.03333333333333333
17.0,2.0,1.0,7.0,6.0,2.0,2524.356689453125,3.0,8.0,2.0,1.0,0,1,0.6031193204487721,0,0.0
14.0,1.0,2.0,9.0,11.0,1.0,148.25,3.0,5.0,6.0,1.0,0,0,0.29800551675689346,0,0.09
12.0,2.0,1.0,8.0,6.0,2.0,2376.833251953125,2.0,5.0,1.0,1.0,0,0,0.059002032660708435,0,0.0033333333333333335
9.0,1.0,1.0,2.0,6.0,2.0,1080.8717041015625,1.0,5.0,1.0,1.0,0,0,0.011051148042430538,0,0.0
19.0,1.0,1.0,4.0,27.0,2.0,1244.875,4.0,8.0,2.0,1.0,1,1,0.9801691120210101,0,0.2833333333333333
17.0,2.0,1.0,7.0,6.0,2.0,2805.833251953125,3.0,8.0,1.0,1.0,0,0,0.3780460919966141,0,0.0
8.0,2.0,1.0,3.0,6.0,2.0,682.2916259765625,1.0,8.0,1.0,1.0,0,0,0.002685000201088712,0,0.0
17.0,1.0,2.0,6.0,6.0,2.0,1100.0,3.0,5.0,8.0,1.0,0,1,0.7126507748625106,0,0.09666666666666666
15.0,2.0,1.0,3.0,6.0,2.0,1314.047607421875,3.0,8.0,5.0,1.0,0,0,0.08180825894118471,0,0.0033333333333333335
17.0,2.0,1.0,3.0,6.0,2.0,150.52999877929688,3.0,5.0,8.0,2.0,0,0,0.48096706750862345,0,0.06666666666666667
15.0,2.0,1.0,3.0,6.0,2.0,2608.35986328125,3.0,5.0,1.0,1.0,0,0,0.06535268982328114,0,0.0
11.0,2.0,1.0,7.0,6.0,2.0,1352.2222900390625,1.0,8.0,1.0,1.0,0,0,0.054755457940665594,0,0.0
7.0,2.0,2.0,4.0,6.0,2.0,350.0,1.0,5.0,5.0,1.0,0,0,0.0038742518493397465,0,0.0
12.0,2.0,1.0,6.0,6.0,2.0,2069.966552734375,1.0,5.0,1.0,1.0,0,0,0.09842725776510197,0,0.01
13.0,2.0,1.0,2.0,6.0,1.0,140.0,3.0,5.0,2.0,1.0,0,0,0.05166074566379547,0,0.04666666666666667
9.0,1.0,1.0,3.0,6.0,2.0,212.0833282470703,1.0,1.0,9.0,1.0,0,0,0.02479334133399804,0,0.0
10.0,1.0,1.0,9.0,6.0,2.0,7476.66650390625,1.0,8.0,1.0,1.0,0,0,0.020367793554297475,0,0.0
18.0,2.0,1.0,2.0,6.0,1.0,2635.208251953125,3.0,5.0,1.0,1.0,0,0,0.43382218404985895,0,0.01
10.0,2.0,2.0,2.0,6.0,2.0,1296.25,1.0,5.0,7.0,1.0,0,0,0.06456278937969137,0,0.013333333333333334
19.0,2.0,2.0,3.0,27.0,1.0,1023.611083984375,5.0,1.0,5.0,1.0,0,1,0.7977315864706654,0,0.2733333333333333
10.0,2.0,1.0,7.0,6.0,2.0,1724.0,1.0,5.0,1.0,1.0,0,0,0.031948528266427065,0,0.0
10.0,1.0,1.0,9.0,6.0,2.0,2312.760986328125,1.0,8.0,5.0,1.0,0,0,0.038653579570628066,0,0.0
8.0,1.0,2.0,4.0,6.0,2.0,1375.0,1.0,8.0,7.0,1.0,0,0,0.015718521347347206,0,0.0318062853299168
10.0,1.0,1.0,7.0,6.0,2.0,1166.6666259765625,1.0,8.0,1.0,1.0,0,0,0.0366577320827075,0,0.0
13.0,1.0,1.0,3.0,6.0,1.0,2887.0,2.0,6.0,2.0,1.0,0,0,0.2831088788035205,0,0.05
12.0,1.0,1.0,3.0,6.0,2.0,1414.0,2.0,8.0,1.0,1.0,0,0,0.05655355568308334,0,0.0
11.0,2.0,2.0,9.0,6.0,2.0,1150.8443603515625,2.0,1.0,6.0,1.0,0,0,0.3991589889972238,0,0.03
11.0,1.0,1.0,7.0,6.0,2.0,2745.75,1.0,6.0,1.0,1.0,0,0,0.0938732942547505,0,0.006666666666666667
11.0,1.0,2.0,4.0,6.0,1.0,640.0,1.0,5.0,6.0,1.0,0,0,0.19464646508659028,0,0.0
16.0,2.0,2.0,3.0,2.0,1.0,66.42857360839844,3.0,1.0,7.0,1.0,0,1,0.6848122208558964,0,0.01
15.0,1.0,1.0,2.0,6.0,2.0,260.0,3.0,5.0,1.0,1.0,0,0,0.1178059715861706,0,0.02666666666666667
14.0,1.0,1.0,1.0,6.0,2.0,1020.0,2.0,5.0,1.0,1.0,0,0,0.32907155559903595,0,0.043333333333333335
13.0,2.0,2.0,9.0,6.0,2.0,989.7000122070312,3.0,8.0,7.0,2.0,0,0,0.13403003554768206,0,0.03666666666666667
11.0,1.0,1.0,2.0,6.0,1.0,2128.0,1.0,5.0,1.0,1.0,0,0,0.043028322647697965,0,0.0033333333333333335
16.0,1.0,1.0,2.0,6.0,2.0,1329.824951171875,3.0,3.0,1.0,1.0,0,0,0.15122430147676705,0,0.0
14.0,2.0,1.0,2.0,6.0,2.0,1158.0,3.0,3.0,1.0,1.0,0,0,0.02941617562685505,0,0.0
8.0,1.0,1.0,4.0,6.0,1.0,1199.166748046875,1.0,5.0,1.0,1.0,0,0,0.00469826510028251,0,0.0
15.0,2.0,1.0,7.0,6.0,2.0,2980.388916015625,3.0,6.0,1.0,1.0,0,0,0.16410731934512762,0,0.0033333333333333335
7.0,1.0,1.0,2.0,6.0,2.0,1376.679931640625,0.0,5.0,1.0,1.0,0,0,0.1834063428419041,0,0.0
14.0,2.0,1.0,8.0,6.0,2.0,1003.4166870117188,3.0,1.0,6.0,1.0,0,0,0.28428057343260876,0,0.013333333333333334
9.0,1.0,1.0,8.0,6.0,2.0,1212.4000244140625,1.0,8.0,1.0,1.0,0,0,0.009073067104654671,0,0.0
16.0,2.0,2.0,2.0,6.0,2.0,1745.8333740234375,3.0,5.0,7.0,1.0,0,0,0.43406994030653484,0,0.0
18.0,2.0,1.0,4.0,6.0,2.0,1466.413330078125,3.0,6.0,2.0,1.0,0,1,0.6871484580158966,0,0.05
18.0,2.0,1.0,2.0,6.0,2.0,895.3333740234375,3.0,1.0,1.0,1.0,0,1,0.6793357868195116,0,0.17333333333333334
9.0,2.0,2.0,7.0,6.0,2.0,436.2916564941406,1.0,5.0,1.0,1.0,0,0,0.025082241765060326,0,0.0
16.0,1.0,1.0,7.0,6.0,2.0,929.3333740234375,3.0,5.0,2.0,1.0,0,1,0.5682746621296814,0,0.0
14.0,1.0,1.0,4.0,6.0,2.0,986.6666870117188,3.0,5.0,2.0,1.0,0,0,0.120568218489728,0,0.0
19.0,1.0,1.0,3.0,6.0,2.0,1737.5665283203125,3.0,8.0,1.0,1.0,0,1,0.6104526211078652,1,0.6266666666666667
10.0,1.0,2.0,9.0,6.0,2.0,1697.916748046875,1.0,5.0,5.0,1.0,0,0,0.07123397909558264,0,0.0
11.0,1.0,1.0,9.0,6.0,2.0,1183.5714111328125,1.0,5.0,1.0,1.0,0,0,0.07042508212696512,0,0.0033333333333333335
15.0,2.0,2.0,2.0,6.0,1.0,1224.45556640625,3.0,5.0,1.0,1.0,0,0,0.12100792311164357,0,0.006666666666666667
8.0,1.0,2.0,8.0,6.0,1.0,1399.3333740234375,1.0,1.0,6.0,2.0,0,0,0.08610599456672725,0,0.0033333333333333335
15.0,1.0,1.0,7.0,6.0,2.0,1106.0,3.0,8.0,2.0,1.0,0,0,0.33881270259688806,0,0.11333333333333333
8.0,2.0,1.0,3.0,6.0,2.0,1375.0,1.0,8.0,1.0,1.0,0,0,0.002581026227825882,0,0.0
8.0,2.0,1.0,5.0,6.0,2.0,1858.8890380859375,1.0,5.0,1.0,1.0,0,0,0.002763345905854276,0,0.0
14.0,2.0,1.0,2.0,6.0,2.0,685.5,3.0,5.0,1.0,1.0,0,0,0.0438761027890585,0,0.0
17.0,2.0,1.0,2.0,6.0,2.0,1367.9166259765625,3.0,3.0,1.0,1.0,0,0,0.2147743175036945,0,0.0033333333333333335
15.0,2.0,1.0,7.0,6.0,2.0,1277.3499755859375,3.0,8.0,1.0,1.0,0,0,0.13180166797899448,0,0.0
18.0,1.0,2.0,5.0,27.0,2.0,1923.77783203125,3.0,5.0,1.0,1.0,1,1,0.7149966523004596,0,0.3333333333333333
14.0,1.0,1.0,3.0,6.0,2.0,1097.5,3.0,8.0,1.0,1.0,0,0,0.03913519067414952,0,0.0
16.0,2.0,1.0,1.0,6.0,2.0,1427.5,3.0,5.0,1.0,1.0,0,0,0.19050496944238612,0,0.0
9.0,2.0,2.0,2.0,6.0,1.0,909.5833129882812,1.0,5.0,8.0,1.0,0,0,0.023005960734119854,0,0.0
12.0,2.0,1.0,4.0,6.0,2.0,933.3333129882812,2.0,5.0,2.0,1.0,0,0,0.1317061089057459,0,0.0
15.0,2.0,1.0,3.0,6.0,2.0,1015.0,3.0,5.0,9.0,1.0,0,0,0.07687381281559186,0,0.0033333333333333335
12.0,1.0,1.0,1.0,6.0,1.0,545.5556030273438,1.0,5.0,2.0,1.0,0,0,0.23661293078846335,0,0.0033333333333333335
18.0,2.0,2.0,2.0,6.0,2.0,977.4285888671875,3.0,3.0,1.0,1.0,0,0,0.469522901840365,0,0.10333333333333333
12.0,2.0,1.0,5.0,6.0,1.0,3465.169921875,2.0,5.0,2.0,1.0,0,0,0.09411797340621628,0,0.0033333333333333335
12.0,1.0,1.0,2.0,6.0,2.0,1750.0,2.0,5.0,1.0,1.0,0,0,0.08081550743907756,0,0.0
8.0,1.0,1.0,7.0,6.0,2.0,2086.43994140625,0.0,5.0,1.0,1.0,0,0,0.47307631563587393,0,0.0
17.0,2.0,1.0,4.0,6.0,2.0,602.5,3.0,8.0,2.0,1.0,0,0,0.4364427895185435,0,0.06333333333333334
6.0,2.0,1.0,3.0,6.0,2.0,1015.9166870117188,0.0,8.0,5.0,1.0,0,0,0.07212211978064509,0,0.0
8.0,2.0,1.0,3.0,6.0,2.0,3558.333251953125,1.0,8.0,1.0,1.0,0,0,0.0022788751087370307,0,0.0
6.0,2.0,1.0,3.0,6.0,2.0,1052.5333251953125,0.0,5.0,2.0,1.0,0,0,0.13886510736991883,0,0.0
13.0,2.0,1.0,3.0,6.0,2.0,2010.0,2.0,8.0,1.0,1.0,0,0,0.08184068858936844,0,0.0
9.0,2.0,1.0,8.0,6.0,2.0,1480.142822265625,1.0,5.0,2.0,1.0,0,0,0.019475848437777766,0,0.0033333333333333335
11.0,1.0,2.0,7.0,6.0,2.0,461.70001220703125,1.0,7.0,9.0,1.0,0,0,0.10687439804134673,0,0.0
17.0,2.0,1.0,2.0,2.0,1.0,1766.1666259765625,3.0,3.0,1.0,1.0,0,0,0.2568142606030805,1,0.53
8.0,1.0,1.0,8.0,15.0,1.0,1101.2889404296875,1.0,1.0,5.0,1.0,0,0,0.05339981674163231,0,0.006666666666666667
14.0,2.0,1.0,6.0,6.0,2.0,927.3999633789062,3.0,5.0,1.0,1.0,0,0,0.06507104814454939,0,0.0
15.0,1.0,1.0,2.0,6.0,2.0,1846.625,3.0,5.0,2.0,1.0,0,0,0.2307942368408326,0,0.0
6.0,2.0,1.0,4.0,6.0,2.0,764.0,0.0,8.0,1.0,1.0,0,0,0.057688266797730585,0,0.03333333333333333
7.0,1.0,2.0,3.0,6.0,2.0,1535.0,1.0,5.0,5.0,1.0,0,0,0.004399058827840011,0,0.0
8.0,1.0,2.0,2.0,6.0,2.0,1287.5,1.0,5.0,7.0,1.0,0,0,0.02102027259653527,0,0.01590974285901195
8.0,2.0,2.0,6.0,6.0,2.0,492.0133361816406,1.0,5.0,2.0,1.0,0,0,0.0227762857557922,0,0.0
6.0,1.0,1.0,1.0,6.0,2.0,1764.0067138671875,0.0,5.0,1.0,1.0,0,0,0.11401732885572276,0,0.006666666666666667
14.0,2.0,1.0,9.0,6.0,1.0,726.6666259765625,3.0,8.0,1.0,1.0,0,0,0.05430549830364779,0,0.01
7.0,1.0,1.0,7.0,6.0,2.0,1254.64990234375,0.0,8.0,2.0,1.0,0,0,0.4766875000307077,0,0.016666666666666666
10.0,1.0,1.0,6.0,6.0,2.0,3554.733154296875,1.0,8.0,1.0,1.0,0,0,0.024993484116976945,0,0.0
18.0,2.0,2.0,8.0,6.0,1.0,391.6666564941406,3.0,1.0,6.0,2.0,0,1,0.9411478479236809,0,0.49333333333333335
7.0,2.0,1.0,2.0,6.0,2.0,1004.5833129882812,1.0,5.0,1.0,1.0,0,0,0.0018869744024867447,0,0.0
11.0,1.0,1.0,4.0,6.0,2.0,716.5,1.0,6.0,1.0,1.0,0,0,0.05044139373718302,0,0.0
15.0,2.0,2.0,4.0,6.0,2.0,759.25,3.0,8.0,8.0,1.0,0,0,0.1715368552834238,0,0.01
16.0,2.0,1.0,7.0,6.0,2.0,493.71905517578125,3.0,8.0,1.0,1.0,0,0,0.2491775848402446,0,0.0
15.0,1.0,1.0,2.0,6.0,2.0,1167.32958984375,3.0,5.0,1.0,1.0,0,0,0.1125215352576241,0,0.0
8.0,2.0,1.0,7.0,6.0,2.0,582.9000244140625,1.0,6.0,1.0,1.0,0,0,0.00935853717716043,0,0.0
10.0,1.0,1.0,4.0,6.0,2.0,1170.5416259765625,1.0,5.0,1.0,1.0,0,0,0.02069451530285349,0,0.0
10.0,2.0,2.0,6.0,6.0,2.0,1050.8133544921875,1.0,8.0,1.0,1.0,0,0,0.031906636226272864,0,0.0
15.0,1.0,1.0,7.0,6.0,2.0,3288.33349609375,3.0,8.0,1.0,1.0,0,0,0.15530568250275975,0,0.0
14.0,1.0,1.0,3.0,6.0,2.0,1191.1666259765625,3.0,5.0,5.0,1.0,0,0,0.06624552225575984,0,0.0
12.0,1.0,1.0,2.0,6.0,1.0,877.5,2.0,5.0,1.0,1.0,0,0,0.08286533042448295,0,0.006666666666666667
9.0,2.0,1.0,3.0,6.0,2.0,1135.75,1.0,5.0,9.0,1.0,0,0,0.007200958319308386,0,0.0
8.0,1.0,2.0,8.0,6.0,2.0,1608.953369140625,1.0,8.0,5.0,1.0,0,0,0.009245718646656133,0,0.0033333333333333335
14.0,1.0,1.0,2.0,6.0,2.0,1406.13330078125,2.0,5.0,1.0,1.0,0,0,0.28150370020387877,0,0.01
12.0,1.0,1.0,2.0,6.0,2.0,1733.699951171875,2.0,5.0,1.0,1.0,0,0,0.08088475084156853,0,0.0
15.0,1.0,2.0,4.0,6.0,2.0,562.5,3.0,7.0,9.0,1.0,0,0,0.12415892508447611,0,0.0033333333333333335
16.0,1.0,1.0,7.0,6.0,2.0,4764.2666015625,3.0,8.0,1.0,1.0,0,0,0.2610291121106056,0,0.006666666666666667
11.0,2.0,1.0,6.0,6.0,2.0,1151.833251953125,1.0,8.0,1.0,1.0,0,0,0.043287260636643156,0,0.0
17.0,2.0,1.0,6.0,6.0,2.0,1291.875,3.0,8.0,1.0,1.0,0,0,0.33853284800015854,0,0.006666666666666667
11.0,1.0,1.0,1.0,6.0,2.0,3205.5,1.0,3.0,1.0,1.0,0,0,0.034683736711676426,0,0.0
11.0,2.0,1.0,7.0,6.0,2.0,1739.1666259765625,1.0,8.0,2.0,1.0,0,0,0.12234088496819763,0,0.0
15.0,2.0,1.0,7.0,6.0,2.0,1020.0,3.0,8.0,1.0,1.0,0,0,0.13349420190735717,0,0.0
17.0,2.0,1.0,2.0,6.0,2.0,1083.3333740234375,3.0,8.0,1.0,1.0,0,0,0.25194363009635246,0,0.013333333333333334
16.0,2.0,1.0,2.0,6.0,2.0,811.875,3.0,5.0,2.0,1.0,0,0,0.3287472248768234,0,0.006666666666666667
8.0,1.0,1.0,5.0,6.0,2.0,2130.0,1.0,5.0,1.0,1.0,0,0,0.0036932608359315166,0,0.0
8.0,2.0,1.0,6.0,6.0,2.0,429.7916564941406,1.0,8.0,1.0,1.0,0,0,0.005135959656598872,0,0.0
16.0,2.0,1.0,9.0,6.0,2.0,373.1999816894531,3.0,2.0,3.0,1.0,1,1,0.5631422288390491,0,0.03666666666666667
16.0,2.0,1.0,5.0,6.0,2.0,546.2666625976562,3.0,5.0,1.0,1.0,0,0,0.12953753211419022,0,0.0033333333333333335
13.0,2.0,1.0,7.0,6.0,2.0,1619.583251953125,2.0,8.0,1.0,1.0,0,0,0.18240571779329998,0,0.0
9.0,1.0,2.0,5.0,6.0,2.0,1681.0208740234375,1.0,5.0,1.0,1.0,0,0,0.011892563254035506,0,0.0
12.0,1.0,1.0,2.0,6.0,2.0,2071.466552734375,1.0,5.0,2.0,1.0,0,0,0.19177365121590167,0,0.0
12.0,2.0,2.0,1.0,6.0,2.0,1178.0357666015625,1.0,8.0,5.0,1.0,0,0,0.14080699974025818,0,0.0
8.0,1.0,1.0,8.0,6.0,2.0,2277.805419921875,1.0,5.0,2.0,1.0,0,0,0.01218446054771261,0,0.0
9.0,1.0,1.0,9.0,6.0,2.0,2812.733154296875,1.0,6.0,1.0,1.0,0,0,0.01817365114362929,0,0.0033333333333333335
12.0,2.0,2.0,9.0,6.0,2.0,303.125,2.0,5.0,7.0,1.0,0,0,0.30837384951997177,0,0.013333333333333334
8.0,1.0,1.0,3.0,6.0,2.0,593.6856689453125,1.0,5.0,5.0,1.0,0,0,0.006397040603881997,0,0.0
14.0,2.0,1.0,2.0,6.0,1.0,1162.5,3.0,5.0,2.0,1.0,0,0,0.096988652283339,0,0.0033333333333333335
10.0,1.0,2.0,1.0,6.0,2.0,222.9166717529297,1.0,1.0,7.0,1.0,0,0,0.2300505831031726,0,0.0
8.0,1.0,1.0,2.0,6.0,2.0,1127.5,1.0,3.0,1.0,1.0,0,0,0.0036046398713234346,0,0.0
7.0,1.0,1.0,7.0,6.0,2.0,833.4000244140625,1.0,8.0,1.0,1.0,0,0,0.004228363584398795,0,0.0
9.0,2.0,1.0,3.0,6.0,2.0,1864.0,1.0,8.0,5.0,1.0,0,0,0.007515256797949191,0,0.0
18.0,1.0,1.0,3.0,6.0,2.0,1259.1300048828125,3.0,5.0,9.0,1.0,0,1,0.504727731580709,0,0.013333333333333334
15.0,2.0,1.0,2.0,6.0,2.0,408.3333435058594,3.0,5.0,1.0,1.0,0,0,0.088802034187614,0,0.0
9.0,2.0,1.0,4.0,6.0,2.0,500.0,1.0,5.0,2.0,1.0,0,0,0.01866568207980302,0,0.02666666666666667
12.0,1.0,1.0,2.0,6.0,2.0,481.6000061035156,1.0,5.0,1.0,1.0,0,0,0.09553229931566766,0,0.0
18.0,2.0,1.0,7.0,6.0,2.0,1540.9443359375,3.0,8.0,1.0,1.0,1,1,0.5773195183632868,0,0.023333333333333334
11.0,2.0,1.0,2.0,6.0,2.0,576.9583129882812,1.0,5.0,1.0,1.0,0,0,0.035668931988220486,0,0.0
15.0,1.0,1.0,2.0,6.0,1.0,781.6666870117188,3.0,5.0,1.0,1.0,0,0,0.11246671184099225,0,0.0
6.0,1.0,1.0,2.0,6.0,2.0,806.7333374023438,0.0,5.0,1.0,1.0,0,0,0.0999140298186525,0,0.0
13.0,2.0,1.0,2.0,6.0,2.0,3710.41650390625,3.0,4.0,1.0,1.0,0,0,0.017750221945414302,0,0.0
9.0,1.0,1.0,3.0,6.0,2.0,1130.75,1.0,6.0,5.0,1.0,0,0,0.01506252996274321,0,0.0
6.0,2.0,1.0,7.0,6.0,2.0,1208.0,0.0,8.0,1.0,1.0,0,0,0.11560636469010954,0,0.0033333333333333335
7.0,1.0,1.0,9.0,6.0,2.0,2160.28564453125,1.0,8.0,1.0,1.0,0,0,0.003075259032385808,0,0.0
12.0,2.0,2.0,7.0,6.0,1.0,584.5499877929688,1.0,1.0,1.0,1.0,0,0,0.3579316554339665,0,0.0033333333333333335
18.0,1.0,1.0,3.0,6.0,2.0,2429.607421875,3.0,8.0,9.0,1.0,0,0,0.43930564284755264,0,0.01
14.0,2.0,2.0,6.0,6.0,2.0,2078.39990234375,3.0,5.0,2.0,1.0,0,0,0.19531002071063394,0,0.08666666666666667
10.0,2.0,2.0,3.0,6.0,2.0,2118.666748046875,1.0,5.0,7.0,1.0,0,0,0.050851957666337544,0,0.0
14.0,2.0,1.0,1.0,6.0,2.0,2643.33349609375,3.0,8.0,1.0,1.0,0,0,0.03966308184545623,0,0.0
17.0,1.0,1.0,2.0,6.0,2.0,2461.0166015625,3.0,8.0,7.0,1.0,0,1,0.5317104377095765,0,0.02666666666666667
14.0,2.0,1.0,6.0,6.0,2.0,2215.029052734375,3.0,8.0,1.0,1.0,0,0,0.0504703986275727,0,0.0
10.0,1.0,2.0,2.0,6.0,2.0,3426.66650390625,1.0,5.0,8.0,1.0,0,0,0.05592483649793435,0,0.006319693706628379
18.0,1.0,2.0,5.0,6.0,2.0,1545.8800048828125,3.0,5.0,7.0,1.0,0,1,0.7722690516980428,0,0.023333333333333334
6.0,1.0,1.0,5.0,6.0,1.0,3150.583251953125,0.0,5.0,1.0,1.0,0,0,0.06532031724687379,0,0.0
14.0,2.0,1.0,3.0,6.0,2.0,532.0,3.0,5.0,5.0,1.0,0,0,0.05143344514768262,0,0.0033333333333333335
9.0,1.0,1.0,6.0,6.0,2.0,2274.5,1.0,8.0,2.0,1.0,0,0,0.03143998451249153,0,0.0
6.0,1.0,1.0,1.0,6.0,2.0,958.6666870117188,0.0,5.0,1.0,1.0,0,0,0.1187510889916033,0,0.0
12.0,2.0,2.0,5.0,6.0,2.0,2388.388916015625,1.0,8.0,2.0,1.0,0,0,0.13580399116429923,0,0.01
11.0,1.0,2.0,6.0,6.0,2.0,281.25,1.0,8.0,7.0,1.0,0,0,0.2079773113131606,0,0.006666666666666667
12.0,1.0,1.0,3.0,6.0,2.0,872.7380981445312,1.0,8.0,1.0,1.0,0,0,0.06461680047286916,0,0.0
16.0,2.0,1.0,2.0,6.0,2.0,1012.5,3.0,5.0,1.0,1.0,0,0,0.16443894457032085,0,0.0
6.0,1.0,1.0,3.0,6.0,2.0,1273.3333740234375,1.0,8.0,1.0,1.0,0,0,0.0008086623105687294,0,0.016666666666666666
10.0,1.0,1.0,1.0,6.0,2.0,3568.33349609375,1.0,8.0,1.0,1.0,0,0,0.019988513549380922,0,0.0
10.0,1.0,1.0,2.0,6.0,1.0,1386.625,1.0,3.0,1.0,1.0,0,0,0.014998635631989195,0,0.0033333333333333335
13.0,2.0,1.0,4.0,6.0,1.0,700.0,3.0,3.0,2.0,1.0,0,0,0.03152581313297524,0,0.0033333333333333335
8.0,1.0,1.0,6.0,6.0,2.0,832.785400390625,1.0,8.0,2.0,1.0,0,0,0.016583264600807505,0,0.0
11.0,2.0,1.0,6.0,6.0,2.0,1398.7750244140625,2.0,8.0,1.0,1.0,0,0,0.03839450333733962,0,0.006666666666666667
12.0,2.0,1.0,1.0,6.0,2.0,1012.5,3.0,7.0,1.0,1.0,0,0,0.009026161840684553,0,0.006666666666666667
10.0,2.0,1.0,3.0,6.0,2.0,802.29248046875,1.0,8.0,1.0,1.0,0,0,0.011548324882269095,0,0.0
11.0,1.0,1.0,2.0,6.0,1.0,1651.6666259765625,1.0,5.0,1.0,1.0,0,0,0.04416358859667801,0,0.0
6.0,2.0,1.0,4.0,6.0,2.0,955.2000122070312,0.0,8.0,2.0,1.0,0,0,0.1296594493186899,0,0.0033333333333333335
19.0,2.0,1.0,2.0,6.0,2.0,2584.72216796875,4.0,3.0,1.0,1.0,0,1,0.8596789307304442,0,0.06
17.0,2.0,1.0,2.0,6.0,2.0,2643.333251953125,3.0,3.0,1.0,1.0,0,0,0.20273437626233518,0,0.0
16.0,1.0,2.0,4.0,6.0,2.0,947.2023315429688,3.0,8.0,5.0,1.0,0,0,0.30420278131373796,0,0.01
10.0,2.0,1.0,3.0,6.0,2.0,677.0833129882812,1.0,8.0,1.0,1.0,0,0,0.011630313234358316,0,0.0
8.0,2.0,1.0,7.0,6.0,1.0,2749.8291015625,1.0,5.0,1.0,1.0,0,0,0.006915565188795704,0,0.0
12.0,2.0,1.0,2.0,6.0,2.0,488.452392578125,2.0,5.0,1.0,1.0,0,0,0.06502784760312165,0,0.0
6.0,2.0,1.0,4.0,6.0,2.0,1998.75,0.0,8.0,2.0,1.0,0,0,0.12307509626675651,0,0.04
12.0,1.0,2.0,4.0,6.0,2.0,833.3333129882812,2.0,8.0,1.0,1.0,0,0,0.09489450487293896,0,0.01
15.0,2.0,1.0,2.0,6.0,2.0,1118.75,3.0,3.0,1.0,1.0,0,0,0.05970453023025472,0,0.0
12.0,1.0,1.0,2.0,6.0,2.0,933.8500366210938,2.0,5.0,1.0,1.0,0,0,0.0843496743106867,0,0.0
8.0,1.0,2.0,2.0,6.0,2.0,272.8125,1.0,5.0,1.0,1.0,0,0,0.008404392974451863,0,0.0
7.0,1.0,2.0,9.0,6.0,2.0,936.5,1.0,1.0,8.0,2.0,0,0,0.037808833068150166,0,0.0
13.0,1.0,1.0,5.0,6.0,2.0,814.72216796875,3.0,5.0,1.0,1.0,0,0,0.02133436128959907,0,0.0
12.0,2.0,1.0,5.0,6.0,2.0,1941.3668212890625,1.0,5.0,2.0,1.0,0,0,0.11468754014735605,0,0.006666666666666667
